time_s,sensor,innovation_x,innovation_y,nis,pre_gate_nis,measurement_covariance_scale
102.0,1,0.0,0.0,0.0,0.0,1.0
102.25,1,-1.8510321525878002,-0.84301007452971,2.611251842339408,2.611251842339408,1.0
102.5,1,-0.10702620188625467,0.6635790953403049,0.2853347838233855,0.2853347838233855,1.0
102.75,1,-1.6369416413120437,-1.8463759099204236,3.7086678248224034,3.7086678248224034,1.0
103.0,1,0.3446535318373156,-0.5067108716475524,0.22768217253783068,0.22768217253783068,1.0
103.25,1,0.9483330909406646,1.7863838656517377,2.514956961628946,2.514956961628946,1.0
103.5,1,3.4413047125038014,0.546640175085015,7.747661732621847,7.747661732621847,1.0
103.75,1,0.521827558280628,0.45480585083952896,0.30744402240814883,0.30744402240814883,1.0
104.0,1,-1.4225177732986252,0.5001596475385686,1.5029961641918914,1.5029961641918914,1.0
104.25,1,-0.39946176640688424,1.1695840836754527,1.014756291637891,1.014756291637891,1.0
104.5,1,0.7683022037308316,-1.6204506384143738,2.2110269655195083,2.2110269655195083,1.0
104.75,1,-2.585550072017189,1.4486803190007702,6.360471791901985,6.360471791901985,1.0
105.0,1,-0.49061409155458424,-1.0797672907116809,1.0370271501383195,1.0370271501383195,1.0
105.25,1,-0.2620464076554514,-2.432935225100609,4.547773609114893,4.547773609114893,1.0
105.5,1,-2.1379528778034427,0.5538290636957477,3.939237288650283,3.939237288650283,1.0
105.75,1,-1.2573181327499645,-0.9520611130892895,2.0528716122812014,2.0528716122812014,1.0
106.0,1,0.6578878196115356,-1.4714902905207623,2.1744528899354694,2.1744528899354694,1.0
106.25,1,0.6176007278697604,-0.9594041811329568,1.1231144040071797,1.1231144040071797,1.0
106.5,1,-1.3760335233734775,-0.7060485450446592,2.1473980696813344,2.1473980696813344,1.0
106.75,1,1.2992925049317527,0.44006036538139526,1.733125747391832,1.733125747391832,1.0
107.0,1,-0.45714086559303624,0.20982382830713497,0.23730278280506578,0.23730278280506578,1.0
107.25,1,-1.4825639268294193,-0.3702231953410866,2.2398293591706375,2.2398293591706375,1.0
107.5,1,0.8357613945581086,-0.4917207240726391,0.9120379168653616,0.9120379168653616,1.0
107.75,1,1.506115441144538,0.629472054819475,2.635273921534319,2.635273921534319,1.0
108.0,1,-0.30184779943625717,0.9209284482598115,0.9204331962944052,0.9204331962944052,1.0
108.25,1,1.1701440577081605,-0.7706601938713735,1.9881851331250613,1.9881851331250613,1.0
108.5,1,0.20320966946895247,-1.1608392822205342,1.394599858097205,1.394599858097205,1.0
108.75,1,-1.7066211992654363,0.26766225844435176,3.125068742605267,3.125068742605267,1.0
109.0,1,-0.8303234271405735,-0.46550087878483026,0.9530429507949683,0.9530429507949683,1.0
109.25,1,0.07010865700135849,0.4587891915513769,0.22359058973097642,0.22359058973097642,1.0
109.5,1,1.0942625828464365,0.13433727633854353,1.3136310439789056,1.3136310439789056,1.0
109.75,1,0.2113323024184517,-0.4429380699697383,0.2561143799703107,0.2561143799703107,1.0
110.0,1,-1.477893198476548,-1.2730670877781982,4.131872220881899,4.131872220881899,1.0
110.25,1,1.2031538754083808,-0.41323574947235464,1.7897680307797705,1.7897680307797705,1.0
110.5,1,-0.10443877765266851,1.3911932938680387,2.1083554885982005,2.1083554885982005,1.0
110.75,1,0.452186325470465,-0.44772518909320347,0.44896210180274054,0.44896210180274054,1.0
111.0,1,-0.9078248276457632,0.24429598464405444,1.0000963531845932,1.0000963531845932,1.0
111.25,1,-1.0912733970459678,0.8643454541787357,2.185112988855463,2.185112988855463,1.0
111.5,1,-0.8268875089277632,-0.49810054992434516,1.0611679723352117,1.0611679723352117,1.0
111.75,1,1.0880291332724275,-1.0758135601259742,2.6623621788682144,2.6623621788682144,1.0
112.0,1,-1.743227801459967,0.6662138807258113,4.029120119287476,4.029120119287476,1.0
112.25,1,0.35184206905262627,-0.21160861744837156,0.19520207913429932,0.19520207913429932,1.0
112.5,1,-0.19582706283799656,-0.9469677597875652,1.064426121410497,1.064426121410497,1.0
112.75,1,-0.017659043174660383,0.33704351677934064,0.13012984149270954,0.13012984149270954,1.0
113.0,1,-0.08631286881819378,1.466445459981463,2.4766153100810415,2.4766153100810415,1.0
113.25,1,0.2118299426283654,0.3610551660214618,0.20365439381512612,0.20365439381512612,1.0
113.5,1,0.6432111424503173,0.7902902380686534,1.2173285891320362,1.2173285891320362,1.0
113.75,1,-0.24823399979915184,0.5193139361608505,0.3873626109016402,0.3873626109016402,1.0
114.0,1,-0.3630145062400896,1.6956090503875902,3.5131115928193637,3.5131115928193637,1.0
114.25,1,-0.7258039365464257,0.5892038191024191,1.043440233191005,1.043440233191005,1.0
114.5,1,-0.21285961055469915,0.5731654563129176,0.44106698547548295,0.44106698547548295,1.0
114.75,1,1.8943158035753402,-0.5801440665607558,4.765901483093184,4.765901483093184,1.0
115.0,1,0.11999654090144762,-0.03009202177791792,0.018660806353915427,0.018660806353915427,1.0
115.25,1,-0.821581989266174,0.7076655627224309,1.4216047078239358,1.4216047078239358,1.0
115.5,1,-0.07072246376773528,-0.18568000898388703,0.04719747615923232,0.04719747615923232,1.0
115.75,1,0.9769029375110017,-0.11077429270501504,1.1912234326405367,1.1912234326405367,1.0
116.0,1,0.5111922259896788,0.04207449106109529,0.32520997892149855,0.32520997892149855,1.0
116.25,1,0.6120205721288721,-0.478555231694644,0.7394096911355053,0.7394096911355053,1.0
116.5,1,0.19267622135243512,-0.7164099283640919,0.6641326864680922,0.6641326864680922,1.0
116.75,1,1.5916131172477486,0.6189975126484857,3.6197334241415398,3.6197334241415398,1.0
117.0,1,-0.3369167215363924,0.29764558765063853,0.24903864446386076,0.24903864446386076,1.0
117.25,1,-0.35611059950974244,-1.1179717868489654,1.6750361540574519,1.6750361540574519,1.0
117.5,1,-1.1800968381495331,0.38588558958771024,1.929301232228002,1.929301232228002,1.0
117.75,1,0.4207751360032965,0.416567856510909,0.4342412697112443,0.4342412697112443,1.0
118.0,1,0.23164406884386368,-0.9049607263903052,1.067892313302785,1.067892313302785,1.0
118.25,1,0.9509114298091679,1.0958963073060115,2.612556872205916,2.612556872205916,1.0
118.5,1,-0.07990151635612186,0.6311518812227277,0.49665063362895473,0.49665063362895473,1.0
118.75,1,-0.5673070846128865,0.15310647947029743,0.4371424315575592,0.4371424315575592,1.0
119.0,1,-1.1609099062776218,0.6150911992525661,2.179091623403409,2.179091623403409,1.0
119.25,1,3.041459780900228,-1.2402017753766774,9.59042257441772,13.67903832787042,1.4851827158843025
119.5,1,0.7241541387792303,-0.6692694197330251,1.2166854346110296,1.2166854346110296,1.0
119.75,1,2.031505636820734,-0.35093855075158586,5.404758267304342,5.404758267304342,1.0
120.0,1,0.402945593717559,1.2631520451852918,2.178768163296105,2.178768163296105,1.0
120.25,1,-1.2284482334558515,-1.1152014994407295,3.469628401862301,3.469628401862301,1.0
120.5,1,0.9680912402365998,1.0392718964879428,2.5411141833150337,2.5411141833150337,1.0
120.75,1,-0.3419302108090738,-0.17944920068792847,0.19013066616413088,0.19013066616413088,1.0
121.0,1,1.0552612278199471,1.1910451794016446,3.1994512313621146,3.1994512313621146,1.0
121.25,1,0.7629577677838291,0.23568568763614728,0.8193424932771286,0.8193424932771286,1.0
121.5,1,0.35232579551857457,-0.12101795198533694,0.17852490885003036,0.17852490885003036,1.0
121.75,1,0.024944774387366753,0.5492964083809042,0.37862831252494555,0.37862831252494555,1.0
122.0,1,-0.46891863279739443,-1.1269327921148946,1.8775137380784113,1.8775137380784113,1.0
122.25,1,1.2641219709226643,0.8460948085385294,2.971559102328718,2.971559102328718,1.0
122.5,1,-0.5472108393829402,-0.08113356796626725,0.3971751913632497,0.3971751913632497,1.0
122.75,1,-1.4306794855181597,0.642391968568603,3.181953295957785,3.181953295957785,1.0
123.0,1,-1.3410615741267027,0.11848633076839477,2.359960999570533,2.359960999570533,1.0
123.25,1,-0.042620890810991074,0.12474039738918208,0.02202384736026773,0.02202384736026773,1.0
123.5,1,-0.8621921417190372,0.21504551366422398,1.0291819659966392,1.0291819659966392,1.0
123.75,1,-1.4516284799737091,-1.156737239180547,4.44948973651786,4.44948973651786,1.0
124.0,1,-0.25032328021651296,0.042766907186740255,0.08434416054416216,0.08434416054416216,1.0
124.25,1,0.5867402173217067,-0.9020831705096217,1.484162034472988,1.484162034472988,1.0
124.5,1,0.7931325186303151,0.3200602209118504,0.955554138599858,0.955554138599858,1.0
124.75,1,-0.1670694162894759,0.8789233987108638,1.019512647494571,1.019512647494571,1.0
125.0,1,-0.7068417381559555,0.4088200895981693,0.8698659792687768,0.8698659792687768,1.0
125.25,1,-0.45494142980841756,-0.21003074589038206,0.32869605290132753,0.32869605290132753,1.0
125.5,1,-1.2447719669291004,-0.7587526121784816,2.7765727343328974,2.7765727343328974,1.0
125.75,1,0.29050738218220484,-1.1173384964623567,1.706388310132785,1.706388310132785,1.0
126.0,1,-0.5682796376102157,0.2235954344194404,0.490341724904694,0.490341724904694,1.0
126.25,1,-0.40665641143966336,1.4603519796980464,2.948623461034488,2.948623461034488,1.0
126.5,1,-0.2353178246910692,0.10633508437943107,0.08774300503907252,0.08774300503907252,1.0
126.75,1,-0.044999311292884814,-0.06509611137545868,0.0081159895406701,0.0081159895406701,1.0
127.0,1,0.49993586547440727,0.47441626356285305,0.6201644801846601,0.6201644801846601,1.0
127.25,1,0.10226318105509602,-0.2966675324436405,0.1269516915116797,0.1269516915116797,1.0
127.5,1,1.1565240424321845,0.3808226103959793,1.962266090854015,1.962266090854015,1.0
127.75,1,-0.29102704592177786,-0.2842667213194847,0.21654311361695716,0.21654311361695716,1.0
128.0,1,0.5130470114616006,0.6532120441158487,0.8996556343580557,0.8996556343580557,1.0
128.25,1,-0.9338742740748931,-0.40939019251502273,1.3768055907725996,1.3768055907725996,1.0
128.5,1,-0.9248895413661848,-0.6530246549795358,1.6896088603558108,1.6896088603558108,1.0
128.75,1,-1.4439925035494259,1.4994506512624994,5.682593585482593,5.682593585482593,1.0
129.0,1,-0.17066323091837632,-0.8367965371497093,0.943673598743814,0.943673598743814,1.0
129.25,1,0.24864963995553135,-0.20907233419107918,0.13906826866690736,0.13906826866690736,1.0
129.5,1,0.06632923893986187,0.11830228633784046,0.023989613953688954,0.023989613953688954,1.0
129.75,1,0.5761681118588291,-0.3048293061256473,0.5641895340196134,0.5641895340196134,1.0
130.0,1,0.46952273387794663,-0.11453357112923435,0.3119603106283953,0.3119603106283953,1.0
130.25,1,-0.6889635827963854,-0.22052054096157292,0.6986098314635925,0.6986098314635925,1.0
130.5,1,1.608569587929396,-2.0803656974021623,9.083408786776323,9.083408786776323,1.0
130.75,1,1.0376267699554442,-0.4088057720351248,1.660560486598989,1.660560486598989,1.0
131.0,1,0.6496764244275248,-0.07307538925385693,0.5732114221415862,0.5732114221415862,1.0
131.25,1,-0.3107004429908381,-0.5556093160499858,0.5310141087245728,0.5310141087245728,1.0
131.5,1,1.2332456773832048,0.5719331239884298,2.4687243110708073,2.4687243110708073,1.0
131.75,1,0.4938397549442485,-1.2234927497024648,2.2768089280040282,2.2768089280040282,1.0
132.0,1,0.8541577367846616,-0.15469966043850292,1.012492226408217,1.012492226408217,1.0
132.25,1,-0.8158193208337849,-0.3209285347719142,1.0300054552409823,1.0300054552409823,1.0
132.5,1,0.8735116727726732,0.8673467384594709,2.008781906171605,2.008781906171605,1.0
132.75,1,-0.37447329942084107,0.7322298734587651,0.8887092462037409,0.8887092462037409,1.0
133.0,1,-0.7953810477971808,0.3949736723209778,1.0566474823015288,1.0566474823015288,1.0
133.25,1,-0.9947487873764755,0.23609099287564383,1.407683393191956,1.407683393191956,1.0
133.5,1,-0.6913593716782052,-0.6915434299645593,1.2703629447364515,1.2703629447364515,1.0
133.75,1,-1.3893449681108399,0.38005943292800914,2.7957482045443625,2.7957482045443625,1.0
134.0,1,-0.459258484214755,0.5632815206761137,0.7002525765350488,0.7002525765350488,1.0
134.25,1,-0.7232596636894549,0.8305345500315351,1.610461298382809,1.610461298382809,1.0
134.5,1,0.8798238953303434,-0.17176137936141878,1.085716219289396,1.085716219289396,1.0
134.75,1,1.344451607987989,1.1011647551771588,4.035698006682921,4.035698006682921,1.0
135.0,1,-0.46610636040583187,1.0381331019228703,1.7076035448505704,1.7076035448505704,1.0
135.25,1,-0.11050474345811782,0.682619105368909,0.6279684680102816,0.6279684680102816,1.0
135.5,1,-0.7713512327139467,-0.7801319384014267,1.605401146532717,1.605401146532717,1.0
135.75,1,0.9265159859417461,0.2581383012766185,1.2515751872572918,1.2515751872572918,1.0
136.0,1,-1.1466950871460735,-1.1410779152939536,3.4948947210759345,3.4948947210759345,1.0
136.25,1,1.2175090022204362,0.4085336828845616,2.231396411645839,2.231396411645839,1.0
136.5,1,0.5298627941757172,0.08081497951638106,0.3898369862984041,0.3898369862984041,1.0
136.75,1,-1.6449524369721606,-0.31394228941184377,3.8057652839560867,3.8057652839560867,1.0
137.0,1,-0.40502579816776824,-0.5985263643015246,0.6945757878285409,0.6945757878285409,1.0
137.25,1,-0.26119861915702336,-0.4293052691546384,0.33550969023748156,0.33550969023748156,1.0
137.5,1,0.5361052780849346,-1.4281040745360407,3.078290742383273,3.078290742383273,1.0
137.75,1,1.1004429041820745,-0.9911530757404066,2.9430569796684996,2.9430569796684996,1.0
138.0,1,-0.06282672454793414,-0.8267634919168394,0.9068026592090715,0.9068026592090715,1.0
138.25,1,-0.4830524036818832,-0.24966120781383072,0.4000627907214497,0.4000627907214497,1.0
138.5,1,-2.1457413320953584,0.5566545169079387,6.682879438830563,6.682879438830563,1.0
138.75,1,-0.3567777710627652,-1.3146320516251864,2.4555064249325738,2.4555064249325738,1.0
139.0,1,1.1132314863353097,0.2810701376688538,1.7944166981928475,1.7944166981928475,1.0
139.25,1,-0.5019957980804878,-0.9461375214786942,1.5267222192459575,1.5267222192459575,1.0
139.5,1,0.6392139492070292,0.41346002029677553,0.7836395721044835,0.7836395721044835,1.0
139.75,1,0.42933338421441447,0.5037957670764683,0.5873211025953347,0.5873211025953347,1.0
140.0,1,-1.198636956013045,0.8376097142267191,2.890521947702758,2.890521947702758,1.0
140.25,1,-0.040694440451042535,0.21651769251857278,0.0643060085389542,0.0643060085389542,1.0
140.5,1,0.8699324107557109,0.5516061214669241,1.437240148113087,1.437240148113087,1.0
140.75,1,0.5199379780239012,1.0263228733268832,1.7646977467868894,1.7646977467868894,1.0
141.0,1,0.6224754874174941,0.5957936907095753,1.000295019538461,1.000295019538461,1.0
141.25,1,0.09578950875363024,0.706700575365435,0.6744693893738827,0.6744693893738827,1.0
141.5,1,-0.7323370965144609,-0.5692460534729049,1.1637178630677978,1.1637178630677978,1.0
141.75,1,0.48563958946811614,0.3964375716685371,0.5313701544307061,0.5313701544307061,1.0
142.0,1,0.21908493609544477,0.18094719001091075,0.10918241970738277,0.10918241970738277,1.0
142.25,1,-0.18387461179686504,-0.850082988172864,1.0053770162915494,1.0053770162915494,1.0
142.5,1,-1.2253923238332551,1.506137036683306,5.069640459442392,5.069640459442392,1.0
142.75,1,0.152276244621943,-0.6759530370859501,0.6385768373616445,0.6385768373616445,1.0
143.0,1,-0.5890471915621467,0.1302896353146128,0.49842405273542933,0.49842405273542933,1.0
143.25,1,1.515718085814322,1.612099642717041,6.605342397492386,6.605342397492386,1.0
143.5,1,0.4642006890936512,0.47608740432765284,0.5970040439299841,0.5970040439299841,1.0
143.75,1,1.5704250258095347,-0.1185713910480084,3.404234426173432,3.404234426173432,1.0
144.0,1,0.06240016154476846,0.9272491715860678,1.1489265058376519,1.1489265058376519,1.0
144.25,1,-0.26926663357003333,1.346378177663845,2.5113637940218885,2.5113637940218885,1.0
144.5,1,-0.5084919627698201,-0.20992662882841628,0.41391055809811017,0.41391055809811017,1.0
144.75,1,-0.4732709850372925,1.240506471347345,2.3564187486203036,2.3564187486203036,1.0
145.0,1,-0.2977693604602767,0.7225278970141904,0.8170599378769847,0.8170599378769847,1.0
145.25,1,1.2200036991872627,1.0939842418493368,3.6409068600784953,3.6409068600784953,1.0
145.5,1,-0.9780331856461051,0.819782800425795,2.2111609350501165,2.2111609350501165,1.0
145.75,1,0.6408311104508873,0.10421199059558983,0.579507596592838,0.579507596592838,1.0
146.0,1,-0.08590976141986184,-1.1984303834309085,1.9247720039813647,1.9247720039813647,1.0
146.25,1,1.2589040330888375,0.6249369545906571,2.702513254270483,2.702513254270483,1.0
146.5,1,-1.1957071783217204,0.3404413211079822,2.123296950051642,2.123296950051642,1.0
146.75,1,0.2651756271844474,-0.8274925855536015,1.0103870244928663,1.0103870244928663,1.0
147.0,1,-0.8655371369027418,0.2760704961131326,1.13381559116047,1.13381559116047,1.0
147.25,1,-0.40717798300174834,-0.25371852529441785,0.3143964557754922,0.3143964557754922,1.0
147.5,1,0.03153793448627118,0.29291807290881966,0.1159265051987173,0.1159265051987173,1.0
147.75,1,-0.3566454984031915,-0.03744518828318011,0.17724005738104553,0.17724005738104553,1.0
148.0,1,0.3834157326088856,0.9852552524640794,1.49940713864301,1.49940713864301,1.0
148.25,1,0.07486951437450173,-1.48413232687109,2.9506781949712915,2.9506781949712915,1.0
148.5,1,0.33103036534073293,0.5227138699487774,0.5163348446984238,0.5163348446984238,1.0
148.75,1,-1.1715958307592085,0.23123625308004758,1.9657326293755675,1.9657326293755675,1.0
149.0,1,-0.1906043321488129,-0.3626832459325797,0.2260175631217326,0.2260175631217326,1.0
149.25,1,-0.32060548225757746,-1.0804922680771085,1.7031828252788794,1.7031828252788794,1.0
149.5,1,0.10738277663477369,0.4460285991904467,0.2820305721895974,0.2820305721895974,1.0
149.75,1,0.0796566654010693,-1.331727263755134,2.3815352734644186,2.3815352734644186,1.0
150.0,1,0.8127326423050367,0.721305847770128,1.6087876921887987,1.6087876921887987,1.0
150.25,1,0.20059230204448308,0.3728162796321559,0.24163815912123107,0.24163815912123107,1.0
150.5,1,1.1078055772237132,-1.3133464827652643,4.005361916040371,4.005361916040371,1.0
150.75,1,1.0110732212449975,0.04279439604804036,1.415630832320804,1.415630832320804,1.0
151.0,1,-1.186782462024003,0.4882738794111532,2.2667333119353184,2.2667333119353184,1.0
151.25,1,-0.9174428047563938,-0.17317759803388721,1.2042027080074507,1.2042027080074507,1.0
151.5,1,-0.583488208198168,-0.9803289759322436,1.7585660960936917,1.7585660960936917,1.0
151.75,1,0.27633799763671574,0.7944057281398944,0.951351632245464,0.951351632245464,1.0
152.0,1,-0.8900014403588958,1.065524898969735,2.617822903644167,2.617822903644167,1.0
152.25,1,0.3627283716590086,-0.3376791704707909,0.33496094321250325,0.33496094321250325,1.0
152.5,1,0.4806073848047614,0.3242635162520813,0.4607270904648586,0.4607270904648586,1.0
152.75,1,0.013165131142566011,0.3390190086879681,0.15437681078401883,0.15437681078401883,1.0
153.0,1,-0.21161094807318603,1.6393490069573877,3.6667923271904805,3.6667923271904805,1.0
153.25,1,1.5365274034186087,0.5440836364740429,3.6670161063526434,3.6670161063526434,1.0
153.5,1,-0.14309205658715296,-0.39462348515002077,0.23731926209579243,0.23731926209579243,1.0
153.75,1,0.689820893679403,-0.17905343932262419,0.7023096775869873,0.7023096775869873,1.0
154.0,1,-0.3835029429285113,-0.00885138335914526,0.20390791637515684,0.20390791637515684,1.0
154.25,1,1.1021994656672074,1.2238613572066885,3.694521261254825,3.694521261254825,1.0
154.5,1,-1.5524882464846201,0.8559395790368223,4.324670639970721,4.324670639970721,1.0
154.75,1,-0.3103957433321125,0.6101449266998733,0.633510035832616,0.633510035832616,1.0
155.0,1,0.13763711180396498,-0.03002377175473292,0.02747854537936519,0.02747854537936519,1.0
155.25,1,-1.5342445235617146,0.5659223387208012,3.6946731816086222,3.6946731816086222,1.0
155.5,1,2.79169864356608,-1.9360311743657919,9.37944262251656,15.845849013056927,1.7204411968606788
155.75,1,-0.04609986015557377,-1.048584563538185,1.479279542522952,1.479279542522952,1.0
156.0,1,1.9991901397439262,-0.012348865010977761,5.541321837804787,5.541321837804787,1.0
156.25,1,0.6065943980318065,-0.21907534339199586,0.574693040130628,0.574693040130628,1.0
156.5,1,-0.050929768969372624,0.7075178857894118,0.6760925106420705,0.6760925106420705,1.0
156.75,1,-1.1970141912520247,-0.3418685214220254,2.1445874472006454,2.1445874472006454,1.0
157.0,1,-0.34796120464428304,1.5198281485359706,3.2721985581281157,3.2721985581281157,1.0
157.25,1,0.31601116026245624,-1.525752918574101,3.267559335490212,3.267559335490212,1.0
157.5,1,-1.5913713063360566,0.09250024218696407,3.5261122568328616,3.5261122568328616,1.0
157.75,1,-0.2974657260119966,0.09714644253083371,0.1355111253719111,0.1355111253719111,1.0
158.0,1,0.6856086056659163,-0.2505554152636007,0.7369834102668825,0.7369834102668825,1.0
158.25,1,0.8293132851163474,0.09553604936359239,0.96720725354993,0.96720725354993,1.0
158.5,1,0.03975984610057415,1.0648256012374233,1.527407937978611,1.527407937978611,1.0
158.75,1,-0.8718617899232819,-0.6640904625055182,1.6490628315859808,1.6490628315859808,1.0
159.0,1,-0.9293547314029502,-1.4690615473551505,4.103614508100292,4.103614508100292,1.0
159.25,1,0.27523104333823545,0.3710267972421537,0.29049394384963867,0.29049394384963867,1.0
159.5,1,0.35642542092383867,-0.806492134489786,1.051937087133881,1.051937087133881,1.0
159.75,1,1.71419550220546,0.25748861412887436,4.172619901596838,4.172619901596838,1.0
160.0,1,0.5327076231696175,0.026673363284645646,0.395353452992396,0.395353452992396,1.0
160.25,1,0.16725422072327234,0.6638438066451213,0.632244428647264,0.632244428647264,1.0
160.5,1,0.22253961770606612,-0.0366676391105667,0.07065625253934456,0.07065625253934456,1.0
160.75,1,-0.08311800607289888,0.7435733318017643,0.7542370173368634,0.7542370173368634,1.0
161.0,1,-0.3894394127843972,0.36717187307796895,0.39247157794449705,0.39247157794449705,1.0
161.25,1,0.9438265433519146,-1.0498371419675143,2.723498916538126,2.723498916538126,1.0
161.5,1,-0.027570803994029003,0.8215991711201571,0.9104785989969089,0.9104785989969089,1.0
161.75,1,0.3431162629064737,-0.9232676542428422,1.3123010563803497,1.3123010563803497,1.0
162.0,1,0.39831920365657103,0.4908960551631525,0.5454367285065169,0.5454367285065169,1.0
162.1492679785785,2,-0.41343627995257615,-0.13275897926190794,0.2738385865561772,0.2738385865561772,1.0
162.25,1,-0.6088472491604064,0.032878818818985245,0.5180550090644054,0.5180550090644054,1.0
162.3492679785785,2,-0.1563405022814086,-0.3625545037486173,0.19969496262688172,0.19969496262688172,1.0
162.5,1,-0.6927334508057608,-0.5045349028160473,1.0138419991138832,1.0138419991138832,1.0
162.5492679785785,2,-0.6001399444018234,-0.5468683738207147,0.9057184430407577,0.9057184430407577,1.0
162.7492679785785,2,0.7466684283075189,0.02755927082248988,0.8261963152480072,0.8261963152480072,1.0
162.75,1,-0.27174135805394606,-0.4774549465393365,0.41220172184368614,0.41220172184368614,1.0
162.94926797857852,2,-1.3342762273417454,0.5360723924824704,2.9980968100878864,2.9980968100878864,1.0
163.0,1,-1.5700239473064013,-1.0760152613672385,5.0241469029403065,5.0241469029403065,1.0
163.1492679785785,2,0.6097069623007578,-0.21892084500314368,0.6118096006448286,0.6118096006448286,1.0
163.25,1,0.7829490541602975,-0.656530417771565,1.4449335149801672,1.4449335149801672,1.0
163.3492679785785,2,1.3865147534785045,-0.3826760561167406,3.0410645377987806,3.0410645377987806,1.0
163.5,1,0.8862884288561999,-0.3855431991398426,1.3047175040098353,1.3047175040098353,1.0
163.5492679785785,2,0.6001206902054173,-0.18595882051677126,0.579317673016608,0.579317673016608,1.0
163.7492679785785,2,0.24412665898369879,-0.33883117351909675,0.232446959057991,0.232446959057991,1.0
163.75,1,1.2886232595304685,0.27910253199815926,2.441481896883424,2.441481896883424,1.0
163.94926797857852,2,0.013534913140971216,0.43422927892924257,0.23654653382614368,0.23654653382614368,1.0
164.0,1,-1.1954377611162292,1.761898572227639,6.238666227481177,6.238666227481177,1.0
164.1492679785785,2,0.428149694006958,0.534427062612826,0.6315669418491591,0.6315669418491591,1.0
164.25,1,1.1431067643373343,-1.2457227015038863,3.954704935572556,3.954704935572556,1.0
164.3492679785785,2,0.7321654211560209,0.7306316826009676,1.4701176802755094,1.4701176802755094,1.0
164.5,1,-1.1246697512597708,1.404741074477502,4.47257564390552,4.47257564390552,1.0
164.5492679785785,2,0.3791866600145486,-0.9170732854982195,1.2709740773488085,1.2709740773488085,1.0
164.7492679785785,2,0.5299745810619032,0.7126157941196665,1.057232214360258,1.057232214360258,1.0
164.75,1,-0.418353315877936,1.0679521984788467,1.8037663569701057,1.8037663569701057,1.0
164.94926797857852,2,-1.1216739629160317,-0.4446370410089546,2.1292013734166795,2.1292013734166795,1.0
165.0,1,-0.011901011852335053,0.0050060914244101085,0.00023414725502696922,0.00023414725502696922,1.0
165.1492679785785,2,0.9574977874194408,0.9837336260362148,2.5880353457929175,2.5880353457929175,1.0
165.25,1,-1.27022557935824,-1.5889222484904262,5.727410388459775,5.727410388459775,1.0
165.3492679785785,2,0.39080137771937684,1.0387151113098794,1.5857228878432081,1.5857228878432081,1.0
165.5,1,0.6197559604449054,0.06276524502768144,0.5479728273726622,0.5479728273726622,1.0
165.5492679785785,2,-1.0026202713772712,-1.5169674082028761,4.40152488465241,4.40152488465241,1.0
165.7492679785785,2,0.5730844746185051,-0.36431029765468104,0.658816936069416,0.658816936069416,1.0
165.75,1,0.183302518957408,-0.9760641317009338,1.3507212981592542,1.3507212981592542,1.0
165.94926797857852,2,-0.49812412148368157,0.6445049611774474,0.8946723921351512,0.8946723921351512,1.0
166.0,1,0.11984723014340748,-0.045765470388100304,0.023182043036336985,0.023182043036336985,1.0
166.1492679785785,2,0.46114749117195597,-0.07206434387190974,0.3253204352487311,0.3253204352487311,1.0
166.25,1,-1.0628054653388732,-1.4172379976289644,4.347100941744255,4.347100941744255,1.0
166.3492679785785,2,-0.4954056752993683,0.2354775576860213,0.4379347453424981,0.4379347453424981,1.0
166.5,1,0.6400815136609608,-1.3206509081444522,2.9674089151539915,2.9674089151539915,1.0
166.5492679785785,2,1.0208776484222173,-1.2379717054410664,3.4953104760245353,3.4953104760245353,1.0
166.7492679785785,2,0.5328935836125672,0.17901174040069812,0.46637984117659914,0.46637984117659914,1.0
166.75,1,-0.16892823523734535,-1.2053956655646094,2.0310168958402537,2.0310168958402537,1.0
166.94926797857852,2,1.2625053912081672,0.9453573297726896,3.518613632976477,3.518613632976477,1.0
167.0,1,1.381403984513299,-1.0048942059963677,4.086815194136105,4.086815194136105,1.0
167.1492679785785,2,1.626307401959604,0.589473452095679,4.408907023015161,4.408907023015161,1.0
167.25,1,1.2520362893587738,-0.20934246847310067,2.2809438861960474,2.2809438861960474,1.0
167.3492679785785,2,0.8939795240539827,0.5970447236648528,1.649903592156899,1.649903592156899,1.0
167.5,1,-0.06153904416706002,0.8123808318448074,0.9099660233746907,0.9099660233746907,1.0
167.5492679785785,2,0.18829752809651046,-1.3149179876572683,2.2348975229969765,2.2348975229969765,1.0
167.7492679785785,2,0.5507704300993894,0.4154350884962579,0.673353944138975,0.673353944138975,1.0
167.75,1,0.18791048248782438,1.5848295065260523,3.4950038959013905,3.4950038959013905,1.0
167.94926797857852,2,0.2466827283440245,-0.3253720240960756,0.22501898801233117,0.22501898801233117,1.0
168.0,1,1.0180431106680308,-0.4329259719671792,1.7267540769681209,1.7267540769681209,1.0
168.1492679785785,2,-0.2641031876269868,0.4915767743883519,0.4098365737639468,0.4098365737639468,1.0
168.25,1,1.1183351806688955,1.065862619234693,3.3321571393030207,3.3321571393030207,1.0
168.3492679785785,2,-1.3436571206817347,-0.9412258866528438,3.832662232616884,3.832662232616884,1.0
168.5,1,0.1045750450978793,0.47399143832620005,0.3237462035089854,0.3237462035089854,1.0
168.5492679785785,2,-1.0395145112697457,0.25233371586860187,1.7053609081511811,1.7053609081511811,1.0
168.7492679785785,2,-1.034167479926131,-0.7267026004857251,2.2746344323830368,2.2746344323830368,1.0
168.75,1,2.0170396545011617,-1.3664906325991169,8.336638992276326,8.336638992276326,1.0
168.94926797857852,2,-0.41270137858832356,-0.2575476785990958,0.33989149364115323,0.33989149364115323,1.0
169.0,1,0.733001567885359,0.04110894283159716,0.7648072467645773,0.7648072467645773,1.0
169.1492679785785,2,-1.1118164637737085,1.724254540814791,5.614522341325779,5.614522341325779,1.0
169.25,1,1.1369204933875157,-0.3783269809717793,2.0309281636216903,2.0309281636216903,1.0
169.3492679785785,2,0.5579979330208737,-1.021976047823728,1.7879152806999254,1.7879152806999254,1.0
169.5,1,-0.3735259862360576,-1.4608479007758408,3.1279134653682883,3.1279134653682883,1.0
169.5492679785785,2,0.25419815381892263,0.08811802378745615,0.10704732056223364,0.10704732056223364,1.0
169.7492679785785,2,-1.3679590952879526,-0.6514146616243823,3.3513090250578697,3.3513090250578697,1.0
169.75,1,-1.1513251851426567,-0.45215079172453976,2.1629907459535707,2.1629907459535707,1.0
169.94926797857852,2,-1.5425630822073337,1.505801351081257,6.445425385068418,6.445425385068418,1.0
170.0,1,1.01166053181508,-0.40692006888011933,1.6806903573686962,1.6806903573686962,1.0
170.1492679785785,2,-0.18320462923778003,0.5233207775709077,0.39660588497023946,0.39660588497023946,1.0
170.25,1,0.6074784156978184,0.16168088903150402,0.5599085456080198,0.5599085456080198,1.0
170.3492679785785,2,0.6750776617201661,-1.4337461925938495,3.2842224976599885,3.2842224976599885,1.0
170.5,1,0.6702426424857899,-0.10096578005359325,0.6518744037031733,0.6518744037031733,1.0
170.5492679785785,2,-0.288560089664327,1.4715531170615304,2.8628647327472154,2.8628647327472154,1.0
170.7492679785785,2,-1.1367869251374678,-0.7462415364813775,2.6488885722053213,2.6488885722053213,1.0
170.75,1,-0.5965881556049695,-0.9064120003029439,1.6346148196760053,1.6346148196760053,1.0
170.94926797857852,2,-1.0918972341767468,-0.7625626057939279,2.529842062382978,2.529842062382978,1.0
171.0,1,-0.3806352060907612,0.06772606753900412,0.21211257080618307,0.21211257080618307,1.0
171.1492679785785,2,0.9522922649569789,0.7362828925205989,2.0507633734852133,2.0507633734852133,1.0
171.25,1,1.0444953768894014,-0.0752398120544302,1.5574854674569554,1.5574854674569554,1.0
171.3492679785785,2,0.17095633728843618,1.2365530326910568,1.9773546141577096,1.9773546141577096,1.0
171.5,1,-0.24144245041927537,0.06087700335617452,0.08789630118885396,0.08789630118885396,1.0
171.5492679785785,2,0.4886326588808281,0.2823920785414127,0.46044589816961295,0.46044589816961295,1.0
171.7492679785785,2,-0.44897772806585223,-0.9591345130182116,1.4665259041996017,1.4665259041996017,1.0
171.75,1,1.4021070895124508,0.5452479673553294,3.2022186514204978,3.2022186514204978,1.0
171.94926797857852,2,-0.04801936291519837,-0.578124348774721,0.4260678749807656,0.4260678749807656,1.0
172.0,1,-0.5696129751283543,-1.042331791687833,1.9544830095786443,1.9544830095786443,1.0
172.1492679785785,2,1.1600173546326285,-0.18212807881090898,2.0686178730853673,2.0686178730853673,1.0
172.25,1,1.706100265336823,-0.6435054326075176,4.705028233919463,4.705028233919463,1.0
172.3492679785785,2,-0.19151348328014084,-0.7270671265180506,0.7238112254371126,0.7238112254371126,1.0
172.5,1,-1.4011950176652679,1.3576382576886261,5.322945237251523,5.322945237251523,1.0
172.5492679785785,2,0.056511916325630906,1.475158535875595,2.7572946381809436,2.7572946381809436,1.0
172.7492679785785,2,-1.0174866123263886,1.068748762025733,3.003537633282199,3.003537633282199,1.0
172.75,1,-1.938384241521077,0.6761821354545936,5.968997498048107,5.968997498048107,1.0
172.94926797857852,2,-0.14172818064595205,-0.7968810428881579,0.8333389134615391,0.8333389134615391,1.0
173.0,1,0.3218195566998481,0.3564678221246873,0.3219014419011529,0.3219014419011529,1.0
173.1492679785785,2,1.4411687603151506,-0.22180890249233398,3.19099533351662,3.19099533351662,1.0
173.25,1,1.6399099956053722,0.2506366319982689,3.9082179521052933,3.9082179521052933,1.0
173.3492679785785,2,-0.6230444366501198,-2.059248692474133,5.948840196672182,5.948840196672182,1.0
173.5,1,0.9584978427961426,0.06291898112240757,1.3109729767769762,1.3109729767769762,1.0
173.5492679785785,2,0.6103459260335091,-0.03955114505207069,0.563277953043032,0.563277953043032,1.0
173.7492679785785,2,-0.15323548625858496,0.7331210007742537,0.7151094208692891,0.7151094208692891,1.0
173.75,1,1.0070821659574092,0.9712621359085492,2.739029628208672,2.739029628208672,1.0
173.94926797857852,2,0.5372766531301227,1.1326941266823196,2.057653878840309,2.057653878840309,1.0
174.0,1,-0.14007417338635975,-0.43258447470818684,0.2852140745686951,0.2852140745686951,1.0
174.1492679785785,2,1.1809704095328284,-1.8996979065411959,6.666370086473986,6.666370086473986,1.0
174.25,1,0.18932892558545067,-0.36574580268489454,0.23488396987042387,0.23488396987042387,1.0
174.3492679785785,2,0.27067658332281797,0.811656261670672,0.9438253534982703,0.9438253534982703,1.0
174.5,1,0.26256074076476255,0.4022534169193994,0.32044765029852307,0.32044765029852307,1.0
174.5492679785785,2,-0.34290041726558407,-1.0559203904324177,1.587870592251017,1.587870592251017,1.0
174.7492679785785,2,-1.0800830520814246,-0.7426169119976227,2.4549438548931617,2.4549438548931617,1.0
174.75,1,-0.9885709384387154,0.4492018811372813,1.6668706090968277,1.6668706090968277,1.0
174.94926797857852,2,0.03231578374423094,1.2150680382993824,1.8691590185184044,1.8691590185184044,1.0
175.0,1,1.4220667925989865,0.4635776888876899,3.170289935435032,3.170289935435032,1.0
175.1492679785785,2,0.5191555672019486,1.260556826797925,2.4163296681367905,2.4163296681367905,1.0
175.25,1,-0.2875367938721629,-0.2525300088668434,0.2052143205679967,0.2052143205679967,1.0
175.3492679785785,2,0.3584178368763542,-0.06709215785155731,0.1992756349385072,0.1992756349385072,1.0
175.5,1,0.4202450606455592,-0.4898348083024029,0.5809329007257247,0.5809329007257247,1.0
175.5492679785785,2,0.05996520491555435,0.9440559941666842,1.133123331357368,1.133123331357368,1.0
175.7492679785785,2,-0.315437233221183,0.47784776025571585,0.4387370823630215,0.4387370823630215,1.0
175.75,1,-0.26176538869150257,0.8051681995941888,0.9891269201087003,0.9891269201087003,1.0
175.94926797857852,2,0.234334004171588,-0.37264439070458,0.2584056847992084,0.2584056847992084,1.0
176.0,1,1.5845686510243873,1.0039009339776515,4.955572532467948,4.955572532467948,1.0
176.1492679785785,2,0.14715812920606375,1.4015430374145113,2.517809903933635,2.517809903933635,1.0
176.25,1,1.2788427350189608,0.7642160603413233,3.1279224999722572,3.1279224999722572,1.0
176.3492679785785,2,0.38597078105235516,-0.39457683052944503,0.4214883486965308,0.4214883486965308,1.0
176.5,1,0.5696289664704159,1.0046853885590439,1.8492223897259927,1.8492223897259927,1.0
176.5492679785785,2,-0.7307442883050501,0.26981384206512304,0.8968889347885538,0.8968889347885538,1.0
176.7492679785785,2,0.18577437936173924,0.6217952811947178,0.5410785567529156,0.5410785567529156,1.0
176.75,1,-0.36081304372467526,-0.5996939843750844,0.6797819536138974,0.6797819536138974,1.0
176.94926797857852,2,1.4785682285586201,0.6860180647134317,3.8893816571278053,3.8893816571278053,1.0
177.0,1,-1.1238941485027572,-0.16926504396837272,1.8351579758746763,1.8351579758746763,1.0
177.1492679785785,2,-0.6152426411665246,0.2319009119804334,0.638428650295209,0.638428650295209,1.0
177.25,1,0.23244678740289526,0.0369497200827702,0.07868471904458048,0.07868471904458048,1.0
177.3492679785785,2,1.327009912608943,0.17485726725368345,2.692455371349524,2.692455371349524,1.0
177.5,1,0.8977869195217387,1.8621337308570887,5.914067404626012,5.914067404626012,1.0
177.5492679785785,2,-0.07225033360161781,-0.40803899003261224,0.2185530267349358,0.2185530267349358,1.0
177.7492679785785,2,-1.2490313667808417,-0.8509169934251295,3.2664485752199317,3.2664485752199317,1.0
177.75,1,-0.1540721169536563,0.42662672573131655,0.2841180862713418,0.2841180862713418,1.0
177.94926797857852,2,1.1313146768910158,0.7077525961739894,2.5622021242326634,2.5622021242326634,1.0
178.0,1,-1.2803557762835927,0.7789183192677336,3.1650757176302453,3.1650757176302453,1.0
178.1492679785785,2,0.9960492205012628,-0.10180550883734574,1.5081324066252453,1.5081324066252453,1.0
178.25,1,1.6336604276121656,0.6674442469141861,4.4065578970993355,4.4065578970993355,1.0
178.3492679785785,2,-0.5929281072734125,-0.9115778118735856,1.5812716007468424,1.5812716007468424,1.0
178.5,1,-1.1239791144884386,-0.8099048613021462,2.69774439870784,2.69774439870784,1.0
178.5492679785785,2,-0.306802906684676,1.008278038215781,1.4283332156957698,1.4283332156957698,1.0
178.7492679785785,2,0.8828347468369167,-0.7207532807462456,1.8314639958339378,1.8314639958339378,1.0
178.75,1,1.2674097525160044,-0.7545992457753672,3.0672188027093457,3.0672188027093457,1.0
178.94926797857852,2,-0.2295123279390605,1.3772193410327298,2.4790054648475275,2.4790054648475275,1.0
179.0,1,0.553308974713222,-0.6437247927556964,1.0052159671385104,1.0052159671385104,1.0
179.1492679785785,2,0.08175988214034868,0.30873199963407405,0.13067029274664352,0.13067029274664352,1.0
179.25,1,0.11678657200022657,0.239106610618244,0.09801865494205499,0.09801865494205499,1.0
179.3492679785785,2,-0.9058015693340695,-0.9228400178791336,2.3140985590195777,2.3140985590195777,1.0
179.5,1,0.012474574592507892,-0.5579968055590929,0.42840146386783085,0.42840146386783085,1.0
179.5492679785785,2,-0.0379488735803557,0.8504374320568489,0.9173940097663077,0.9173940097663077,1.0
179.7492679785785,2,0.8057347249840174,-0.018402023782091437,0.9785790782849879,0.9785790782849879,1.0
179.75,1,0.24124207505217932,0.4633899497939211,0.3781302569285782,0.3781302569285782,1.0
179.94926797857852,2,0.8589075413765008,-0.7180243808254063,1.7638630803180821,1.7638630803180821,1.0
180.0,1,-0.47232614420191954,0.595098986801252,0.8042821835431573,0.8042821835431573,1.0
180.1492679785785,2,-0.1473579582814315,-1.5629141150520882,3.123351019524013,3.123351019524013,1.0
180.25,1,0.32818025344774515,-0.019566933986047363,0.15363248396538945,0.15363248396538945,1.0
180.3492679785785,2,-0.1194708432343532,1.384573030620599,2.4472423356569477,2.4472423356569477,1.0
180.5,1,0.3377072101903056,0.7857873207317061,1.0112429769016165,1.0112429769016165,1.0
180.5492679785785,2,-0.16057529096343748,0.8293840186628616,0.9093375378482751,0.9093375378482751,1.0
180.7492679785785,2,-0.17909911671087464,-0.669323216486178,0.6150679492978456,0.6150679492978456,1.0
180.75,1,0.6486052678916119,0.02788857527336619,0.5992288173087504,0.5992288173087504,1.0
180.94926797857852,2,-0.5987413854646308,-0.4658611606884391,0.8147540234423649,0.8147540234423649,1.0
181.0,1,-1.0158293829086618,0.7280423310678223,2.1961475447285492,2.1961475447285492,1.0
181.1492679785785,2,1.4146873801784583,0.6179009792047121,3.498979247730505,3.498979247730505,1.0
181.25,1,0.0696388764097966,-1.1936508629953355,1.9664876522635433,1.9664876522635433,1.0
181.3492679785785,2,-0.22771175271011357,-1.3682603828486557,2.447072107635081,2.447072107635081,1.0
181.5,1,-0.23731746175613821,0.7285561749501448,0.810010040653107,0.810010040653107,1.0
181.5492679785785,2,-0.44501288931910565,1.585378366472026,3.479118091738555,3.479118091738555,1.0
181.7492679785785,2,-0.29386056444407416,2.8987038623355987,9.235511650736614,10.759836776384404,1.1682344345408553
181.75,1,1.497938119170052,1.1247071040609034,4.930251093024125,4.930251093024125,1.0
181.94926797857852,2,-0.9831361672257533,0.67301964200515,2.029390531263121,2.029390531263121,1.0
182.0,1,-1.5951406032133462,-0.7796635305123067,4.453442767923803,4.453442767923803,1.0
182.1492679785785,2,-0.38701892984347497,0.8454967537128817,1.130158849917095,1.130158849917095,1.0
182.25,1,0.46868931365012356,0.19304814892967492,0.36351847759455985,0.36351847759455985,1.0
182.3492679785785,2,-0.035023454473893434,-0.5760666244563182,0.42174630450949896,0.42174630450949896,1.0
182.5,1,-0.5699608670943634,0.030782022249915997,0.4630478596907889,0.4630478596907889,1.0
182.5492679785785,2,-0.967764280949376,1.3155693954849963,3.6016163423786915,3.6016163423786915,1.0
182.7492679785785,2,0.0222275138356407,1.714538836052766,3.719474096522088,3.719474096522088,1.0
182.75,1,-0.9396611389809864,-0.37962314954695886,1.45365551814957,1.45365551814957,1.0
182.94926797857852,2,0.6108945696715335,0.4315860938208591,0.7979716956902349,0.7979716956902349,1.0
183.0,1,1.044701027405492,0.4536603464340576,1.8347092077384575,1.8347092077384575,1.0
183.1492679785785,2,-0.9080099175146685,1.027476544364977,2.578142120332128,2.578142120332128,1.0
183.25,1,0.7409461982318915,-0.6838537440840942,1.4236117224625255,1.4236117224625255,1.0
183.3492679785785,2,-0.057835952981471817,1.9868923757788366,5.000272939505824,5.000272939505824,1.0
183.5,1,0.6712017534178156,0.11560438174277632,0.6587469508659254,0.6587469508659254,1.0
183.5492679785785,2,-0.5041733661426484,-0.28452335135130036,0.48555169173632773,0.48555169173632773,1.0
183.7492679785785,2,0.46194293566908406,0.03672760933438979,0.32322311204719645,0.32322311204719645,1.0
183.75,1,1.7643555511690234,-1.825902822413996,9.012330552080225,9.012330552080225,1.0
183.94926797857852,2,0.7401102752271704,0.43721174147058917,1.0672266373507722,1.0672266373507722,1.0
184.0,1,0.4402717048844833,0.8324548880370222,1.2287661574818698,1.2287661574818698,1.0
184.1492679785785,2,0.7420906341431062,0.42509389424098454,1.0585202871532944,1.0585202871532944,1.0
184.25,1,-1.1632552536089187,1.3843964667207662,4.559590207575894,4.559590207575894,1.0
184.3492679785785,2,-0.3546561392890428,0.09780048869936087,0.20166658214796465,0.20166658214796465,1.0
184.5,1,-0.14342069542824687,-1.0169568402729523,1.4515009892472646,1.4515009892472646,1.0
184.5492679785785,2,-0.2651868277446572,0.103422896132364,0.11952984951014083,0.11952984951014083,1.0
184.7492679785785,2,0.026492328728457526,-0.32608388743631656,0.13557511491711258,0.13557511491711258,1.0
184.75,1,-0.9741659916528391,2.420897235451165,9.214280707101892,9.411646657239954,1.0218565522156247
184.94926797857852,2,0.030337073835716044,-1.2480977233495323,1.972221245221402,1.972221245221402,1.0
185.0,1,0.17612423371803976,-0.2872579683246599,0.15760532117045692,0.15760532117045692,1.0
185.1492679785785,2,1.0068182551856202,-0.1418467059951789,1.5530804653093122,1.5530804653093122,1.0
185.25,1,-0.20189206274072458,0.5733226779641836,0.5100323150393092,0.5100323150393092,1.0
185.3492679785785,2,-0.4257916603414471,-0.5835858056887633,0.7041990713724349,0.7041990713724349,1.0
185.5,1,0.3498849240431685,0.15442355803814767,0.20681549513053313,0.20681549513053313,1.0
185.5492679785785,2,0.5561915633240222,-0.8298973555664138,1.3378576963228173,1.3378576963228173,1.0
185.7492679785785,2,-0.4297186573786469,-0.16443956007335858,0.31245177250415723,0.31245177250415723,1.0
185.75,1,0.5340461721579572,0.8168896252502176,1.323541973032555,1.323541973032555,1.0
185.94926797857852,2,-1.5584239648921088,2.0041408597764625,8.741719601226993,8.741719601226993,1.0
186.0,1,1.2529888048130884,-0.6936906675303696,2.8941499402355078,2.8941499402355078,1.0
186.1492679785785,2,-1.1723368976295792,1.0057068849250688,3.3510777097657485,3.3510777097657485,1.0
186.25,1,-0.5649103820863575,1.1397841726926259,2.2405222390312587,2.2405222390312587,1.0
186.3492679785785,2,-1.4030664989370956,-2.1744681836028676,8.950416540910423,8.950416540910423,1.0
186.5,1,0.49672078316614954,1.0499172197039985,1.8667798148346517,1.8667798148346517,1.0
186.5492679785785,2,-0.8107282930007123,-0.2556275405702939,1.0734345429719712,1.0734345429719712,1.0
186.7492679785785,2,0.9579311190392121,-0.6308610786281044,1.8862605180608392,1.8862605180608392,1.0
186.75,1,-1.0145428843131192,-0.8278332790974233,2.406451123732994,2.406451123732994,1.0
186.94926797857852,2,-0.1764225713906744,0.38036067526048445,0.22995598753520283,0.22995598753520283,1.0
187.0,1,0.8268169166970769,0.6877787973167373,1.6227427389655762,1.6227427389655762,1.0
187.1492679785785,2,-0.7126079816194575,-0.6401661194972414,1.2838994789707465,1.2838994789707465,1.0
187.25,1,0.7580223619295272,0.4918130317012661,1.1496347435375613,1.1496347435375613,1.0
187.3492679785785,2,-0.39847421018251117,-0.0749217225756682,0.24642907754503454,0.24642907754503454,1.0
187.5,1,-0.69296496256759,-0.25618464130875696,0.7729302065640222,0.7729302065640222,1.0
187.5492679785785,2,-1.4071272534021881,0.22938504897172507,3.0512445383533544,3.0512445383533544,1.0
187.7492679785785,2,0.6104135732594127,-0.6382372651619328,1.0768658972331817,1.0768658972331817,1.0
187.75,1,-0.027371427925836578,-1.9399073767251296,5.178406977195592,5.178406977195592,1.0
187.94926797857852,2,-0.11758934976788504,0.32483857475312417,0.154353912915489,0.154353912915489,1.0
188.0,1,1.5587831861082486,0.5984062120019655,3.9476332068502664,3.9476332068502664,1.0
188.1492679785785,2,-1.439264326346315,1.39800928385749,5.595296984771833,5.595296984771833,1.0
188.25,1,-1.2299657807752822,0.9779264590210919,3.46641358753182,3.46641358753182,1.0
188.3492679785785,2,0.6735649090265734,-0.5675168781146249,1.0914536861122546,1.0914536861122546,1.0
188.5,1,0.2506539271246728,1.2707387500904854,2.310303907770769,2.310303907770769,1.0
188.5492679785785,2,1.45682124406551,0.6710865384168321,3.769318402094228,3.769318402094228,1.0
188.7492679785785,2,-0.6776653916724973,0.1625598930898038,0.7254977793213648,0.7254977793213648,1.0
188.75,1,-0.8646729437896199,0.19253967107531933,1.1142668023351263,1.1142668023351263,1.0
188.94926797857852,2,0.5690786553004457,1.5184434643788511,3.4055777408234844,3.4055777408234844,1.0
189.0,1,-0.7519570264684341,0.5884930987664629,1.280493303617259,1.280493303617259,1.0
189.1492679785785,2,0.5974122116757021,0.3051005625356791,0.6557441171522324,0.6557441171522324,1.0
189.25,1,0.6960046020319193,-0.7838658846575343,1.5340111239682306,1.5340111239682306,1.0
189.3492679785785,2,0.3928424764927594,-0.33720966074133574,0.3765384424611883,0.3765384424611883,1.0
189.5,1,0.40286784011892607,-0.28153105715248283,0.33977326177294465,0.33977326177294465,1.0
189.5492679785785,2,-0.16168951193715442,1.5172697824635053,2.9531285920872556,2.9531285920872556,1.0
189.7492679785785,2,0.7552010123050548,0.668383900080155,1.4247853863669349,1.4247853863669349,1.0
189.75,1,0.8032833063186477,-0.7150071044758075,1.6210816268070962,1.6210816268070962,1.0
189.94926797857852,2,-0.6683489394291988,-0.020735465234972494,0.6738008887509098,0.6738008887509098,1.0
190.0,1,1.1039935354985912,1.2789004681517602,3.9833864718736747,3.9833864718736747,1.0
190.1492679785785,2,-0.01934905361996897,1.3158718486771153,2.191817568334694,2.191817568334694,1.0
190.25,1,-1.1583716582190706,-1.0824381414682285,3.5197979361958165,3.5197979361958165,1.0
190.3492679785785,2,-0.39948436427635636,1.5756553867210459,3.3827056508955757,3.3827056508955757,1.0
190.5,1,-0.7168261124528854,1.9731156433472277,6.085767281108079,6.085767281108079,1.0
190.5492679785785,2,0.062141172052534,-0.35809693681684673,0.1681294705091908,0.1681294705091908,1.0
190.7492679785785,2,0.2450961165550165,-0.5881804655398364,0.5282925375795307,0.5282925375795307,1.0
190.75,1,-0.8539747372749016,1.4090304732908083,3.7689398501086333,3.7689398501086333,1.0
190.94926797857852,2,-0.2776870407436469,0.382161528861098,0.3010430322384257,0.3010430322384257,1.0
191.0,1,0.11332334435342162,0.5603797526839076,0.45030482650763637,0.45030482650763637,1.0
191.1492679785785,2,-1.0457970647633839,-0.9353533810217738,2.7558683779488304,2.7558683779488304,1.0
191.25,1,1.2528086205070208,-0.08070392991096109,2.24083856609155,2.24083856609155,1.0
191.3492679785785,2,0.4404285600268274,-0.43706226012071436,0.5342016985011526,0.5342016985011526,1.0
191.5,1,0.06583688897662654,-0.5985768072774409,0.4990274102829636,0.4990274102829636,1.0
191.5492679785785,2,-0.4289128790438621,-1.5600839685054966,3.3580717588291087,3.3580717588291087,1.0
191.7492679785785,2,0.05197298602746825,0.1461844190515229,0.03111269145813813,0.03111269145813813,1.0
191.75,1,-0.3273808862052401,-1.3546915755791555,2.677643286147361,2.677643286147361,1.0
191.94926797857852,2,0.3327737203967076,0.647179515690178,0.6969669664190564,0.6969669664190564,1.0
192.0,1,0.08900904378211116,0.04322059099389086,0.013837616046699548,0.013837616046699548,1.0
192.1492679785785,2,0.11223901996342267,-0.12380399313376,0.038389243764240494,0.038389243764240494,1.0
192.25,1,-1.160033202148945,-1.9611822164326393,7.205137442479128,7.205137442479128,1.0
192.3492679785785,2,2.2390882966243826,-1.3394272803497733,9.221741263199071,9.829244063274084,1.0671966144900584
192.5,1,-0.7158499940049179,2.053201716441449,6.527724714807889,6.527724714807889,1.0
192.5492679785785,2,-1.6255325372679992,-0.38790012279372954,4.174371533209095,4.174371533209095,1.0
192.7492679785785,2,0.035572945634761766,0.2617993517969813,0.08863782704672846,0.08863782704672846,1.0
192.75,1,0.048799634685297466,-1.0092308869480529,1.4049245833456565,1.4049245833456565,1.0
192.94926797857852,2,0.2217779356775691,1.7255336181154926,3.8422024628057274,3.8422024628057274,1.0
193.0,1,-0.9266201239208205,-0.09842127220273311,1.2344819866763832,1.2344819866763832,1.0
193.1492679785785,2,0.8367037606258769,-0.3790216527977831,1.2371945105983821,1.2371945105983821,1.0
193.25,1,-1.0374129387449855,0.7384504327037332,2.2807298289680062,2.2807298289680062,1.0
193.3492679785785,2,-0.29509003279832413,0.570761199515397,0.5436209425652831,0.5436209425652831,1.0
193.5,1,1.8714195740229425,-0.29042565096900036,5.096105578459123,5.096105578459123,1.0
193.5492679785785,2,0.19622507542428336,0.30376513006700456,0.1748596366644887,0.1748596366644887,1.0
193.7492679785785,2,0.4891898011323397,1.0613377261661419,1.786191380255377,1.786191380255377,1.0
193.75,1,0.5080051433354384,0.7803875428615945,1.2051158904348456,1.2051158904348456,1.0
193.94926797857852,2,-1.5972002610611788,0.09239119999663425,3.8564231560875855,3.8564231560875855,1.0
194.0,1,-0.7892405328965397,1.4585947304038525,3.813298218543613,3.813298218543613,1.0
194.1492679785785,2,0.5171658385651123,-1.0936829033847273,1.9171586440983244,1.9171586440983244,1.0
194.25,1,-0.7769743022521696,0.9974064932382475,2.227264297773339,2.227264297773339,1.0
194.3492679785785,2,-0.2920037112484648,-0.29424543839722284,0.2381503152324111,0.2381503152324111,1.0
194.5,1,-0.30243088088313597,0.9354134912850067,1.3338300501394755,1.3338300501394755,1.0
194.5492679785785,2,0.823477109680733,1.0204041846582257,2.340576023777463,2.340576023777463,1.0
194.7492679785785,2,0.539541119284249,1.6830476375110315,4.0235936085734405,4.0235936085734405,1.0
194.75,1,-0.7008197330717407,0.08977519187927252,0.709732574847023,0.709732574847023,1.0
194.94926797857852,2,-0.04178436771082472,-1.333428780372286,2.252956653485025,2.252956653485025,1.0
195.0,1,-0.9633624846598785,1.1199789727007843,3.0460435264863897,3.0460435264863897,1.0
195.1492679785785,2,-0.5523991667301718,0.06738394711556339,0.4658029445926681,0.4658029445926681,1.0
195.25,1,1.4343470490386845,0.8596189574578883,3.942728646470918,3.942728646470918,1.0
195.3492679785785,2,-0.9278050885015725,-0.3474175550880309,1.4507255307009217,1.4507255307009217,1.0
195.5,1,0.587880040114575,0.1389029388879517,0.5180268436136041,0.5180268436136041,1.0
195.5492679785785,2,-0.7782308933115685,1.3107823484379444,3.088332774899073,3.088332774899073,1.0
195.7492679785785,2,-0.3393355503066493,0.48740909048804715,0.4742415927702094,0.4742415927702094,1.0
195.75,1,0.18290520581486147,-0.4211887960253482,0.29172496954372973,0.29172496954372973,1.0
195.94926797857852,2,-0.31906266428479846,-0.9628213031444768,1.326784836364158,1.326784836364158,1.0
196.0,1,0.2580100940493497,0.2625998146519067,0.1895800559848937,0.1895800559848937,1.0
196.1492679785785,2,-0.40611621264261455,0.5056882765174334,0.572354712803202,0.572354712803202,1.0
196.25,1,-0.7470428917649619,-0.4914766175129174,1.1260960163219154,1.1260960163219154,1.0
196.3492679785785,2,-0.0031463078260638433,0.3336144787796437,0.1409054217066051,0.1409054217066051,1.0
196.5,1,-0.468948228112231,-0.7016398304434213,0.9900738612425282,0.9900738612425282,1.0
196.5492679785785,2,1.2511569958594602,-0.04835584129659731,2.3635410901222342,2.3635410901222342,1.0
196.7492679785785,2,0.24406824533915694,1.2415775900465946,2.040763762162858,2.040763762162858,1.0
196.75,1,0.19616657878249555,1.3238596028179526,2.466740113160834,2.466740113160834,1.0
196.94926797857852,2,0.09268125746171396,-1.7958242179838495,4.094862139413187,4.094862139413187,1.0
197.0,1,-0.6827002442018433,-0.37291905359394956,0.8543503673163477,0.8543503673163477,1.0
197.1492679785785,2,-0.5089433466117663,0.4601029530412713,0.6585178250766766,0.6585178250766766,1.0
197.25,1,0.9826107484453706,-0.9337949796333289,2.5731304655588128,2.5731304655588128,1.0
197.3492679785785,2,0.2725403032582725,-1.3252416135096659,2.335294153883767,2.335294153883767,1.0
197.5,1,-1.1234257608219322,-0.3588916963681078,1.9721628642133686,1.9721628642133686,1.0
197.5492679785785,2,-0.3713644186527296,-0.2713461645515711,0.3011906347869916,0.3011906347869916,1.0
197.7492679785785,2,-2.240137859588743,-0.076482021298931,7.572803428419452,7.572803428419452,1.0
197.75,1,0.7006892160940079,-0.39357492390802573,0.9116448084514589,0.9116448084514589,1.0
197.94926797857852,2,-0.0008296375498324515,0.41764082429364835,0.22077878635157638,0.22077878635157638,1.0
198.0,1,-0.3529651000836962,-1.1327770419111505,1.9430945843843395,1.9430945843843395,1.0
198.1492679785785,2,0.8344452696423186,-0.006909832174838919,1.0499641907039752,1.0499641907039752,1.0
198.25,1,1.1851017363739176,-1.2357317695794396,4.098947483254712,4.098947483254712,1.0
198.3492679785785,2,0.9706694726136593,0.020938069841956588,1.421352225789513,1.421352225789513,1.0
198.5,1,0.4927835988716578,1.2258773007795538,2.4130904380340885,2.4130904380340885,1.0
198.5492679785785,2,0.26431770607154803,0.6376483912370826,0.6201332972671068,0.6201332972671068,1.0
198.7492679785785,2,-0.15509536760796871,-1.1614978329797225,1.7437787667923346,1.7437787667923346,1.0
198.75,1,-0.5569420832860561,-0.16455043018714266,0.47855408154681456,0.47855408154681456,1.0
198.94926797857852,2,-1.0644627563699811,1.1264105873363566,3.3144479235179034,3.3144479235179034,1.0
199.0,1,0.024112701426465488,1.3969731537986219,2.6865417500046602,2.6865417500046602,1.0
199.1492679785785,2,0.21393261129631158,-0.8974152580609425,1.0885011349854927,1.0885011349854927,1.0
199.25,1,0.2058216047059287,-0.05378719569798189,0.06423814588298617,0.06423814588298617,1.0
199.3492679785785,2,-0.45837565689230386,0.710059317279571,0.9551359433916662,0.9551359433916662,1.0
199.5,1,0.8171330397204737,0.12414367038632823,0.9708773336896159,0.9708773336896159,1.0
199.5492679785785,2,-0.7432727510192785,0.8704154899156724,1.7923888394084968,1.7923888394084968,1.0
199.7492679785785,2,0.1800301191850746,-0.019570908843809368,0.04934996708030638,0.04934996708030638,1.0
199.75,1,-0.4711189411936565,-1.1694629927160194,2.198144552744294,2.198144552744294,1.0
199.94926797857852,2,-0.30215513114570447,0.8325598420953855,1.0150707245662167,1.0150707245662167,1.0
200.0,1,0.6523082874417203,-0.060371418083261796,0.6103299496486665,0.6103299496486665,1.0
200.1492679785785,2,0.8006330679559195,-0.551387180696421,1.3514730895404004,1.3514730895404004,1.0
200.25,1,-0.17614029719554258,1.2191073472141403,2.0893617737575894,2.0893617737575894,1.0
200.3492679785785,2,1.0081181128454433,-0.5364118633563013,1.8969084069589686,1.8969084069589686,1.0
200.5,1,0.7170360010100276,-1.248402065927043,2.8757933329834713,2.8757933329834713,1.0
200.5492679785785,2,-0.8465030561763611,0.9924779201847469,2.3278429777262097,2.3278429777262097,1.0
200.7492679785785,2,0.02317711984380244,-0.24207459522480845,0.0749831284655825,0.0749831284655825,1.0
200.75,1,0.9039688280103653,0.19024384217440732,1.2124142495720605,1.2124142495720605,1.0
200.94926797857852,2,-1.173016472551935,0.5282026260269632,2.4279054818363446,2.4279054818363446,1.0
201.0,1,1.7133664689212484,1.269379897989177,6.393866269764878,6.393866269764878,1.0
201.1492679785785,2,0.07431115365755625,1.4486267329009728,2.664944659214462,2.664944659214462,1.0
201.25,1,-0.6575726977097962,0.24869006786857967,0.7001938706581796,0.7001938706581796,1.0
201.3492679785785,2,-0.1907856056790158,1.3340209216267787,2.307963911842785,2.307963911842785,1.0
201.5,1,-0.40806263612597693,0.8234059948079515,1.1697944744316757,1.1697944744316757,1.0
201.5492679785785,2,1.10001423199861,0.02186667580557744,1.8255699066968973,1.8255699066968973,1.0
201.7492679785785,2,1.343086252526406,1.515335223616761,5.62633365195386,5.62633365195386,1.0
201.75,1,1.699507933472804,-1.8469661897577203,8.804770680625776,8.804770680625776,1.0
201.94926797857852,2,0.6092751881269649,0.11142340864430944,0.5754616858275763,0.5754616858275763,1.0
202.0,1,-0.607656799920087,0.3601238401506006,0.7037947002794599,0.7037947002794599,1.0
202.1492679785785,2,-0.005064554088702877,0.3917596620776657,0.19433462580457234,0.19433462580457234,1.0
202.25,1,0.02707547418243683,-0.4074901241316731,0.22955603161184898,0.22955603161184898,1.0
202.3492679785785,2,-0.12384152502007217,-0.05977174019771597,0.027652644633640783,0.027652644633640783,1.0
202.5,1,-0.15011815991915944,0.847437089664676,1.0202756520851963,1.0202756520851963,1.0
202.5492679785785,2,0.9923719611917718,0.15228404980261406,1.5146654927840304,1.5146654927840304,1.0
202.7492679785785,2,0.23146654963054858,0.6150046998084654,0.5595466229773736,0.5595466229773736,1.0
202.75,1,0.9321527144134694,-0.196985903801775,1.2896802590186454,1.2896802590186454,1.0
202.94926797857852,2,0.27219641865850885,0.34518204063061236,0.2625538332126083,0.2625538332126083,1.0
203.0,1,0.38844287640755226,-0.3985915790541061,0.43332645124233116,0.43332645124233116,1.0
203.1492679785785,2,-0.6128602831152261,0.2649380027246867,0.655269354833361,0.655269354833361,1.0
203.25,1,-2.1058717225240553,-0.5897895676032007,6.7872014418410656,6.7872014418410656,1.0
203.3492679785785,2,0.8753180317198535,-0.7500100087930075,1.8676968723962566,1.8676968723962566,1.0
203.5,1,1.0916308263517183,-1.2451878953347215,3.8286338053121844,3.8286338053121844,1.0
203.5492679785785,2,0.5329654373234307,-1.2773063973142786,2.4942182870337315,2.4942182870337315,1.0
203.7492679785785,2,0.47239924558750146,-0.5620367638913548,0.7363367325069421,0.7363367325069421,1.0
203.75,1,-1.2361682916518908,-1.3604109657504895,4.721665938962324,4.721665938962324,1.0
203.94926797857852,2,1.0003818698928828,0.7042342172565229,2.136896622113696,2.136896622113696,1.0
204.0,1,0.08354545806973523,-0.14886198503562387,0.04042985976875717,0.04042985976875717,1.0
204.1492679785785,2,0.04820445080953273,-0.4487798586558759,0.2584831057329278,0.2584831057329278,1.0
204.25,1,0.24583040025393332,1.9634391425476108,5.39146695252461,5.39146695252461,1.0
204.3492679785785,2,-1.0427981387827294,-0.2611514111612141,1.7263550912416548,1.7263550912416548,1.0
204.5,1,0.3961791124243421,0.38283676666277716,0.4249481815314791,0.4249481815314791,1.0
204.5492679785785,2,-0.08180066659465846,-0.5729365416653441,0.4257312312256557,0.4257312312256557,1.0
204.7492679785785,2,0.1475348407796202,-0.17992684132039294,0.07379982160659956,0.07379982160659956,1.0
204.75,1,1.1898196838655704,-0.2289728280465686,2.0864137357640664,2.0864137357640664,1.0
204.94926797857852,2,1.0848529444825932,-1.2628364812031805,3.7935526426742063,3.7935526426742063,1.0
205.0,1,-1.5209702133873806,-0.19581480902839743,3.3439610493917575,3.3439610493917575,1.0
205.1492679785785,2,-0.07670955787511113,0.6973411854239057,0.6245231952844573,0.6245231952844573,1.0
205.25,1,0.4557849430105402,0.05986915481581212,0.30045617603972113,0.30045617603972113,1.0
205.3492679785785,2,-0.8494875950059972,1.035756918831182,2.4466240320838457,2.4466240320838457,1.0
205.5,1,0.5355175639025753,0.4181724757718776,0.648565338219466,0.648565338219466,1.0
205.5492679785785,2,0.45708727139499516,-1.9763429865470747,5.260877695499797,5.260877695499797,1.0
205.7492679785785,2,1.16403485493365,1.8546274108854566,6.397158229615941,6.397158229615941,1.0
205.75,1,1.3597992627375644,-1.5596527935285867,5.979273485106779,5.979273485106779,1.0
205.9492679785785,2,0.40787991160255643,-0.6034882074778456,0.7119266328151012,0.7119266328151012,1.0
206.0,1,-0.563978908662707,-0.06551821031765581,0.4584314703886892,0.4584314703886892,1.0
206.14926797857854,2,-1.2226639743466157,1.1104826625655453,3.815665161732472,3.815665161732472,1.0
206.25,1,-0.8085495827022895,1.3231988483087973,3.3396496889951637,3.3396496889951637,1.0
206.34926797857852,2,0.57206246264493,-1.5757554140877272,3.637376360568321,3.637376360568321,1.0
206.5,1,-0.6245160058092312,0.049907328426252895,0.5582106309609015,0.5582106309609015,1.0
206.5492679785785,2,0.5250472860524085,1.687199516841999,4.0202961905530366,4.0202961905530366,1.0
206.7492679785785,2,-1.2755548807547457,-1.2269367603257466,4.3589293462863505,4.3589293462863505,1.0
206.75,1,-0.3520801955438868,-1.0212722701616177,1.612082198244708,1.612082198244708,1.0
206.9492679785785,2,0.03307865001150989,0.4109633173609284,0.21545825267245308,0.21545825267245308,1.0
207.0,1,0.838689521331913,0.2630487000378262,1.0959780651830136,1.0959780651830136,1.0
207.14926797857854,2,0.575938739482343,1.099205568380145,2.029945706294031,2.029945706294031,1.0
207.25,1,-0.18332981273368543,1.4959168394508782,3.127595212408744,3.127595212408744,1.0
207.34926797857852,2,-0.46312665668543496,-0.3838045586185215,0.5099973031149354,0.5099973031149354,1.0
207.5,1,-0.4964727656081589,-0.99989367882352,1.7264739649432073,1.7264739649432073,1.0
207.5492679785785,2,0.5221595567185291,1.1153992211541097,1.986585858797616,1.986585858797616,1.0
207.7492679785785,2,0.605152710632431,1.3278357655650395,2.78411031206058,2.78411031206058,1.0
207.75,1,-0.1362283184998877,0.261513326430276,0.12054535291013573,0.12054535291013573,1.0
207.9492679785785,2,0.6180064890210929,0.6182832631459345,1.0598893613192915,1.0598893613192915,1.0
208.0,1,-0.7219725990927198,0.3476901231955112,0.9079789513325185,0.9079789513325185,1.0
208.14926797857854,2,1.1680034199197702,0.6128218007818533,2.5328516002642356,2.5328516002642356,1.0
208.25,1,-0.1788510210317208,0.4822331323777935,0.3655587414519116,0.3655587414519116,1.0
208.34926797857852,2,-1.7657974549453836,0.36826829180744736,4.8743539214768425,4.8743539214768425,1.0
208.5,1,0.6861151791007735,1.1379728277551633,2.4517348270603847,2.4517348270603847,1.0
208.5492679785785,2,-1.7579525219491972,0.6415495589342943,5.182463950869892,5.182463950869892,1.0
208.7492679785785,2,-0.22499566487794853,0.780226980333099,0.8469412556272221,0.8469412556272221,1.0
208.75,1,-0.6790491065877149,-1.0917795826269112,2.296901920816074,2.296901920816074,1.0
208.9492679785785,2,-0.4725248742015231,2.1695714000163155,6.295677486856529,6.295677486856529,1.0
209.0,1,-0.8467560257020945,-1.1656833606073482,2.89038922742412,2.89038922742412,1.0
209.14926797857854,2,0.020986613343188854,-0.13386420773116225,0.023351615532003312,0.023351615532003312,1.0
209.25,1,0.54833032814484,0.06917238900564704,0.4343130751751387,0.4343130751751387,1.0
209.34926797857852,2,-1.1566123122692435,0.7136790029880362,2.6625113157476026,2.6625113157476026,1.0
209.5,1,-0.3079867988289945,-0.2959783502610065,0.25548631503890923,0.25548631503890923,1.0
209.5492679785785,2,1.7754784964841028,0.6080656379430232,5.222908687708238,5.222908687708238,1.0
209.7492679785785,2,-0.03557829575153093,-0.2658285642351861,0.09136212800517929,0.09136212800517929,1.0
209.75,1,0.2226363719145224,0.05474342645226926,0.07465245119648015,0.07465245119648015,1.0
209.9492679785785,2,-0.77986436246993,-1.2391769990332322,2.8611231955702623,2.8611231955702623,1.0
210.0,1,1.1674931200349907,0.4336882017011995,2.198130982157903,2.198130982157903,1.0
210.14926797857854,2,0.26667403039127474,0.6805570230849058,0.6936385391724785,0.6936385391724785,1.0
210.25,1,0.16681340081973794,-0.32290915250837915,0.18309342231081133,0.18309342231081133,1.0
210.34926797857852,2,-1.1187690516013664,0.13642558843891983,1.9113130830639327,1.9113130830639327,1.0
210.5,1,-1.3534520304787743,1.4490154383065086,5.4952115379126045,5.4952115379126045,1.0
210.5492679785785,2,0.4236856280726946,-0.5597323535615428,0.6674770438513078,0.6674770438513078,1.0
210.7492679785785,2,-0.2880117538702386,-1.3425808498040315,2.406872450341842,2.406872450341842,1.0
210.75,1,-1.7007750658223837,0.4341897560270701,4.375354292963712,4.375354292963712,1.0
210.9492679785785,2,-0.7827628293319638,0.5067807044793036,1.2491112768362425,1.2491112768362425,1.0
211.0,1,-0.8716017524204942,1.2138905120812356,3.109045857307721,3.109045857307721,1.0
211.14926797857854,2,-0.1294891399599099,-1.755698315395638,3.9279277083842157,3.9279277083842157,1.0
211.25,1,0.21521366112542178,0.1601670196588152,0.10119777155209289,0.10119777155209289,1.0
211.34926797857852,2,-0.16763498034965074,1.0518134566991153,1.4431568649739865,1.4431568649739865,1.0
211.5,1,-0.6770310436666728,-1.6246208228328933,4.284297519668726,4.284297519668726,1.0
211.5492679785785,2,0.5608614741960822,-1.6027477662491827,3.7272335996098143,3.7272335996098143,1.0
211.7492679785785,2,-0.137864370455285,-0.6166136079819533,0.5099672551030517,0.5099672551030517,1.0
211.75,1,-0.8142754049508643,-0.05529558356863462,0.9476372076289374,0.9476372076289374,1.0
211.9492679785785,2,0.0639895202983562,-0.4404232230546865,0.25174090783242475,0.25174090783242475,1.0
212.0,1,0.04327015320001468,0.01595333875880689,0.0030141227745538648,0.0030141227745538648,1.0
212.14926797857854,2,1.0091944579285816,1.3424352393879344,3.817604819715413,3.817604819715413,1.0
212.25,1,0.14905252072727998,1.4811257239982305,3.050853618329325,3.050853618329325,1.0
212.34926797857852,2,-0.1641398123243129,-1.9581197044477177,4.895419121143768,4.895419121143768,1.0
212.5,1,1.5821558266544617,0.15363538983235614,3.5932577098739813,3.5932577098739813,1.0
212.5492679785785,2,-0.3431921405577588,-1.3431897760684102,2.462188514138021,2.462188514138021,1.0
212.7492679785785,2,0.0051463701333771955,1.3322836751198412,2.2469762414313466,2.2469762414313466,1.0
212.75,1,0.12850599380706307,-1.6012852418132526,3.5531460171599987,3.5531460171599987,1.0
212.9492679785785,2,1.2341157981816184,-0.8813947772648467,3.2802341206495274,3.2802341206495274,1.0
213.0,1,-0.2825838274699615,0.46479911526969886,0.41097332450613944,0.41097332450613944,1.0
213.14926797857854,2,1.4258491704607386,-0.4596845623337964,3.3335922882289326,3.3335922882289326,1.0
213.25,1,-0.15742701944401927,-0.41037158541968477,0.2670339868448922,0.2670339868448922,1.0
213.34926797857852,2,-0.21364090002604313,-0.6730648615488799,0.6424349153108193,0.6424349153108193,1.0
213.5,1,-1.979061043233288,-0.5058168742938656,5.923504820307507,5.923504820307507,1.0
213.5492679785785,2,0.3774907033990439,0.9296336844400048,1.3092648196501857,1.3092648196501857,1.0
213.7492679785785,2,0.9819765678626301,-0.6886377264963024,2.0543388317181144,2.0543388317181144,1.0
213.75,1,-0.24044790370144134,0.20282006521355944,0.1388900191908349,0.1388900191908349,1.0
213.9492679785785,2,-0.47796782957004347,0.04460907618693333,0.3470267598528548,0.3470267598528548,1.0
214.0,1,-0.6597345066366718,0.2891946255348852,0.7343656554776612,0.7343656554776612,1.0
214.14926797857854,2,0.36778440568430115,0.46753733215353543,0.48074926058402234,0.48074926058402234,1.0
214.25,1,-0.09171106132578322,0.30280438393618136,0.1381600781672311,0.1381600781672311,1.0
214.34926797857852,2,-0.5738031726150459,0.09805282680240102,0.5087563802069378,0.5087563802069378,1.0
214.5,1,0.6727224560289549,0.24940784540525174,0.7293569676963655,0.7293569676963655,1.0
214.5492679785785,2,-0.2234102986741926,0.7002496699290943,0.6961966449964926,0.6961966449964926,1.0
214.7492679785785,2,-1.118134453185643,0.5836324643744317,2.3163994067415477,2.3163994067415477,1.0
214.75,1,0.23067541387284912,-1.1787402937277893,1.9883459722930086,1.9883459722930086,1.0
214.9492679785785,2,-0.24098009652721647,0.22540640680074375,0.1518942226063232,0.1518942226063232,1.0
215.0,1,-1.6808932357385091,-0.04951221017144736,4.023206788137453,4.023206788137453,1.0
215.14926797857854,2,-0.39013191941709874,-0.694660741823427,0.8404914169828441,0.8404914169828441,1.0
215.25,1,-1.1085819007687947,-0.660968856670334,2.349611758925679,2.349611758925679,1.0
215.34926797857852,2,-0.14332537823233066,1.1120057831600432,1.5966779447610249,1.5966779447610249,1.0
215.5,1,-2.363270803520688,0.8990496333036423,9.057000662098458,9.057000662098458,1.0
215.5492679785785,2,0.4952170969698209,0.29816025659383283,0.48247519716581433,0.48247519716581433,1.0
215.7492679785785,2,-0.4256299210855435,1.6945909855358379,3.9083746569161937,3.9083746569161937,1.0
215.75,1,-0.35617275040345636,0.5351253144589132,0.5746962379691356,0.5746962379691356,1.0
215.9492679785785,2,-1.0281216647813352,0.29552888867778004,1.704578718989245,1.704578718989245,1.0
216.0,1,-1.1778068531797408,-0.0795208212198737,1.9823816027093928,1.9823816027093928,1.0
216.14926797857854,2,-1.4740847246728501,0.7163718497735101,3.9267608050160505,3.9267608050160505,1.0
216.25,1,-0.3126359560801885,0.38655313839697025,0.3447016506182705,0.3447016506182705,1.0
216.34926797857852,2,-0.5848838567188517,1.2063647559885418,2.358632361560049,2.358632361560049,1.0
216.5,1,-0.6332805747314108,0.1290881011038314,0.5934119415340955,0.5934119415340955,1.0
216.5492679785785,2,1.3377131233942676,-0.9745705828180058,3.901822356287669,3.901822356287669,1.0
216.7492679785785,2,1.4190205240423432,1.1361739225280598,4.670460030956102,4.670460030956102,1.0
216.75,1,-0.47893517028173616,-0.7787371137997365,1.1611702472586338,1.1611702472586338,1.0
216.9492679785785,2,-0.27060695525023126,-0.7941964269244883,0.9089500740843471,0.9089500740843471,1.0
217.0,1,0.984683024659165,-0.07867352292511232,1.3880183124220062,1.3880183124220062,1.0
217.14926797857854,2,-0.12150601543961093,1.9864176314790707,5.018048411731718,5.018048411731718,1.0
217.25,1,1.4503457663453445,-0.12992786505333553,3.015714797946796,3.015714797946796,1.0
217.34926797857852,2,0.08938556617114934,-0.7601919732764408,0.7437630751280354,0.7437630751280354,1.0
217.5,1,1.6607556856240588,0.05081309454366201,3.9269261724209006,3.9269261724209006,1.0
217.5492679785785,2,0.7830852186864788,-0.6524551912278673,1.4639957979268803,1.4639957979268803,1.0
217.7492679785785,2,0.19718592627014542,-0.3412200891158319,0.20602066557628074,0.20602066557628074,1.0
217.75,1,1.8503478829337765,-0.255043882169105,4.961187548880735,4.961187548880735,1.0
217.9492679785785,2,0.02988002627667663,-0.6899075912528021,0.6039241321254393,0.6039241321254393,1.0
218.0,1,-0.8382573075191548,0.3060219440831038,1.1286346904170714,1.1286346904170714,1.0
218.14926797857854,2,0.8434832053482391,-0.2574317285862948,1.156876169171606,1.156876169171606,1.0
218.25,1,-0.23562333849474737,0.9999122371292171,1.4550557604019208,1.4550557604019208,1.0
218.34926797857852,2,0.020560335633883264,0.09755172843386273,0.0126869390762706,0.0126869390762706,1.0
218.5,1,1.9352694607301775,0.43253421186247665,5.58506350307843,5.58506350307843,1.0
218.5492679785785,2,-1.4686407293177595,-0.6610135204469851,3.8066339370768567,3.8066339370768567,1.0
218.7492679785785,2,0.14966424754810537,1.3992816419117289,2.5123983188574837,2.5123983188574837,1.0
218.75,1,0.33414274795868293,-0.33473780183791435,0.3131102749458987,0.3131102749458987,1.0
218.9492679785785,2,0.0036054236126310535,-1.4781095834197617,2.765973197057236,2.765973197057236,1.0
219.0,1,-1.665653620666642,0.8984722515657504,5.058422412650529,5.058422412650529,1.0
219.14926797857854,2,1.5765939468023622,0.3367900909845871,3.892263878234424,3.892263878234424,1.0
219.25,1,-0.009321203355637797,-0.43190470784325763,0.25686411127927966,0.25686411127927966,1.0
219.34926797857852,2,-1.179304162050421,0.7995859490994173,2.9071010269450333,2.9071010269450333,1.0
219.5,1,-0.6671069315027064,-0.7650876326818472,1.438619704819156,1.438619704819156,1.0
219.5492679785785,2,1.2951228246835222,-1.6507035735749964,5.980371374870019,5.980371374870019,1.0
219.7492679785785,2,0.6752809223924283,0.40753704091095777,0.8978570889655123,0.8978570889655123,1.0
219.75,1,1.4360339499898516,-1.3865318643093643,5.580674507849565,5.580674507849565,1.0
219.9492679785785,2,0.8911294770724996,-0.5738845001623365,1.6144750989975418,1.6144750989975418,1.0
220.0,1,1.2393316833855594,-0.26079200112001466,2.2788843329474626,2.2788843329474626,1.0
220.14926797857854,2,0.13271554936647356,0.633373030466291,0.5344684457947566,0.5344684457947566,1.0
220.25,1,0.3317457936819279,0.51738949709352,0.5249964488790291,0.5249964488790291,1.0
220.34926797857852,2,-0.9894367404841655,0.12044711331979263,1.4949073937213562,1.4949073937213562,1.0
220.5,1,-1.172513624386438,0.37355539726036513,2.1476633017108737,2.1476633017108737,1.0
220.5492679785785,2,-0.48691205646169733,0.5393437221226467,0.7259515008907781,0.7259515008907781,1.0
220.7492679785785,2,1.8209913091947276,-0.07563848489875058,5.0074516326956795,5.0074516326956795,1.0
220.75,1,0.796254338206283,-1.2350956019505652,3.0020422714906285,3.0020422714906285,1.0
220.9492679785785,2,-0.44150374541876736,-0.3615873618913956,0.4594732390804346,0.4594732390804346,1.0
221.0,1,0.4823591166337191,0.9101242987181069,1.4711781472651146,1.4711781472651146,1.0
221.14926797857854,2,0.8328367449871046,2.015549897484432,6.189470542928863,6.189470542928863,1.0
221.25,1,-0.6562942913797101,1.3537097532325502,3.134904235111404,3.134904235111404,1.0
221.34926797857852,2,-0.12471692871050677,0.5864508728292854,0.45893024699854906,0.45893024699854906,1.0
221.5,1,-0.6852675994682842,0.2819826844842317,0.7774182161481848,0.7774182161481848,1.0
221.5492679785785,2,-1.239381487723502,-2.1784108258071653,8.325987336006898,8.325987336006898,1.0
221.7492679785785,2,0.04653411565895316,-0.06532323506142745,0.008667026431129703,0.008667026431129703,1.0
221.75,1,0.6372534610669169,-0.8352746282509651,1.5382345946853855,1.5382345946853855,1.0
221.9492679785785,2,0.10996512843233397,0.1341478531850231,0.041017855494427796,0.041017855494427796,1.0
222.0,1,-1.1737735952764208,-0.6405154644945532,2.524898083449959,2.524898083449959,1.0
222.14926797857854,2,0.29264344241024487,-0.9616469973429891,1.2999918688297478,1.2999918688297478,1.0
222.25,1,-1.4350794430084326,-0.33138875448940697,3.080979126281339,3.080979126281339,1.0
222.34926797857852,2,0.4740355309165918,0.23698741078337893,0.4100284602577598,0.4100284602577598,1.0
222.5,1,-1.110632795387152,1.360254127411612,4.301022697358288,4.301022697358288,1.0
222.5492679785785,2,0.9511175019836813,-0.3436857265129638,1.514063565368123,1.514063565368123,1.0
222.7492679785785,2,-0.08246718829980981,1.3400073222699964,2.283343648528741,2.283343648528741,1.0
222.75,1,-0.32096148136767355,1.82783707715627,4.745692937337764,4.745692937337764,1.0
222.9492679785785,2,-0.9157923036606865,0.3721428708642893,1.4400656158339398,1.4400656158339398,1.0
223.0,1,0.36230305990952116,-0.28682593836061576,0.299995729390575,0.299995729390575,1.0
223.14926797857854,2,1.5613422988627201,0.34340480911367477,3.825808068520066,3.825808068520066,1.0
223.25,1,-1.7983884864577493,1.0103362743516893,6.0059933947337605,6.0059933947337605,1.0
223.34926797857852,2,0.42710156662169174,0.003944347405466342,0.2751467066820427,0.2751467066820427,1.0
223.5,1,-0.08181908968597096,-0.95616531243556,1.2677163710052186,1.2677163710052186,1.0
223.5492679785785,2,0.3864074499819288,-0.18756932004170235,0.269763863757543,0.269763863757543,1.0
223.7492679785785,2,-0.06663805866323935,0.06241881280063444,0.011628182764767136,0.011628182764767136,1.0
223.75,1,-1.141674453667573,0.6418940540035363,2.421816653118895,2.421816653118895,1.0
223.9492679785785,2,0.8773285490657692,-1.457344534392218,3.8495323398050307,3.8495323398050307,1.0
224.0,1,0.38703639705867143,-0.08138605697381562,0.2222431012839341,0.2222431012839341,1.0
224.14926797857854,2,-0.729474510045304,-0.0772387680969362,0.8100803257897807,0.8100803257897807,1.0
224.25,1,0.08769336397378247,-0.9763086319408583,1.3228249234993372,1.3228249234993372,1.0
224.34926797857852,2,-1.18675415664113,0.9064494179208564,3.164551980104367,3.164551980104367,1.0
224.5,1,0.10822648243022792,-0.8549857791093856,1.0226664671558954,1.0226664671558954,1.0
224.5492679785785,2,0.3630865115379538,-0.8259205957537059,1.0626344116312,1.0626344116312,1.0
224.7492679785785,2,-0.9088125846472601,1.3064196182079009,3.4060165969079943,3.4060165969079943,1.0
224.75,1,0.7146351037888388,0.44017108267708505,0.9933907462941001,0.9933907462941001,1.0
224.9492679785785,2,0.1809061956093383,0.6435772425203421,0.5737212738452943,0.5737212738452943,1.0
225.0,1,-0.054872204920890955,0.6100218158746751,0.5164985837096323,0.5164985837096323,1.0
225.14926797857854,2,-0.1487446767111491,-0.020405755484684818,0.03389466283311342,0.03389466283311342,1.0
225.25,1,-0.9681615891436628,0.40513900382782664,1.5593957805221461,1.5593957805221461,1.0
225.34926797857852,2,-0.10497999736029229,0.3833520887133286,0.20269956797231195,0.20269956797231195,1.0
225.5,1,0.4322097259749693,-0.6582247979551843,0.8619855417169269,0.8619855417169269,1.0
225.5492679785785,2,-0.23692390966158428,0.46251369190746905,0.35554995335275436,0.35554995335275436,1.0
225.7492679785785,2,0.06956324728691321,1.3379584338784904,2.273450433977877,2.273450433977877,1.0
225.75,1,1.1456697018182211,0.659364171596291,2.4661232546613103,2.4661232546613103,1.0
225.9492679785785,2,0.36834464813275947,-0.7562437510879301,0.9286402305486238,0.9286402305486238,1.0
226.0,1,-0.560866487580661,-1.0168729625698094,1.8708591203983354,1.8708591203983354,1.0
226.14926797857854,2,-1.5672591998241256,-0.24119863733310343,3.778101471669542,3.778101471669542,1.0
226.25,1,-1.4379119235206856,-0.2660444193070166,3.0388500264715548,3.0388500264715548,1.0
226.34926797857852,2,-0.10117278151823283,0.16814624553502178,0.05123755064253664,0.05123755064253664,1.0
226.5,1,-0.46775465439718156,0.7929979722054403,1.1766588618503206,1.1766588618503206,1.0
226.5492679785785,2,-1.3003806373842348,-0.370608658625629,2.7245529319966746,2.7245529319966746,1.0
226.7492679785785,2,-1.1323711176374691,0.49598587373749803,2.244967626201083,2.244967626201083,1.0
226.75,1,2.1083003737558617,-0.5959007162368177,6.813525818685781,6.813525818685781,1.0
226.9492679785785,2,-0.40364075122595633,0.3239834983782979,0.3785840552999754,0.3785840552999754,1.0
227.0,1,-0.3086612047336703,1.4192823435188893,2.9082350541472968,2.9082350541472968,1.0
227.14926797857854,2,-0.3430093903481297,2.1474117144850973,6.0159062987054535,6.0159062987054535,1.0
227.25,1,-0.895519134802873,0.13452821301413964,1.1658024757400396,1.1658024757400396,1.0
227.34926797857852,2,1.948077660010707,0.12537646485413667,5.74374124404044,5.74374124404044,1.0
227.5,1,-0.6317504273098375,0.00988869205223164,0.5678707892771857,0.5678707892771857,1.0
227.5492679785785,2,0.2900986862808552,0.07463008447368624,0.1339928212852296,0.1339928212852296,1.0
227.7492679785785,2,0.1334553995120653,0.39387575768827876,0.2232487952218977,0.2232487952218977,1.0
227.75,1,-0.7169945561706164,-0.7650021472788069,1.5371054707623855,1.5371054707623855,1.0
227.9492679785785,2,-0.5830455081186119,0.7880029777181621,1.298771712428584,1.298771712428584,1.0
228.0,1,-0.866737185451818,1.3914757602738594,3.733946255382072,3.733946255382072,1.0
228.14926797857854,2,0.22355098785657024,1.123559232902525,1.6736789554379257,1.6736789554379257,1.0
228.25,1,0.2632800960784105,-0.350986662756239,0.2681658216813268,0.2681658216813268,1.0
228.34926797857852,2,0.19614835373380357,-0.5716510214640484,0.4718023015968098,0.4718023015968098,1.0
228.5,1,0.6024268786719396,-0.7348931653717536,1.2595046599584947,1.2595046599584947,1.0
228.5492679785785,2,-0.4983991589131658,0.8274371308000572,1.2416481114459421,1.2416481114459421,1.0
228.7492679785785,2,-1.413470382082306,0.3726397393671088,3.1884686637398625,3.1884686637398625,1.0
228.75,1,-1.0808945524963538,-0.38983226537634375,1.871630852502714,1.871630852502714,1.0
228.9492679785785,2,0.06723988929554015,-0.5739838684515335,0.4239155600662986,0.4239155600662986,1.0
229.0,1,-0.9297403886554951,0.5650825111431113,1.6694043465778592,1.6694043465778592,1.0
229.14926797857854,2,-0.8212586001218929,1.0092648945553955,2.306869706238966,2.306869706238966,1.0
229.25,1,1.2244217296928315,1.1462921274145055,3.9413368388227505,3.9413368388227505,1.0
229.34926797857852,2,-0.6448956528712864,0.5023190240010056,0.9467642477014541,0.9467642477014541,1.0
229.5,1,0.7204255876959582,-2.052643339295703,6.536777103669905,6.536777103669905,1.0
229.5492679785785,2,-1.250297042867881,1.8257542491186705,6.57897758481845,6.57897758481845,1.0
229.7492679785785,2,-0.9432632679747202,0.9844520835596984,2.5685379574127847,2.5685379574127847,1.0
229.75,1,-0.12775495753623956,-0.14781771595735993,0.05330242525512226,0.05330242525512226,1.0
229.9492679785785,2,-0.01259213689652805,-0.5003015485005315,0.3171248434186846,0.3171248434186846,1.0
230.0,1,-0.6893301759752295,0.7425075541779811,1.4349419854159398,1.4349419854159398,1.0
230.14926797857854,2,0.09763969556086138,0.5792070841195023,0.43913279997190485,0.43913279997190485,1.0
230.25,1,-0.10639211638437951,0.07329048749257616,0.023496410259873004,0.023496410259873004,1.0
230.34926797857852,2,0.9555047102530261,-0.024361335354655456,1.3777820296387862,1.3777820296387862,1.0
230.5,1,0.2510451824152429,0.5350952328102339,0.483700982344143,0.483700982344143,1.0
230.5492679785785,2,-0.5430895967964444,-0.7043932966088686,1.0731865174446664,1.0731865174446664,1.0
230.7492679785785,2,-1.4723925139461431,0.7926778480733003,4.064537509207124,4.064537509207124,1.0
230.75,1,0.5595965628410764,-0.27927256717576565,0.5529484958907263,0.5529484958907263,1.0
230.9492679785785,2,0.1873470731278548,0.177046415577371,0.09261464061571069,0.09261464061571069,1.0
231.0,1,-1.0381223981417378,-1.724897794448402,5.628704185413585,5.628704185413585,1.0
231.14926797857854,2,0.45331083120427795,1.4315298431744465,2.9045231490269767,2.9045231490269767,1.0
231.25,1,1.2792410392155844,-1.0486630566928201,3.841673048521195,3.841673048521195,1.0
231.34926797857852,2,-0.2707968128089573,-0.7633249322792537,0.8483743359431427,0.8483743359431427,1.0
231.5,1,-0.5052495266249379,-0.568459622724304,0.807858737255729,0.807858737255729,1.0
231.5492679785785,2,-0.0455865494947858,-0.6679309157359574,0.5680686176715739,0.5680686176715739,1.0
231.7492679785785,2,1.3949191336480737,0.448380468177056,3.1886508254697605,3.1886508254697605,1.0
231.75,1,1.2646466105549452,-0.5214467077924061,2.6500237441247267,2.6500237441247267,1.0
231.9492679785785,2,-0.4448246640546558,0.03250922980534776,0.29973403369696716,0.29973403369696716,1.0
232.0,1,0.4314186775820419,-0.14820111526160984,0.29504453970570277,0.29504453970570277,1.0
232.14926797857854,2,-1.4548665675586592,-0.6899709663341764,3.7949736850828155,3.7949736850828155,1.0
232.25,1,-0.004181692517246205,-2.049548120845164,5.781579848553481,5.781579848553481,1.0
232.34926797857852,2,1.211795856876691,1.3272570020726508,4.445382061201089,4.445382061201089,1.0
232.5,1,-0.34719466162289603,-0.10500768445471476,0.18665234563781657,0.18665234563781657,1.0
232.5492679785785,2,-0.8020146598747817,0.3209362591447671,1.1006635536746199,1.1006635536746199,1.0
232.7492679785785,2,-0.870907207423842,0.3550590080407314,1.303333426701698,1.303333426701698,1.0
232.75,1,-0.5070428924597552,-1.3862565405885303,3.0112421272926526,3.0112421272926526,1.0
232.9492679785785,2,-0.25622306957377017,-0.9589893689206126,1.2633152965135896,1.2633152965135896,1.0
233.0,1,-1.6014511330968206,1.812650487766365,8.171641839410764,8.171641839410764,1.0
233.14926797857854,2,-1.36623115820649,-0.19834360027837938,2.864929449345607,2.864929449345607,1.0
233.25,1,-0.9434287131307046,0.7023076078945469,1.9451159592631009,1.9451159592631009,1.0
233.34926797857852,2,-0.21481238150681659,0.37101296905681425,0.24389259891289,0.24389259891289,1.0
233.5,1,0.7966164848182977,0.05537818028195929,0.9069547507892459,0.9069547507892459,1.0
233.5492679785785,2,0.7979477695495927,2.0794008092691865,6.435781820577461,6.435781820577461,1.0
233.7492679785785,2,1.0287434100317032,-0.9703142276665102,2.787764535047726,2.787764535047726,1.0
233.75,1,1.0365490594578306,1.4802974538060414,4.545358363434091,4.545358363434091,1.0
233.9492679785785,2,-0.3752556477710005,-0.5964959910254231,0.662820714006361,0.662820714006361,1.0
234.0,1,-0.034711098883415836,-0.2381133226957184,0.07975774205221745,0.07975774205221745,1.0
234.14926797857854,2,0.6846271375105335,0.03694743968066794,0.7086279652279321,0.7086279652279321,1.0
234.25,1,-0.48416646275545183,0.5919585645898442,0.8157917181762155,0.8157917181762155,1.0
234.34926797857852,2,-0.03760393602858514,0.05131141252771876,0.005466544109334604,0.005466544109334604,1.0
234.5,1,0.40782317805761625,-0.23758144388040625,0.3142764700500171,0.3142764700500171,1.0
234.5492679785785,2,-0.36924046680698286,0.25848378424869045,0.2902583547303428,0.2902583547303428,1.0
234.7492679785785,2,1.028625308971761,-1.2226106026826353,3.487803931990583,3.487803931990583,1.0
234.75,1,0.7313697634795604,-0.7152725068268282,1.4654171704610814,1.4654171704610814,1.0
234.9492679785785,2,-0.5354959536223767,1.8498317688307688,4.764635383261975,4.764635383261975,1.0
235.0,1,-1.1896355976847635,0.30668394011721434,2.1430534713312848,2.1430534713312848,1.0
235.14926797857854,2,-1.594658179868865,-0.7075438751523606,4.469020956637851,4.469020956637851,1.0
235.25,1,0.727288152919022,-1.7840680117357128,5.133320139111648,5.133320139111648,1.0
235.34926797857852,2,-0.304614541816564,1.435618475859545,2.7496155247504754,2.7496155247504754,1.0
235.5,1,0.10997283214062037,1.305751155312044,2.3636620577923613,2.3636620577923613,1.0
235.5492679785785,2,-0.14679573681961777,0.07256027655170483,0.039171453181088736,0.039171453181088736,1.0
235.7492679785785,2,-0.03697464110856785,1.9346685879328893,4.74039365768889,4.74039365768889,1.0
235.75,1,0.026619347220295353,0.5880485060887475,0.47704024867693456,0.47704024867693456,1.0
235.9492679785785,2,-0.8330427830169427,-1.3735784016174297,3.435174780085865,3.435174780085865,1.0
236.0,1,0.059206454176790935,-0.1416971246492431,0.032624612187264534,0.032624612187264534,1.0
236.14926797857854,2,-0.0397752827242277,-0.5923093243525059,0.44657984120063404,0.44657984120063404,1.0
236.25,1,-0.23318595675840292,0.09490413368698647,0.08975515901431178,0.08975515901431178,1.0
236.34926797857852,2,-0.1327220115127714,-0.7633717192658582,0.7644372249451412,0.7644372249451412,1.0
236.5,1,-0.16945987605643342,0.33532927291447656,0.19560228316546643,0.19560228316546643,1.0
236.5492679785785,2,1.579248459289757,-0.07046710489333563,3.768269124153118,3.768269124153118,1.0
236.7492679785785,2,0.17999266846547002,0.0991336729065142,0.06129467386740835,0.06129467386740835,1.0
236.75,1,0.6649528541452501,1.3482780306285824,3.1316403445401706,3.1316403445401706,1.0
236.9492679785785,2,-0.06463232789432283,1.2191126790387834,1.8879210048214679,1.8879210048214679,1.0
237.0,1,0.22131939374646414,0.08846530221194637,0.08046457243840072,0.08046457243840072,1.0
237.14926797857854,2,-0.6894891817163513,0.2565881211830323,0.8003379885163713,0.8003379885163713,1.0
237.25,1,0.9709869436434762,-1.459828584698733,4.274479270375692,4.274479270375692,1.0
237.34926797857852,2,0.7483096016532897,0.07499253628476632,0.8517126683110029,0.8517126683110029,1.0
237.5,1,0.024734990724594397,0.8216885736345647,0.930067587965693,0.930067587965693,1.0
237.5492679785785,2,-0.567123633761331,0.14978292407269178,0.5135548728953009,0.5135548728953009,1.0
237.7492679785785,2,0.2383814249771401,-1.3513625266373022,2.3975288216329305,2.3975288216329305,1.0
237.75,1,-1.249931166291252,-0.2226871459003843,2.2913552787694313,2.2913552787694313,1.0
237.9492679785785,2,1.0493924793359684,0.04794396358073039,1.6636297137034592,1.6636297137034592,1.0
238.0,1,0.4247264928507528,0.8369831365525946,1.220948720107021,1.220948720107021,1.0
238.14926797857854,2,-0.6601635673228605,1.5447089934550502,3.6784221269590165,3.6784221269590165,1.0
238.25,1,-0.5411162565491985,0.20277236864920312,0.47315968114387197,0.47315968114387197,1.0
238.34926797857852,2,-0.4652702486503406,0.5236938694512392,0.6737758547974915,0.6737758547974915,1.0
238.5,1,-1.0769467418908834,-0.3456498398800667,1.8143088460949064,1.8143088460949064,1.0
238.5492679785785,2,-1.239667826174248,2.5704387893555287,9.233633474295214,10.684776445332698,1.1600848626444586
238.7492679785785,2,-0.9100644713337651,0.7280753059471943,1.919887629370294,1.919887629370294,1.0
238.75,1,-0.3336231028381169,1.264319454640515,2.358788070576735,2.358788070576735,1.0
238.9492679785785,2,0.2937863132624132,-0.7582380990220949,0.8579990495822702,0.8579990495822702,1.0
239.0,1,0.8976561415764186,-1.021535981658623,2.582773873304189,2.582773873304189,1.0
239.14926797857854,2,-0.2685219763812503,-0.801789288645006,0.9226567772747126,0.9226567772747126,1.0
239.25,1,-1.1608068773068112,-0.4353831266101378,2.177818624838295,2.177818624838295,1.0
239.34926797857852,2,-0.8319675445319445,1.8193301402532098,5.23491469525089,5.23491469525089,1.0
239.5,1,0.4947648556184898,-0.5680855081816016,0.7923357860747369,0.7923357860747369,1.0
239.5492679785785,2,0.17115815926030642,1.0699090395022557,1.4936841453801284,1.4936841453801284,1.0
239.7492679785785,2,0.7132279504058543,-1.2367053866649118,2.703169471003657,2.703169471003657,1.0
239.75,1,-0.3866303485469249,0.8476341140237276,1.201732357368414,1.201732357368414,1.0
239.9492679785785,2,1.6117908800220997,-2.14737100822275,9.2200334261777,9.75534292510007,1.0591729003612222
240.0,1,-0.37069020712888,0.74230007173239,0.9539134350589757,0.9539134350589757,1.0
240.14926797857854,2,0.23801753702773354,-0.8447579870865121,0.9889186328288312,0.9889186328288312,1.0
240.25,1,-0.745927662521563,0.6677848712463512,1.4052813230778698,1.4052813230778698,1.0
240.34926797857852,2,0.8089112699486556,1.312760903724243,3.168893603058006,3.168893603058006,1.0
240.5,1,-0.42397764189987,-0.6220259993963171,0.7881606022375997,0.7881606022375997,1.0
240.5492679785785,2,-0.17233873352608775,-0.14875229162961867,0.0728167046314684,0.0728167046314684,1.0
240.7492679785785,2,-0.928842000467613,-0.36971522770124254,1.4739489703502533,1.4739489703502533,1.0
240.75,1,0.839873177534777,-0.47405007108469865,1.313013977408826,1.313013977408826,1.0
240.9492679785785,2,0.03481560368030667,0.354640477652179,0.16105000943535788,0.16105000943535788,1.0
241.0,1,-0.4161508965812315,0.029793249125463994,0.24761385279426076,0.24761385279426076,1.0
241.14926797857854,2,1.931910439580042,-0.8506897304749979,6.544894426138023,6.544894426138023,1.0
241.25,1,-0.22643574493509888,0.11308842426197785,0.09054325065278848,0.09054325065278848,1.0
241.34926797857852,2,-0.43347990018638516,1.2532210295758528,2.2719992377042644,2.2719992377042644,1.0
241.5,1,-1.1654808132338106,-0.0376731784658948,1.9341748718301712,1.9341748718301712,1.0
241.5492679785785,2,-0.010404625439869086,-0.16846511741085513,0.0361004466661784,0.0361004466661784,1.0
241.7492679785785,2,-0.48337403702406334,0.2164424111767551,0.411623590743206,0.411623590743206,1.0
241.75,1,-0.9591087623196355,0.8821167677448147,2.3800363027825555,2.3800363027825555,1.0
241.9492679785785,2,-2.052705720311973,-0.6075457944889018,6.821430709550486,6.821430709550486,1.0
242.0,1,-0.22313534187797224,-0.382357739011451,0.27206982474868624,0.27206982474868624,1.0
242.14926797857854,2,-0.3269082161442869,0.5344073882777245,0.5227542511482457,0.5227542511482457,1.0
242.25,1,0.38067522586485225,-1.5643169760933833,3.574126721373813,3.574126721373813,1.0
242.34926797857852,2,-0.5023407119953802,1.0501983811946043,1.7770874895959496,1.7770874895959496,1.0
242.5,1,-0.00834334915094459,-0.8485303148700067,0.9909648935768607,0.9909648935768607,1.0
242.5492679785785,2,0.1537488861038261,-0.0018690924208280002,0.0356599002059094,0.0356599002059094,1.0
242.7492679785785,2,-0.2198716539270773,-1.2654137907239935,2.0999601934331036,2.0999601934331036,1.0
242.75,1,-0.6243811773534818,0.9693977154233795,1.8483263948659512,1.8483263948659512,1.0
242.9492679785785,2,0.7409685183248147,-0.7785897085186262,1.5954073827023412,1.5954073827023412,1.0
243.0,1,-0.23802710738753774,1.2717583971245112,2.3068382448590965,2.3068382448590965,1.0
243.14926797857854,2,-0.20894512263303078,0.3057332235338204,0.18418765391717007,0.18418765391717007,1.0
243.25,1,0.6668943012279573,0.668392632364398,1.2475870680587438,1.2475870680587438,1.0
243.34926797857852,2,-0.20726312732346308,-0.20539616620732026,0.11820877049297446,0.11820877049297446,1.0
243.5,1,-0.24531762427115655,0.710475704810841,0.7802829678511956,0.7802829678511956,1.0
243.5492679785785,2,-1.7401541445185114,1.1363777322658732,6.202746502831715,6.202746502831715,1.0
243.7492679785785,2,-0.04580644793389865,-1.0455337112065286,1.3869888887731368,1.3869888887731368,1.0
243.75,1,1.2122184481828722,-1.0279527154417547,3.5455351420215973,3.5455351420215973,1.0
243.9492679785785,2,-0.1114506791465244,0.7077312774626701,0.6528550911117527,0.6528550911117527,1.0
244.0,1,-0.8198129432901657,0.8257178579211799,1.8947212346435283,1.8947212346435283,1.0
244.14926797857854,2,1.0842563944949077,0.2694589216276295,1.8649234683553562,1.8649234683553562,1.0
244.25,1,-1.2855611724320708,0.23309112700982704,2.42593749888298,2.42593749888298,1.0
244.34926797857852,2,-0.9450454398099151,0.7999861297571851,2.1573802412373473,2.1573802412373473,1.0
244.5,1,0.19954769235774084,-0.7609337483913001,0.8535000342147782,0.8535000342147782,1.0
244.5492679785785,2,0.04573601783386838,-1.3423535393169561,2.2848980536469727,2.2848980536469727,1.0
244.7492679785785,2,0.6885718875078739,-0.6863215161378937,1.3112535432423291,1.3112535432423291,1.0
244.75,1,-0.39978118778283545,0.9401313595706196,1.4441126770377593,1.4441126770377593,1.0
244.9492679785785,2,-0.4611793891907139,0.8588779570895708,1.254644478002426,1.254644478002426,1.0
245.0,1,-0.1283079062830863,0.40730530414345045,0.25177599108975135,0.25177599108975135,1.0
245.14926797857854,2,-0.5362341351847544,-0.6792652620532613,1.0178502896195298,1.0178502896195298,1.0
245.25,1,0.03593135095141342,0.18776100934665108,0.050358702779358056,0.050358702779358056,1.0
245.34926797857852,2,1.251326256204628,1.160076904872371,4.065701345247517,4.065701345247517,1.0
245.5,1,1.2552556899013405,-0.006699991843447606,2.2414847771415456,2.2414847771415456,1.0
245.5492679785785,2,-0.5760643698834622,0.09049611806920455,0.5109271551046556,0.5109271551046556,1.0
245.7492679785785,2,-1.4811173669950426,0.8076481745856445,4.133736504242732,4.133736504242732,1.0
245.75,1,-0.9566779222260653,0.9805054372600921,2.6257514422946615,2.6257514422946615,1.0
245.9492679785785,2,1.2580052754197828,1.365966015854465,4.748831951781749,4.748831951781749,1.0
246.0,1,0.1350489602739806,-0.7371707548695787,0.7739544749144567,0.7739544749144567,1.0
246.14926797857854,2,0.2912170035352766,0.3341454807414346,0.2692691824540039,0.2692691824540039,1.0
246.25,1,0.7652094370083429,0.664190436350363,1.4402087283918057,1.4402087283918057,1.0
246.34926797857852,2,-0.3699631380158124,-0.8853570604275278,1.1989682313044057,1.1989682313044057,1.0
246.5,1,-0.752799521514719,-0.3548631580552932,0.9794636093258009,0.9794636093258009,1.0
246.5492679785785,2,-0.2405023990414925,-0.8508109828459536,1.0038963785415467,1.0038963785415467,1.0
246.7492679785785,2,-0.12407993890496449,0.9003230883450319,1.049360381662519,1.049360381662519,1.0
246.75,1,-0.1324154305101395,1.0486716683576236,1.538818011510853,1.538818011510853,1.0
246.9492679785785,2,-0.4562049856433035,0.34453361550511286,0.4641432481019512,0.4641432481019512,1.0
247.0,1,0.9053461781082301,-2.7683136234444046,9.248781982150808,11.714945190342714,1.2719340129912207
247.14926797857854,2,0.3303435406681512,-0.5657315785762944,0.5697629749937678,0.5697629749937678,1.0
247.25,1,-0.9505381205968915,-0.17979637109987268,1.3298085203550303,1.3298085203550303,1.0
247.34926797857852,2,0.7218922142179398,0.18181436444127286,0.8278038469104868,0.8278038469104868,1.0
247.5,1,0.18793070631842745,-0.5099572638553806,0.4081083655459244,0.4081083655459244,1.0
247.5492679785785,2,-0.1344208550835404,-1.0400943274924868,1.3970420140819708,1.3970420140819708,1.0
247.7492679785785,2,-0.3898664440539594,0.5982747991517772,0.6822759866372208,0.6822759866372208,1.0
247.75,1,-0.5057394398542971,1.3141495897291056,2.7411393530087897,2.7411393530087897,1.0
247.9492679785785,2,0.14681256827358702,-1.2518331778636829,2.016352480089474,2.016352480089474,1.0
248.0,1,0.1194250189244439,-0.6018018740765707,0.518771980592763,0.518771980592763,1.0
248.14926797857854,2,-0.5472441508428947,-1.2544136850924268,2.44382136664227,2.44382136664227,1.0
248.25,1,0.4732219664043349,0.8462004387424007,1.3040574450927185,1.3040574450927185,1.0
248.34926797857852,2,-0.0753938913973844,2.0532375426063965,5.346344618619475,5.346344618619475,1.0
248.5,1,1.5483396770699027,0.5949978185117266,3.897326083955434,3.897326083955434,1.0
248.5492679785785,2,-1.2949861932201046,0.9161215884996934,3.5921450430054973,3.5921450430054973,1.0
248.7492679785785,2,0.1618283678002168,1.7265913552375052,3.813197374731676,3.813197374731676,1.0
248.75,1,-1.4580117344437546,0.4574490651135448,3.31276336270086,3.31276336270086,1.0
248.9492679785785,2,0.48529967946881136,-0.17403667047228932,0.393498260654275,0.393498260654275,1.0
249.0,1,0.04823235710086493,-0.4877962379400018,0.33081980289302987,0.33081980289302987,1.0
249.14926797857854,2,0.8879128977810318,-0.09944121627243785,1.2014883126771534,1.2014883126771534,1.0
249.25,1,-0.37086453061967006,0.4889705375801974,0.524725651262656,0.524725651262656,1.0
249.34926797857852,2,1.0635296269979833,1.0357573369281918,3.0642575795254325,3.0642575795254325,1.0
249.5,1,-0.43632120925980367,-0.4092816329260205,0.501329585036674,0.501329585036674,1.0
249.5492679785785,2,0.35370752696209884,-0.46396264617854177,0.4612805347805161,0.4612805347805161,1.0
249.7492679785785,2,1.0397926846467307,-1.1855604110080868,3.4095501380180657,3.4095501380180657,1.0
249.75,1,-0.5555169675324318,-1.1083673201531634,2.13015674585008,2.13015674585008,1.0
249.9492679785785,2,0.4169426193276653,-1.0247311020859566,1.5915258168162918,1.5915258168162918,1.0
250.0,1,-1.320625115781401,1.5274078484811011,5.692513195970447,5.692513195970447,1.0
250.14926797857854,2,0.25536731376205957,-0.1369613120658375,0.1220975408626961,0.1220975408626961,1.0
250.25,1,-0.21983303374500807,-0.25023365543007214,0.15493029795783125,0.15493029795783125,1.0
250.34926797857852,2,-0.3428017704471795,0.7909056734894317,0.9692662639910179,0.9692662639910179,1.0
250.5,1,0.21051848106821858,0.19796963176082683,0.11697740747844318,0.11697740747844318,1.0
250.5492679785785,2,-0.1686883590662127,-0.30403271658797726,0.15996940408168445,0.15996940408168445,1.0
250.7492679785785,2,-0.8206831533784715,-0.25912637654812043,1.1006045992349551,1.1006045992349551,1.0
250.75,1,-0.36477136737515714,0.587065228354763,0.6637533350361712,0.6637533350361712,1.0
250.9492679785785,2,-1.3055405145005263,0.4696096964140146,2.8495124926209687,2.8495124926209687,1.0
251.0,1,1.9560519089350414,0.3678596316873852,5.629943835934649,5.629943835934649,1.0
251.14926797857854,2,-0.08926810205545443,-1.7209642205867102,3.7618116030230255,3.7618116030230255,1.0
251.25,1,-1.60768920690942,-0.2527212397248211,3.764931253288672,3.764931253288672,1.0
251.34926797857852,2,0.7193495369415714,0.738400155696878,1.4708288276996164,1.4708288276996164,1.0
251.5,1,-0.16661928842039586,0.0054008386994506274,0.03953167641946463,0.03953167641946463,1.0
251.5492679785785,2,-0.5485146815776112,1.240292173179557,2.4017605058400715,2.4017605058400715,1.0
251.7492679785785,2,1.0614827018798092,0.12540821341153752,1.718947487228338,1.718947487228338,1.0
251.75,1,0.9596979891880579,-1.1858600713244383,3.246349814486033,3.246349814486033,1.0
251.9492679785785,2,-0.376824868980588,-0.5100396670293783,0.543474655070438,0.543474655070438,1.0
252.0,1,-1.3340460963897396,-0.04611047297751236,2.5350053689528056,2.5350053689528056,1.0
252.14926797857854,2,-0.42690944892716765,1.8231799121522054,4.483351475328973,4.483351475328973,1.0
252.25,1,-1.5655709527737418,-0.12437420920802289,3.508207823679598,3.508207823679598,1.0
252.34926797857852,2,0.8303128411132796,1.1567120930159067,2.733964644258216,2.733964644258216,1.0
252.5,1,-0.13669896668523052,0.06616607388939943,0.032606947237047774,0.032606947237047774,1.0
252.5492679785785,2,-0.0861957759831391,0.46645639659823157,0.28672698847107764,0.28672698847107764,1.0
252.7492679785785,2,0.2996546613480007,-0.13899062906115223,0.15985679583946139,0.15985679583946139,1.0
252.75,1,-0.7963071962003756,0.3291713827664604,1.051433786909361,1.051433786909361,1.0
252.9492679785785,2,-0.5594084737960685,-0.02135575066394635,0.4725006057632471,0.4725006057632471,1.0
253.0,1,-0.8997344665664038,-0.49158176906491313,1.4843998472526114,1.4843998472526114,1.0
253.14926797857854,2,-0.14540242189722186,-0.7914908602356285,0.8250473112683713,0.8250473112683713,1.0
253.25,1,-1.3362193366421202,1.5285158976545974,5.755752512965348,5.755752512965348,1.0
253.34926797857852,2,0.3457613811049427,-0.12141406875884408,0.19898039469144552,0.19898039469144552,1.0
253.5,1,0.19423107081246194,-0.5438399246927683,0.46069896003600025,0.46069896003600025,1.0
253.5492679785785,2,0.6902678369362079,-1.3256892502137796,2.944146515582905,2.944146515582905,1.0
253.7492679785785,2,-0.49814290673000095,-0.7486106190202557,1.0836376376732986,1.0836376376732986,1.0
253.75,1,-1.4468934255189048,-0.8638103003751638,4.006054258994502,4.006054258994502,1.0
253.9492679785785,2,-1.0366802909406765,-1.3269317354744903,3.849853660798084,3.849853660798084,1.0
254.0,1,-0.3614916283065206,0.986150631145986,1.524534862161609,1.524534862161609,1.0
254.14926797857854,2,1.266218703592985,-0.14202484610002308,2.443591983645785,2.443591983645785,1.0
254.25,1,-1.4509495946809512,-2.0233992325015207,8.630038332759371,8.630038332759371,1.0
254.34926797857852,2,0.8001234005484541,-0.044119912794028604,0.9680594762779624,0.9680594762779624,1.0
254.5,1,-0.34053912123512653,0.7812408963641855,1.0049294054435087,1.0049294054435087,1.0
254.5492679785785,2,0.3102895451347898,1.2992339646969175,2.282751085097997,2.282751085097997,1.0
254.7492679785785,2,0.7767049008661431,-0.4212469045949545,1.1343375197292132,1.1343375197292132,1.0
254.75,1,-1.0452100009609673,1.4387744790999992,4.404161280466603,4.404161280466603,1.0
254.9492679785785,2,-0.5163883703177063,-1.7808514481335953,4.417250999543652,4.417250999543652,1.0
255.0,1,0.7893505840140183,-0.8564822339662737,1.8962407313028389,1.8962407313028389,1.0
255.14926797857854,2,-1.1527344190594313,0.3726954879336617,2.179918064385277,2.179918064385277,1.0
255.25,1,-0.35433348939459464,-0.9552413522441481,1.4345252348893724,1.4345252348893724,1.0
255.34926797857852,2,0.047753894120221574,0.3552907315163423,0.1632753414011121,0.1632753414011121,1.0
255.5,1,0.5139566768012411,-1.0223283854810403,1.8141430890966783,1.8141430890966783,1.0
255.5492679785785,2,0.25808765706198855,0.6703516857581104,0.6695139654104808,0.6695139654104808,1.0
255.7492679785785,2,-1.3893378436395345,-1.4210923931166186,5.4673063404832005,5.4673063404832005,1.0
255.75,1,-0.9672715121325925,-0.17973820762592796,1.3757872158047042,1.3757872158047042,1.0
255.9492679785785,2,-0.13004404345366183,-1.30346308484534,2.1765112384201992,2.1765112384201992,1.0
256.0,1,0.3984817139523642,-2.169637153577781,6.705487027152137,6.705487027152137,1.0
256.14926797857856,2,-0.3221009161005881,0.8158306146998062,0.9991778681352301,0.9991778681352301,1.0
256.25,1,1.2140979953478297,0.7778587481632142,2.9298530053921614,2.9298530053921614,1.0
256.3492679785785,2,-0.6478327110847495,0.6908144258028561,1.2372787369651663,1.2372787369651663,1.0
256.5,1,-1.9223288823115308,1.124604735791463,6.997362071932276,6.997362071932276,1.0
256.54926797857854,2,0.6886626460305365,1.2683563763306784,2.752514100450269,2.752514100450269,1.0
256.7492679785785,2,-0.6996757610599094,-1.6117153205198735,4.026661714225065,4.026661714225065,1.0
256.75,1,-0.5199538350612212,0.6164056434699647,0.9077456613938406,0.9077456613938406,1.0
256.9492679785785,2,-0.8164233867734563,0.5729789860329384,1.4208441953025668,1.4208441953025668,1.0
257.0,1,-0.18132530014478299,-0.8609341432969471,1.0670448261249277,1.0670448261249277,1.0
257.14926797857856,2,-1.0240552795003168,-1.4320825034974938,4.178262871641993,4.178262871641993,1.0
257.25,1,-1.1124710865743541,0.5561933729509643,2.1864713520038856,2.1864713520038856,1.0
257.3492679785785,2,-0.1749330553745736,-0.09575938785435678,0.057767177928169856,0.057767177928169856,1.0
257.5,1,1.5570057584872377,-1.6298195351898066,7.104357321549077,7.104357321549077,1.0
257.54926797857854,2,-0.42130612045255944,-0.1513681538750613,0.2967542203602628,0.2967542203602628,1.0
257.7492679785785,2,-0.345380251510921,-0.16486198154728227,0.21428857252816555,0.21428857252816555,1.0
257.75,1,-0.3484724225616862,0.809300084836567,1.0744296721659143,1.0744296721659143,1.0
257.9492679785785,2,1.1137704622359514,1.374841751059471,4.263792815122669,4.263792815122669,1.0
258.0,1,1.3044461429170493,-0.3892706929035974,2.62960423806032,2.62960423806032,1.0
258.14926797857856,2,0.73196387400864,0.5534998286796604,1.195935513712452,1.195935513712452,1.0
258.25,1,-1.1206546282772738,0.2144432844717623,1.849987429116398,1.849987429116398,1.0
258.3492679785785,2,-0.15324701869917945,0.16339209123570475,0.06922609638818387,0.06922609638818387,1.0
258.5,1,-0.47334897214534344,-0.771304433379639,1.137478093344112,1.137478093344112,1.0
258.54926797857854,2,1.0898557701702742,0.48144149793102864,2.085178641784802,2.085178641784802,1.0
258.7492679785785,2,-0.5722624866586621,-0.5964186144503767,0.944151530417074,0.944151530417074,1.0
258.75,1,-0.7336359158544425,-1.2553422271609582,2.935250441995075,2.935250441995075,1.0
258.9492679785785,2,-2.2117144469863934,-2.0524861959911838,9.258924367337459,12.710468378831875,1.380021569833114
259.0,1,-2.254712589090273,0.24952747476731219,7.318155896015165,7.318155896015165,1.0
259.14926797857856,2,0.8986107967417514,-0.5564970801532265,1.60980675436718,1.60980675436718,1.0
259.25,1,-0.9035136712654843,0.32939858177058046,1.3106005447378601,1.3106005447378601,1.0
259.3492679785785,2,-0.47236592920596543,-0.9936638358088765,1.586634462431341,1.586634462431341,1.0
259.5,1,-0.5646089264531646,0.15995943105400112,0.4886531845125569,0.4886531845125569,1.0
259.54926797857854,2,-0.4749413857709719,0.961859137341043,1.511683934711024,1.511683934711024,1.0
259.7492679785785,2,0.8067917791259553,-0.4122069292614161,1.1965459042062843,1.1965459042062843,1.0
259.75,1,-0.14768404770088672,1.5038109765764434,3.1439240460144187,3.1439240460144187,1.0
259.9492679785785,2,1.1746399045423175,-1.2604177169106996,4.091766328728964,4.091766328728964,1.0
260.0,1,-1.549394077579942,-0.2956024771821495,3.535617847929628,3.535617847929628,1.0
260.14926797857856,2,-1.4772585030185308,-1.380997616660245,5.705551781073435,5.705551781073435,1.0
260.25,1,-0.12075167050154434,1.4816245672447206,3.0419341702535547,3.0419341702535547,1.0
260.3492679785785,2,0.44552044084502107,0.29280037197347264,0.40790333024589387,0.40790333024589387,1.0
260.5,1,0.3367884628228932,0.6295191228096391,0.7067006244428354,0.7067006244428354,1.0
260.54926797857854,2,-1.342212937823133,-0.3272191470023884,2.8528169272716877,2.8528169272716877,1.0
260.7492679785785,2,-0.46793742498101487,0.4456378218319954,0.5815585116560198,0.5815585116560198,1.0
260.75,1,0.08040104286636485,-0.6205133418590534,0.5392105269746372,0.5392105269746372,1.0
260.9492679785785,2,0.34087937008883884,-0.7249234936399378,0.8405040142665589,0.8405040142665589,1.0
261.0,1,-0.20557461657116427,-0.5024131317449276,0.4075559071809652,0.4075559071809652,1.0
261.14926797857856,2,0.05707519144490192,0.44939393312494325,0.2605990584600947,0.2605990584600947,1.0
261.25,1,0.10805979089014883,-1.2420107009486752,2.1396549115165775,2.1396549115165775,1.0
261.3492679785785,2,0.15269232243501207,0.9607460634505993,1.203863465372818,1.203863465372818,1.0
261.5,1,0.26322104754238396,1.4995536109683476,3.1930818172336504,3.1930818172336504,1.0
261.54926797857854,2,0.864699260756824,-0.40028805463366846,1.330663927484388,1.330663927484388,1.0
261.7492679785785,2,-0.7853897941794212,1.6029135640802306,4.182580468581817,4.182580468581817,1.0
261.75,1,-0.6067724546377846,0.7359768203918278,1.2694794914220786,1.2694794914220786,1.0
261.9492679785785,2,-0.47940903076282737,-1.3297650305410627,2.5851796572735024,2.5851796572735024,1.0
262.0,1,-0.07888812011899837,-0.5020792869083643,0.3558276558551326,0.3558276558551326,1.0
262.14926797857856,2,0.027946756549983576,1.4471644884242427,2.6526921704340705,2.6526921704340705,1.0
262.25,1,0.7321080999676521,-0.014994892591498221,0.7628006505401824,0.7628006505401824,1.0
262.3492679785785,2,-0.1356022690514216,0.9850131614889155,1.256231678498723,1.256231678498723,1.0
262.5,1,-1.4063233288477246,9.315789905262051e-05,2.8132976611630998,2.8132976611630998,1.0
262.54926797857854,2,0.6015980606968139,0.3436885878680407,0.6954686765165157,0.6954686765165157,1.0
262.7492679785785,2,-0.12794323968746824,1.0837791154333472,1.511575284348614,1.511575284348614,1.0
262.75,1,0.5486292365175967,-0.6465519279064398,1.0037193034228986,1.0037193034228986,1.0
262.9492679785785,2,0.4464834657612968,-0.19381801648128905,0.3481739533481289,0.3481739533481289,1.0
263.0,1,0.04235415621149308,-0.24333276666290526,0.08405222884369952,0.08405222884369952,1.0
263.14926797857856,2,-0.6858723991632001,-1.4240017701222456,3.276790731383201,3.276790731383201,1.0
263.25,1,1.3332042770815384,0.44509973063104225,2.801280513116499,2.801280513116499,1.0
263.3492679785785,2,0.5607600140374771,0.5027161767937418,0.7942593792657614,0.7942593792657614,1.0
263.5,1,0.09499583834261216,-0.6434338110123115,0.5825910290665879,0.5825910290665879,1.0
263.54926797857854,2,-0.23106606086301618,-0.9005903095267525,1.1075590636333885,1.1075590636333885,1.0
263.7492679785785,2,-0.17256230066651668,-0.4867735212991833,0.34485666117648206,0.34485666117648206,1.0
263.75,1,-0.014329412172056522,0.7170334876463267,0.7080384898490802,0.7080384898490802,1.0
263.9492679785785,2,-0.9188976688035186,0.29149551161334,1.3809010544301759,1.3809010544301759,1.0
264.0,1,-0.8288375940659432,1.0016261226707552,2.358327193558739,2.358327193558739,1.0
264.14926797857856,2,-0.20470019595158462,0.07818060256244985,0.07093264244853446,0.07093264244853446,1.0
264.25,1,1.1984771123389475,2.086281675044536,8.033960888801811,8.033960888801811,1.0
264.3492679785785,2,-0.7335335416440518,0.4525255951331082,1.070833644025123,1.070833644025123,1.0
264.5,1,-0.859130676588503,0.13112719893841662,1.0736211893153105,1.0736211893153105,1.0
264.54926797857854,2,-0.8249621597260379,0.997302956561053,2.285994204597463,2.285994204597463,1.0
264.7492679785785,2,-0.4308127351212807,1.3126665727446354,2.4611612669670935,2.4611612669670935,1.0
264.75,1,-0.8174389961684536,-0.2562831593604873,1.0412076698233232,1.0412076698233232,1.0
264.9492679785785,2,0.19447806440788007,-0.24966188738700756,0.13594803699439,0.13594803699439,1.0
265.0,1,-0.5559139538254136,1.2096959659072204,2.4539570879946973,2.4539570879946973,1.0
265.14926797857856,2,-1.0664735204726306,-0.8962794828970306,2.732393866004424,2.732393866004424,1.0
265.25,1,-0.2477166628024925,-0.8003804819647837,0.9689929263801852,0.9689929263801852,1.0
265.3492679785785,2,-0.04545034811423321,0.5591452601479663,0.3989835826960239,0.3989835826960239,1.0
265.5,1,-1.2082635136396291,-0.11825396419326673,2.0959749815496638,2.0959749815496638,1.0
265.54926797857854,2,0.7061328197698362,0.053072827650580745,0.7556767017944525,0.7556767017944525,1.0
265.7492679785785,2,-0.31217139184153986,-0.7506043999876479,0.8601797086840527,0.8601797086840527,1.0
265.75,1,-0.16078618742264972,-1.3153508500788202,2.4184920581837854,2.4184920581837854,1.0
265.9492679785785,2,0.584802225811778,0.3660930968022975,0.685417453622359,0.685417453622359,1.0
266.0,1,-0.6151228239763391,-1.6722076666729295,4.387337461117039,4.387337461117039,1.0
266.14926797857856,2,-0.4029632702610151,-0.6843880381191902,0.8379228220355524,0.8379228220355524,1.0
266.25,1,1.1903132743743203,-0.18687575121202737,2.063744861236742,2.063744861236742,1.0
266.3492679785785,2,-0.17471655774013328,-0.2983316360693249,0.15873552057225618,0.15873552057225618,1.0
266.5,1,-0.6326035667148897,0.011842202208633523,0.569468608230913,0.569468608230913,1.0
266.54926797857854,2,-1.7503276360581612,0.4192996787979335,4.843778430983217,4.843778430983217,1.0
266.7492679785785,2,-1.261599752731465,1.8879690988682865,6.912403172671981,6.912403172671981,1.0
266.75,1,-0.5394169845058947,0.8037468169090989,1.3033229948233664,1.3033229948233664,1.0
266.9492679785785,2,-0.7698873733895901,-0.4387401072839494,1.1375618867384467,1.1375618867384467,1.0
267.0,1,0.7139044353588524,0.06022728496373375,0.7301312732500904,0.7301312732500904,1.0
267.14926797857856,2,-0.7911859675442336,2.4714049316972297,8.677311233145184,8.677311233145184,1.0
267.25,1,-0.5586504967312642,1.2845262476872625,2.7149922222696827,2.7149922222696827,1.0
267.3492679785785,2,-1.2007405962145317,-1.2444475860249233,4.13551325891891,4.13551325891891,1.0
267.5,1,0.4661540317114614,1.0933014753473924,1.954134684258738,1.954134684258738,1.0
267.54926797857854,2,-1.7241799663517021,0.8226164279137826,5.341037199504899,5.341037199504899,1.0
267.7492679785785,2,-2.206388138448334,-2.2024930609587927,9.266364112661407,13.481925668268492,1.4637814807897047
267.75,1,-0.15404011548702634,1.5344637264295464,3.274718409914561,3.274718409914561,1.0
267.9492679785785,2,0.5506738395034798,1.7369637961580993,4.276518395158699,4.276518395158699,1.0
268.0,1,-1.298794606134443,-1.12278238524679,4.134859048552597,4.134859048552597,1.0
268.14926797857856,2,0.19465987824190556,1.047507276051229,1.4462825305671634,1.4462825305671634,1.0
268.25,1,-0.5877866097989237,1.4187861524949137,3.2617232318404485,3.2617232318404485,1.0
268.3492679785785,2,0.796392466390234,1.4361687512126866,3.567926939482962,3.567926939482962,1.0
268.5,1,-0.2090174766434334,-1.0594541160567341,1.606730518641899,1.606730518641899,1.0
268.54926797857854,2,0.7016014285183161,-0.5293638364544093,1.0972393616918825,1.0972393616918825,1.0
268.7492679785785,2,-0.976597062373397,0.7783180053807142,2.2048532133585494,2.2048532133585494,1.0
268.75,1,0.1815839876204386,-1.0401657907768405,1.536188166474696,1.536188166474696,1.0
268.9492679785785,2,0.6582644126536259,0.12800022045542736,0.6741361540089373,0.6741361540089373,1.0
269.0,1,1.3670008835542635,1.3500400583467127,5.167094193256439,5.167094193256439,1.0
269.14926797857856,2,-1.0758798639953717,-0.7212396848966929,2.404135719327568,2.404135719327568,1.0
269.25,1,0.01805746879468373,-0.33145256660693834,0.15165890839992982,0.15165890839992982,1.0
269.3492679785785,2,0.42754807563227715,0.75871494096786,1.004523349380754,1.004523349380754,1.0
269.5,1,0.5919648956152201,-1.686906272793237,4.41441526721988,4.41441526721988,1.0
269.54926797857854,2,-0.5671903499663067,-0.48679902819193277,0.7852751950611512,0.7852751950611512,1.0
269.7492679785785,2,0.13829295887552284,-0.6585127794993859,0.5777585115947328,0.5777585115947328,1.0
269.75,1,-0.9422303960076395,1.2526364127620424,3.423049163433598,3.423049163433598,1.0
269.9492679785785,2,-0.16724258760661925,-0.28833960854031204,0.14742753361786037,0.14742753361786037,1.0
270.0,1,-1.0797282638691623,-1.322705614327417,4.066652474097291,4.066652474097291,1.0
270.14926797857856,2,0.57724335520704,0.06468797032103568,0.5077976085144218,0.5077976085144218,1.0
270.25,1,-0.6912032460908222,1.2223363560366445,2.735937215718053,2.735937215718053,1.0
270.3492679785785,2,-0.2746060957382781,-1.3101652362325722,2.2870951127468233,2.2870951127468233,1.0
270.5,1,-0.13412364490192807,1.2267377450727666,2.0965317327382653,2.0965317327382653,1.0
270.54926797857854,2,-1.464457384514919,-1.0612785268634344,4.660912277007766,4.660912277007766,1.0
270.7492679785785,2,0.37121221869574583,0.7933066758365483,1.004435187444742,1.004435187444742,1.0
270.75,1,0.05661508963457429,-0.43118277824525864,0.2604826005975628,0.2604826005975628,1.0
270.9492679785785,2,0.3692938620268329,-1.0903815649058552,1.7107979640504236,1.7107979640504236,1.0
271.0,1,-1.1893798154965474,0.10780160673861028,2.0286065488423803,2.0286065488423803,1.0
271.14926797857856,2,0.08956119642747318,-0.5613083489932955,0.4109901174984323,0.4109901174984323,1.0
271.25,1,-0.6447889458525697,-0.2447756695377361,0.6739064705232869,0.6739064705232869,1.0
271.3492679785785,2,-0.7423092904874213,-0.6255183644797775,1.3264651993364673,1.3264651993364673,1.0
271.5,1,1.6561501301449013,-1.2188217576028655,5.945912357338113,5.945912357338113,1.0
271.54926797857854,2,-0.21623673783854258,1.010410449777523,1.363277341840695,1.363277341840695,1.0
271.7492679785785,2,-0.6867311363634396,0.39727550518067467,0.9109041865496733,0.9109041865496733,1.0
271.75,1,0.24365911946724594,0.7346057446322649,0.8273221252556139,0.8273221252556139,1.0
271.9492679785785,2,-0.33125510111383605,-0.600383037766619,0.621806201125946,0.621806201125946,1.0
272.0,1,0.5495630772014479,-1.3344207739222727,2.8806660462321836,2.8806660462321836,1.0
272.14926797857856,2,0.18027840958291463,-0.4779011807816085,0.3381719411764542,0.3381719411764542,1.0
272.25,1,-1.3565879577384141,0.5080539527134573,2.9733220751484746,2.9733220751484746,1.0
272.3492679785785,2,0.03611723940601941,-0.9781026785177667,1.2132918315425933,1.2132918315425933,1.0
272.5,1,-0.2790257733175281,0.2948969202917535,0.23042655582344307,0.23042655582344307,1.0
272.54926797857854,2,-1.3602177795844828,-0.3264311340434647,2.9256417513743154,2.9256417513743154,1.0
272.7492679785785,2,0.07746151918145827,-0.3952007638583046,0.20676043326363364,0.20676043326363364,1.0
272.75,1,-1.4988763662355353,-0.3424195384050144,3.35809113133204,3.35809113133204,1.0
272.9492679785785,2,0.581517337371837,1.030465213854542,1.8542566975938313,1.8542566975938313,1.0
273.0,1,-0.2515982756996369,0.056408373549055923,0.09444238316191557,0.09444238316191557,1.0
273.14926797857856,2,-0.4881728707778734,-0.7281260618332723,1.0306430390518313,1.0306430390518313,1.0
273.25,1,-0.018584998308138978,0.6546970776649226,0.5904208155273275,0.5904208155273275,1.0
273.3492679785785,2,0.27781757699247933,-1.1189989328420373,1.701869074145805,1.701869074145805,1.0
273.5,1,1.011885202973101,-0.4321729725021135,1.713548120567778,1.713548120567778,1.0
273.54926797857854,2,-0.6466696719621439,-0.6194899124510056,1.116720906801786,1.116720906801786,1.0
273.7492679785785,2,-1.5785951821125082,-2.1360254868039408,9.216235188491575,9.533500624465278,1.0350866786066193
273.75,1,-0.423751492028245,-0.07349363298204326,0.26293467874946336,0.26293467874946336,1.0
273.9492679785785,2,0.32473103389540015,0.26990778625132306,0.2512469776185781,0.2512469776185781,1.0
274.0,1,0.5407385920900936,-0.0011113005432887846,0.4160111655520591,0.4160111655520591,1.0
274.14926797857856,2,-0.8930523950183549,1.0483251233174955,2.5941970795274707,2.5941970795274707,1.0
274.25,1,-0.9143141619878001,-1.329600315953829,3.6223723930396305,3.6223723930396305,1.0
274.3492679785785,2,-1.3244826822801166,-0.5864203877906786,3.0812504998473336,3.0812504998473336,1.0
274.5,1,-1.3857257990224614,0.1643929438017837,2.768714416217447,2.768714416217447,1.0
274.54926797857854,2,-2.303847959655,-1.7377015819454718,9.249303860159525,11.829531905211766,1.2843751074829832
274.7492679785785,2,0.12675329448245876,-0.09162266744990877,0.034850676295425015,0.034850676295425015,1.0
274.75,1,1.0415579792609666,-0.04799795077654245,1.546664987190937,1.546664987190937,1.0
274.9492679785785,2,0.6557108257954187,0.7655397355174496,1.3902193358542654,1.3902193358542654,1.0
275.0,1,0.3401794306267636,-0.707109767878829,0.8528130334417996,0.8528130334417996,1.0
275.14926797857856,2,-0.8519066561930231,-0.7446771143847433,1.796492789350927,1.796492789350927,1.0
275.25,1,0.6932836277390333,-1.200010406340589,2.6655354286457973,2.6655354286457973,1.0
275.3492679785785,2,-1.0992130735183263,-0.15105978107037998,1.8511242558725125,1.8511242558725125,1.0
275.5,1,0.14229666433510424,-0.3079959041661433,0.15934142668103563,0.15934142668103563,1.0
275.54926797857854,2,0.22831325464850316,-1.011985512640487,1.3753595302385242,1.3753595302385242,1.0
275.7492679785785,2,-0.5836343055537849,-0.4968005823546351,0.8260271605788294,0.8260271605788294,1.0
275.75,1,-1.3559733046823759,0.5496629328535683,3.031950642942946,3.031950642942946,1.0
275.9492679785785,2,-0.7587516563597578,0.299677375534495,0.9818104780971921,0.9818104780971921,1.0
276.0,1,0.4715726078498701,0.2519196460994051,0.4037275523362124,0.4037275523362124,1.0
276.14926797857856,2,-1.04035916843001,-0.03165451378667106,1.6334998387794102,1.6334998387794102,1.0
276.25,1,-0.057411407213908916,-0.7971755641139113,0.8792852807036999,0.8792852807036999,1.0
276.3492679785785,2,0.49275142034005626,-0.06423262262914253,0.37141251792918695,0.37141251792918695,1.0
276.5,1,0.11796290157979072,0.6501508753205303,0.6014819426780985,0.6014819426780985,1.0
276.54926797857854,2,-0.4309509172013595,0.27550913293232693,0.37622979958953423,0.37622979958953423,1.0
276.7492679785785,2,-0.22289316690948802,-0.286089550401746,0.17851885073139323,0.17851885073139323,1.0
276.75,1,0.014725740807584486,0.0462757280773034,0.0032562769908361625,0.0032562769908361625,1.0
276.9492679785785,2,-0.5979390222549714,0.31516836490808364,0.6648908515543082,0.6648908515543082,1.0
277.0,1,-1.039882466311397,1.0976895877091442,3.1969113239435254,3.1969113239435254,1.0
277.14926797857856,2,1.7946862114978508,-0.36699606542884045,5.027877845501454,5.027877845501454,1.0
277.25,1,0.5835722554867253,-0.5871726617978581,0.958972901677806,0.958972901677806,1.0
277.3492679785785,2,0.44971373644825974,0.33163600755971334,0.4442746710455652,0.4442746710455652,1.0
277.5,1,-0.6669712031137962,-0.17085428042434359,0.6729526340591996,0.6729526340591996,1.0
277.54926797857854,2,-0.7446823331880292,-0.8435572627241514,1.7374809572153995,1.7374809572153995,1.0
277.7492679785785,2,-0.6876305199192299,2.05728111471426,6.070688662266431,6.070688662266431,1.0
277.75,1,-0.18288192619882437,0.7902321650661093,0.9071924126807549,0.9071924126807549,1.0
277.9492679785785,2,0.4968220663605045,-0.9392646595388325,1.4890843178132986,1.4890843178132986,1.0
278.0,1,-1.0587633658090354,1.4886231730901658,4.644998639757416,4.644998639757416,1.0
278.14926797857856,2,-0.06617717936356371,1.0292286504171804,1.347766841082788,1.347766841082788,1.0
278.25,1,-0.7204883735436756,-0.04938526851089842,0.7418354945764774,0.7418354945764774,1.0
278.3492679785785,2,-0.5412774290279945,-0.5443622569962607,0.8170815563986632,0.8170815563986632,1.0
278.5,1,-2.2161066876307025,-0.48801318472751687,7.31371275763931,7.31371275763931,1.0
278.54926797857854,2,-0.9330091365587183,-1.344989003678565,3.6036685106162634,3.6036685106162634,1.0
278.7492679785785,2,0.38744354113935486,-0.7176229557235074,0.8782666216861057,0.8782666216861057,1.0
278.75,1,0.3551534427709484,0.9126395025491789,1.3260227636771753,1.3260227636771753,1.0
278.9492679785785,2,0.48071759941172587,-0.11292023894073333,0.364626087461033,0.364626087461033,1.0
279.0,1,-0.28173761390698715,-0.9471642126684987,1.347761159590547,1.347761159590547,1.0
279.14926797857856,2,-0.5555101273000425,0.06085080964786105,0.47008053224970614,0.47008053224970614,1.0
279.25,1,0.3407137971828611,-0.37725608660593934,0.36102644972985176,0.36102644972985176,1.0
279.3492679785785,2,-0.3505730606738737,-0.6732951371514715,0.7593558540192415,0.7593558540192415,1.0
279.5,1,-0.944109778365771,1.980660650917546,6.666763258894117,6.666763258894117,1.0
279.54926797857854,2,-1.8636333525203401,-1.0011362964974184,6.507841496488663,6.507841496488663,1.0
279.7492679785785,2,-0.6788420856274371,1.7676578055974836,4.650354583049538,4.650354583049538,1.0
279.75,1,-0.39540222627161015,-0.9395135554753651,1.437539391549915,1.437539391549915,1.0
279.9492679785785,2,-0.37977170128602467,0.343732540764051,0.3670771135700972,0.3670771135700972,1.0
280.0,1,-0.727544832263078,0.9268803673408657,1.9356178706425402,1.9356178706425402,1.0
280.14926797857856,2,0.5829701526127735,0.6922162943765029,1.119212145639882,1.119212145639882,1.0
280.25,1,-0.4642731502054609,-1.273123752558194,2.537463047446917,2.537463047446917,1.0
280.3492679785785,2,0.09088552286694096,-1.0898091431194272,1.5162905302320564,1.5162905302320564,1.0
280.5,1,0.026338839272288084,0.7392489558401381,0.7530690082661693,0.7530690082661693,1.0
280.54926797857854,2,0.19535013533857892,-0.5606157473809308,0.45554162309168994,0.45554162309168994,1.0
280.7492679785785,2,0.36855580540898814,-0.5927180957122764,0.6495613729870252,0.6495613729870252,1.0
280.75,1,0.1734251004203351,0.27488314423452254,0.14681133423092377,0.14681133423092377,1.0
280.9492679785785,2,-0.02576822236725107,1.2490779434396062,1.976226478968056,1.976226478968056,1.0
281.0,1,0.20688694950711195,-0.5579206466781002,0.4893567356135176,0.4893567356135176,1.0
281.14926797857856,2,-0.9111159077743523,-0.3271229542232077,1.3874468282305856,1.3874468282305856,1.0
281.25,1,1.319209912168585,-0.25276167204748834,2.5637849719120736,2.5637849719120736,1.0
281.3492679785785,2,-0.812465984153242,1.6391080210290498,4.397466957306596,4.397466957306596,1.0
281.5,1,1.0022204459565174,-0.32502621582321245,1.5742280274924585,1.5742280274924585,1.0
281.54926797857854,2,-0.12682687315516716,-0.6814263356598782,0.6122542611362771,0.6122542611362771,1.0
281.7492679785785,2,0.21037284750455143,0.4530162293454163,0.3265341930102544,0.3265341930102544,1.0
281.75,1,0.047644828680979856,-0.08700060054147496,0.013649637387933712,0.013649637387933712,1.0
281.9492679785785,2,-0.10175528093373032,0.8598088414153411,0.9515461261828037,0.9515461261828037,1.0
282.0,1,0.033389276148341196,-0.21441928185736714,0.06487031303154944,0.06487031303154944,1.0
282.14926797857856,2,-0.1047855350600635,1.9723126747823434,4.941757996848144,4.941757996848144,1.0
282.25,1,0.2663947246357914,-0.42856196274598934,0.3537479967556019,0.3537479967556019,1.0
282.3492679785785,2,0.5592378591040372,-0.5647155336166483,0.8755047716715169,0.8755047716715169,1.0
282.5,1,0.14806843215631105,1.4961928317937103,3.111998399119931,3.111998399119931,1.0
282.54926797857854,2,-0.14568723535854033,0.3140514967357184,0.1569080046588861,0.1569080046588861,1.0
282.7492679785785,2,-0.4516830674581769,-0.41175842816728103,0.522279084662726,0.522279084662726,1.0
282.75,1,0.8397869012163355,-0.47750945454238414,1.3173907457791052,1.3173907457791052,1.0
282.9492679785785,2,-0.43162174789988583,0.3858830671458313,0.4694648760477974,0.4694648760477974,1.0
283.0,1,1.1490222116367654,2.4907131206913036,9.23104003456822,10.41763987804851,1.1310808783729336
283.14926797857856,2,-1.7560193445834162,-0.5653793916868559,5.055096018437665,5.055096018437665,1.0
283.25,1,0.3044944333279318,0.9923837765480676,1.4873109191968785,1.4873109191968785,1.0
283.3492679785785,2,0.4081123699370508,0.28492672569775257,0.35399351641744237,0.35399351641744237,1.0
283.5,1,0.5030854919372523,0.2553376573744357,0.4497454780345882,0.4497454780345882,1.0
283.54926797857854,2,2.3048233649529664,-0.6561674669281143,8.557783859503028,8.557783859503028,1.0
283.7492679785785,2,-0.07758505605080401,-0.26625213947045445,0.09881592868017695,0.09881592868017695,1.0
283.75,1,-0.24133838234928362,0.2928654048340864,0.20094166449041867,0.20094166449041867,1.0
283.9492679785785,2,0.3266794838653446,0.5043807957094009,0.48300022779298035,0.48300022779298035,1.0
284.0,1,-1.842175143774453,-0.20604549032993136,4.886697602424706,4.886697602424706,1.0
284.14926797857856,2,-0.7861989119882296,-0.48593694648053587,1.2311476829152221,1.2311476829152221,1.0
284.25,1,0.06868683931575248,-0.0007041997369841013,0.006712448922080935,0.006712448922080935,1.0
284.3492679785785,2,-1.1417426717601522,-0.938025638152383,3.0801960910890234,3.0801960910890234,1.0
284.5,1,-1.6542608334251838,0.03502693967000425,3.8944561079073154,3.8944561079073154,1.0
284.54926797857854,2,-0.4178732775236895,0.5248623069010825,0.6122172735061353,0.6122172735061353,1.0
284.7492679785785,2,0.15362871596448713,0.254902889185725,0.11784194184029725,0.11784194184029725,1.0
284.75,1,-0.3532857211640277,0.9478933292954133,1.414440417102391,1.414440417102391,1.0
284.9492679785785,2,0.11501909228051588,-2.034748468578141,5.26143286563642,5.26143286563642,1.0
285.0,1,1.7220513906492663,-0.09901898956658739,4.2326467889726525,4.2326467889726525,1.0
285.14926797857856,2,-0.7761701838778663,0.7674626063110566,1.6542868350211504,1.6542868350211504,1.0
285.25,1,0.9194839244354149,0.38493157739961625,1.406700997397099,1.406700997397099,1.0
285.3492679785785,2,-0.14720981268287048,0.46848364736867687,0.3105831566182208,0.3105831566182208,1.0
285.5,1,-1.1164065307389635,0.47114480821207416,2.078445590482448,2.078445590482448,1.0
285.54926797857854,2,0.19297757658297243,0.7847910375294465,0.8360689363806628,0.8360689363806628,1.0
285.7492679785785,2,-0.6530259254466024,0.18151451834051313,0.6847499456981386,0.6847499456981386,1.0
285.75,1,-0.3491489839725084,0.028415969215892734,0.1745706189897602,0.1745706189897602,1.0
285.9492679785785,2,-0.5190295725089129,-0.4796708374965539,0.6975394874394485,0.6975394874394485,1.0
286.0,1,-0.09943122173709185,-0.17364030797309393,0.055567847990276906,0.055567847990276906,1.0
286.14926797857856,2,-0.34613542939109365,-0.36433157601721167,0.34874956342494373,0.34874956342494373,1.0
286.25,1,-0.8856405614029477,0.611321317094264,1.6302202034408415,1.6302202034408415,1.0
286.3492679785785,2,-0.8124604351564635,0.27576329705865543,1.091878442061168,1.091878442061168,1.0
286.5,1,0.09525671291053328,-0.23593147536967063,0.08951271304358031,0.08951271304358031,1.0
286.54926797857854,2,-0.006325759618270865,-0.7245205373267474,0.6647722906198174,0.6647722906198174,1.0
286.7492679785785,2,-0.3903276637209494,0.8174057537277499,1.075570004863024,1.075570004863024,1.0
286.75,1,0.22835310168951395,-0.47225313052899387,0.3812088707133218,0.3812088707133218,1.0
286.9492679785785,2,0.6876745557520714,0.8318321495425431,1.5891600240601662,1.5891600240601662,1.0
287.0,1,-0.4768005560512911,0.6092314977618782,0.8343470947317679,0.8343470947317679,1.0
287.14926797857856,2,-0.486699244668543,0.06694427642337697,0.3629202600816726,0.3629202600816726,1.0
287.25,1,-0.22563422107840836,-1.1464500100201602,1.8814224266238966,1.8814224266238966,1.0
287.3492679785785,2,0.4975080242605685,0.4054312474321433,0.5814491837462552,0.5814491837462552,1.0
287.5,1,0.44358079334336153,-0.3049647302681586,0.40789473443407154,0.40789473443407154,1.0
287.54926797857854,2,-0.022271190980980293,1.064550140568095,1.4357970930919965,1.4357970930919965,1.0
287.7492679785785,2,0.24606380387994875,-0.674257464546262,0.6668221839507846,0.6668221839507846,1.0
287.75,1,0.6088899922243165,-0.5086584500255682,0.8837147906365141,0.8837147906365141,1.0
287.9492679785785,2,-0.46073852059755893,-0.3167957766867613,0.4471863526270854,0.4471863526270854,1.0
288.0,1,0.09616622710238332,-0.11758723369423207,0.03219005094523714,0.03219005094523714,1.0
288.14926797857856,2,-0.4504477744933162,-0.06583317278407619,0.311498564459982,0.311498564459982,1.0
288.25,1,-0.2889889691506511,0.5722466744573245,0.5695214194774542,0.5695214194774542,1.0
288.3492679785785,2,-0.9313628198981831,-0.8164695743611967,2.1524163731324943,2.1524163731324943,1.0
288.5,1,0.7757487472667819,0.6666001061946074,1.467593771409914,1.467593771409914,1.0
288.54926797857854,2,0.43527149680722843,-0.7235790869849024,0.9487735945962503,0.9487735945962503,1.0
288.7492679785785,2,-0.6972514617625336,1.4905724442885897,3.5457626484248967,3.5457626484248967,1.0
288.75,1,-0.14275388572495373,0.21912666108392886,0.09509697237981847,0.09509697237981847,1.0
288.9492679785785,2,-1.8385919740118482,1.5084681332261252,7.978681534432401,7.978681534432401,1.0
289.0,1,0.14258942334975444,-1.1225862627322603,1.763567601822875,1.763567601822875,1.0
289.14926797857856,2,0.7030117628016974,0.3117536563296035,0.8684306073168315,0.8684306073168315,1.0
289.25,1,0.5990777421926374,-0.35526528286242254,0.6843011195470025,0.6843011195470025,1.0
289.3492679785785,2,-1.3121885436826553,-0.943100987544645,3.7232376805487517,3.7232376805487517,1.0
289.5,1,0.5480149852904113,-0.12838276432336593,0.4498997278585364,0.4498997278585364,1.0
289.54926797857854,2,-0.17370172722720056,-1.3071326299816728,2.2091133533604768,2.2091133533604768,1.0
289.7492679785785,2,0.19647679031524845,1.241814090196454,2.0104187220881613,2.0104187220881613,1.0
289.75,1,0.6562710062925952,0.5426909762640237,1.0182738854123659,1.0182738854123659,1.0
289.9492679785785,2,-1.4646491930584702,1.255457035432705,5.230574855221393,5.230574855221393,1.0
290.0,1,-0.16171589860534397,-0.0513400461654796,0.04083726136742876,0.04083726136742876,1.0
290.14926797857856,2,0.17920765431943408,0.18524495601815505,0.09188350842258126,0.09188350842258126,1.0
290.25,1,1.5009552759024096,-0.5085669169302844,3.5610686819528534,3.5610686819528534,1.0
290.3492679785785,2,0.07845863626516447,1.8440733758423646,4.315185270430351,4.315185270430351,1.0
290.5,1,-0.026378131862532683,0.6008811458320527,0.4978917887220628,0.4978917887220628,1.0
290.54926797857854,2,0.2470859510988106,0.27875606448561663,0.1904883664311251,0.1904883664311251,1.0
290.7492679785785,2,-0.727905612286925,0.7969494096212784,1.603020658427777,1.603020658427777,1.0
290.75,1,-0.07823368629550842,-0.6586984041197879,0.6059984037158087,0.6059984037158087,1.0
290.9492679785785,2,-1.2327517961274914,0.4387611213843996,2.535500213917993,2.535500213917993,1.0
291.0,1,0.015631125117089084,-0.9859953341954173,1.338551671949904,1.338551671949904,1.0
291.14926797857856,2,0.9182125126696548,-0.969038536981204,2.460504793856391,2.460504793856391,1.0
291.25,1,-0.8284127554278236,0.7423067558331647,1.7347386033163623,1.7347386033163623,1.0
291.3492679785785,2,-0.09358205301051825,-1.1437450739879187,1.6696162710605302,1.6696162710605302,1.0
291.5,1,-0.19576070765031517,-0.20803541371302114,0.11407703783432335,0.11407703783432335,1.0
291.54926797857854,2,-0.9911484670650843,-0.608849940968621,1.951236832926208,1.951236832926208,1.0
291.7492679785785,2,-0.8416740592094207,-0.4705986717581754,1.3486207160502444,1.3486207160502444,1.0
291.75,1,0.5033463899228181,1.3403020637722853,2.833476639431616,2.833476639431616,1.0
291.9492679785785,2,0.28771254178837324,-1.3654238032844923,2.4852127684015293,2.4852127684015293,1.0
292.0,1,0.8725049914362373,0.2327638160804295,1.1577098125184593,1.1577098125184593,1.0
292.14926797857856,2,0.05189944017750747,-0.34153611844459486,0.1517524108023653,0.1517524108023653,1.0
292.25,1,-1.2530940148886103,0.6765607874076492,2.863960469017912,2.863960469017912,1.0
292.3492679785785,2,-0.619138186241706,-1.319707070944791,2.7834614659479318,2.7834614659479318,1.0
292.5,1,-0.03268519429143879,-0.5505225106892047,0.41862503996661116,0.41862503996661116,1.0
292.54926797857854,2,-0.12178803342892763,-0.2670350812137494,0.11267105835495671,0.11267105835495671,1.0
292.7492679785785,2,0.6581356993459657,-0.5707236670472275,1.0655134217005093,1.0655134217005093,1.0
292.75,1,-1.0820212385754715,-0.23382557122621073,1.7412004381044777,1.7412004381044777,1.0
292.9492679785785,2,0.34912519807283005,0.14078799269056153,0.208911012850519,0.208911012850519,1.0
293.0,1,-1.883177861346912,0.5563555155006815,5.471858660905346,5.471858660905346,1.0
293.14926797857856,2,0.03838775563258778,-1.716427381638236,3.732399841114273,3.732399841114273,1.0
293.25,1,1.2021638202718847,-0.1167707045565658,2.074818478589274,2.074818478589274,1.0
293.3492679785785,2,-1.267770520008483,-1.5332058915368323,5.400731672939344,5.400731672939344,1.0
293.5,1,0.9006799269165775,-1.2952761784468136,3.4629889534982654,3.4629889534982654,1.0
293.54926797857854,2,-0.38970032401297416,-0.2261664102723766,0.29384989752059454,0.29384989752059454,1.0
293.7492679785785,2,0.5404459265822545,-0.17253615581797854,0.4781341496387734,0.4781341496387734,1.0
293.75,1,-0.021408057433738747,0.6542004629921196,0.5898153639893593,0.5898153639893593,1.0
293.9492679785785,2,0.08336162322733642,-2.6211507314391778,8.708725578161914,8.708725578161914,1.0
294.0,1,1.5585008100435935,0.21360618749377536,3.5187054193345064,3.5187054193345064,1.0
294.14926797857856,2,-0.33391234345100784,-0.6496942431330159,0.7025966356851843,0.7025966356851843,1.0
294.25,1,0.04121917666921249,0.12678999580942096,0.02454330832251072,0.02454330832251072,1.0
294.3492679785785,2,1.216314991816212,-0.18357522891734113,2.274079929799187,2.274079929799187,1.0
294.5,1,0.430684549284166,-0.12885920902489723,0.28671950433082166,0.28671950433082166,1.0
294.54926797857854,2,-0.3873634574609639,0.6661078305937973,0.7882013126160501,0.7882013126160501,1.0
294.7492679785785,2,-0.5888639885368718,-0.12756606941644666,0.5435037787895081,0.5435037787895081,1.0
294.75,1,0.5099186164080045,-1.126002046080239,2.1153802203748246,2.1153802203748246,1.0
294.9492679785785,2,-0.0014665986567194977,0.7429512778543157,0.698828752527982,0.698828752527982,1.0
295.0,1,-0.3245494007983041,-0.35493869997249794,0.3232811686422703,0.3232811686422703,1.0
295.14926797857856,2,1.5506741767540042,-0.3099484459100348,3.748206528274592,3.748206528274592,1.0
295.25,1,-1.466909774229535,2.225122954556533,9.222322119191217,9.876019047145121,1.0722751438366347
295.3492679785785,2,0.9015523540597741,-0.3375125169361697,1.3701481689460726,1.3701481689460726,1.0
295.5,1,0.5054165707522031,-0.5050331386412643,0.7143911646111434,0.7143911646111434,1.0
295.54926797857854,2,-1.0248536118658862,0.41040639950466296,1.7975688165343031,1.7975688165343031,1.0
295.7492679785785,2,0.32354785841515366,0.3278317695217594,0.29390830151536507,0.29390830151536507,1.0
295.75,1,-0.08119622922877667,1.7183545426323814,4.074094003167327,4.074094003167327,1.0
295.9492679785785,2,0.6838832645249155,-0.12414995432252884,0.7248194136430507,0.7248194136430507,1.0
296.0,1,-1.1436778978146336,0.7679335495146309,2.672731697787822,2.672731697787822,1.0
296.14926797857856,2,-0.5304594358352865,0.5570734259890111,0.8172879296119095,0.8172879296119095,1.0
296.25,1,-0.5494840633522138,-1.0693088623615359,2.003286173036401,2.003286173036401,1.0
296.3492679785785,2,-0.5851382032234724,1.3338385122491798,2.769140193711667,2.769140193711667,1.0
296.5,1,0.29928579326000815,0.6035672625946229,0.6287662868224555,0.6287662868224555,1.0
296.54926797857854,2,-0.8354547363728528,0.4802382120434767,1.344870577833871,1.344870577833871,1.0
296.7492679785785,2,-0.7085007078723891,-0.31821941991157265,0.885136262177255,0.885136262177255,1.0
296.75,1,-0.9774747660657717,-0.2949686448641564,1.4793102922537638,1.4793102922537638,1.0
296.9492679785785,2,-1.6509577348666653,-0.9729493886055871,5.308884598425903,5.308884598425903,1.0
297.0,1,-0.5962125397851636,-0.9078888522102926,1.6403318516369447,1.6403318516369447,1.0
297.14926797857856,2,-0.5493880334270926,-1.042499907902528,1.8312231991435923,1.8312231991435923,1.0
297.25,1,0.2327637645761591,0.7076295813350326,0.7662707427553599,0.7662707427553599,1.0
297.3492679785785,2,0.6054415648517342,0.3588157959940257,0.7158945990748435,0.7158945990748435,1.0
297.5,1,0.23713579604119772,0.5900254339786287,0.5590991479529155,0.5590991479529155,1.0
297.54926797857854,2,-0.3998579648420524,-0.15635631798802885,0.27212810297082085,0.27212810297082085,1.0
297.7492679785785,2,1.265225378199272,0.8291099773753133,3.284138189956209,3.284138189956209,1.0
297.75,1,-0.5343584426075267,0.6758827904646085,1.0351553158132374,1.0351553158132374,1.0
297.9492679785785,2,-1.0849210934512108,0.04169115237479393,1.7772616803427688,1.7772616803427688,1.0
298.0,1,-0.05397772685749658,0.4806764620991846,0.32218033375467936,0.32218033375467936,1.0
298.14926797857856,2,0.09590277195567865,-0.31669317470201164,0.1408557755128461,0.1408557755128461,1.0
298.25,1,0.5805651939786536,-0.25327226716528495,0.5678057806440691,0.5678057806440691,1.0
298.3492679785785,2,-0.4459743549075732,-1.011519834589568,1.5955366990524644,1.5955366990524644,1.0
298.5,1,-1.0738992548352684,-0.6974294015233021,2.3099585511480187,2.3099585511480187,1.0
298.54926797857854,2,0.05564780113589407,0.8327733278012558,0.8828656260210275,0.8828656260210275,1.0
298.7492679785785,2,-0.11754197404518507,1.7993831522530797,4.11965670301054,4.11965670301054,1.0
298.75,1,0.23858225200802607,1.6336081112902012,3.7547067839381136,3.7547067839381136,1.0
298.9492679785785,2,-0.6783508529223212,1.4108106930104465,3.213834376544711,3.213834376544711,1.0
299.0,1,0.23560383306623933,-1.1968659432432247,2.0507717485464596,2.0507717485464596,1.0
299.14926797857856,2,-0.06584406264224896,-0.533459279984344,0.36684964657103397,0.36684964657103397,1.0
299.25,1,-0.43566008031937287,-1.3281965905730462,2.6980637347896224,2.6980637347896224,1.0
299.3492679785785,2,1.0589357639717498,-0.4359821050929379,1.9319880859600154,1.9319880859600154,1.0
299.5,1,-0.2552550377690821,0.07812663464660541,0.1010857535741772,0.1010857535741772,1.0
299.54926797857854,2,-0.49434781754907675,-1.0219899053019499,1.6912304469062536,1.6912304469062536,1.0
299.7492679785785,2,-0.07166121316372909,-0.15815777109489149,0.039409884628082904,0.039409884628082904,1.0
299.75,1,-0.1785467010038566,1.0474353415615814,1.5556674248541629,1.5556674248541629,1.0
299.9492679785785,2,0.40031256421133676,-1.3903568723316868,2.689022944081516,2.689022944081516,1.0
300.0,1,-0.17519617470809123,0.40648750890517354,0.27111054246844657,0.27111054246844657,1.0
300.14926797857856,2,0.4474030973905059,-1.1432646323013982,1.9567824650795769,1.9567824650795769,1.0
300.25,1,-0.4581911213262302,0.08155511376046376,0.3078285605130286,0.3078285605130286,1.0
300.3492679785785,2,-0.0872619484572752,0.5631869980831309,0.41310281497487006,0.41310281497487006,1.0
300.5,1,0.4386096109591797,-0.8310210092836345,1.224090212896075,1.224090212896075,1.0
300.54926797857854,2,0.5753072892225468,0.8236137242111792,1.3582341979576835,1.3582341979576835,1.0
300.7492679785785,2,0.3223130237547167,-0.029548239664104248,0.15776015041429037,0.15776015041429037,1.0
300.75,1,0.5901608457552214,0.35567398428516894,0.6697402293223735,0.6697402293223735,1.0
300.9492679785785,2,0.717981869455361,0.3547857099073589,0.936764318174355,0.936764318174355,1.0
301.0,1,-0.6934046946869721,0.40559997840628237,0.910546077562216,0.910546077562216,1.0
301.14926797857856,2,0.6297503963357478,0.9939149852118778,1.8488856787554722,1.8488856787554722,1.0
301.25,1,0.5327527023043643,0.5517087272136916,0.8227320136449404,0.8227320136449404,1.0
301.3492679785785,2,0.46701159078147114,-0.05272446020208282,0.33247765591880213,0.33247765591880213,1.0
301.5,1,-1.362620966248432,1.0398362979510898,4.129358011320782,4.129358011320782,1.0
301.54926797857854,2,1.346319041805831,0.09286897892316082,2.7450129038317996,2.7450129038317996,1.0
301.7492679785785,2,-0.1250242584094856,0.8244179691067135,0.8839891862332667,0.8839891862332667,1.0
301.75,1,-0.2479464792566155,-0.925078563051622,1.265544253765514,1.265544253765514,1.0
301.9492679785785,2,0.1685604821828548,0.4842678146362956,0.33975312114449474,0.33975312114449474,1.0
302.0,1,0.2152377640967309,-0.5550359065983999,0.4899631641737944,0.4899631641737944,1.0
302.14926797857856,2,-0.38080162545490026,0.09684869822547282,0.23057691768554062,0.23057691768554062,1.0
302.25,1,-0.9498284280261977,-0.0035278111496035436,1.2835174657051032,1.2835174657051032,1.0
302.3492679785785,2,0.22816466064196916,-0.16436182869405014,0.11272704930186868,0.11272704930186868,1.0
302.5,1,0.7600528661109536,0.6748263601500193,1.4485039801751873,1.4485039801751873,1.0
302.54926797857854,2,-0.26747414134770153,-0.4709916386173115,0.38882480901554994,0.38882480901554994,1.0
302.7492679785785,2,-0.9111010065274279,-1.6068027262826505,4.520204392122504,4.520204392122504,1.0
302.75,1,-0.609121012444291,-1.1039242808484948,2.2055626476572012,2.2055626476572012,1.0
302.9492679785785,2,-1.3339506991343413,0.4865845269369144,2.9832511511702617,2.9832511511702617,1.0
303.0,1,-1.1747256801856487,0.6253687184803126,2.501773717706109,2.501773717706109,1.0
303.14926797857856,2,0.47134258229419146,0.7296469005309478,1.0091316825974037,1.0091316825974037,1.0
303.25,1,1.2533435021131005,-1.6157860381808362,5.82821573333389,5.82821573333389,1.0
303.3492679785785,2,0.2918204266740041,0.23264192499683006,0.19697586488948465,0.19697586488948465,1.0
303.5,1,0.4992030715891538,-0.44338808664664064,0.6250638532167853,0.6250638532167853,1.0
303.54926797857854,2,-0.24965469823965236,0.034075284256870675,0.09548548729222954,0.09548548729222954,1.0
303.7492679785785,2,-0.30311118140934923,-0.6927315066293653,0.7460453512283908,0.7460453512283908,1.0
303.75,1,0.6990658483322818,-0.4490625768426608,0.9729858563194527,0.9729858563194527,1.0
303.9492679785785,2,0.9911439720705495,-0.7487265184507628,2.191210960578602,2.191210960578602,1.0
304.0,1,2.9357572345017076,0.950586460460817,9.264846794529387,13.506544209434201,1.4664544049348986
304.14926797857856,2,0.12863243505186261,0.13170671754301985,0.046912658823151994,0.046912658823151994,1.0
304.25,1,-1.3931112290091114,-1.0567684080936588,4.2976711951950985,4.2976711951950985,1.0
304.3492679785785,2,-0.5776667034694185,-1.1479730610083356,2.1717622120682947,2.1717622120682947,1.0
304.5,1,0.4300605144597256,0.4750878883316447,0.5736703833815291,0.5736703833815291,1.0
304.54926797857854,2,-0.33337212838659624,-0.7954594384708245,0.968806886988492,0.968806886988492,1.0
304.7492679785785,2,-0.16338378652789487,0.9717339937412006,1.2355202582194322,1.2355202582194322,1.0
304.75,1,-0.08591757244794707,0.9768713998976343,1.3240381561621775,1.3240381561621775,1.0
304.9492679785785,2,-0.839669621874318,0.4534072961747503,1.323397748977361,1.323397748977361,1.0
305.0,1,0.9670642299078871,-0.5507273638581914,1.7479569428787798,1.7479569428787798,1.0
305.14926797857856,2,-0.22652998458039875,0.4096708670212241,0.2898615051042141,0.2898615051042141,1.0
305.25,1,1.0314487512326487,0.961652711672762,2.786142334250603,2.786142334250603,1.0
305.3492679785785,2,1.5443352903319898,-0.13977731877336116,3.6216511192663177,3.6216511192663177,1.0
305.5,1,0.8653077275012073,1.4742982687662705,4.05611285043735,4.05611285043735,1.0
305.54926797857854,2,-0.14671338894487107,-1.0781680204218604,1.5043618968754213,1.5043618968754213,1.0
305.7492679785785,2,-0.005346005532139486,-1.6627382235072024,3.499712316730225,3.499712316730225,1.0
305.75,1,0.10673662535749529,-0.13783820969823224,0.04236244902062842,0.04236244902062842,1.0
305.9492679785785,2,0.8795224390208816,-0.8680210509361436,2.120322857358068,2.120322857358068,1.0
306.0,1,-1.2233929033520745,-0.19779779114961052,2.183194610605283,2.183194610605283,1.0
306.14926797857856,2,-0.345807556128257,-1.6673430815660684,3.699954386930988,3.699954386930988,1.0
306.25,1,-0.8916261883963621,-1.6710081656551155,4.97382493887262,4.97382493887262,1.0
306.3492679785785,2,-0.6611217437493657,0.2672105488754702,0.7496032945306927,0.7496032945306927,1.0
306.5,1,0.12059165718444831,-0.2609249592978752,0.11437575457622519,0.11437575457622519,1.0
306.54926797857854,2,-0.02876506327296724,-1.1222070470047052,1.5958677218889556,1.5958677218889556,1.0
306.7492679785785,2,0.4185195348675883,0.6665314264722451,0.8264906796499989,0.8264906796499989,1.0
306.75,1,0.6391269803667896,-0.4780526594553669,0.8957924253001492,0.8957924253001492,1.0
306.9492679785785,2,0.140594767566661,-1.1828517827643965,1.8010562994746153,1.8010562994746153,1.0
307.0,1,1.256272749700031,1.1130266814864418,3.950494008385473,3.950494008385473,1.0
307.14926797857856,2,0.25147854268274017,-0.027335747494557402,0.09631979351425152,0.09631979351425152,1.0
307.25,1,-2.0448526492122525,-0.4213059115475828,6.192760580529968,6.192760580529968,1.0
307.3492679785785,2,-0.3526637418508045,-0.6128106997102476,0.6630632189757206,0.6630632189757206,1.0
307.5,1,-1.2075286029301004,-1.0181979165021429,3.500837477290253,3.500837477290253,1.0
307.54926797857854,2,-1.3484000063256865,0.6434908427674115,3.2667298106048954,3.2667298106048954,1.0
307.7492679785785,2,-0.2640067149370857,0.8099467194941075,0.9355316655112682,0.9355316655112682,1.0
307.75,1,-0.29585498212465566,1.2224383352891866,2.1815816940414945,2.1815816940414945,1.0
307.9492679785785,2,-0.04071318342931818,-0.6563747590851846,0.5479159649868527,0.5479159649868527,1.0
308.0,1,0.9754063528848498,-0.2495973199003961,1.439369390842424,1.439369390842424,1.0
308.14926797857856,2,-0.11827128549541754,-0.10261696272296764,0.034427564937798236,0.034427564937798236,1.0
308.25,1,-1.0963622822989656,0.124238668348577,1.7312382167725553,1.7312382167725553,1.0
308.3492679785785,2,-0.04899627723389344,1.0704861304227122,1.4545677907083636,1.4545677907083636,1.0
308.5,1,0.46066698122804794,1.4217024433292593,3.083451427051132,3.083451427051132,1.0
308.54926797857854,2,-0.9346870429577301,-0.33167079962195417,1.457040509844551,1.457040509844551,1.0
308.7492679785785,2,-0.5493895175460146,0.7140311143665444,1.1005295004730855,1.1005295004730855,1.0
308.75,1,-0.31729820805708897,-1.1232771342647272,1.8801237347192854,1.8801237347192854,1.0
308.9492679785785,2,-0.5021265128326711,0.2791169838927413,0.47884447997283414,0.47884447997283414,1.0
309.0,1,1.3225088341449336,-0.46601726624885154,2.7873640360959566,2.7873640360959566,1.0
309.14926797857856,2,-0.4842458231939162,-1.2887098763779674,2.4563200378398555,2.4563200378398555,1.0
309.25,1,0.20759628830218801,-0.7728405909570755,0.8833576193189738,0.8833576193189738,1.0
309.3492679785785,2,-0.7132218486247126,-0.21150808605337812,0.8238626702806565,0.8238626702806565,1.0
309.5,1,-0.5059859320221811,0.96812507280197,1.654048432177412,1.654048432177412,1.0
309.54926797857854,2,-0.788974361582202,-0.6770234618768887,1.5193295998757947,1.5193295998757947,1.0
309.7492679785785,2,0.7479308660832658,0.8519605499172038,1.7623663303038537,1.7623663303038537,1.0
309.75,1,-0.3774379551415237,-1.5172274260907546,3.371538452091575,3.371538452091575,1.0
309.9492679785785,2,0.7941129027202223,-0.24855749073387123,1.0291978110042825,1.0291978110042825,1.0
310.0,1,0.5312753165341704,0.024595284758146152,0.40241376252892463,0.40241376252892463,1.0
310.14926797857856,2,-0.7039051577502242,1.0806486331488436,2.2258011991085502,2.2258011991085502,1.0
310.25,1,0.5325903922648187,0.3852390693099387,0.6077945069456839,0.6077945069456839,1.0
310.3492679785785,2,-0.5691062567297109,-0.5635183305433287,0.890577066319382,0.890577066319382,1.0
310.5,1,-0.024920496244085655,0.38391974622588165,0.20372822398806237,0.20372822398806237,1.0
310.54926797857854,2,-1.1448006403153705,0.3044399387142699,2.0941819435207765,2.0941819435207765,1.0
310.7492679785785,2,-0.3768146476112406,-0.026970660674272118,0.21502976071051272,0.21502976071051272,1.0
310.75,1,1.246763590876867,-0.3771550056598326,2.4076075920986293,2.4076075920986293,1.0
310.9492679785785,2,0.7290101129265949,-1.5535883070475698,3.857140117430423,3.857140117430423,1.0
311.0,1,-0.7845913845646457,-0.518898705021066,1.2464587229351898,1.2464587229351898,1.0
311.14926797857856,2,1.0019713021616532,0.3362371203076109,1.6572419665159328,1.6572419665159328,1.0
311.25,1,1.3628870276052965,0.05014488245073101,2.645975942289959,2.645975942289959,1.0
311.3492679785785,2,-0.39021264498816066,-1.2058910556359073,2.0709250310439806,2.0709250310439806,1.0
311.5,1,-1.0457986754429704,-0.8479631647984406,2.545358302595266,2.545358302595266,1.0
311.54926797857854,2,0.12869189919221924,0.6795533730173922,0.6097442862453895,0.6097442862453895,1.0
311.7492679785785,2,-1.5081351602046524,0.2160289323754584,3.4888311754385386,3.4888311754385386,1.0
311.75,1,-0.6520806668308339,-0.24969124762662664,0.6908616170706517,0.6908616170706517,1.0
311.9492679785785,2,0.7170821668735741,1.5682778959992851,3.889211660818271,3.889211660818271,1.0
312.0,1,0.9943602575925965,0.2514328154919854,1.4938021036624352,1.4938021036624352,1.0
312.14926797857856,2,0.6211222246741137,-1.2419947993274074,2.5348770308597466,2.5348770308597466,1.0
312.25,1,-0.3349644024264009,-2.7519413316997343,9.233855572919255,10.582945498726373,1.1490287080949306
312.3492679785785,2,-1.908658343162628,-0.026090353617968853,5.495207561105288,5.495207561105288,1.0
312.5,1,-0.7509037778310592,0.8498019511379319,1.7958757287503413,1.7958757287503413,1.0
312.54926797857854,2,-0.5918386283206587,-1.0084279260759428,1.8159970833705406,1.8159970833705406,1.0
312.7492679785785,2,0.39800646486294156,1.314513514635034,2.426225638719384,2.426225638719384,1.0
312.75,1,-0.1501307901448854,0.5025172743254045,0.37967812275784585,0.37967812275784585,1.0
312.9492679785785,2,-1.553781897848328,-0.13212696160167092,3.6627485820296135,3.6627485820296135,1.0
313.0,1,-0.8749202011111095,-0.23431005707318653,1.164652110002195,1.164652110002195,1.0
313.14926797857856,2,-0.5321628820229591,-0.43708958547532606,0.6689700108585998,0.6689700108585998,1.0
313.25,1,0.6626983817699568,-1.8988388296987377,5.587120360074477,5.587120360074477,1.0
313.3492679785785,2,-0.8455261089420922,0.26487305820834317,1.1670801855190844,1.1670801855190844,1.0
313.5,1,-1.14444700684502,-0.16979615678935334,1.9027849340162375,1.9027849340162375,1.0
313.54926797857854,2,0.2820375815006386,-0.2576684752599244,0.20405150982818782,0.20405150982818782,1.0
313.7492679785785,2,0.03405031856538798,1.220958109972556,1.8888605068996978,1.8888605068996978,1.0
313.75,1,-1.255403648517614,-1.6107159056095424,5.813852497156548,5.813852497156548,1.0
313.9492679785785,2,-0.7522569003490744,-0.35085855519190534,1.0092122376045383,1.0092122376045383,1.0
314.0,1,-0.1531059576211895,-0.7937399931018551,0.9005354643225091,0.9005354643225091,1.0
314.14926797857856,2,-0.2574552380845958,0.10855605832983906,0.11488321439596305,0.11488321439596305,1.0
314.25,1,0.1059797632016597,-0.07406044928364952,0.023527509225180213,0.023527509225180213,1.0
314.3492679785785,2,0.5650809706905804,0.4471496467275844,0.7347675283924251,0.7347675283924251,1.0
314.5,1,-0.3009610212531655,1.425215111567337,2.924215404375391,2.924215404375391,1.0
314.54926797857854,2,-0.6102715208466272,0.30644236046858575,0.6806690586507969,0.6806690586507969,1.0
314.7492679785785,2,-0.723504526088675,-0.4401228944555302,1.0345438053123122,1.0345438053123122,1.0
314.75,1,0.0020415841624696895,0.2689000126579659,0.09954168746186166,0.09954168746186166,1.0
314.9492679785785,2,0.5290922639719433,0.1228884222028519,0.44127235328135334,0.44127235328135334,1.0
315.0,1,-0.6887574425084004,-0.11850335649298827,0.6942709969377632,0.6942709969377632,1.0
315.14926797857856,2,-0.05142448329173632,0.4494847944771554,0.25978497374273984,0.25978497374273984,1.0
315.25,1,-0.08484670193510624,0.11367136883641504,0.028025250488394177,0.028025250488394177,1.0
315.3492679785785,2,-0.8786645739229506,-0.9291875749134497,2.2576584707843668,2.2576584707843668,1.0
315.5,1,-0.8179199428758075,-0.28162155700272784,1.0607957940648,1.0607957940648,1.0
315.54926797857854,2,-1.300328001453078,-0.7086763493519521,3.186377477765871,3.186377477765871,1.0
315.7492679785785,2,-0.23027205541974638,0.08985943317345724,0.09017976426622328,0.09017976426622328,1.0
315.75,1,1.8145870854675046,-0.8946416914548673,5.787031086588889,5.787031086588889,1.0
315.9492679785785,2,0.3381877978740775,0.8815079333874425,1.1562344990159665,1.1562344990159665,1.0
316.0,1,-0.451346979716412,0.1755893452119932,0.33227811108039473,0.33227811108039473,1.0
316.14926797857856,2,-0.4248958150773099,-0.05252757497869087,0.2757691932594253,0.2757691932594253,1.0
316.25,1,-0.8924387893716492,-0.12616598667042744,1.1549717469175476,1.1549717469175476,1.0
316.3492679785785,2,0.15529754799695894,1.4692072057363748,2.769544252282791,2.769544252282791,1.0
316.5,1,0.005337311167039616,0.39615631171553645,0.21602326330407767,0.21602326330407767,1.0
316.54926797857854,2,1.2482729734029938,1.9069606926156322,6.955184245532161,6.955184245532161,1.0
316.7492679785785,2,-1.3744434758576247,-0.9413545337007514,3.9704223635523994,3.9704223635523994,1.0
316.75,1,0.27912770760410055,-0.2029144149552402,0.1675425997527224,0.1675425997527224,1.0
316.9492679785785,2,-1.3320710751732392,1.6516851427719321,6.129668120679838,6.129668120679838,1.0
317.0,1,0.6076602287981068,-0.9847648154467994,1.8602104298935669,1.8602104298935669,1.0
317.14926797857856,2,0.7745874845264353,-0.9265114890601911,1.9917314784020848,1.9917314784020848,1.0
317.25,1,0.17104804860082012,-1.5222781486184462,3.2310702328486482,3.2310702328486482,1.0
317.3492679785785,2,-0.08924456851757512,-0.07676810608688989,0.019474933319075106,0.019474933319075106,1.0
317.5,1,1.5430705369894469,-0.9099479353952833,4.526649766581174,4.526649766581174,1.0
317.54926797857854,2,0.24562139515970927,-1.1553965725402173,1.7814302716698065,1.7814302716698065,1.0
317.7492679785785,2,0.7626355911709126,1.1954449290882052,2.686164468968766,2.686164468968766,1.0
317.75,1,-0.5810559790631551,0.16658813774137138,0.5186184768273928,0.5186184768273928,1.0
317.9492679785785,2,0.01759397115174366,0.8172451819153257,0.8460304748550865,0.8460304748550865,1.0
318.0,1,1.3362781163438306,-0.9576016535618155,3.802823857395115,3.802823857395115,1.0
318.14926797857856,2,-1.1540526064032868,1.2776708101163852,4.075493849062765,4.075493849062765,1.0
318.25,1,0.7911708133481454,-0.03747361500673185,0.8924504550544547,0.8924504550544547,1.0
318.3492679785785,2,-0.8068814929514296,0.08352956198173911,0.9908115407921776,0.9908115407921776,1.0
318.5,1,0.31888650839763244,1.5028046190934155,3.2527632119278813,3.2527632119278813,1.0
318.54926797857854,2,0.47896866379522507,-1.1254473809057015,1.9499790546935947,1.9499790546935947,1.0
318.7492679785785,2,-1.4773229633716944,-0.7642699113358533,4.03051512228648,4.03051512228648,1.0
318.75,1,-1.0457053843766069,1.0028189303195023,2.9403486904397775,2.9403486904397775,1.0
318.9492679785785,2,-0.33136226381688516,0.0023409963878273654,0.1655934028324573,0.1655934028324573,1.0
319.0,1,-0.7160837752003921,1.322086257321846,3.1355462964717042,3.1355462964717042,1.0
319.14926797857856,2,0.1984085750349287,-0.24744647689689336,0.13689496343569368,0.13689496343569368,1.0
319.25,1,-0.2895322850098161,1.395461044754462,2.799460529562961,2.799460529562961,1.0
319.3492679785785,2,0.18011889902342304,1.3987266826994318,2.5261991303760327,2.5261991303760327,1.0
319.5,1,0.4430410747367155,-1.0200777251501738,1.7112775859520004,1.7112775859520004,1.0
319.54926797857854,2,-0.7364109998581583,0.20259586705537314,0.8699816677819391,0.8699816677819391,1.0
319.7492679785785,2,-0.13199482520914785,-0.7345875816617617,0.7093981753057724,0.7093981753057724,1.0
319.75,1,-0.1726713718221511,-0.717399920561653,0.7509151557080809,0.7509151557080809,1.0
319.9492679785785,2,-0.2049183619384607,0.07368993810826963,0.07020081836085625,0.07020081836085625,1.0
320.0,1,0.06610935253996786,0.9561138457558445,1.2645390422319776,1.2645390422319776,1.0
320.14926797857856,2,-1.0266707903785104,-1.1499247197156015,3.2639309015430236,3.2639309015430236,1.0
320.25,1,-0.6342790246502652,-1.7867271463359804,4.966251171415597,4.966251171415597,1.0
320.3492679785785,2,-2.0398420404242117,-0.9178438405901335,7.342637626040684,7.342637626040684,1.0
320.5,1,-0.05675750711961314,0.570116764603928,0.451906396832431,0.451906396832431,1.0
320.54926797857854,2,-0.11644415905264083,-0.2695801266485962,0.11247989225509426,0.11247989225509426,1.0
320.7492679785785,2,-0.8430091973216705,0.3512359160411407,1.2278276862190385,1.2278276862190385,1.0
320.75,1,-1.0011683082581513,0.7976540710498161,2.3021376539773915,2.3021376539773915,1.0
320.9492679785785,2,0.5886133313127146,0.016764493159199034,0.5228502662823005,0.5228502662823005,1.0
321.0,1,-0.5593981821942506,-0.3598588021601399,0.6234870616229663,0.6234870616229663,1.0
321.14926797857856,2,-0.8880957417492255,0.9445475653635789,2.319126441461507,2.319126441461507,1.0
321.25,1,0.8464963043197429,-0.3366029120818419,1.175371821654967,1.175371821654967,1.0
321.3492679785785,2,-0.183204013792988,0.9232765685789814,1.1300006720269018,1.1300006720269018,1.0
321.5,1,0.13648879375218215,-1.033524461583432,1.4965676352719997,1.4965676352719997,1.0
321.54926797857854,2,0.12923821516631406,-0.7865582160542222,0.8086287681942929,0.8086287681942929,1.0
321.7492679785785,2,0.12368319601950972,0.2643971856020455,0.11156526255610759,0.11156526255610759,1.0
321.75,1,-1.8271578784261813,0.41842981941341995,4.991516904456115,4.991516904456115,1.0
321.9492679785785,2,0.5438246402986202,-0.49252782908513715,0.7531259528670158,0.7531259528670158,1.0
322.0,1,0.22570245100361674,-0.6196506720463275,0.6010085374274698,0.6010085374274698,1.0
322.14926797857856,2,-0.19869142779474203,0.7546618698265306,0.7806207322682729,0.7806207322682729,1.0
322.25,1,-0.7470014166283896,0.8649136244638527,1.8235000414091815,1.8235000414091815,1.0
322.3492679785785,2,1.2428833051061332,-1.5355792380865767,5.315713801158973,5.315713801158973,1.0
322.5,1,-0.3958399546818967,-0.5822400804259016,0.6894506344750791,0.6894506344750791,1.0
322.54926797857854,2,-1.190312534402878,-0.04966649699150816,2.1403035674447723,2.1403035674447723,1.0
322.7492679785785,2,1.3939549349010285,-0.9353902050204224,4.037789686758987,4.037789686758987,1.0
322.75,1,0.8373896403289365,0.04196825209699062,1.0002222821088314,1.0002222821088314,1.0
322.9492679785785,2,0.315141529148228,1.0065896458111814,1.4325553362983594,1.4325553362983594,1.0
323.0,1,0.6710942147906351,1.3333074632890005,3.087798429320315,3.087798429320315,1.0
323.14926797857856,2,-1.4212834948301136,1.0098839405160422,4.337894468279057,4.337894468279057,1.0
323.25,1,-1.2278513400186526,0.021050159296152948,2.1454705091046518,2.1454705091046518,1.0
323.3492679785785,2,0.03777114926404579,-0.9108847609384012,1.0527527160448646,1.0527527160448646,1.0
323.5,1,0.721802082614186,0.06469487327423273,0.7469062128509366,0.7469062128509366,1.0
323.54926797857854,2,0.22986135806791808,0.2896554324350906,0.18594308201146886,0.18594308201146886,1.0
323.7492679785785,2,-0.8277246886553442,0.4061583184840125,1.2419871593330694,1.2419871593330694,1.0
323.75,1,-2.397190719720953,0.4832794389925592,8.498502937017594,8.498502937017594,1.0
323.9492679785785,2,-1.4537513176511254,-0.437970222039082,3.4300097905178712,3.4300097905178712,1.0
324.0,1,-0.019448642404579886,-1.242790446410546,2.126578800788936,2.126578800788936,1.0
324.14926797857856,2,0.2398812876656251,-0.028670003360254714,0.08782648427180959,0.08782648427180959,1.0
324.25,1,0.24251747083870256,0.9089203238203831,1.220747547791317,1.220747547791317,1.0
324.3492679785785,2,-1.5801226071732337,-0.9143211674966365,4.824449645428909,4.824449645428909,1.0
324.5,1,-1.4599870526752738,1.4520185771066645,5.933885640175659,5.933885640175659,1.0
324.54926797857854,2,-0.586274764311046,-0.06131140881326269,0.5232287717856885,0.5232287717856885,1.0
324.7492679785785,2,1.6970415935835526,1.1184494239639027,5.926488024898885,5.926488024898885,1.0
324.75,1,1.26658850935938,0.7825994824561513,3.1258841471532612,3.1258841471532612,1.0
324.9492679785785,2,-0.582568788468997,-0.9567387251060047,1.670693627066432,1.670693627066432,1.0
325.0,1,0.17846889317690895,0.4662901842094591,0.3446058400779546,0.3446058400779546,1.0
325.14926797857856,2,-0.11280172773933117,1.454971896796999,2.6995279684278524,2.6995279684278524,1.0
325.25,1,-1.4247925304146847,0.37830286048750406,3.0850724029784238,3.0850724029784238,1.0
325.3492679785785,2,0.8615590077277275,-0.4636282886957952,1.3917650287760899,1.3917650287760899,1.0
325.5,1,-1.4577549042963511,1.8641831136691103,7.805714423200113,7.805714423200113,1.0
325.54926797857854,2,-0.34633992250585166,0.7673347417159682,0.9265480556247213,0.9265480556247213,1.0
325.7492679785785,2,-0.3773510945136138,-1.3226246482323436,2.4293034211873215,2.4293034211873215,1.0
325.75,1,-0.45390869618033136,1.1523457669548716,2.1211947405275886,2.1211947405275886,1.0
325.9492679785785,2,0.35939941764532435,-0.4668859711071671,0.47077116998944324,0.47077116998944324,1.0
326.0,1,1.3944477216192617,-0.8160315082629046,3.6832635203820283,3.6832635203820283,1.0
326.14926797857856,2,-0.6420341619615613,-0.24005606782806055,0.6946516263091485,0.6946516263091485,1.0
326.25,1,-0.19657762284503733,0.6185961575514112,0.5816623645389856,0.5816623645389856,1.0
326.3492679785785,2,-0.8013472944910838,-0.22521268754807444,1.0327915763767832,1.0327915763767832,1.0
326.5,1,-0.998478494555723,0.7658243854077971,2.2253813205741366,2.2253813205741366,1.0
326.54926797857854,2,-0.3046140441028733,-1.9117074702366723,4.76788865963833,4.76788865963833,1.0
326.7492679785785,2,1.2151083335378807,-0.02071055001617017,2.227041317478503,2.227041317478503,1.0
326.75,1,-1.1236336513874647,-0.140488287864037,1.8237149394355436,1.8237149394355436,1.0
326.9492679785785,2,1.7232575133782717,1.5930865038125912,7.6915468400930855,7.6915468400930855,1.0
327.0,1,-1.0603221036562793,1.7008880103208552,5.581892478624402,5.581892478624402,1.0
327.14926797857856,2,-1.1020150065430734,0.45589984289377616,2.0947630931890155,2.0947630931890155,1.0
327.25,1,-0.8526564220879713,-0.10538355306066682,1.049609769719894,1.049609769719894,1.0
327.3492679785785,2,-1.032992039001119,1.2278780294190281,3.518540988134444,3.518540988134444,1.0
327.5,1,0.5917557483324352,0.5701166264282791,0.9454698775646797,0.9454698775646797,1.0
327.54926797857854,2,-0.10330400598912348,-0.3362690318765367,0.15928883896632978,0.15928883896632978,1.0
327.7492679785785,2,0.22527235480409402,-0.9490750566782045,1.2168259710803175,1.2168259710803175,1.0
327.75,1,0.2569071155257383,0.2278338535597073,0.16537451640345868,0.16537451640345868,1.0
327.9492679785785,2,-0.2855921588230643,-0.560006701481294,0.5200447914470948,0.5200447914470948,1.0
328.0,1,-0.9333262080242655,1.4657732463134376,4.196812809756511,4.196812809756511,1.0
328.14926797857856,2,0.29245432236961477,-0.9670149950123985,1.3129824471961342,1.3129824471961342,1.0
328.25,1,-0.6163943296695713,0.4395475473924093,0.8064564469583236,0.8064564469583236,1.0
328.3492679785785,2,0.0719495861118915,-0.717584149785373,0.6598233441524909,0.6598233441524909,1.0
328.5,1,0.18889840934591007,0.1701808697214453,0.09061880179528846,0.09061880179528846,1.0
328.54926797857854,2,0.29011404177522593,-1.994966859732209,5.166775121727293,5.166775121727293,1.0
328.7492679785785,2,-1.2058957577521703,0.42535936225657434,2.4219155700534296,2.4219155700534296,1.0
328.75,1,-0.26991547471704536,-0.6705253936043789,0.7226046933229868,0.7226046933229868,1.0
328.9492679785785,2,-0.3631435746335221,1.696489844003997,3.84265369941872,3.84265369941872,1.0
329.0,1,-1.243126320351113,1.1985256197064524,4.1760612455547035,4.1760612455547035,1.0
329.14926797857856,2,1.2144558808736932,-0.43410557137014694,2.4630368425417806,2.4630368425417806,1.0
329.25,1,-0.3694884714136748,-1.2400681561702478,2.310777907243072,2.310777907243072,1.0
329.3492679785785,2,-0.4741057125980177,-0.40973718574661744,0.5516108368532007,0.5516108368532007,1.0
329.5,1,-0.30047938140121744,-0.43176532362349773,0.3850021793754067,0.3850021793754067,1.0
329.54926797857854,2,-0.5883342593976373,0.5609329907746612,0.9205605873627722,0.9205605873627722,1.0
329.7492679785785,2,0.3519979569954401,-0.3085766981181539,0.3073849124076159,0.3073849124076159,1.0
329.75,1,-0.12571755932765782,0.5106238336274429,0.3814263734837928,0.3814263734837928,1.0
329.9492679785785,2,1.0401730428303182,-0.05990530611631151,1.636225878182875,1.636225878182875,1.0
330.0,1,0.7934160148005667,0.2807723030537588,1.004189082411058,1.004189082411058,1.0
330.14926797857856,2,0.2194937422283374,-1.1341280106393987,1.7012251438313355,1.7012251438313355,1.0
330.25,1,1.7521043521993747,-0.20938836052473553,4.427801020639851,4.427801020639851,1.0
330.3492679785785,2,0.07660804022723866,-0.5536130161967572,0.39693496617722773,0.39693496617722773,1.0
330.5,1,0.4748559243806554,1.3438748773659093,2.806281607691959,2.806281607691959,1.0
330.54926797857854,2,-0.6483225963019805,-0.9152398114398728,1.6947704979329754,1.6947704979329754,1.0
330.7492679785785,2,0.15757941923378382,-1.4755395243030667,2.793702229478896,2.793702229478896,1.0
330.75,1,0.4162542207504991,-1.4667793297037037,3.2082801485332277,3.2082801485332277,1.0
330.9492679785785,2,0.7351694032816773,1.0252816184208249,2.145948513712704,2.145948513712704,1.0
331.0,1,0.6658221205454105,0.6408067625051834,1.1959986714469881,1.1959986714469881,1.0
331.14926797857856,2,1.2646653076598042,0.5281790731223888,2.7653867905043574,2.7653867905043574,1.0
331.25,1,-1.44941690517852,-0.028028422815533194,2.9898698953944916,2.9898698953944916,1.0
331.3492679785785,2,-0.5154443462671452,-2.1012812390782063,5.991613523740688,5.991613523740688,1.0
331.5,1,0.4984903352657497,-0.6931717024617656,1.0147656223302992,1.0147656223302992,1.0
331.54926797857854,2,-0.7935781197823637,-0.3680214476747965,1.121458342460711,1.121458342460711,1.0
331.7492679785785,2,0.4797391538860367,-1.2476908297630187,2.317810753417552,2.317810753417552,1.0
331.75,1,-0.44927698815859785,-1.2526456963779449,2.4473138229384284,2.4473138229384284,1.0
331.9492679785785,2,-0.5720206900043436,-0.22891439596575047,0.559798435416681,0.559798435416681,1.0
332.0,1,-0.08845550180810591,1.560849906711773,3.364637482350459,3.364637482350459,1.0
332.14926797857856,2,0.16326685330476565,-0.2137889902120964,0.09807216014037251,0.09807216014037251,1.0
332.25,1,-1.5310559283854772,-0.7784094035407993,4.168936130814296,4.168936130814296,1.0
332.3492679785785,2,0.27069613444372465,1.1866616767167848,1.8935825838072566,1.8935825838072566,1.0
332.5,1,1.1552043012179958,-0.9973777639235193,3.2674371794500487,3.2674371794500487,1.0
332.54926797857854,2,-0.7305611143735931,-0.9254178523878345,1.889543981382395,1.889543981382395,1.0
332.7492679785785,2,-0.1164483800463394,0.13811919437880338,0.04459889615342916,0.04459889615342916,1.0
332.75,1,-0.24929095096802456,-0.09068439875539269,0.09975129444623157,0.09975129444623157,1.0
332.9492679785785,2,0.0025407981052509854,0.5025529293765052,0.31976148986455216,0.31976148986455216,1.0
333.0,1,-0.5391223617295822,-0.4301020269719382,0.6681813062588209,0.6681813062588209,1.0
333.14926797857856,2,1.1820610508594775,-0.07872775472804738,2.1151952190654186,2.1151952190654186,1.0
333.25,1,-0.18144948651616133,-0.11616177117051896,0.06541255501441798,0.06541255501441798,1.0
333.3492679785785,2,-0.7595150353705726,-0.6790476912774301,1.4539491042724308,1.4539491042724308,1.0
333.5,1,0.7092997760534168,0.6314507121879518,1.2644483507070265,1.2644483507070265,1.0
333.54926797857854,2,-0.0819815711255707,0.14334859537031752,0.03615939080444991,0.03615939080444991,1.0
333.7492679785785,2,-0.8131551542023132,0.7687437759178066,1.745238216564251,1.745238216564251,1.0
333.75,1,0.434812695503922,-0.8225024608615694,1.2003263481308908,1.2003263481308908,1.0
333.9492679785785,2,-0.5624016486158538,-1.002140007276365,1.7484689228956676,1.7484689228956676,1.0
334.0,1,0.7715075797648865,-1.897673748617046,5.803902269311406,5.803902269311406,1.0
334.14926797857856,2,0.9566345800258595,0.019569112571165004,1.3807054016863338,1.3807054016863338,1.0
334.25,1,0.7376536173067585,-0.48465634153155035,1.0974287337141888,1.0974287337141888,1.0
334.3492679785785,2,-0.06753394916582778,0.8874213744276522,1.0040549043981817,1.0040549043981817,1.0
334.5,1,-0.10980901863350567,0.14914916025453007,0.04776855932791582,0.04776855932791582,1.0
334.54926797857854,2,-1.4083886821276508,-1.3723121227278265,5.376811483158983,5.376811483158983,1.0
334.7492679785785,2,0.532830452137258,-0.41752509854519637,0.6488150511051599,0.6488150511051599,1.0
334.75,1,-0.39469977760732533,-0.9834993036798072,1.5532472385154863,1.5532472385154863,1.0
334.9492679785785,2,-1.3581087151299656,0.26309766115607225,2.8692277533817907,2.8692277533817907,1.0
335.0,1,0.5296134305784719,-1.3333287210433409,2.8461819596842224,2.8461819596842224,1.0
335.14926797857856,2,-0.8142304107393628,0.05220142958345564,1.0033372610247666,1.0033372610247666,1.0
335.25,1,-0.49291698706453246,-0.08421201546499457,0.3554262726133402,0.3554262726133402,1.0
335.3492679785785,2,-0.8377219033156784,-0.6080539141325363,1.5266552054533613,1.5266552054533613,1.0
335.5,1,-0.47777288314296484,-0.3938641649925274,0.5382183682007202,0.5382183682007202,1.0
335.54926797857854,2,-0.5925216705960139,-0.8636109468686959,1.4740280728123691,1.4740280728123691,1.0
335.7492679785785,2,-1.1150125276784912,-0.5130307331580739,2.2079861897254207,2.2079861897254207,1.0
335.75,1,0.44244238921189094,0.37990129761263836,0.47723060617067503,0.47723060617067503,1.0
335.9492679785785,2,0.3936271523713266,1.3378206307590812,2.499587629320693,2.499587629320693,1.0
336.0,1,0.35430191431668234,0.035405672260234056,0.18033128799377557,0.18033128799377557,1.0
336.14926797857856,2,-0.9062823993399007,-0.2355927123482724,1.3090247380014572,1.3090247380014572,1.0
336.25,1,0.14592075338527266,0.46026944182451857,0.3218756237846051,0.3218756237846051,1.0
336.3492679785785,2,-1.4193087740810668,-1.3528438985910816,5.355813722131589,5.355813722131589,1.0
336.5,1,-0.3649875250922072,0.1095921534345754,0.20603600840996797,0.20603600840996797,1.0
336.54926797857854,2,-1.7410559867417064,0.0366796169048893,4.574121528097569,4.574121528097569,1.0
336.7492679785785,2,0.489575093871391,1.1791243622717449,2.1215347210435125,2.1215347210435125,1.0
336.75,1,-0.7308223736659016,-1.7058801825830008,4.766013650540074,4.766013650540074,1.0
336.9492679785785,2,0.20829635642401811,0.4601769327555729,0.3335329009655956,0.3335329009655956,1.0
337.0,1,-0.24728464993364696,-0.2954131579125847,0.207130477674752,0.207130477674752,1.0
337.14926797857856,2,-0.8184395797761645,0.12048866735970076,1.0286327300747464,1.0286327300747464,1.0
337.25,1,0.5688543247104896,-0.7228179193556832,1.1794834239933976,1.1794834239933976,1.0
337.3492679785785,2,0.22828930547491666,-0.37391601688639353,0.2556420513652878,0.2556420513652878,1.0
337.5,1,-2.381620979323962,0.9174888142468589,9.210658924006196,9.227396349281557,1.0018518292067982
337.54926797857854,2,0.9636820765120078,-0.8462394018440662,2.3076748387332393,2.3076748387332393,1.0
337.7492679785785,2,-0.33388626176352787,1.2483256470646493,2.1408644027143526,2.1408644027143526,1.0
337.75,1,-1.3609291987879892,-0.46574952719321816,2.9340980308160636,2.9340980308160636,1.0
337.9492679785785,2,-0.3511505610228802,-0.3376885745639582,0.3303277973676405,0.3303277973676405,1.0
338.0,1,1.0719999423770368,-1.1245673759740193,3.375868358079802,3.375868358079802,1.0
338.14926797857856,2,-0.8821590633487055,-0.5795275098088037,1.598914745082018,1.598914745082018,1.0
338.25,1,-0.3985133495492654,-0.7432711322358712,0.9863219710111756,0.9863219710111756,1.0
338.3492679785785,2,0.933735468098515,0.1043788001772823,1.3288259095035255,1.3288259095035255,1.0
338.5,1,-0.6760592396157428,-0.4927995700791299,0.9844106402784991,0.9844106402784991,1.0
338.54926797857854,2,-0.9129390323404856,-0.199430829068179,1.3075630718308184,1.3075630718308184,1.0
338.7492679785785,2,-0.11647917504477334,-0.7236914711821933,0.6834760630813412,0.6834760630813412,1.0
338.75,1,0.853898579986641,-0.29984690952927995,1.1613001539705097,1.1613001539705097,1.0
338.9492679785785,2,-0.6944060261345264,0.8250542856660825,1.589010216910663,1.589010216910663,1.0
339.0,1,-1.300026168749465,-2.0898752541348977,8.416625848097024,8.416625848097024,1.0
339.14926797857856,2,-0.23420044400683437,0.1551740287465968,0.11321125968749986,0.11321125968749986,1.0
339.25,1,-0.5817919983076045,0.46091646184981094,0.77395539694442,0.77395539694442,1.0
339.3492679785785,2,-1.1636747779589918,0.7306438006114933,2.718413145989416,2.718413145989416,1.0
339.5,1,0.25270755261641753,0.014873760200875275,0.09115021312401052,0.09115021312401052,1.0
339.54926797857854,2,0.2740037392047334,-1.0701420826588244,1.5634422814948876,1.5634422814948876,1.0
339.7492679785785,2,0.19626139240164164,0.09008778280666796,0.06835895417263772,0.06835895417263772,1.0
339.75,1,-0.3854233999075767,0.9859780831356115,1.5496695384288985,1.5496695384288985,1.0
339.9492679785785,2,-1.3856491253376007,0.777752035693835,3.661375561000108,3.661375561000108,1.0
340.0,1,0.4078268328839343,-0.06498935310514664,0.24246021787644212,0.24246021787644212,1.0
340.14926797857856,2,1.0323284080489543,-0.5280283631161877,1.9602977961251966,1.9602977961251966,1.0
340.25,1,0.4515690001541479,-0.5468445647693461,0.7016960264463059,0.7016960264463059,1.0
340.3492679785785,2,1.0542647287071318,1.1346963728255002,3.306751727339829,3.306751727339829,1.0
340.5,1,-0.4175374533485474,-1.4415603663931704,3.1079885057089363,3.1079885057089363,1.0
340.54926797857854,2,-1.1426019845922468,-0.5587888163871257,2.3646944768643743,2.3646944768643743,1.0
340.7492679785785,2,-1.5908195119173243,-0.6778787187688136,4.397955908599121,4.397955908599121,1.0
340.75,1,-1.6575999872593208,1.5137459804846234,7.0641743301233,7.0641743301233,1.0
340.9492679785785,2,0.27072734146416977,-0.5999415257981777,0.5662194392855082,0.5662194392855082,1.0
341.0,1,-0.3446926149201204,0.8854773334131592,1.248321853845911,1.248321853845911,1.0
341.14926797857856,2,-0.3975500604609721,-0.5011104025772148,0.5563051241318677,0.5563051241318677,1.0
341.25,1,-1.3120357483083254,-0.2945862395242438,2.568504941374816,2.568504941374816,1.0
341.3492679785785,2,0.14021475780177184,-0.08640373318977446,0.03910664193459442,0.03910664193459442,1.0
341.5,1,-0.42689803827340356,-0.5821260717453649,0.7256203674643922,0.7256203674643922,1.0
341.54926797857854,2,-0.7351695051720668,-0.4071782610346908,1.0252068782890933,1.0252068782890933,1.0
341.7492679785785,2,1.3446035906270026,2.1759472673854052,8.720315273092524,8.720315273092524,1.0
341.75,1,-0.9231591704042721,-0.6737225915947427,1.8375200912147578,1.8375200912147578,1.0
341.9492679785785,2,0.7156115480481944,-0.7422505534330028,1.469797080895892,1.469797080895892,1.0
342.0,1,0.2746460375861659,-0.21074342766488563,0.16845781948485283,0.16845781948485283,1.0
342.14926797857856,2,1.1776991420208773,0.19686071127809512,2.1408914290215715,2.1408914290215715,1.0
342.25,1,0.5646247313861004,-2.2114909204602924,7.184987729842846,7.184987729842846,1.0
342.3492679785785,2,0.4608562544395234,0.574382895035388,0.7380945183673637,0.7380945183673637,1.0
342.5,1,0.011420869468295791,0.6659025384991839,0.6104519561772779,0.6104519561772779,1.0
342.54926797857854,2,0.5871532226562977,-1.015306391855936,1.8254056854277878,1.8254056854277878,1.0
342.7492679785785,2,-0.2976041560771634,-1.246105003762017,2.0993032225884853,2.0993032225884853,1.0
342.75,1,0.12294057259792268,-1.118463768141699,1.7436115178681928,1.7436115178681928,1.0
342.9492679785785,2,0.5523469313119733,-2.358967343177998,7.5052921652348825,7.5052921652348825,1.0
343.0,1,0.7606204863525257,1.3584387887353584,3.363294932627615,3.363294932627615,1.0
343.14926797857856,2,-0.8414925620389084,-0.3781107233611065,1.2489814702134028,1.2489814702134028,1.0
343.25,1,-0.3680128374998546,1.3595349852643306,2.7366851662908087,2.7366851662908087,1.0
343.3492679785785,2,1.3496837557046177,0.3944054270660029,2.9445624565889843,2.9445624565889843,1.0
343.5,1,1.0889599168643898,-1.0416834172476674,3.180288998618091,3.180288998618091,1.0
343.54926797857854,2,-0.1525831190420135,1.2849577988035952,2.125959636348376,2.125959636348376,1.0
343.7492679785785,2,-1.6521607091695572,-0.5744490266243512,4.5339594956804286,4.5339594956804286,1.0
343.75,1,-0.21506624429547472,-0.806950150096827,0.9622313413422375,0.9622313413422375,1.0
343.9492679785785,2,-0.6130351367161495,0.0018160414670767011,0.5667589053191666,0.5667589053191666,1.0
344.0,1,0.5189899861810581,-0.2512665521151476,0.4701414658068505,0.4701414658068505,1.0
344.14926797857856,2,-0.6050032112115638,-0.9025762073794006,1.583492187700327,1.583492187700327,1.0
344.25,1,0.11349158248703617,0.7910867079593702,0.8796865023042642,0.8796865023042642,1.0
344.3492679785785,2,0.16533671313488085,-0.24846043288601738,0.11939885954852558,0.11939885954852558,1.0
344.5,1,-0.32962514286448297,0.20821093901942955,0.21422732585667698,0.21422732585667698,1.0
344.54926797857854,2,-0.2971522167286942,0.38664194877247215,0.32249681553890086,0.32249681553890086,1.0
344.7492679785785,2,-0.67269904628726,-0.8486681828855103,1.5941803809348016,1.5941803809348016,1.0
344.75,1,0.14468507163431354,1.1119964634216082,1.732034871316351,1.732034871316351,1.0
344.9492679785785,2,-0.5353271349980488,-0.8643547856593647,1.3780527456206526,1.3780527456206526,1.0
345.0,1,0.6163925192288744,0.19979630336857923,0.5955322039397142,0.5955322039397142,1.0
345.14926797857856,2,1.0048735449804695,-1.807771376141801,5.6607112425744255,5.6607112425744255,1.0
345.25,1,-0.14147788579533938,-0.6259548091278146,0.5677678400228507,0.5677678400228507,1.0
345.3492679785785,2,1.0539986993155708,-0.11727549447564112,1.6930089033722047,1.6930089033722047,1.0
345.5,1,-0.7131400633311422,0.376036073926179,0.9180726964304635,0.9180726964304635,1.0
345.54926797857854,2,-0.07039833137601192,1.0154174296075187,1.313143443218834,1.313143443218834,1.0
345.7492679785785,2,-0.2104471927260292,-1.4633028004959048,2.7775167094160036,2.7775167094160036,1.0
345.75,1,0.27674988100092435,-0.05663073673747565,0.11339910656913399,0.11339910656913399,1.0
345.9492679785785,2,0.7242138611692823,0.6760393721797566,1.3695867495777425,1.3695867495777425,1.0
346.0,1,0.12883701874689635,0.29992374961299273,0.147439479107144,0.147439479107144,1.0
346.14926797857856,2,-0.6941997918101208,0.7243237863044953,1.391090329598267,1.391090329598267,1.0
346.25,1,-0.20922948150416687,-0.77939178784428,0.8983635752639882,0.8983635752639882,1.0
346.3492679785785,2,0.9958045845547154,-0.03607387733516276,1.4973216286105868,1.4973216286105868,1.0
346.5,1,-0.5021980983432286,-1.0851456574555662,1.979367185723285,1.979367185723285,1.0
346.54926797857854,2,-0.12518728676123558,-0.0875445866950848,0.03334480711451283,0.03334480711451283,1.0
346.7492679785785,2,-0.20338957324548446,0.10480315587500577,0.07628553748021247,0.07628553748021247,1.0
346.75,1,0.24427279446020833,-1.509084978524799,3.2199481047993075,3.2199481047993075,1.0
346.9492679785785,2,1.619600338823279,-0.4129943217913814,4.171797175481819,4.171797175481819,1.0
347.0,1,0.619801093901934,0.30442697436426425,0.6741480628943324,0.6741480628943324,1.0
347.14926797857856,2,0.4043352303217205,0.2549236491292275,0.32885106468553715,0.32885106468553715,1.0
347.25,1,2.538650177292279,0.3904154803137114,9.213399046686277,9.378635366961628,1.018272396913529
347.3492679785785,2,-0.21918664533334464,1.8681611869940014,4.491606776040792,4.491606776040792,1.0
347.5,1,1.0600358442010887,-0.1736479969479907,1.639978648908709,1.639978648908709,1.0
347.54926797857854,2,0.19443307532004184,-0.04328705934003274,0.05939687569579374,0.05939687569579374,1.0
347.7492679785785,2,-0.2739405108597168,0.3261405095037908,0.2478183235803081,0.2478183235803081,1.0
347.75,1,1.9325470661234618,0.5821920378762053,5.7809070968367235,5.7809070968367235,1.0
347.9492679785785,2,0.12010680972915466,-0.3082603787599316,0.1420595835881951,0.1420595835881951,1.0
348.0,1,-0.0806005493625328,-0.8519375292943225,1.0082989857010907,1.0082989857010907,1.0
348.14926797857856,2,0.04144218695316937,0.5517286963797927,0.3880061687724658,0.3880061687724658,1.0
348.25,1,0.2513226216127933,-1.773546371124544,4.419186450836459,4.419186450836459,1.0
348.3492679785785,2,0.7791387789377673,2.038215221279927,6.175916248492886,6.175916248492886,1.0
348.5,1,0.5528346613768136,-0.7985947411784782,1.3124733262532504,1.3124733262532504,1.0
348.54926797857854,2,0.29594706831922934,0.6552174102462045,0.6757545014547668,0.6757545014547668,1.0
348.7492679785785,2,-0.13193079359049165,-1.0405971262347382,1.3970701468022628,1.3970701468022628,1.0
348.75,1,-0.6109620451992939,-0.9316731364731918,1.7260735218711363,1.7260735218711363,1.0
348.9492679785785,2,-0.905036468104953,0.11200614211892734,1.2511327160604528,1.2511327160604528,1.0
349.0,1,-0.9712690852778607,0.3314106734318205,1.4934120137999223,1.4934120137999223,1.0
349.14926797857856,2,-0.5309116830546827,-0.6062990152189034,0.8905362346641641,0.8905362346641641,1.0
349.25,1,-1.0276446804019237,1.1285014888961902,3.2552560979836547,3.2552560979836547,1.0
349.3492679785785,2,1.308665683318992,-0.3033446891422038,2.6996338167709553,2.6996338167709553,1.0
349.5,1,-0.9197858091641464,-1.0876848141440734,2.8316652649805554,2.8316652649805554,1.0
349.54926797857854,2,1.519034850492094,1.481870010345692,6.261354583871057,6.261354583871057,1.0
349.7492679785785,2,-0.6950428277490346,-1.0735718310487323,2.1875529868175847,2.1875529868175847,1.0
349.75,1,-0.27430464489873074,0.2634632681305096,0.20262170998348183,0.20262170998348183,1.0
349.9492679785785,2,1.212053649383808,1.2631349899085453,4.235456373503167,4.235456373503167,1.0
350.0,1,-0.34762253598955084,-1.3809740522417302,2.7970368023605356,2.7970368023605356,1.0
350.14926797857856,2,-0.9070507014982887,0.3110747222445731,1.3633676510099186,1.3633676510099186,1.0
350.25,1,0.6320695409929051,0.2153570786722625,0.6322121488899076,0.6322121488899076,1.0
350.3492679785785,2,-1.021970917972208,-0.35786253592045814,1.7374638064139478,1.7374638064139478,1.0
350.5,1,0.06639749802062056,0.07545412895757586,0.014106923977403832,0.014106923977403832,1.0
350.54926797857854,2,0.7535215635970474,0.28575071100856864,0.9598665380114784,0.9598665380114784,1.0
350.7492679785785,2,-0.39419786980854,0.8663711792295903,1.1845473626845175,1.1845473626845175,1.0
350.75,1,-0.8502485536356374,-0.34493976726232045,1.1924731141870344,1.1924731141870344,1.0
350.9492679785785,2,0.364771036652364,0.657400687654329,0.7478143393319951,0.7478143393319951,1.0
351.0,1,-0.9736394285492374,0.2962354630652877,1.469584139889076,1.469584139889076,1.0
351.14926797857856,2,0.6495471830138442,-0.3422135146545102,0.7845990635898541,0.7845990635898541,1.0
351.25,1,0.47607820847789384,-0.1810336998095643,0.36755962563531874,0.36755962563531874,1.0
351.3492679785785,2,-0.6844910096309746,0.24333983515357716,0.781659192551165,0.781659192551165,1.0
351.5,1,-1.0906570610189448,0.03816272487211325,1.6941748930475484,1.6941748930475484,1.0
351.54926797857854,2,-0.35856178424462826,0.28019965704412453,0.293352177162639,0.293352177162639,1.0
351.7492679785785,2,0.011627802977216106,-0.8285434572350203,0.8692600555689977,0.8692600555689977,1.0
351.75,1,0.2157834052147578,-0.16152503075497204,0.1021723681068488,0.1021723681068488,1.0
351.9492679785785,2,-0.6487758661347591,-0.8940507802105699,1.646747744177604,1.646747744177604,1.0
352.0,1,1.0127416786728247,-0.5313973218802204,1.8480026698845662,1.8480026698845662,1.0
352.14926797857856,2,0.1950955760720703,1.1407337506633048,1.7049931256991142,1.7049931256991142,1.0
352.25,1,-0.5276857046306489,0.189352105114156,0.44549794551584476,0.44549794551584476,1.0
352.3492679785785,2,0.4490115073296863,-0.5347694949077519,0.6662040096061626,0.6662040096061626,1.0
352.5,1,1.0773051639656863,-0.1645384824537981,1.6882529857787099,1.6882529857787099,1.0
352.54926797857854,2,-0.5156724833465809,-0.7621723660006303,1.1367269693176194,1.1367269693176194,1.0
352.7492679785785,2,0.36607275395822114,-0.0014422763154291474,0.20208425065979765,0.20208425065979765,1.0
352.75,1,0.6207243738851673,-1.0259076707756067,1.997137073471601,1.997137073471601,1.0
352.9492679785785,2,0.48669922653818176,-0.3612778751355803,0.5224741335013694,0.5224741335013694,1.0
353.0,1,-0.19815707723644138,-0.5001253886999324,0.40016615399583144,0.40016615399583144,1.0
353.14926797857856,2,-0.03806687088705729,0.46899627571967795,0.2806815786734812,0.2806815786734812,1.0
353.25,1,-0.1039303533666569,-0.2369893475411482,0.09266985185423456,0.09266985185423456,1.0
353.3492679785785,2,-1.4582135300142873,0.9880686103011938,4.443424415465342,4.443424415465342,1.0
353.5,1,1.2259962909179656,-0.8976597159135844,3.2471652440370047,3.2471652440370047,1.0
353.54926797857854,2,0.9665125401350423,1.9776549686163571,6.361803421703186,6.361803421703186,1.0
353.7492679785785,2,0.5270959387664185,-0.41859732292138485,0.6407841492423354,0.6407841492423354,1.0
353.75,1,-0.07481620066664973,0.24598969129470571,0.09126572292983778,0.09126572292983778,1.0
353.9492679785785,2,-0.19243831291539593,0.043745585984114044,0.05827076338818807,0.05827076338818807,1.0
354.0,1,-1.293844426989157,-0.9005538805939697,3.498178269052354,3.498178269052354,1.0
354.14926797857856,2,0.838316688951469,0.23357531444789803,1.1289958069230943,1.1289958069230943,1.0
354.25,1,-1.5181099388835655,-1.3778162386434483,5.891682513793325,5.891682513793325,1.0
354.3492679785785,2,0.7330211085033547,1.5567128245454,3.878960678007979,3.878960678007979,1.0
354.5,1,0.6565956268877926,0.5495555482375325,1.0289317294639437,1.0289317294639437,1.0
354.54926797857854,2,0.4598273610354653,-0.5903575563582404,0.760281148828777,0.760281148828777,1.0
354.7492679785785,2,-0.15825802366519426,-0.9021061654734215,1.0679958577746564,1.0679958577746564,1.0
354.75,1,0.31844431408661933,0.6915182130610891,0.8025951252543042,0.8025951252543042,1.0
354.9492679785785,2,0.33894202136131213,-0.24682194926800172,0.2503796698274343,0.2503796698274343,1.0
355.0,1,-0.439817708093436,-0.2808311445256626,0.38378824840187264,0.38378824840187264,1.0
355.14926797857856,2,-0.317204625111124,0.25134982815452034,0.2317427880963636,0.2317427880963636,1.0
355.25,1,0.0028204252847245925,1.6785921670204882,3.878190730414137,3.878190730414137,1.0
355.3492679785785,2,-0.8897416166183945,0.30619134632646094,1.3127460801844506,1.3127460801844506,1.0
355.5,1,0.04616657936024282,0.14315231645702298,0.031234951063963526,0.031234951063963526,1.0
355.54926797857854,2,0.36870469246104065,-0.47901209470305517,0.4956190429757315,0.4956190429757315,1.0
355.7492679785785,2,-0.5408122852329846,0.5718369644984902,0.8550118822569479,0.8550118822569479,1.0
355.75,1,1.0125854140108466,-0.34619848471952697,1.623982442112405,1.623982442112405,1.0
355.9492679785785,2,0.6487534291727073,-0.5889819602749924,1.073913630449544,1.073913630449544,1.0
356.0,1,1.1368937695689887,0.1575048744191383,1.8731768423901225,1.8731768423901225,1.0
356.14926797857856,2,0.198718959845106,-1.8109037478994674,4.211693599334817,4.211693599334817,1.0
356.25,1,0.11398428999074639,0.44905094499940024,0.29602624256206683,0.29602624256206683,1.0
356.3492679785785,2,0.38943796977982714,-0.8368254328884968,1.1154629886656764,1.1154629886656764,1.0
356.5,1,-0.6002221131754695,-0.027528597487739503,0.5135415705127189,0.5135415705127189,1.0
356.54926797857854,2,-0.4487266697276162,0.13066406838831046,0.32534786216283207,0.32534786216283207,1.0
356.7492679785785,2,0.1889363084010931,-0.7428415718742736,0.7524011396791171,0.7524011396791171,1.0
356.75,1,0.3868846800443322,-1.3138704505790724,2.5893952982068553,2.5893952982068553,1.0
356.9492679785785,2,0.09226992007054591,-0.6971367576968737,0.6281375441485626,0.6281375441485626,1.0
357.0,1,1.5703993183725053,-1.4393499599079371,6.360623528729416,6.360623528729416,1.0
357.14926797857856,2,0.04427393554926695,-0.11803109100621612,0.02059532563971591,0.02059532563971591,1.0
357.25,1,0.19645252648946254,-0.7495398623517069,0.8281696357932096,0.8281696357932096,1.0
357.3492679785785,2,0.6877492087529333,-1.0779204145954315,2.1846737518588166,2.1846737518588166,1.0
357.5,1,0.08325189094317764,0.8328227097800713,0.9644207121721816,0.9644207121721816,1.0
357.54926797857854,2,-0.39897514615371676,-0.6081278054774506,0.7084213700000024,0.7084213700000024,1.0
357.7492679785785,2,-0.46297712630271093,-0.21205820274122544,0.3801585439504811,0.3801585439504811,1.0
357.75,1,0.1101186525691844,0.35582730044959554,0.19155376364094773,0.19155376364094773,1.0
357.9492679785785,2,-1.2419774183783865,2.5255550651509884,9.229891649348604,10.401616341453508,1.1293411449919877
358.0,1,-0.9199879924215963,0.6110218974361032,1.7180839423052539,1.7180839423052539,1.0
358.14926797857856,2,0.4516127663243381,0.3463504805891393,0.45946732134382673,0.45946732134382673,1.0
358.25,1,0.2618489196809435,0.38477207728098684,0.3013065439562251,0.3013065439562251,1.0
358.3492679785785,2,0.44544950085161616,-0.1673619339365331,0.33473901501830516,0.33473901501830516,1.0
358.5,1,0.5090735845211078,0.7584946984777972,1.1603977488502375,1.1603977488502375,1.0
358.54926797857854,2,-0.19100960723896065,-0.8939840293248444,1.067050803085993,1.067050803085993,1.0
358.7492679785785,2,-0.15302009079717038,0.9120085114356105,1.088243098590646,1.088243098590646,1.0
358.75,1,-2.226052147353414,0.3606978533266254,7.2299886875263155,7.2299886875263155,1.0
358.9492679785785,2,-0.7490277668724694,-0.25790298792918875,0.930273055461644,0.930273055461644,1.0
359.0,1,-1.077485240719966,-1.1484757293563934,3.4673373736498325,3.4673373736498325,1.0
359.14926797857856,2,1.1641298089659067,-0.5443335616408609,2.4189701343274694,2.4189701343274694,1.0
359.25,1,0.5566039931583298,-0.5826336141975395,0.9079575343726684,0.9079575343726684,1.0
359.3492679785785,2,0.09202328153527972,-0.45712726986240604,0.27736261382940264,0.27736261382940264,1.0
359.5,1,0.12896031008934727,-0.29524027760705795,0.1436173391633815,0.1436173391633815,1.0
359.54926797857854,2,0.38822604762445323,0.048777075315407536,0.23035281994119014,0.23035281994119014,1.0
359.7492679785785,2,-0.0678510045424261,1.0343407052465352,1.3613003749434283,1.3613003749434283,1.0
359.75,1,0.11312933151711135,-0.40421518288995273,0.24313105713213282,0.24313105713213282,1.0
359.9492679785785,2,0.9606668371011331,1.4181120280383128,3.937741134362641,3.937741134362641,1.0
360.0,1,0.32564115550818684,2.195727388376066,6.787108472229591,6.787108472229591,1.0
360.14926797857856,2,-1.103148229861496,0.27437231036662,1.9306320323788286,1.9306320323788286,1.0
360.25,1,-0.6867195043349632,-2.3642807004758595,8.364401938150088,8.364401938150088,1.0
360.3492679785785,2,0.871635624271228,1.7482420273902806,5.015846454882292,5.015846454882292,1.0
360.5,1,0.3650989904445261,0.4773944886658956,0.503265405884971,0.503265405884971,1.0
360.54926797857854,2,-0.8717259221064175,-1.2157260360336073,3.017789292639713,3.017789292639713,1.0
360.7492679785785,2,-0.7381335800873003,-0.6333662908924786,1.329412484615329,1.329412484615329,1.0
360.75,1,0.9407341314009834,-0.09218795407105063,1.270949874363415,1.270949874363415,1.0
360.9492679785785,2,0.08366783230533059,0.8387609232668485,0.901226410913609,0.901226410913609,1.0
361.0,1,-0.7113030937944558,-0.06739256741376476,0.7261119371530707,0.7261119371530707,1.0
361.14926797857856,2,-0.7276891248628132,0.6139836814526527,1.2759098074192814,1.2759098074192814,1.0
361.25,1,0.6557030398378423,-0.18964554441243386,0.6611659520251063,0.6611659520251063,1.0
361.3492679785785,2,1.2624271281902537,0.2714353668854512,2.497052465600496,2.497052465600496,1.0
361.5,1,-0.2560936108460048,0.4449045520706809,0.3657048226442405,0.3657048226442405,1.0
361.54926797857854,2,-0.8982440228248976,-0.6598695432116388,1.7684076834452367,1.7684076834452367,1.0
361.7492679785785,2,0.9234188399484289,0.05524998759460065,1.289686464997975,1.289686464997975,1.0
361.75,1,0.8353927642275245,-0.209010642119428,1.0531661532275782,1.0531661532275782,1.0
361.9492679785785,2,0.9284859922315292,0.2514558232487536,1.380120303109225,1.380120303109225,1.0
362.0,1,0.8657276630627209,0.31595323244409546,1.2037676802509334,1.2037676802509334,1.0
362.14926797857856,2,-0.9200326288376672,1.4156534617664178,3.8139925961201957,3.8139925961201957,1.0
362.25,1,1.32727095544573,-0.3202439907734709,2.647380068708344,2.647380068708344,1.0
362.3492679785785,2,1.5586126637022097,1.574760425949587,6.804049743401248,6.804049743401248,1.0
362.5,1,0.7817921902067155,-1.7773680872776083,5.217013641531715,5.217013641531715,1.0
362.54926797857854,2,-0.8576706580200089,-0.4925690040852997,1.4168047656823632,1.4168047656823632,1.0
362.7492679785785,2,-0.22402523061039759,-0.3665929518729598,0.24580937624173546,0.24580937624173546,1.0
362.75,1,0.08472039269882714,-0.4961476414062371,0.34908167487819686,0.34908167487819686,1.0
362.9492679785785,2,2.067373116320141,-0.07042460331232814,6.451761176315602,6.451761176315602,1.0
363.0,1,0.7123545997317677,-0.07517119198920241,0.7297743084295811,0.7297743084295811,1.0
363.14926797857856,2,1.5492920185581411,-0.1264694850261634,3.6403182463972077,3.6403182463972077,1.0
363.25,1,0.498428749250845,0.5414879529730232,0.7569955831216882,0.7569955831216882,1.0
363.3492679785785,2,-0.9613188744886649,-2.4437753505616655,8.955729039955335,8.955729039955335,1.0
363.5,1,0.1148957265520778,-1.2919323689177489,2.3158391563944702,2.3158391563944702,1.0
363.54926797857854,2,0.5046482640168151,-1.166681711818641,2.107769879772993,2.107769879772993,1.0
363.7492679785785,2,-0.29385558284969093,-0.48271195456246563,0.42519099085561596,0.42519099085561596,1.0
363.75,1,0.9446739726615903,-0.8214656292167302,2.1987797036110077,2.1987797036110077,1.0
363.9492679785785,2,0.5295587918365534,-1.7633261600739685,4.359409081975267,4.359409081975267,1.0
364.0,1,0.9645398401425282,1.3619709712869081,3.87701780016116,3.87701780016116,1.0
364.14926797857856,2,1.23357289987338,0.2381130330788972,2.3667784915315306,2.3667784915315306,1.0
364.25,1,-0.635237763739319,-0.17245643524238918,0.6150203726408942,0.6150203726408942,1.0
364.3492679785785,2,0.7455377167139865,-0.3637910647222533,1.0059217953616546,1.0059217953616546,1.0
364.5,1,0.2843432578612237,-0.15192106608874045,0.14677747078874753,0.14677747078874753,1.0
364.54926797857854,2,-0.058227698892732604,0.11466493113383791,0.021763664593927215,0.021763664593927215,1.0
364.7492679785785,2,0.081219395529331,-0.3962914702823346,0.2087599505330479,0.2087599505330479,1.0
364.75,1,0.11236767633560518,-0.2701450464591133,0.11842964676335521,0.11842964676335521,1.0
364.9492679785785,2,0.5691337869873152,0.9315504774860601,1.5871312407848268,1.5871312407848268,1.0
365.0,1,1.5233584997182739,0.088189395083214,3.3124940130465323,3.3124940130465323,1.0
365.14926797857856,2,0.8883899098624184,0.151553420618745,1.2193907238301431,1.2193907238301431,1.0
365.25,1,-0.8758478848840809,-0.17151177225324243,1.1318338756141955,1.1318338756141955,1.0
365.3492679785785,2,0.7201124246368984,0.3184212854264814,0.9105267983091266,0.9105267983091266,1.0
365.5,1,-0.42138507172982287,-0.9786240505705388,1.570629340359543,1.570629340359543,1.0
365.54926797857854,2,0.8481896351409439,-1.5645007270421862,4.184687834104428,4.184687834104428,1.0
365.7492679785785,2,-0.19341705416193378,-0.028275383603785897,0.05742507989688252,0.05742507989688252,1.0
365.75,1,-1.527306178581739,0.957065073456997,4.580179395061682,4.580179395061682,1.0
365.9492679785785,2,1.0170519923029602,-0.4215422370849389,1.7849121607612535,1.7849121607612535,1.0
366.0,1,-1.4148060084156846,0.2692039512887474,2.9477541211741847,2.9477541211741847,1.0
366.14926797857856,2,4.368507405416722e-05,0.10282605494351671,0.013387048601477785,0.013387048601477785,1.0
366.25,1,2.040361105321466,-0.28771486040173944,6.0366420023339975,6.0366420023339975,1.0
366.3492679785785,2,0.2151508716998194,-0.9446961795953426,1.1998598790716999,1.1998598790716999,1.0
366.5,1,0.15619401726491589,-0.4400580234316811,0.3012167297800102,0.3012167297800102,1.0
366.54926797857854,2,-0.927494263148926,-1.4957612497725643,4.130726547472589,4.130726547472589,1.0
366.7492679785785,2,1.2726003833705342,0.12649559147107947,2.462417990095382,2.462417990095382,1.0
366.75,1,1.166424990522291,-0.1454820796209031,1.9651133593727892,1.9651133593727892,1.0
366.9492679785785,2,0.776871006011266,-0.21224651021872099,0.9671985439810022,0.9671985439810022,1.0
367.0,1,-0.46375479428074584,-0.6914685161443073,0.9641436216268451,0.9641436216268451,1.0
367.14926797857856,2,-0.8206451621987405,0.36658417549459177,1.1858477835559111,1.1858477835559111,1.0
367.25,1,0.06139557335451329,-0.6760789955161721,0.6344786430926118,0.6344786430926118,1.0
367.3492679785785,2,-1.0248423361008463,1.8346634052206214,5.846264434054534,5.846264434054534,1.0
367.5,1,-0.9595263358861743,1.2154422142957575,3.3428580914165673,3.3428580914165673,1.0
367.54926797857854,2,1.2305781787988472,-0.39910988886791454,2.4859273455243796,2.4859273455243796,1.0
367.7492679785785,2,0.19462100324670573,-0.44252187566450196,0.305023231426238,0.305023231426238,1.0
367.75,1,-1.8675253887689323,0.6529453515585226,5.549631438910248,5.549631438910248,1.0
367.9492679785785,2,-0.9480440137952506,0.6221197219186267,1.845439493172739,1.845439493172739,1.0
368.0,1,1.7677374929508431,-1.0335366602887914,5.9165102458801595,5.9165102458801595,1.0
368.14926797857856,2,1.003158344185593,0.603932358892382,1.979531478057419,1.979531478057419,1.0
368.25,1,0.13365868521379554,1.4658800866322252,2.9829740457621394,2.9829740457621394,1.0
368.3492679785785,2,0.20420930514774582,0.5728061983067763,0.47835569254104354,0.47835569254104354,1.0
368.5,1,-0.6289123034450661,0.41223630463056526,0.7965403984727114,0.7965403984727114,1.0
368.54926797857854,2,0.5426081711093822,-0.15888158619664416,0.4760778844541314,0.4760778844541314,1.0
368.7492679785785,2,-0.204154023481383,-0.028088169326734302,0.0638490826560274,0.0638490826560274,1.0
368.75,1,-0.0390477203961801,0.23109156070178116,0.07568582370510585,0.07568582370510585,1.0
368.9492679785785,2,-0.5260424064066243,2.5336394973965497,8.54446759363121,8.54446759363121,1.0
369.0,1,1.4699364740085628,-1.2386939603855147,5.186340683752917,5.186340683752917,1.0
369.14926797857856,2,0.5890320518547476,-0.9552988232347497,1.6787492381832756,1.6787492381832756,1.0
369.25,1,0.07695516885702602,0.7880731229170426,0.8632359601406164,0.8632359601406164,1.0
369.3492679785785,2,0.32890241410251875,-1.1421361902036038,1.814924695868841,1.814924695868841,1.0
369.5,1,1.38163832115319,-0.048020570683590336,2.718716811290153,2.718716811290153,1.0
369.54926797857854,2,1.008286932783541,0.854815167096012,2.4588266551495543,2.4588266551495543,1.0
369.7492679785785,2,-0.8071051090745378,-0.4417079040481182,1.2293132168465597,1.2293132168465597,1.0
369.75,1,-0.2316540035091741,-1.4975494962502998,3.163653167669435,3.163653167669435,1.0
369.9492679785785,2,1.3996593126418269,-0.2012257431996094,3.0056608168982586,3.0056608168982586,1.0
370.0,1,-0.7258471551402756,0.6469278601301003,1.3257027054835087,1.3257027054835087,1.0
370.14926797857856,2,0.6635713852317089,0.06680727226871142,0.6697479698231052,0.6697479698231052,1.0
370.25,1,1.1605289583569522,1.0110055153016404,3.3229482264803734,3.3229482264803734,1.0
370.3492679785785,2,0.6465031810265778,-0.23628333193322426,0.7011127627627953,0.7011127627627953,1.0
370.5,1,-1.7837466064307534,0.020347880040802124,4.526779268149889,4.526779268149889,1.0
370.54926797857854,2,-1.370292933432097,-0.5301623478068587,3.1882795762082976,3.1882795762082976,1.0
370.7492679785785,2,0.8041560190377623,-1.437050759195727,3.589494566386788,3.589494566386788,1.0
370.75,1,0.6226829701746581,-1.0403149813354498,2.041584873741504,2.041584873741504,1.0
370.9492679785785,2,1.1779131428242664,-2.2246421050932543,8.35813133571019,8.35813133571019,1.0
371.0,1,1.10540849448671,0.2258915189052484,1.8088167789775011,1.8088167789775011,1.0
371.14926797857856,2,-1.0355800861974558,-0.9059795215154454,2.656667928328294,2.656667928328294,1.0
371.25,1,-0.1599886727822195,-0.543978925277786,0.443703674518046,0.443703674518046,1.0
371.3492679785785,2,1.5949361052137334,-0.8044105386111884,4.656199670196449,4.656199670196449,1.0
371.5,1,0.5487188844723114,-0.6878000226241605,1.079382741039796,1.079382741039796,1.0
371.54926797857854,2,0.16258064582675047,0.007098136601465299,0.039934919874758425,0.039934919874758425,1.0
371.7492679785785,2,-1.2098130576226218,-0.30464194549203594,2.3246255502299413,2.3246255502299413,1.0
371.75,1,1.392545814708523,0.24225533875196348,2.8401470296713955,2.8401470296713955,1.0
371.9492679785785,2,0.6584603779055165,-0.26563696371268275,0.7431947900193843,0.7431947900193843,1.0
372.0,1,-0.3828002454310955,-0.6147189849817805,0.7286457240336243,0.7286457240336243,1.0
372.14926797857856,2,0.5095313216788853,1.0959074325599563,1.912208196068526,1.912208196068526,1.0
372.25,1,-0.09757503612858898,-0.6925445841484317,0.6736809961530555,0.6736809961530555,1.0
372.3492679785785,2,0.6452706799992605,1.7427286345627948,4.473687658811588,4.473687658811588,1.0
372.5,1,-0.12240189986020766,0.47037437390136105,0.32581207549682173,0.32581207549682173,1.0
372.54926797857854,2,-1.8597878438012145,0.5837306108945217,5.648811038003294,5.648811038003294,1.0
372.7492679785785,2,-0.5464443961243184,-1.7269813295396164,4.225949360547482,4.225949360547482,1.0
372.75,1,-0.6295613162827038,0.058734203406423546,0.5687306438957545,0.5687306438957545,1.0
372.9492679785785,2,0.3513902654132579,0.7895865660673422,0.9755235497191548,0.9755235497191548,1.0
373.0,1,1.924875375576267,-0.5117187379129122,5.632188371917117,5.632188371917117,1.0
373.14926797857856,2,0.45853873140176304,-0.3986707241307359,0.5183471669363944,0.5183471669363944,1.0
373.25,1,-0.32215001548199496,0.7632291541436391,0.9494136114357739,0.9494136114357739,1.0
373.3492679785785,2,-1.2462075819556695,-1.1682166856857572,4.070508616198919,4.070508616198919,1.0
373.5,1,1.0608404139858472,-1.2081095205170742,3.6096007010912494,3.6096007010912494,1.0
373.54926797857854,2,0.1699935421275427,0.28789934317788557,0.14855024047141602,0.14855024047141602,1.0
373.7492679785785,2,-0.3671074728693249,0.33614471923913847,0.34627055124290074,0.34627055124290074,1.0
373.75,1,-0.23630257367201324,-0.6858490528807692,0.7270060139708392,0.7270060139708392,1.0
373.9492679785785,2,0.007205482813155584,0.2542943501156447,0.08194801422131903,0.08194801422131903,1.0
374.0,1,-0.3206286064810442,-1.8633533962339737,4.92560646372245,4.92560646372245,1.0
374.14926797857856,2,-0.48935558710710225,-1.2974135873717936,2.4924334864153925,2.4924334864153925,1.0
374.25,1,0.1304411742140239,-0.36542472144743776,0.20800194590494747,0.20800194590494747,1.0
374.3492679785785,2,-1.1634673478218538,0.9138738138334634,3.0992372595647972,3.0992372595647972,1.0
374.5,1,0.3876839323507042,0.73093668936027,0.9490978674829871,0.9490978674829871,1.0
374.54926797857854,2,0.5282219948251665,-0.06013715263763686,0.4254555671017095,0.4254555671017095,1.0
374.7492679785785,2,-1.4991859808976429,-0.7872605264771408,4.173866703061347,4.173866703061347,1.0
374.75,1,-0.9471407342506524,-0.9618572235702398,2.5501055700505857,2.5501055700505857,1.0
374.9492679785785,2,0.15575397452166584,0.7242303086305455,0.7006389066559674,0.7006389066559674,1.0
375.0,1,0.8038579648330213,0.27903452684859253,1.0265818759002687,1.0265818759002687,1.0
375.14926797857856,2,-0.5645736392212548,-0.8887751896357088,1.4808766320161415,1.4808766320161415,1.0
375.25,1,0.34797039952487907,-0.4560277028660815,0.4584972482228286,0.4584972482228286,1.0
375.3492679785785,2,0.21512890431326426,0.33544825713043025,0.2122882307175606,0.2122882307175606,1.0
375.5,1,-0.25715245843703727,0.769348682979146,0.9086716186818823,0.9086716186818823,1.0
375.54926797857854,2,0.3331117887518644,0.4320097571100465,0.40371575780293284,0.40371575780293284,1.0
375.7492679785785,2,-0.13679678951482543,-1.7871873771471973,4.071732115300898,4.071732115300898,1.0
375.75,1,0.3941048633951283,0.09514936164029741,0.23347358062858922,0.23347358062858922,1.0
375.9492679785785,2,0.5727072290208781,-1.8569166039734828,4.860149122596376,4.860149122596376,1.0
376.0,1,-0.5244661375434454,-0.9269127419504493,1.5740135675724671,1.5740135675724671,1.0
376.14926797857856,2,-0.15960856117700217,-0.6513491499646973,0.5755876733959323,0.5755876733959323,1.0
376.25,1,0.4382726484618473,0.7920901224321195,1.1368234317411055,1.1368234317411055,1.0
376.3492679785785,2,0.7032524589514999,0.715494246587177,1.3941770665453914,1.3941770665453914,1.0
376.5,1,-1.533446494362579,0.5601849847861882,3.7769573562063785,3.7769573562063785,1.0
376.54926797857854,2,-0.38746802098310695,1.3705401418160683,2.6050943261344375,2.6050943261344375,1.0
376.7492679785785,2,-1.6758824563302532,0.010682914225887075,4.235405776836728,4.235405776836728,1.0
376.75,1,0.03815211466201163,-0.5545021971768209,0.42534660594061713,0.42534660594061713,1.0
376.9492679785785,2,-0.3369105385643216,0.06071537895615364,0.17584759153301954,0.17584759153301954,1.0
377.0,1,0.018147586765611123,0.442143297801854,0.2695622139033507,0.2695622139033507,1.0
377.14926797857856,2,-1.51227469344321,0.09871787470463289,3.461539358663423,3.461539358663423,1.0
377.25,1,0.4467798041728521,0.3872147598193241,0.4903533494727197,0.4903533494727197,1.0
377.3492679785785,2,1.9320855257361202,-0.24972793679710392,5.709400572368327,5.709400572368327,1.0
377.5,1,1.1535990582496787,0.3744068323712053,2.086047204795127,2.086047204795127,1.0
377.54926797857854,2,-0.49574628396081266,-0.22148827234468804,0.43283700110325907,0.43283700110325907,1.0
377.7492679785785,2,0.09800394402373414,-0.3060102912908391,0.13303077081007658,0.13303077081007658,1.0
377.75,1,-0.45672374153037154,0.2911370289210762,0.4135061941918653,0.4135061941918653,1.0
377.9492679785785,2,-1.7232026169927934,1.3888144317362414,6.920100237973436,6.920100237973436,1.0
378.0,1,0.6879536924015923,-1.748262496066321,4.880566735658612,4.880566735658612,1.0
378.14926797857856,2,0.20573413518166106,-1.3419163546196398,2.3438227342954523,2.3438227342954523,1.0
378.25,1,-0.3193444085427295,-0.10190308659810654,0.15937941114842769,0.15937941114842769,1.0
378.3492679785785,2,1.812518453980399,0.5023393774339944,5.274644537540126,5.274644537540126,1.0
378.5,1,-0.4595061654172703,1.0329184630498496,1.7687215551968913,1.7687215551968913,1.0
378.54926797857854,2,0.29320351254537513,0.26087069973523747,0.21585362599697094,0.21585362599697094,1.0
378.7492679785785,2,-1.6332422409219127,0.40662599745636463,4.231802812627953,4.231802812627953,1.0
378.75,1,-0.38269381201600794,0.505227591468552,0.5597882356133259,0.5597882356133259,1.0
378.9492679785785,2,-0.5539238919894593,-0.461544662674628,0.732425248693962,0.732425248693962,1.0
379.0,1,0.11663676463302863,1.1235534616179113,1.7570161663501276,1.7570161663501276,1.0
379.14926797857856,2,0.5597715412364472,0.09402221257612453,0.4837765276890679,0.4837765276890679,1.0
379.25,1,-1.4026906906852084,1.6998375373546804,6.77616968509693,6.77616968509693,1.0
379.3492679785785,2,0.6921720711226627,0.872199772360494,1.6858944245635517,1.6858944245635517,1.0
379.5,1,-0.45089294425847015,0.07810881696144989,0.29760825263968915,0.29760825263968915,1.0
379.54926797857854,2,-0.3735107910701849,-0.016937737560303034,0.21080289956986076,0.21080289956986076,1.0
379.7492679785785,2,1.1693311154004142,-0.7873940895455149,2.8467816805958797,2.8467816805958797,1.0
379.75,1,-0.50005102538573,-0.16010550740322316,0.39109785639780187,0.39109785639780187,1.0
379.9492679785785,2,-0.4873506278126243,-1.858699438910846,4.732079941411343,4.732079941411343,1.0
380.0,1,-1.704432773815551,1.256447587584585,6.306445545294995,6.306445545294995,1.0
380.14926797857856,2,-0.7584064394961736,0.4042048192137315,1.0743468360803687,1.0743468360803687,1.0
380.25,1,0.9878672907282144,0.2164513015213494,1.452858468374769,1.452858468374769,1.0
380.3492679785785,2,-0.7232115379458328,1.0807770228433426,2.2679527383132605,2.2679527383132605,1.0
380.5,1,-0.5344494880129851,-0.6427571906202054,0.9749148275753348,0.9749148275753348,1.0
380.54926797857854,2,0.6492753793832371,0.00844810055773415,0.6359760227984498,0.6359760227984498,1.0
380.7492679785785,2,-0.6783014262841149,-0.21121339702142983,0.7502823934134674,0.7502823934134674,1.0
380.75,1,-0.4453132156191124,-0.12803705404008525,0.3047438590443512,0.3047438590443512,1.0
380.9492679785785,2,-0.09857751469659704,0.64665185792912,0.5440634285864793,0.5440634285864793,1.0
381.0,1,1.4328204038201733,0.008561912276634942,2.921108155893577,2.921108155893577,1.0
381.14926797857856,2,-0.3878942323006491,1.2659544616603995,2.256090968907976,2.256090968907976,1.0
381.25,1,0.20285885033345252,-0.8749624909406624,1.112245917445842,1.112245917445842,1.0
381.3492679785785,2,0.7192226695106285,0.15008729171298185,0.8087410052228544,0.8087410052228544,1.0
381.5,1,-0.29386351443104175,-0.16992530228539593,0.1625846241786657,0.1625846241786657,1.0
381.54926797857854,2,-0.7362175005422316,-1.8798226457188765,5.292428028088819,5.292428028088819,1.0
381.7492679785785,2,0.1018218164120519,0.6278724141995315,0.5147041035520248,0.5147041035520248,1.0
381.75,1,-0.521314298413472,-0.910548231394662,1.5280717363374314,1.5280717363374314,1.0
381.9492679785785,2,-0.30985459400186244,0.3286071791914509,0.28150193018182135,0.28150193018182135,1.0
382.0,1,1.3338126215458246,0.11437532377365045,2.549278583096715,2.549278583096715,1.0
382.14926797857856,2,2.1939204194535336,-0.08840434402056019,7.269261574482292,7.269261574482292,1.0
382.25,1,-1.0974723026847677,0.7829282424756236,2.5572358738629517,2.5572358738629517,1.0
382.3492679785785,2,1.1263063804045537,-0.529497676278595,2.268393935654668,2.268393935654668,1.0
382.5,1,-0.26905920755626767,0.2694226524644776,0.20288316060404143,0.20288316060404143,1.0
382.54926797857854,2,1.1832214267980206,-0.09749806559741181,2.1238392562984068,2.1238392562984068,1.0
382.7492679785785,2,-0.13120831715384895,0.6399237300281548,0.5443726203651692,0.5443726203651692,1.0
382.75,1,0.02289707425421028,-0.7770785401451299,0.832023858953023,0.832023858953023,1.0
382.9492679785785,2,-0.40331061916658584,-0.486349862077315,0.5447697596896517,0.5447697596896517,1.0
383.0,1,-0.7514670074922112,0.4759102401411237,1.1152335668085227,1.1152335668085227,1.0
383.14926797857856,2,0.5163868709245314,0.9945180378483123,1.654462528840423,1.654462528840423,1.0
383.25,1,0.09508547785092603,0.4124890807645709,0.24704994778896022,0.24704994778896022,1.0
383.3492679785785,2,-1.185771327108073,0.8537853095883232,3.043774308710923,3.043774308710923,1.0
383.5,1,-0.738051300161727,-0.9288432873626302,1.9622571336185817,1.9622571336185817,1.0
383.54926797857854,2,-0.2577044819981431,-0.061528421906642095,0.10497027889412566,0.10497027889412566,1.0
383.7492679785785,2,-1.1334242931916467,0.1959095140474716,1.9858037918194142,1.9858037918194142,1.0
383.75,1,0.27049187305354394,0.354895661255231,0.2774986862565098,0.2774986862565098,1.0
383.9492679785785,2,0.07290821453495866,0.09016605770037955,0.01830923081489704,0.01830923081489704,1.0
384.0,1,-0.0983625240471504,-1.868496425264321,4.8195222845740915,4.8195222845740915,1.0
384.14926797857856,2,0.9684723090407203,0.37768900332062394,1.5952058204284074,1.5952058204284074,1.0
384.25,1,0.6274486857887069,0.7677799488197188,1.3714560103011344,1.3714560103011344,1.0
384.3492679785785,2,0.18898257904914928,-1.179010429568475,1.8140107236924876,1.8140107236924876,1.0
384.5,1,0.03341348607871453,0.282496974912414,0.11141960204879743,0.11141960204879743,1.0
384.54926797857854,2,0.03499748984764395,-0.415466212245752,0.22043001190405526,0.22043001190405526,1.0
384.7492679785785,2,-0.94919338296563,0.5733698909596718,1.7748203683920811,1.7748203683920811,1.0
384.75,1,-0.8488265444729652,-1.4314406766437209,3.8459831771804245,3.8459831771804245,1.0
384.9492679785785,2,-0.9642014176702727,-1.2690668713977118,3.441047787608868,3.441047787608868,1.0
385.0,1,-0.1038008040309144,-0.7044207928944175,0.6983630235842256,0.6983630235842256,1.0
385.14926797857856,2,-0.046405039015109395,-0.35183297227238874,0.1599785495208558,0.1599785495208558,1.0
385.25,1,-0.140567584368398,-1.0526887251689327,1.5533503572477754,1.5533503572477754,1.0
385.3492679785785,2,0.4804486981283205,0.8598311929859648,1.2842992444321968,1.2842992444321968,1.0
385.5,1,1.2001954746102932,-0.4800120689661789,2.366250883346587,2.366250883346587,1.0
385.54926797857854,2,0.8284303908381752,0.09359451023461318,1.046313918227656,1.046313918227656,1.0
385.7492679785785,2,0.37281386182953113,-0.11310078498202714,0.2257869576122458,0.2257869576122458,1.0
385.75,1,0.2854527853775721,1.494676937049773,3.1914128869537293,3.1914128869537293,1.0
385.9492679785785,2,1.2987655787104941,0.9031792650363712,3.5765763605148937,3.5765763605148937,1.0
386.0,1,-0.21817551284072678,0.7284061760063132,0.7980657319056563,0.7980657319056563,1.0
386.14926797857856,2,0.28800436035019317,-1.6226149526526568,3.4586888124893003,3.4586888124893003,1.0
386.25,1,-0.5534062047894857,0.9740433828395556,1.7415634105635585,1.7415634105635585,1.0
386.3492679785785,2,-0.2385772585806336,0.832786640135172,0.9640241983390937,0.9640241983390937,1.0
386.5,1,0.05902419795014424,1.2939177703711096,2.309113403420214,2.309113403420214,1.0
386.54926797857854,2,1.2991560810508425,-0.9285612594531027,3.6377688733576887,3.6377688733576887,1.0
386.7492679785785,2,0.25973642441427813,0.7053060548509489,0.7314903257836438,0.7314903257836438,1.0
386.75,1,-1.0390003966231554,0.06523360406172962,1.5419614625272489,1.5419614625272489,1.0
386.9492679785785,2,1.7410937019512627,-0.2810829474175165,4.671637309181009,4.671637309181009,1.0
387.0,1,-1.7609008890388473,0.13680717323456548,4.437593645109407,4.437593645109407,1.0
387.14926797857856,2,1.4528681007590656,0.4260130767045833,3.4133201723206827,3.4133201723206827,1.0
387.25,1,0.5467466035233404,-0.16255344892362444,0.46165499404732874,0.46165499404732874,1.0
387.3492679785785,2,-1.7766864893438665,-0.3259316616595669,4.895648892995312,4.895648892995312,1.0
387.5,1,-0.09984772566077993,2.1445695635309754,6.343823041388695,6.343823041388695,1.0
387.54926797857854,2,-0.38157515261040587,0.9666933352018692,1.4029968081168032,1.4029968081168032,1.0
387.7492679785785,2,-1.8168440963819616,-0.587984259255629,5.4153675959868135,5.4153675959868135,1.0
387.75,1,1.7224042784631273,0.14025194529961915,4.248505212059556,4.248505212059556,1.0
387.9492679785785,2,-0.8320258861149146,-1.095053778632165,2.562166447009708,2.562166447009708,1.0
388.0,1,1.6484198560276582,-0.6663316954237377,4.47736779413439,4.47736779413439,1.0
388.14926797857856,2,0.6397706028528969,0.03617604501110527,0.6189700414210676,0.6189700414210676,1.0
388.25,1,0.9148491540504935,-1.1518198144874194,3.016741863777925,3.016741863777925,1.0
388.3492679785785,2,-0.2034954541874061,-0.5231485286428796,0.4090067844780076,0.4090067844780076,1.0
388.5,1,-0.43311135230398357,0.316872183485291,0.40503744963860067,0.40503744963860067,1.0
388.54926797857854,2,0.6979708969672309,-1.1539111967992461,2.4209655184772183,2.4209655184772183,1.0
388.7492679785785,2,-0.6915637239664036,-0.9905295202012123,1.9632935224954569,1.9632935224954569,1.0
388.75,1,-0.17990277020944667,-0.09335618747701346,0.058051543835898,0.058051543835898,1.0
388.9492679785785,2,0.44855579826516134,-0.7011171291771099,0.9257742068231518,0.9257742068231518,1.0
389.0,1,0.9174359243451793,-0.05704305130770315,1.2020478964370158,1.2020478964370158,1.0
389.14926797857856,2,-0.18857219462710084,-0.4229419210535905,0.28011720479404967,0.28011720479404967,1.0
389.25,1,0.7793893473606968,1.1826195013567702,2.789195408082974,2.789195408082974,1.0
389.3492679785785,2,-0.2372073128072003,0.07868745794818288,0.09270835466552146,0.09270835466552146,1.0
389.5,1,-0.7954865050566298,0.15847089532473646,0.9347526328476928,0.9347526328476928,1.0
389.54926797857854,2,0.8818933927890402,0.043439495500919634,1.175538636374856,1.175538636374856,1.0
389.7492679785785,2,-0.7806464361436785,-0.1925506315671619,0.9659069856286101,0.9659069856286101,1.0
389.75,1,0.03300484702232609,1.3606092199893745,2.5500412030860535,2.5500412030860535,1.0
389.9492679785785,2,-0.37830080782483755,-1.83427349839483,4.475514080496789,4.475514080496789,1.0
390.0,1,0.06624987832855034,-0.19988899288959416,0.06124382613623202,0.06124382613623202,1.0
390.14926797857856,2,1.4150952468614229,0.4787428819435462,3.3103403954754684,3.3103403954754684,1.0
390.25,1,-0.8945115176280609,-1.1709584562942954,3.0255764485313366,3.0255764485313366,1.0
390.3492679785785,2,1.7076039128911553,-0.5633098914565107,4.799878662387024,4.799878662387024,1.0
390.5,1,0.8855524581290553,-0.745853940620874,1.8811795536188727,1.8811795536188727,1.0
390.54926797857854,2,0.841253342468308,-0.31628168531202405,1.1941919401979455,1.1941919401979455,1.0
390.7492679785785,2,-0.3894511131110079,-1.2976187397363965,2.3603517492938613,2.3603517492938613,1.0
390.75,1,-1.6137980051370189,0.208183426253008,3.765509484932026,3.765509484932026,1.0
390.9492679785785,2,-2.1011601922130367,0.733433435104434,7.339029220087295,7.339029220087295,1.0
391.0,1,-1.03336673395407,1.3285246124788497,3.9488476429547754,3.9488476429547754,1.0
391.14926797857856,2,-0.8900048799132083,-0.013926033483144806,1.1948983003241607,1.1948983003241607,1.0
391.25,1,-0.05974000717150396,1.0597237821600025,1.5507708199437156,1.5507708199437156,1.0
391.3492679785785,2,-0.39788036456556064,0.4053966236575146,0.44687815433643174,0.44687815433643174,1.0
391.5,1,0.12223868001028393,-0.05845853888150465,0.025959442835993933,0.025959442835993933,1.0
391.54926797857854,2,0.06035058135974225,-0.9148538742367585,1.065351151035438,1.065351151035438,1.0
391.7492679785785,2,-0.12060643971482321,-0.7176049183809425,0.6738473854525027,0.6738473854525027,1.0
391.75,1,-0.9537199258688691,-0.852202734824477,2.2940622446728165,2.2940622446728165,1.0
391.9492679785785,2,-0.7268500477599016,-0.09415321663491127,0.8079595081161581,0.8079595081161581,1.0
392.0,1,0.9658402328749798,-0.6916652304609769,1.985791244277336,1.985791244277336,1.0
392.14926797857856,2,2.176168880642832,-0.313410809097018,7.266734412816269,7.266734412816269,1.0
392.25,1,-0.16990988704620946,0.711075522743565,0.7370083180458665,0.7370083180458665,1.0
392.3492679785785,2,-1.1853377413877606,-1.6278540201958869,5.4745995918755845,5.4745995918755845,1.0
392.5,1,-0.6915493810909599,-0.7908011240924306,1.5409867563076238,1.5409867563076238,1.0
392.54926797857854,2,1.3199969201753081,-0.7883021055041581,3.415169060489971,3.415169060489971,1.0
392.7492679785785,2,1.3625022920575756,-0.863833602191999,3.7440829996341414,3.7440829996341414,1.0
392.75,1,0.09817164180855009,-0.1876379694062713,0.06218220624026405,0.06218220624026405,1.0
392.9492679785785,2,0.8096618715593902,1.9865960026011145,5.985162191651299,5.985162191651299,1.0
393.0,1,-0.42058491199412984,-0.5152749478048158,0.6171574475716086,0.6171574475716086,1.0
393.14926797857856,2,-1.3717417906145926,-0.3664713143008562,3.007973972454918,3.007973972454918,1.0
393.25,1,-1.540598526236133,-0.2876430774762895,3.490544669715677,3.490544669715677,1.0
393.3492679785785,2,-0.07050477223790708,-1.0242048520688805,1.3357671947986345,1.3357671947986345,1.0
393.5,1,-1.606240516609617,0.691853429134845,4.328962853072499,4.328962853072499,1.0
393.54926797857854,2,-0.1589325902430474,-0.28730472782149796,0.1426291694020022,0.1426291694020022,1.0
393.7492679785785,2,0.5931412117973647,0.8273411243802222,1.3970674232598803,1.3970674232598803,1.0
393.75,1,0.2972722233191174,-1.2124125357144955,2.149312199481033,2.149312199481033,1.0
393.9492679785785,2,1.1629454599894657,-0.7802260781778401,2.810303280726058,2.810303280726058,1.0
394.0,1,-0.4025479352302135,-1.1612719320432348,2.0868469628500588,2.0868469628500588,1.0
394.14926797857856,2,-0.7550700419072065,-0.9329544789989779,1.9619194082903455,1.9619194082903455,1.0
394.25,1,-1.0980393541484048,1.6501779783520458,5.463319180509797,5.463319180509797,1.0
394.3492679785785,2,1.4776860754352814,0.40770518195737715,3.5039446521259863,3.5039446521259863,1.0
394.5,1,0.6850588563734146,0.7288408945913396,1.3986919443588792,1.3986919443588792,1.0
394.54926797857854,2,1.3454496548135921,-0.8766605237766782,3.703797571381397,3.703797571381397,1.0
394.7492679785785,2,-1.1014505045896748,0.040102879638887146,1.8314961688205809,1.8314961688205809,1.0
394.75,1,0.45485493222795803,1.057754132204984,1.8346289499293313,1.8346289499293313,1.0
394.9492679785785,2,0.5506646656580649,0.8602871486454635,1.3942920030258361,1.3942920030258361,1.0
395.0,1,-0.6568632338129543,-0.8059303819958377,1.5079735195261017,1.5079735195261017,1.0
395.14926797857856,2,-0.834598481238249,-0.4085275173107501,1.2618508102003596,1.2618508102003596,1.0
395.25,1,1.0974288718895213,-0.8445309407651767,2.695090409068445,2.695090409068445,1.0
395.3492679785785,2,1.0383741982640622,0.9806956497060959,2.8440999141303607,2.8440999141303607,1.0
395.5,1,-0.4184139525442703,0.5958724207476429,0.737705475758567,0.737705475758567,1.0
395.54926797857854,2,0.6292585860856761,-0.40999551921744093,0.8101459784880239,0.8101459784880239,1.0
395.7492679785785,2,-0.14063464393674252,-1.3215685237245278,2.2408718187669634,2.2408718187669634,1.0
395.75,1,0.042439133520126404,0.09564112395333346,0.015155163237647554,0.015155163237647554,1.0
395.9492679785785,2,-0.030155118226478095,-0.4097501559946135,0.21393459079996663,0.21393459079996663,1.0
396.0,1,-0.1086666940393819,0.20212657933170064,0.07303852033980202,0.07303852033980202,1.0
396.14926797857856,2,-0.40291601877255445,0.38574605787129457,0.4332435350963494,0.4332435350963494,1.0
396.25,1,0.4333674380407828,1.0009283412702619,1.6461267109036748,1.6461267109036748,1.0
396.3492679785785,2,-1.0044949456857797,-1.6292410203651109,4.88300879444165,4.88300879444165,1.0
396.5,1,1.206113173964594,-0.053153938850542204,2.0732916367577903,2.0732916367577903,1.0
396.54926797857854,2,-0.6659654311000196,-0.6771083511047866,1.249575183277471,1.249575183277471,1.0
396.7492679785785,2,-0.13756358225199072,-0.16005525952512656,0.060967316966832934,0.060967316966832934,1.0
396.75,1,0.428496232110847,1.1486780765800777,2.077672764798943,2.077672764798943,1.0
396.9492679785785,2,2.0779970954493265,-0.1172871532299915,6.529423402835665,6.529423402835665,1.0
397.0,1,0.3538627970643553,0.4930259495261158,0.5127565669352245,0.5127565669352245,1.0
397.14926797857856,2,-0.9582484421555559,-0.2766611779297019,1.4817956080345263,1.4817956080345263,1.0
397.25,1,0.26268598273046173,0.35512687586657243,0.2717531264541336,0.2717531264541336,1.0
397.3492679785785,2,0.967026689627815,-0.20421375992153656,1.4632828766204675,1.4632828766204675,1.0
397.5,1,-0.5163645887191013,0.32898516524149457,0.5282529822829751,0.5282529822829751,1.0
397.54926797857854,2,-0.765987851334172,-1.3577595930810826,3.2195219229525787,3.2195219229525787,1.0
397.7492679785785,2,0.11772954354534804,-1.66883543868129,3.5466033646654744,3.5466033646654744,1.0
397.75,1,-0.05882728793474712,-0.6224376316091664,0.5382691847977866,0.5382691847977866,1.0
397.9492679785785,2,0.23717853707871228,0.24645889480234473,0.16173737494612256,0.16173737494612256,1.0
398.0,1,-0.8494897462547275,1.2887624251921004,3.31299802015656,3.31299802015656,1.0
398.14926797857856,2,-0.7133576661165115,1.363881033664903,3.122723279090658,3.122723279090658,1.0
398.25,1,1.0295608816949873,0.73077381752843,2.243069457418924,2.243069457418924,1.0
398.3492679785785,2,-0.9815528339533586,-0.048374548565643494,1.4561332067136976,1.4561332067136976,1.0
398.5,1,0.044667746407696995,0.43815540777737993,0.2670519597350556,0.2670519597350556,1.0
398.54926797857854,2,0.6174889962481256,0.22013306698351442,0.6365121487711052,0.6365121487711052,1.0
398.7492679785785,2,1.4006534709686953,-0.9009990074631915,3.9860857172003925,3.9860857172003925,1.0
398.75,1,-0.8659991792102559,-0.7284672394804321,1.7976740459204512,1.7976740459204512,1.0
398.9492679785785,2,-0.017426582385406064,-1.1984512667670835,1.8188634279810219,1.8188634279810219,1.0
399.0,1,0.81767102448398,-1.4643078806344576,3.902771011343556,3.902771011343556,1.0
399.14926797857856,2,1.2570862158577931,-0.4597760095734138,2.6510006040679603,2.6510006040679603,1.0
399.25,1,0.4200918313833757,-0.332902824877646,0.4036078729184389,0.4036078729184389,1.0
399.3492679785785,2,0.295459061266099,-0.3906375694288773,0.3248928820813475,0.3248928820813475,1.0
399.5,1,0.645222095214498,0.34443578510551554,0.755499481394912,0.755499481394912,1.0
399.54926797857854,2,0.5530633858483647,-1.3395994530939426,2.7338409455297152,2.7338409455297152,1.0
399.7492679785785,2,-0.20173491144875655,-0.8224857675826538,0.9177674943681046,0.9177674943681046,1.0
399.75,1,0.27900676498654775,-0.3099607269116902,0.24302949357038447,0.24302949357038447,1.0
399.9492679785785,2,-1.767450531358886,0.25757725573659407,4.795067657525098,4.795067657525098,1.0
400.0,1,-0.6593957539876989,-0.770999013574805,1.4368929817119316,1.4368929817119316,1.0
400.14926797857856,2,0.15518799824089946,-0.39464959743096095,0.23352126898794065,0.23352126898794065,1.0
400.25,1,-1.0798839474429567,0.9251667366179941,2.837153893776237,2.837153893776237,1.0
400.3492679785785,2,-0.261223887144979,-0.5322803148412572,0.46167487609420865,0.46167487609420865,1.0
400.5,1,-0.12234425582333408,2.004815940740192,5.552857379536389,5.552857379536389,1.0
400.54926797857854,2,0.43472627393224883,0.36492324466642323,0.45370572604943127,0.45370572604943127,1.0
400.7492679785785,2,0.5578648745162198,-0.2520952206793865,0.5497546837271704,0.5497546837271704,1.0
400.75,1,0.9471472128149045,1.2741632007788493,3.5114535365404564,3.5114535365404564,1.0
400.9492679785785,2,0.0037811594998995446,-0.03756535665127814,0.0018081518379592968,0.0018081518379592968,1.0
401.0,1,-0.7237581601528724,-0.05929790921930689,0.7501487433273912,0.7501487433273912,1.0
401.14926797857856,2,-0.13160103050863015,-0.78621229950679,0.8087582638400804,0.8087582638400804,1.0
401.25,1,0.6402688895415523,0.9054845826089792,1.7117187761183108,1.7117187761183108,1.0
401.3492679785785,2,0.7027898495299105,-2.074325535677054,6.193341150013944,6.193341150013944,1.0
401.5,1,0.8968319804773,0.11622830097946668,1.1627637071797596,1.1627637071797596,1.0
401.54926797857854,2,-0.2295357683428545,-1.5628759605942815,3.172567067418666,3.172567067418666,1.0
401.7492679785785,2,0.4159068092431468,0.5812382640746705,0.6885346278027782,0.6885346278027782,1.0
401.75,1,0.5226811994903553,1.1742494596758526,2.2869226229638837,2.2869226229638837,1.0
401.9492679785785,2,0.7925299226034745,0.7492768782941912,1.6580112799181386,1.6580112799181386,1.0
402.0,1,1.1159023648223858,-0.6221945204860972,2.3046269613035926,2.3046269613035926,1.0
402.14926797857856,2,0.015133782822543296,0.5331286886172979,0.3602152595406387,0.3602152595406387,1.0
402.25,1,0.6903183435980722,0.41121306619143283,0.9107066609207533,0.9107066609207533,1.0
402.3492679785785,2,0.8078113015251027,-1.4295042931328847,3.5717775309317323,3.5717775309317323,1.0
402.5,1,0.1186615026974156,0.8075618196110952,0.91756360641857,0.91756360641857,1.0
402.54926797857854,2,0.06031071448045111,-1.754749660253017,3.9046766232605545,3.9046766232605545,1.0
402.7492679785785,2,0.06057672524474178,1.9105589594292507,4.626572189357313,4.626572189357313,1.0
402.75,1,-0.7695885546631374,0.28350080376490894,0.9534081297110428,0.9534081297110428,1.0
402.9492679785785,2,1.1452330076930561,-0.4558166433194675,2.240983848621612,2.240983848621612,1.0
403.0,1,-1.7032968928728902,-1.1173640374174436,5.84647534556143,5.84647534556143,1.0
403.14926797857856,2,0.6884595277013315,2.6717440055145243,9.219668739046053,9.752821354132884,1.0588991242720283
403.25,1,0.15580390816503176,1.0942937872587102,1.6826876415757357,1.6826876415757357,1.0
403.3492679785785,2,-0.21766989979099094,0.37401699563623936,0.24859045052568274,0.24859045052568274,1.0
403.5,1,-0.7359977156713349,-0.3051541288364561,0.8987257332397967,0.8987257332397967,1.0
403.54926797857854,2,0.6779842633435518,1.6674885071756513,4.214319164633296,4.214319164633296,1.0
403.7492679785785,2,0.32286014144389696,-0.3162040700345532,0.28376031954133063,0.28376031954133063,1.0
403.75,1,0.5941919503216049,-0.6311961452882286,1.0508334670693276,1.0508334670693276,1.0
403.9492679785785,2,-0.023677877145596327,0.09306680615945773,0.011811082853831348,0.011811082853831348,1.0
404.0,1,1.316209420868395,-0.17554689824727632,2.5072749905926663,2.5072749905926663,1.0
404.14926797857856,2,-0.3872054114864838,-0.0489035813642289,0.22914436965044482,0.22914436965044482,1.0
404.25,1,0.09136504134474066,-0.5353433868030031,0.40632933985705866,0.40632933985705866,1.0
404.3492679785785,2,-0.029888657613101444,-0.29160900201084594,0.10902071022369507,0.10902071022369507,1.0
404.5,1,-0.752329183559926,0.11651581755482354,0.8238356230585927,0.8238356230585927,1.0
404.54926797857854,2,0.6793109805142876,0.9010462956716232,1.7241596000881254,1.7241596000881254,1.0
404.7492679785785,2,-0.6660168091015386,-0.2794360178323245,0.7677426129267608,0.7677426129267608,1.0
404.75,1,-1.1670372710036432,1.0123432693228285,3.348793316406116,3.348793316406116,1.0
404.9492679785785,2,0.6344217908138088,-0.3674107505518016,0.7778822971274937,0.7778822971274937,1.0
405.0,1,0.26408250149922985,0.8347125208383179,1.0582835499024166,1.0582835499024166,1.0
405.14926797857856,2,0.6447798343520592,0.5075828440389021,0.9532127262570855,0.9532127262570855,1.0
405.25,1,0.03354020094344001,0.550572901225495,0.4188173082278117,0.4188173082278117,1.0
405.3492679785785,2,0.6628348922131657,-0.36185077467463955,0.8284573904699164,0.8284573904699164,1.0
405.5,1,0.9658857565331616,-0.11864040949919641,1.346505334678403,1.346505334678403,1.0
405.54926797857854,2,0.8360573550267834,-1.9063789536986153,5.656470674911258,5.656470674911258,1.0
405.7492679785785,2,0.5598435131339237,-0.9991610072140524,1.7364472638528676,1.7364472638528676,1.0
405.75,1,-0.023693902867881533,-0.09023784750748831,0.012008396589167985,0.012008396589167985,1.0
405.9492679785785,2,-1.537006017277422,0.026107586514989123,3.5634916572043855,3.5634916572043855,1.0
406.0,1,0.9053917105334275,-0.026722226270621263,1.1673011601846357,1.1673011601846357,1.0
406.14926797857856,2,0.7982978455720691,-1.0724998971738415,2.4174972278084264,2.4174972278084264,1.0
406.25,1,0.5975069283139849,1.6212827627202273,4.125765919553411,4.125765919553411,1.0
406.3492679785785,2,1.049929771497581,0.2899459688504429,1.7691132558122753,1.7691132558122753,1.0
406.5,1,1.297495393431106,1.184309978282501,4.325138142857396,4.325138142857396,1.0
406.54926797857854,2,1.8763145841996547,-1.3534211168083576,7.6299657665520115,7.6299657665520115,1.0
406.7492679785785,2,-1.0086666390855843,0.8854461595172278,2.52672478466965,2.52672478466965,1.0
406.75,1,0.728896323021111,-1.5366017176431317,4.006375198348913,4.006375198348913,1.0
406.9492679785785,2,1.4740733221573699,0.2301747168651378,3.3439408827418204,3.3439408827418204,1.0
407.0,1,-0.7744654441635319,-0.5690565341294302,1.2991354900928416,1.2991354900928416,1.0
407.14926797857856,2,-0.24118963168683116,0.584989194673204,0.5210190212677168,0.5210190212677168,1.0
407.25,1,0.4291282999055106,-0.3150517122257579,0.39860166551637133,0.39860166551637133,1.0
407.3492679785785,2,0.26123575562164447,-0.8883967605228573,1.1022944227138465,1.1022944227138465,1.0
407.5,1,-1.3741490606106321,0.7104814652479217,3.380871864957889,3.380871864957889,1.0
407.54926797857854,2,-0.7661728677900879,-0.39306826278235896,1.0811123359390375,1.0811123359390375,1.0
407.7492679785785,2,-0.3153662939454094,0.5109921494257303,0.48053035387406895,0.48053035387406895,1.0
407.75,1,-0.5692538834679972,0.30995551794368303,0.593357574188017,0.593357574188017,1.0
407.9492679785785,2,0.5759708680418072,0.14631950415615158,0.5273958004087657,0.5273958004087657,1.0
408.0,1,-0.2280302984765452,-0.4279114564096229,0.32602998715064496,0.32602998715064496,1.0
408.14926797857856,2,-0.2957415572931943,-0.5128573924819655,0.464931111928668,0.464931111928668,1.0
408.25,1,-0.4302097158164706,-0.48231457683632684,0.5834905350892012,0.5834905350892012,1.0
408.3492679785785,2,-1.0994481226129906,0.6181433961846228,2.307029087286836,2.307029087286836,1.0
408.5,1,0.572123108266613,-0.7920366438213726,1.328983462258992,1.328983462258992,1.0
408.54926797857854,2,1.1056650642413235,0.36877892468975837,2.0162343879513647,2.0162343879513647,1.0
408.7492679785785,2,-0.07687616717882584,0.13660014312889146,0.03253405444097728,0.03253405444097728,1.0
408.75,1,-0.6780667445753306,-0.22765993798541295,0.7255800581118004,0.7255800581118004,1.0
408.9492679785785,2,0.9940085233465545,-1.359395210450888,3.829640746153232,3.829640746153232,1.0
409.0,1,2.1267375315587564,1.2839877075415362,8.704705177021989,8.704705177021989,1.0
409.14926797857856,2,-0.7191979275940135,0.148638046241377,0.8080745873693816,0.8080745873693816,1.0
409.25,1,0.8565617897851716,1.0987371024437618,2.7054035860178285,2.7054035860178285,1.0
409.3492679785785,2,0.400950446559186,0.7879450371612169,1.028619788784362,1.028619788784362,1.0
409.5,1,1.0064696632973522,-0.037578470377997775,1.442956932803942,1.442956932803942,1.0
409.54926797857854,2,1.0086649487696544,0.496214240807376,1.8464645533896904,1.8464645533896904,1.0
409.7492679785785,2,-0.7721071511319586,-0.7409731684717755,1.5940300975560289,1.5940300975560289,1.0
409.75,1,1.2408053362351392,0.5375330987544213,2.588520683207128,2.588520683207128,1.0
409.9492679785785,2,0.5316286812426867,0.3401654132260514,0.5727225179933594,0.5727225179933594,1.0
410.0,1,-2.254189567006023,0.5651128804665486,7.669416113433141,7.669416113433141,1.0
410.14926797857856,2,0.0002231878006693222,1.247547905760369,1.9705793270059193,1.9705793270059193,1.0
410.25,1,-0.12005882356715603,-0.9348743297576743,1.2234430154168714,1.2234430154168714,1.0
410.3492679785785,2,-0.7203545415894137,-0.7243381666032871,1.4470167702260903,1.4470167702260903,1.0
410.5,1,0.3333902528162138,-0.939058266283979,1.3717334125407858,1.3717334125407858,1.0
410.54926797857854,2,1.0818973507523886,-1.0722485805254323,3.22150231893359,3.22150231893359,1.0
410.7492679785785,2,2.66705237150928,-0.2932394781459404,9.23771899358367,10.83526676375099,1.1764241413616905
410.75,1,0.750955702885717,-1.1073781930207272,2.4904460685567296,2.4904460685567296,1.0
410.9492679785785,2,-0.30712873721860134,-0.4948117300761794,0.45220687427328343,0.45220687427328343,1.0
411.0,1,1.8242464490600607,0.5139502854721059,5.098268654630404,5.098268654630404,1.0
411.14926797857856,2,1.2090673987458693,-0.7285129053129182,2.8765593152877704,2.8765593152877704,1.0
411.25,1,0.5030995378546841,-0.41443042734974966,0.5964594741053948,0.5964594741053948,1.0
411.3492679785785,2,0.10368712895331988,-0.4649394849617483,0.2899211644525772,0.2899211644525772,1.0
411.5,1,0.297911528992044,0.3774354412731906,0.32229477886717833,0.32229477886717833,1.0
411.54926797857854,2,0.3524996723085607,0.04227113023561735,0.1896823246651996,0.1896823246651996,1.0
411.7492679785785,2,0.5447027030250986,-0.25863653839954637,0.5320723198234899,0.5320723198234899,1.0
411.75,1,1.273318327953664,1.3608064411681458,4.856080071164579,4.856080071164579,1.0
411.9492679785785,2,0.07684916983450307,0.3601646420462643,0.1731286850589521,0.1731286850589521,1.0
412.0,1,0.38453470702039994,0.8197631575788176,1.1353616786736707,1.1353616786736707,1.0
412.14926797857856,2,-0.8483313527678007,-0.3215113625431165,1.2162175180676595,1.2162175180676595,1.0
412.25,1,-0.01019375480353446,-0.5485002058130739,0.4142166333782414,0.4142166333782414,1.0
412.3492679785785,2,0.7219706765287839,1.8798442641170627,5.260599392078047,5.260599392078047,1.0
412.5,1,-0.6395847947351587,-1.4887050007287925,3.6318829000811945,3.6318829000811945,1.0
412.54926797857854,2,0.6052163196783304,-0.1864660473329316,0.5965161898565019,0.5965161898565019,1.0
412.7492679785785,2,0.3227463679828304,0.5673053397447276,0.5644853448134185,0.5644853448134185,1.0
412.75,1,-1.2702200155767587,0.5511221261615997,2.7138914080396477,2.7138914080396477,1.0
412.9492679785785,2,0.6185098537296465,-1.183310157931171,2.3495842925539576,2.3495842925539576,1.0
413.0,1,-0.2768426106269377,0.16633315678142324,0.14712503863763648,0.14712503863763648,1.0
413.14926797857856,2,-0.31189171052152886,-0.8255178586126828,1.0095241484630186,1.0095241484630186,1.0
413.25,1,-0.28466064160194193,-0.05879572325092397,0.12003629473183383,0.12003629473183383,1.0
413.3492679785785,2,0.62481683785734,0.46642484124516237,0.8642758666610685,0.8642758666610685,1.0
413.5,1,-0.19809604005992476,0.6920135752819032,0.7148638156510527,0.7148638156510527,1.0
413.54926797857854,2,1.7060751397035947,0.4493815270224726,4.646093722686702,4.646093722686702,1.0
413.7492679785785,2,1.625804413428419,-0.001365765609612879,3.9857891612498455,3.9857891612498455,1.0
413.75,1,0.19116261340520424,0.018510757564197178,0.05246899880132408,0.05246899880132408,1.0
413.9492679785785,2,-0.12012960707123455,1.0670885238359773,1.463340441353455,1.463340441353455,1.0
414.0,1,1.0932337014486802,0.7068269894150649,2.3881270756715347,2.3881270756715347,1.0
414.14926797857856,2,0.4114698892137856,-0.01399609507924815,0.25558812355473115,0.25558812355473115,1.0
414.25,1,-0.436940236521691,0.48716566224965696,0.5982534577372929,0.5982534577372929,1.0
414.3492679785785,2,0.017265833309307865,-0.44737678395238767,0.2538737603732057,0.2538737603732057,1.0
414.5,1,-1.0291521998069602,-0.9234219033209978,2.680172316995543,2.680172316995543,1.0
414.54926797857854,2,0.4727448712785556,0.2605534325790586,0.4230685452146915,0.4230685452146915,1.0
414.7492679785785,2,0.8861708060666125,-0.646107876497096,1.7126404968814029,1.7126404968814029,1.0
414.75,1,0.08658615033082029,-1.2658766847527136,2.216578139866708,2.216578139866708,1.0
414.9492679785785,2,0.2849141751974269,-0.8979686726435396,1.1432670178951692,1.1432670178951692,1.0
415.0,1,-0.5340227723544899,-1.2553539006364254,2.574945140741967,2.574945140741967,1.0
415.14926797857856,2,-0.003658340135427096,0.18796081591913172,0.04475092872651021,0.04475092872651021,1.0
415.25,1,1.5645599289500236,0.9040912225412594,4.607434885525896,4.607434885525896,1.0
415.3492679785785,2,1.5598686660802379,0.27457152408736185,3.765359711000157,3.765359711000157,1.0
415.5,1,1.0201872480511227,-0.24937671226100733,1.566121261281472,1.566121261281472,1.0
415.54926797857854,2,-1.101401948568066,-0.6780883172075995,2.412043431557016,2.412043431557016,1.0
415.7492679785785,2,-0.6357406018907081,-0.39070866606376065,0.8027052213394543,0.8027052213394543,1.0
415.75,1,2.314051976353541,0.1616732863373418,7.655477841544253,7.655477841544253,1.0
415.9492679785785,2,0.3402819154554475,-0.009348582261431204,0.17473034696202183,0.17473034696202183,1.0
416.0,1,-0.6934766080763488,-0.6315679617530598,1.2332791841568076,1.2332791841568076,1.0
416.14926797857856,2,1.0075701538979231,1.3007213216662095,3.673193597384657,3.673193597384657,1.0
416.25,1,0.6213044775363841,0.4580757706264116,0.8379786532615532,0.8379786532615532,1.0
416.3492679785785,2,-0.16374471700517734,0.9853379778597358,1.2697907219942852,1.2697907219942852,1.0
416.5,1,0.48522037114533045,0.1353330250206568,0.3601242566468698,0.3601242566468698,1.0
416.54926797857854,2,0.13678323028326478,0.008767045959508835,0.028318746280769667,0.028318746280769667,1.0
416.7492679785785,2,-0.6020768064549031,-1.189999713891881,2.3393154044171487,2.3393154044171487,1.0
416.75,1,-0.36575637506972836,0.022001950318951913,0.1910220434438272,0.1910220434438272,1.0
416.9492679785785,2,-0.4512091270331311,-0.07211955816030269,0.3136095943602655,0.3136095943602655,1.0
417.0,1,0.9324015080425667,0.17253503599450148,1.2779145432844607,1.2779145432844607,1.0
417.14926797857856,2,0.5070751341577946,-0.6512244878179807,0.9247415790851117,0.9247415790851117,1.0
417.25,1,-0.07035765390657467,-0.7450488336038141,0.7710560575172838,0.7710560575172838,1.0
417.3492679785785,2,0.7111927597729633,0.09482012486741098,0.7742658312471099,0.7742658312471099,1.0
417.5,1,-0.6872287132940151,0.8661132000298757,1.7042253373224634,1.7042253373224634,1.0
417.54926797857854,2,-0.027297677236373552,0.5421276694645396,0.37329425287024554,0.37329425287024554,1.0
417.7492679785785,2,0.1852772567887664,-0.17241025667376064,0.08939484904362109,0.08939484904362109,1.0
417.75,1,0.33405747692741095,-0.4304181576819506,0.41382143644189595,0.41382143644189595,1.0
417.9492679785785,2,0.7427534037791199,-0.25162676994031763,0.912131843469154,0.912131843469154,1.0
418.0,1,-0.6297616370447008,1.2243398183214715,2.6276463675164763,2.6276463675164763,1.0
418.14926797857856,2,0.8957161338196773,-1.1208861099860954,2.800760583817528,2.800760583817528,1.0
418.25,1,-0.505649242624485,0.34883464542446596,0.5312334910883998,0.5312334910883998,1.0
418.3492679785785,2,0.24436732665107463,0.48795725540583135,0.39155710032415314,0.39155710032415314,1.0
418.5,1,-0.02492621359567515,-0.3194511073743751,0.14132777099781216,0.14132777099781216,1.0
418.54926797857854,2,0.5143195911376388,0.32483922980155455,0.532630442664002,0.532630442664002,1.0
418.7492679785785,2,-0.9950064085528529,-0.4459288430899626,1.7446685511958235,1.7446685511958235,1.0
418.75,1,0.09821498439115217,0.40434196537940537,0.23879180962216429,0.23879180962216429,1.0
418.9492679785785,2,-0.90267541862843,-1.296303045440359,3.356256550159321,3.356256550159321,1.0
419.0,1,-0.4736155287789128,-0.45224152452150435,0.6006747335417726,0.6006747335417726,1.0
419.14926797857856,2,0.1789499653314568,0.5923235637862767,0.4925140579643791,0.4925140579643791,1.0
419.25,1,-1.1155666625696048,-0.5838011813045707,2.2396006867878326,2.2396006867878326,1.0
419.3492679785785,2,0.9585947602218958,-0.933038704104737,2.4882969747629726,2.4882969747629726,1.0
419.5,1,0.4500758615106468,0.9281806314597727,1.4738225877546376,1.4738225877546376,1.0
419.54926797857854,2,1.904628629114816,-1.0386141006729606,6.8378958374990955,6.8378958374990955,1.0
419.7492679785785,2,-0.37802059211775774,0.5224824594248112,0.5610749558700617,0.5610749558700617,1.0
419.75,1,1.318914028122311,-0.5828820048943051,2.942956946279828,2.942956946279828,1.0
419.9492679785785,2,0.5544010200720111,0.33037677537597254,0.6017080618725015,0.6017080618725015,1.0
420.0,1,0.3451462746646028,0.3732662937649085,0.3612770562122224,0.3612770562122224,1.0
420.14926797857856,2,0.189571377957364,-0.2123581075857608,0.11129742118075941,0.11129742118075941,1.0
420.25,1,-0.731676481657515,0.7773569295939602,1.5933490929242324,1.5933490929242324,1.0
420.3492679785785,2,1.0119605730954824,-0.626956232132855,2.042310152848416,2.042310152848416,1.0
420.5,1,0.842037900406984,-1.1842922732305876,2.938877185446968,2.938877185446968,1.0
420.54926797857854,2,0.27863521907263955,-0.21056383770873133,0.17325383456802002,0.17325383456802002,1.0
420.7492679785785,2,1.829447274039926,0.35486151321056525,5.206382021971133,5.206382021971133,1.0
420.75,1,-0.2035745490949905,-0.6349608215627498,0.6139894307731105,0.6139894307731105,1.0
420.9492679785785,2,0.957079845975449,-0.17269857618500772,1.4191580096634644,1.4191580096634644,1.0
421.0,1,1.3209191344886877,1.1954484829269365,4.449705310141187,4.449705310141187,1.0
421.14926797857856,2,-0.18976753349389952,0.6657796284973863,0.6155416358397329,0.6155416358397329,1.0
421.25,1,0.2849637648712342,-0.2094083699671181,0.17588428611576962,0.17588428611576962,1.0
421.3492679785785,2,-0.10615661239539431,-0.5574164391932346,0.41042995355048495,0.41042995355048495,1.0
421.5,1,-1.1533509183378987,-0.36561655432737794,2.076271319453479,2.076271319453479,1.0
421.54926797857854,2,-0.3768881510513893,-0.6214205616023918,0.7032668361357024,0.7032668361357024,1.0
421.7492679785785,2,0.09070507081452028,-2.702536911794291,9.211214312750602,9.258542836142766,1.0052335160504218
421.75,1,-0.4186828870510668,-0.44443246115515933,0.5213450231049686,0.5213450231049686,1.0
421.9492679785785,2,1.1199993537930926,0.4785134872399084,2.18161710772896,2.18161710772896,1.0
422.0,1,1.2200359843261221,0.277279421452139,2.223665452864265,2.223665452864265,1.0
422.14926797857856,2,-0.6952726908419535,1.2639995165703883,2.7519564021608485,2.7519564021608485,1.0
422.25,1,1.0654145686431056,-1.1979133364506005,3.589984032933873,3.589984032933873,1.0
422.3492679785785,2,0.9220433892034015,-0.7874365576135549,2.067430365828584,2.067430365828584,1.0
422.5,1,-0.5171823284790724,-0.7343619235274836,1.1226933007371775,1.1226933007371775,1.0
422.54926797857854,2,0.7231010467740289,0.5393561203556274,1.1570873288280588,1.1570873288280588,1.0
422.7492679785785,2,-0.5910710376696384,0.5466372207399939,0.9051115914442123,0.9051115914442123,1.0
422.75,1,0.20281705180002962,2.1307305750362175,6.3084122250885715,6.3084122250885715,1.0
422.9492679785785,2,0.7854830721872412,0.060941114863089396,0.9351600168829869,0.9351600168829869,1.0
423.0,1,-0.353976630710898,0.8840446948346816,1.254058913817144,1.254058913817144,1.0
423.14926797857856,2,0.7883423960230047,-1.6774017200826297,4.499806215659998,4.499806215659998,1.0
423.25,1,-1.1955484849165128,-0.3488102329953815,2.200951082066649,2.200951082066649,1.0
423.3492679785785,2,1.6602238356156391,0.6350231803405766,4.668001472731043,4.668001472731043,1.0
423.5,1,-1.3834284574052642,-0.6970473568146396,3.3912678665199225,3.3912678665199225,1.0
423.54926797857854,2,-0.3773098082866122,1.0507304173724137,1.6127997876750229,1.6127997876750229,1.0
423.7492679785785,2,-1.1633195305011448,-0.4093183239065361,2.252848986520417,2.252848986520417,1.0
423.75,1,1.6455643201286652,-0.4279565635711382,4.105288953092436,4.105288953092436,1.0
423.9492679785785,2,-0.8140958209745692,-1.1113011116645044,2.5630333343534084,2.5630333343534084,1.0
424.0,1,0.23879842652966676,0.02906813723546442,0.08229857715517738,0.08229857715517738,1.0
424.14926797857856,2,0.5524846848638933,1.1966621661815235,2.273465167893937,2.273465167893937,1.0
424.25,1,0.5597251474528022,-0.0241159196253804,0.4465158900882886,0.4465158900882886,1.0
424.3492679785785,2,0.9833328759428941,0.8775814729925706,2.433625640328844,2.433625640328844,1.0
424.5,1,-0.8117389571930547,-0.6542621838600517,1.5264648148651365,1.5264648148651365,1.0
424.54926797857854,2,1.56030460955302,0.2192286936525445,3.7331673684371465,3.7331673684371465,1.0
424.7492679785785,2,-0.9962440105202335,-0.7547627340143226,2.2178329314703884,2.2178329314703884,1.0
424.75,1,1.058442899846546,-0.5464684089909522,2.005225963054748,2.005225963054748,1.0
424.9492679785785,2,0.9781368155181953,0.11844476333601328,1.4606186789783602,1.4606186789783602,1.0
425.0,1,-0.2515500758451674,-1.2029675474800605,2.0820087795933544,2.0820087795933544,1.0
425.14926797857856,2,0.7843855824148811,0.046532775678290506,0.9306719710472493,0.9306719710472493,1.0
425.25,1,-0.7857934340124562,-0.2600936898743651,0.9715765321241097,0.9715765321241097,1.0
425.3492679785785,2,-0.380099360011414,-1.2230356884846483,2.1119573141953807,2.1119573141953807,1.0
425.5,1,-1.3261652807967597,0.9665934377114489,3.787700611232249,3.787700611232249,1.0
425.54926797857854,2,0.00737904970774661,-0.9793107050411649,1.2145453482320372,1.2145453482320372,1.0
425.7492679785785,2,2.0977220924451796,-2.9084716233486834,9.292335899660134,17.344693641646348,1.8831761847173574
425.75,1,-0.47424838085231347,-0.6939458210666505,0.9827999827378243,0.9827999827378243,1.0
425.9492679785785,2,-0.5415819630864815,-0.18449092982075754,0.48534213191907827,0.48534213191907827,1.0
426.0,1,0.009103705190710798,-0.2812207200687542,0.10896101639087209,0.10896101639087209,1.0
426.14926797857856,2,0.5675292827221661,0.6220713580097872,0.9755770491469066,0.9755770491469066,1.0
426.25,1,0.9958184855910748,-0.7843124170539557,2.257126465867925,2.257126465867925,1.0
426.3492679785785,2,-0.31711236400676324,0.22032095673301733,0.21310590799998738,0.21310590799998738,1.0
426.5,1,-0.43728866456636606,0.5216742764017148,0.6464632092587834,0.6464632092587834,1.0
426.54926797857854,2,-0.41508629097223615,-0.8240671976529939,1.119678910265439,1.119678910265439,1.0
426.7492679785785,2,1.605504061131712,-0.7267517244702795,4.554941344798327,4.554941344798327,1.0
426.75,1,-1.244614386379097,0.06446769829494414,2.2096423638865104,2.2096423638865104,1.0
426.9492679785785,2,0.1352712427760725,1.080304051081992,1.5049493826528693,1.5049493826528693,1.0
427.0,1,0.5104375268952133,0.813949688175315,1.282486868058739,1.282486868058739,1.0
427.14926797857856,2,0.3888116056048263,0.8144084587122133,1.067643938061356,1.067643938061356,1.0
427.25,1,-0.2822725602866907,-1.214239917447701,2.1423782375886007,2.1423782375886007,1.0
427.3492679785785,2,-0.7116491232245483,1.0875693401278408,2.2612952733606777,2.2612952733606777,1.0
427.5,1,0.04472809621583185,0.7268958719480807,0.7299357125065103,0.7299357125065103,1.0
427.54926797857854,2,0.3881625877322179,-0.6704199079742867,0.7963433576586731,0.7963433576586731,1.0
427.7492679785785,2,-1.094524559391032,0.22797078420266992,1.8720727630505811,1.8720727630505811,1.0
427.75,1,0.7374655568372663,-0.4784934608265061,1.0889358232779849,1.0889358232779849,1.0
427.9492679785785,2,-1.0157893780974794,0.6602755270024261,2.1077774501993694,2.1077774501993694,1.0
428.0,1,-0.0014048663235017855,0.5743129674281349,0.4539708818611274,0.4539708818611274,1.0
428.14926797857856,2,0.28323113654376275,0.36923018170958954,0.2935687381669675,0.2935687381669675,1.0
428.25,1,0.39515452759641345,-0.3671132788820337,0.4076011559980455,0.4076011559980455,1.0
428.3492679785785,2,-0.3603514453807346,-1.234923221640516,2.126692475146042,2.126692475146042,1.0
428.5,1,-0.1125349875483117,0.8385785317486683,0.9857138001387314,0.9857138001387314,1.0
428.54926797857854,2,0.9076638611000778,-0.18583312231653792,1.2863054058930405,1.2863054058930405,1.0
428.7492679785785,2,-0.5318469631258012,2.7687802686304614,9.2257399416996,10.130603266355875,1.0999162742323543
428.75,1,0.9056533989492896,-0.2624931345657924,1.2618014262856694,1.2618014262856694,1.0
428.9492679785785,2,0.9696127338191936,0.19725349428358996,1.4668804883543543,1.4668804883543543,1.0
429.0,1,-0.2823948321911134,0.3563048119758321,0.2881804601929623,0.2881804601929623,1.0
429.14926797857856,2,-0.05241788525285873,-0.3503484165549544,0.15953684097414333,0.15953684097414333,1.0
429.25,1,-2.3617162606611597,-0.6858640472023758,8.581742760182706,8.581742760182706,1.0
429.3492679785785,2,-0.39029406941057854,1.8493135137658712,4.559721375199785,4.559721375199785,1.0
429.5,1,0.05007578713792871,0.7336205248764589,0.7441806036403895,0.7441806036403895,1.0
429.54926797857854,2,-0.1455100632920745,-0.7997349254879307,0.8417598494168331,0.8417598494168331,1.0
429.7492679785785,2,1.5957574170064275,-0.842934604217346,4.738924416245624,4.738924416245624,1.0
429.75,1,-0.16916670554520952,0.0720844084195722,0.04786907956299815,0.04786907956299815,1.0
429.9492679785785,2,0.7506474749510179,-0.25140951611609985,0.9296804307765736,0.9296804307765736,1.0
430.0,1,1.6098996730297541,0.3988467119884138,3.906194365601654,3.906194365601654,1.0
430.14926797857856,2,1.0355444623415142,0.37682780384606396,1.7969145735887184,1.7969145735887184,1.0
430.25,1,1.4912460004188937,-1.194222716977773,5.126232186680763,5.126232186680763,1.0
430.3492679785785,2,1.2674861201414025,-1.3742289651838089,4.813946522125471,4.813946522125471,1.0
430.5,1,-0.3797694007266177,-0.33267291451958236,0.3574457704873294,0.3574457704873294,1.0
430.54926797857854,2,1.7832877323798781,-1.0897923279410815,6.300286370074331,6.300286370074331,1.0
430.7492679785785,2,0.9862386170652124,-0.011333429186871413,1.4667745666009575,1.4667745666009575,1.0
430.75,1,1.3615237783067036,0.020375970805373456,2.6381273422972153,2.6381273422972153,1.0
430.9492679785785,2,0.2761653249490381,0.43202308775053844,0.3512882344147611,0.3512882344147611,1.0
431.0,1,0.7445956922687893,-0.026437698739041338,0.7897383837386841,0.7897383837386841,1.0
431.14926797857856,2,-0.3372203967215839,-1.2484906504219513,2.1449120740112764,2.1449120740112764,1.0
431.25,1,0.662341122840985,1.7116513772966133,4.656202964333955,4.656202964333955,1.0
431.3492679785785,2,0.9801665378567437,0.6430281303597809,1.9724784006216267,1.9724784006216267,1.0
431.5,1,-0.031953478665341706,0.036710173876340235,0.0033069035675454116,0.0033069035675454116,1.0
431.54926797857854,2,-1.2917240794741942,0.560386812551199,2.9143120692178544,2.9143120692178544,1.0
431.7492679785785,2,0.679286092568522,-1.6269711791006394,4.046574761177936,4.046574761177936,1.0
431.75,1,-0.42823068902051764,-0.10129977257924594,0.27504960283771474,0.27504960283771474,1.0
431.9492679785785,2,1.0392027657394944,-0.5992741567517523,2.083168489497854,2.083168489497854,1.0
432.0,1,-0.4227225724500969,-0.9275061528292579,1.4383144566116952,1.4383144566116952,1.0
432.14926797857856,2,-0.056938575920392864,-1.4179238732057193,2.550317865681126,2.550317865681126,1.0
432.25,1,0.2516837990209755,-0.34334460858555005,0.25235873669988024,0.25235873669988024,1.0
432.3492679785785,2,-0.3810167529852424,0.17123404977284373,0.25607696861039414,0.25607696861039414,1.0
432.5,1,0.3535973219308106,1.0073373738742646,1.5742929365264464,1.5742929365264464,1.0
432.54926797857854,2,-0.9888234865610328,-0.06109991898141054,1.4795219392465087,1.4795219392465087,1.0
432.7492679785785,2,-0.390146239176421,0.4058079759568134,0.4379870327009511,0.4379870327009511,1.0
432.75,1,0.24285920617048173,-0.015371112980876234,0.08424690647116562,0.08424690647116562,1.0
432.9492679785785,2,-1.299947894881289,0.0059079901640028964,2.548350820472589,2.548350820472589,1.0
433.0,1,0.41515350198819867,0.16703560588679167,0.28361666948786984,0.28361666948786984,1.0
433.14926797857856,2,0.06680794122024869,-0.2167527339594688,0.06621371255859955,0.06621371255859955,1.0
433.25,1,-0.8206336133585022,0.2501278479370477,1.0441522319226295,1.0441522319226295,1.0
433.3492679785785,2,-0.6626082056344269,0.5551686006486687,1.05243609674965,1.05243609674965,1.0
433.5,1,-0.9944957516224466,0.32763577859020643,1.5545977950942473,1.5545977950942473,1.0
433.54926797857854,2,0.817705876701345,0.20603960480268668,1.0622982528492713,1.0622982528492713,1.0
433.7492679785785,2,-0.7783485558649637,0.42693113726508436,1.1442613336010519,1.1442613336010519,1.0
433.75,1,-0.4391945643738495,1.7469160678246247,4.475353692753382,4.475353692753382,1.0
433.9492679785785,2,-0.10936191897429914,0.08145811243956835,0.026436316961199545,0.026436316961199545,1.0
434.0,1,-0.6597421973607815,0.7053696244143932,1.304115085884113,1.304115085884113,1.0
434.14926797857856,2,0.8522784013049018,0.9591653451788744,2.2602739419759423,2.2602739419759423,1.0
434.25,1,0.6064663726296291,0.14059091954416125,0.5504497507843352,0.5504497507843352,1.0
434.3492679785785,2,-0.42336483781062384,-0.5734574668236796,0.6867237237995438,0.6867237237995438,1.0
434.5,1,-0.6690350462351522,0.1655331824716164,0.674432893368961,0.674432893368961,1.0
434.54926797857854,2,-0.4051388529107012,0.6393998240399235,0.7652739223413861,0.7652739223413861,1.0
434.7492679785785,2,1.2220305663230997,0.45065557070636686,2.508953647859671,2.508953647859671,1.0
434.75,1,0.5013719769219271,0.1148309748486156,0.37583179080397144,0.37583179080397144,1.0
434.9492679785785,2,0.11623321788538243,-1.0559447702431282,1.4319976161603116,1.4319976161603116,1.0
435.0,1,1.4329370043196996,0.37093958603528243,3.1107856374687755,3.1107856374687755,1.0
435.14926797857856,2,2.7878691289992146,-0.5079059306618898,9.253102564052584,12.048232412829122,1.3081202133948977
435.25,1,-0.7910463504944203,0.5962239655326105,1.37937207230788,1.37937207230788,1.0
435.3492679785785,2,-0.01674933053319716,0.37301728367932085,0.17659061446355692,0.17659061446355692,1.0
435.5,1,0.45475927849150866,0.1879095711205192,0.3427503434672786,0.3427503434672786,1.0
435.54926797857854,2,-0.2975560129140491,0.42195570853409947,0.35898139409285523,0.35898139409285523,1.0
435.7492679785785,2,0.5723734273710632,-0.24385187688387688,0.5692436799638192,0.5692436799638192,1.0
435.75,1,-0.0839256792801577,-0.8392529054873457,0.9795440030950137,0.9795440030950137,1.0
435.9492679785785,2,0.5902098219430543,0.20798027322137713,0.5800390195384943,0.5800390195384943,1.0
436.0,1,-0.3254820224620958,1.3570408857333138,2.685382096249804,2.685382096249804,1.0
436.14926797857856,2,0.3726780099483964,-0.6820302215542107,0.7983615415589485,0.7983615415589485,1.0
436.25,1,0.7467719147045999,0.5672028760475971,1.236078073749179,1.236078073749179,1.0
436.3492679785785,2,0.17160837986463662,1.2682800896532225,2.0810179855166595,2.0810179855166595,1.0
436.5,1,-0.04472060430475322,-0.02085903446174342,0.003443510238655887,0.003443510238655887,1.0
436.54926797857854,2,0.27343021860076044,-0.7299275567475476,0.7873997758041953,0.7873997758041953,1.0
436.7492679785785,2,0.39688162970000196,1.4766212587262988,2.997591778872412,2.997591778872412,1.0
436.75,1,-0.1333417121200844,-1.6858576258297813,3.937508493995671,3.937508493995671,1.0
436.9492679785785,2,0.6353800756210966,0.8779120754962602,1.5844783050376892,1.5844783050376892,1.0
437.0,1,0.7633808920380738,0.20126238965907994,0.8848343187137065,0.8848343187137065,1.0
437.14926797857856,2,0.5266173007502557,-0.11066257898058396,0.43373052199198275,0.43373052199198275,1.0
437.25,1,-0.22409167113565065,0.06687408127259076,0.07759259938369636,0.07759259938369636,1.0
437.3492679785785,2,1.2169557637467738,0.4986348777814644,2.548405117736468,2.548405117736468,1.0
437.5,1,-0.7773234986445599,0.196641795255319,0.9127035410606621,0.9127035410606621,1.0
437.54926797857854,2,-0.007512501349765888,-1.10378676381867,1.5428023601081735,1.5428023601081735,1.0
437.7492679785785,2,-0.6817480282903472,-0.6400676008069315,1.2194358982735798,1.2194358982735798,1.0
437.75,1,0.30665376826923874,-1.5944140662257213,3.6331684431957645,3.6331684431957645,1.0
437.9492679785785,2,-0.3199842999011757,-1.1745161308614893,1.9007933050338726,1.9007933050338726,1.0
438.0,1,1.1472450141672659,-0.5171063176707023,2.24060376960887,2.24060376960887,1.0
438.14926797857856,2,-0.18623246517647907,0.44793765548362074,0.3063382879187593,0.3063382879187593,1.0
438.25,1,0.10973037076881109,0.3764953481060562,0.2122173278671667,0.2122173278671667,1.0
438.3492679785785,2,-1.338563900752638,0.3511439839342003,2.8584604303914047,2.8584604303914047,1.0
438.5,1,-0.37375349398293034,0.41682990773504613,0.43781408748211603,0.43781408748211603,1.0
438.54926797857854,2,-0.29758406647594215,-0.5773502412372125,0.5556571131993839,0.5556571131993839,1.0
438.7492679785785,2,0.7245678646543978,-0.42894113504726583,1.0245484568186924,1.0245484568186924,1.0
438.75,1,-1.8888170420381083,1.1787980632126782,6.989094617957647,6.989094617957647,1.0
438.9492679785785,2,-0.5184261657464688,0.33948763485928346,0.5512055641447808,0.5512055641447808,1.0
439.0,1,1.6272972282426288,-0.2728274461626352,3.8700214517759526,3.8700214517759526,1.0
439.14926797857856,2,1.3091062484351443,-1.0123695817078664,3.882141056121907,3.882141056121907,1.0
439.25,1,1.3545468781403436,-0.724185753255778,3.3320155010229855,3.3320155010229855,1.0
439.3492679785785,2,0.24900302126639184,-0.3106469109249925,0.2157018560926878,0.2157018560926878,1.0
439.5,1,0.7922393070901053,-0.14957651007283346,0.9236056889902466,0.9236056889902466,1.0
439.54926797857854,2,-1.4922836970349342,-0.6100997997360427,3.830283504798878,3.830283504798878,1.0
439.7492679785785,2,0.46253749545538936,-0.2635113539853595,0.4105041453779943,0.4105041453779943,1.0
439.75,1,0.8697147866932724,-1.2771026887488137,3.321451429883756,3.321451429883756,1.0
439.9492679785785,2,-0.15540334705796655,-0.17056853573668995,0.07325141214989181,0.07325141214989181,1.0
440.0,1,-0.7430581665557887,0.40476009301518623,1.0110612861084336,1.0110612861084336,1.0
440.14926797857856,2,0.5335313878149828,-0.6941997369788471,1.0394454193364626,1.0394454193364626,1.0
440.25,1,0.13217959554254133,-0.6894746896744781,0.6791273573652593,0.6791273573652593,1.0
440.3492679785785,2,-0.9289201691272875,-0.483429867070182,1.5973682052136429,1.5973682052136429,1.0
440.5,1,-0.04857120847803564,0.41079156549751694,0.23559018918823643,0.23559018918823643,1.0
440.54926797857854,2,0.7192279942512019,-0.5137503852705372,1.1144799433252355,1.1144799433252355,1.0
440.7492679785785,2,0.052360739289515124,-0.26990350784914874,0.09635352804483323,0.09635352804483323,1.0
440.75,1,0.9245121275880881,-0.6851146540541322,1.8623297799835075,1.8623297799835075,1.0
440.9492679785785,2,-0.03929518820271749,-0.2914949111176366,0.1099005198811869,0.1099005198811869,1.0
441.0,1,-0.34617506397009934,-0.2654085647040141,0.26746140125133033,0.26746140125133033,1.0
441.14926797857856,2,-0.4417109085240658,-0.28668536623738206,0.3983111798320737,0.3983111798320737,1.0
441.25,1,0.5404247575264725,0.5539446035667996,0.8378319999040256,0.8378319999040256,1.0
441.3492679785785,2,0.8701610751464104,-0.5705346056863476,1.5541838345733543,1.5541838345733543,1.0
441.5,1,0.14847195792186874,0.20968224867039176,0.09186545782655842,0.09186545782655842,1.0
441.54926797857854,2,-0.8239987099114741,-1.3599948945662677,3.366259086949742,3.366259086949742,1.0
441.7492679785785,2,-0.5583972226332556,0.10615759846617934,0.4844500265601252,0.4844500265601252,1.0
441.75,1,1.293882990869163,0.0028584922385377354,2.382156982469384,2.382156982469384,1.0
441.9492679785785,2,0.024710601008898214,0.7212973163500678,0.6595920413914241,0.6595920413914241,1.0
442.0,1,0.5519680763646517,0.24196689834891316,0.5140673651837652,0.5140673651837652,1.0
442.14926797857856,2,1.5844238057804596,-0.9787043817805063,4.99883549182652,4.99883549182652,1.0
442.25,1,0.7094272467539791,-1.021902236655035,2.1533021699795523,2.1533021699795523,1.0
442.3492679785785,2,-0.5510061984609453,0.3156788001365758,0.5841039003857695,0.5841039003857695,1.0
442.5,1,0.6226044322950248,-0.9259182342851568,1.7312944622569604,1.7312944622569604,1.0
442.54926797857854,2,-0.9393896569972855,0.1915402886128419,1.37753529481202,1.37753529481202,1.0
442.7492679785785,2,-0.49319759516102923,-0.3900872256418264,0.5594316172118772,0.5594316172118772,1.0
442.75,1,-0.18066204792268015,-0.2679369528950719,0.14526887732721547,0.14526887732721547,1.0
442.9492679785785,2,0.6585680391451587,-1.2966977617012558,2.7827872511895957,2.7827872511895957,1.0
443.0,1,0.9749894550721956,0.145472280609928,1.381641743969968,1.381641743969968,1.0
443.14926797857856,2,0.18401253201935153,0.784612063919834,0.8305100909953594,0.8305100909953594,1.0
443.25,1,1.2588376847429386,-0.38712580494793514,2.4607232236467507,2.4607232236467507,1.0
443.3492679785785,2,-0.9246683720038442,-0.5982260317620138,1.742740300214408,1.742740300214408,1.0
443.5,1,-0.5522698218059265,-0.9947894849504673,1.79580367296336,1.79580367296336,1.0
443.54926797857854,2,-0.6742784526567853,-0.8086233705193582,1.5137926083127167,1.5137926083127167,1.0
443.7492679785785,2,1.7642181661243252,0.5740048135491964,5.1105389202416,5.1105389202416,1.0
443.75,1,0.6519284330225745,0.8479382381290801,1.5945393909781453,1.5945393909781453,1.0
443.9492679785785,2,0.5829838060028296,0.12705660077753755,0.5329826250600346,0.5329826250600346,1.0
444.0,1,-0.7838262274312652,-0.9659661937339727,2.15852890312166,2.15852890312166,1.0
444.14926797857856,2,0.21994912474074968,-0.7096010605801268,0.7104974921661033,0.7104974921661033,1.0
444.25,1,-0.9877529011599565,-0.5428292567974466,1.793598423049385,1.793598423049385,1.0
444.3492679785785,2,-0.3310673871844745,0.4376735947007848,0.40787051522641987,0.40787051522641987,1.0
444.5,1,-0.43541378835326816,-0.2197996486003282,0.33618083949787425,0.33618083949787425,1.0
444.54926797857854,2,0.2550662620623927,-1.359254695810641,2.437731542534729,2.437731542534729,1.0
444.7492679785785,2,-0.43354987865082273,0.8864313416337772,1.2781713027947577,1.2781713027947577,1.0
444.75,1,0.5464839100952328,0.9282203299059493,1.6110311748004373,1.6110311748004373,1.0
444.9492679785785,2,0.686437131479892,0.4518626476896692,0.9690934136753913,0.9690934136753913,1.0
445.0,1,1.1813688446591626,-1.205519748572046,3.9861320283926873,3.9861320283926873,1.0
445.14926797857856,2,0.03361231787953667,0.13285913799153626,0.0240530306178456,0.0240530306178456,1.0
445.25,1,-0.0958578808835635,-1.02997923118164,1.4732005352276552,1.4732005352276552,1.0
445.3492679785785,2,-1.0671427717924888,-0.3984345417579025,1.9186441707287405,1.9186441707287405,1.0
445.5,1,-0.4847517646585804,-0.7827309536744584,1.1774547288426116,1.1774547288426116,1.0
445.54926797857854,2,-1.7551771985316253,0.4704065802909554,4.927069301831569,4.927069301831569,1.0
445.7492679785785,2,1.1017559942973199,0.9945640262794537,3.0826803873184776,3.0826803873184776,1.0
445.75,1,0.43497422458649826,-0.09854612013123454,0.2825922070118367,0.2825922070118367,1.0
445.9492679785785,2,0.06399743263910462,-0.4945465995256919,0.3158195796312041,0.3158195796312041,1.0
446.0,1,-0.3616059409339418,0.9860883766165678,1.5245056096021978,1.5245056096021978,1.0
446.14926797857856,2,0.04863358452047173,1.1094729418723368,1.5620851838469743,1.5620851838469743,1.0
446.25,1,-0.08830873147424567,-1.4235920875705794,2.800465168694356,2.800465168694356,1.0
446.3492679785785,2,-0.3761425941196266,-0.26342488865536673,0.3012649237154519,0.3012649237154519,1.0
446.5,1,0.2857040074191127,0.9747007558129761,1.4236087737725716,1.4236087737725716,1.0
446.54926797857854,2,0.011031852586064539,0.6640953983560793,0.558656883983427,0.558656883983427,1.0
446.7492679785785,2,0.03433178408142934,0.918719668106001,1.0702963430729546,1.0702963430729546,1.0
446.75,1,0.8229695470609444,-0.3418416104842237,1.124593208008591,1.124593208008591,1.0
446.9492679785785,2,-0.6687393117485997,-0.34730263533951167,0.8271376642432229,0.8271376642432229,1.0
447.0,1,0.43752977952329497,0.5426863006624396,0.6777613744620586,0.6777613744620586,1.0
447.14926797857856,2,0.5002557847287,0.3199435515570359,0.5070383944867951,0.5070383944867951,1.0
447.25,1,-0.690385980291132,-1.2338028933135146,2.773304992783227,2.773304992783227,1.0
447.3492679785785,2,1.4593221833002346,0.27000492741152726,3.30441248201622,3.30441248201622,1.0
447.5,1,1.1284375435100298,-0.40838140121411914,2.0409564450046442,2.0409564450046442,1.0
447.54926797857854,2,-0.7728204591295793,0.47670344688951705,1.18866495229205,1.18866495229205,1.0
447.7492679785785,2,-0.03499838942558897,-0.3342986776289152,0.14332418749523518,0.14332418749523518,1.0
447.75,1,0.11127241953632783,0.2937715972727366,0.13642307853788233,0.13642307853788233,1.0
447.9492679785785,2,0.3702547454362122,1.328323161639525,2.4405989121109846,2.4405989121109846,1.0
448.0,1,0.5905400703427592,-0.18722769573194853,0.5444399508739923,0.5444399508739923,1.0
448.14926797857856,2,-0.9476742560345731,-0.4361095680281979,1.595290603506695,1.595290603506695,1.0
448.25,1,-0.3721269373592933,1.5237012659768974,3.392490624596568,3.392490624596568,1.0
448.3492679785785,2,-1.32307392071845,0.018954322502409582,2.6407692636714786,2.6407692636714786,1.0
448.5,1,-0.25646839023534573,-1.954290314096557,5.3498135159167655,5.3498135159167655,1.0
448.54926797857854,2,-0.6781638614423756,0.5732151010133464,1.109808424689298,1.109808424689298,1.0
448.7492679785785,2,-0.1717033138170153,-0.21616913720281694,0.1036146899568572,0.1036146899568572,1.0
448.75,1,-1.260168833421467,0.6482335463945548,2.838137220311138,2.838137220311138,1.0
448.9492679785785,2,0.49378698975350327,1.0410355518854626,1.7397889168672922,1.7397889168672922,1.0
449.0,1,-0.07310019296802006,-0.1364102289037703,0.033216549670887614,0.033216549670887614,1.0
449.14926797857856,2,-1.8984960004613467,1.5464774238607077,8.464023904524128,8.464023904524128,1.0
449.25,1,1.9613800144050408,0.7430865203581636,6.233077761944943,6.233077761944943,1.0
449.3492679785785,2,0.7871094632952843,0.8744034984907998,1.9025877496162067,1.9025877496162067,1.0
449.5,1,0.366120793448896,0.8666794030747171,1.224432933373131,1.224432933373131,1.0
449.54926797857854,2,-1.128049802505093,0.34404332751266065,2.069337337663724,2.069337337663724,1.0
449.7492679785785,2,-0.23682173838394782,1.1649422642782392,1.8025863036594587,1.8025863036594587,1.0
449.75,1,2.0161439567708688,-0.9235600698898843,6.958246924309266,6.958246924309266,1.0
449.9492679785785,2,-0.1658448883804963,1.0061658912659182,1.3231840408807767,1.3231840408807767,1.0
450.0,1,0.4206823794448885,-0.16246347298951314,0.2881324343409142,0.2881324343409142,1.0
450.14926797857856,2,-0.5621000323202294,0.24135363611581617,0.5502765872671488,0.5502765872671488,1.0
450.25,1,0.09344666041338076,-0.10841996479786165,0.02860240744450804,0.02860240744450804,1.0
450.3492679785785,2,-1.0508542298193904,0.3942305838044131,1.8624027604157445,1.8624027604157445,1.0
450.5,1,-0.3665001176728981,0.6749432853107891,0.8180298016820176,0.8180298016820176,1.0
450.54926797857854,2,1.1657792708869972,1.7076464123245598,5.7426519859370515,5.7426519859370515,1.0
450.7492679785785,2,0.23916768324199245,-1.3744717294857631,2.4778619751286066,2.4778619751286066,1.0
450.75,1,0.6767569991224519,-0.6337661001131059,1.204643192937111,1.204643192937111,1.0
450.9492679785785,2,1.0089268515027365,-0.9047819725771351,2.5715463791355306,2.5715463791355306,1.0
451.0,1,-0.06728345056989338,1.735461188878337,4.15222031388469,4.15222031388469,1.0
451.14926797857856,2,0.5345246783412528,-0.1457317145015118,0.45780479761689924,0.45780479761689924,1.0
451.25,1,-1.007337032219372,0.22820102902646955,1.5153120096573476,1.5153120096573476,1.0
451.3492679785785,2,0.02253550675042465,0.18753195556175406,0.045296980238899553,0.045296980238899553,1.0
451.5,1,0.46039405837546366,0.46023068806310174,0.593035022441057,0.593035022441057,1.0
451.54926797857854,2,-1.5929087553332202,0.8398903669759052,4.720665279507265,4.720665279507265,1.0
451.7492679785785,2,-0.028671713893685252,1.20566954634812,1.8414793507509128,1.8414793507509128,1.0
451.75,1,1.8364991177630223,0.2541285139785785,4.8881134960384545,4.8881134960384545,1.0
451.9492679785785,2,-0.6940885586607111,0.5299556263735257,1.0821029398166073,1.0821029398166073,1.0
452.0,1,0.28877105526191005,-0.031029436401352584,0.11997200583721297,0.11997200583721297,1.0
452.14926797857856,2,0.8673262285511415,-0.7082793028655603,1.769712604416914,1.769712604416914,1.0
452.25,1,-0.002960406312598307,-0.16326646259726196,0.03670107461744988,0.03670107461744988,1.0
452.3492679785785,2,-0.0774723425797422,-0.24637768580843122,0.08591528345607162,0.08591528345607162,1.0
452.5,1,0.7507718725726062,-0.41319081344419306,1.0367962683105874,1.0367962683105874,1.0
452.54926797857854,2,-0.2801460588785905,1.1561466353950394,1.8110403225403724,1.8110403225403724,1.0
452.7492679785785,2,0.2761471173658364,-0.5308052014377864,0.4716811851982212,0.4716811851982212,1.0
452.75,1,-2.0010170978437514,-0.3632261698352792,5.8791949439575735,5.8791949439575735,1.0
452.9492679785785,2,-0.698000721444797,0.9126801372878033,1.7893401216401896,1.7893401216401896,1.0
453.0,1,-0.07878753107240383,0.3382510719383607,0.166322741690423,0.166322741690423,1.0
453.14926797857856,2,-0.5114183503100811,1.2998614197696048,2.5337794591948524,2.5337794591948524,1.0
453.25,1,-1.4842438462010836,1.0894797846502646,4.767854698404064,4.767854698404064,1.0
453.3492679785785,2,-0.30561893405079277,-0.5155380226999933,0.47741709039986346,0.47741709039986346,1.0
453.5,1,-1.9623948705620833,-1.452637367881903,8.382343993557186,8.382343993557186,1.0
453.54926797857854,2,-0.05163066224578727,1.4047083504971516,2.50272913203957,2.50272913203957,1.0
453.7492679785785,2,0.7834524073353394,0.6327999690980031,1.4325202660980656,1.4325202660980656,1.0
453.75,1,0.8656806837182013,0.049952799379678225,1.0697946512558465,1.0697946512558465,1.0
453.9492679785785,2,0.02363838672276286,0.08478912486014067,0.009944519053172052,0.009944519053172052,1.0
454.0,1,0.275365247740772,-0.03821610191834601,0.10989668241523622,0.10989668241523622,1.0
454.14926797857856,2,0.6145056224132774,1.422573074944955,3.131816282404996,3.131816282404996,1.0
454.25,1,0.34697389356509367,-0.9440834402271898,1.3980334511202104,1.3980334511202104,1.0
454.3492679785785,2,-0.25215751604976055,-0.06294255434620766,0.10091943288797209,0.10091943288797209,1.0
454.5,1,0.11094370321853853,-0.8657638026102932,1.049075068778532,1.049075068778532,1.0
454.54926797857854,2,1.4824024064217962,-0.686426769663556,3.911428589549148,3.911428589549148,1.0
454.7492679785785,2,-0.21656071704020874,-0.16826883855162844,0.10656620074818224,0.10656620074818224,1.0
454.75,1,0.6787321095935825,0.13217146360287302,0.6795671800232829,0.6795671800232829,1.0
454.9492679785785,2,2.378828067274383,0.5350207402815936,8.896351250587559,8.896351250587559,1.0
455.0,1,0.49500093658801536,-0.04999609229870483,0.35206706086792283,0.35206706086792283,1.0
455.14926797857856,2,-0.19709708931510972,0.6059214606882817,0.5234392966770133,0.5234392966770133,1.0
455.25,1,1.0026237585647917,-0.13205158055999444,1.454158947793304,1.454158947793304,1.0
455.3492679785785,2,0.19785649853421117,-0.65474875868484,0.6018723459503881,0.6018723459503881,1.0
455.5,1,0.4927183750768573,0.5923488738300238,0.8282502199283752,0.8282502199283752,1.0
455.54926797857854,2,0.5638495319979137,-0.5943699983931561,0.9269236783649553,0.9269236783649553,1.0
455.7492679785785,2,0.9352347878266744,0.7379343861245351,2.0083362331059007,2.0083362331059007,1.0
455.75,1,0.045836809272188916,0.42961941097446577,0.25707710269859607,0.25707710269859607,1.0
455.9492679785785,2,-0.10882787184249743,0.41108732453538277,0.2318133517318711,0.2318133517318711,1.0
456.0,1,0.8584345032146652,0.006561391214205514,1.04854478228027,1.04854478228027,1.0
456.14926797857856,2,-1.6048800351751003,-1.4473116049121666,6.536741832193219,6.536741832193219,1.0
456.25,1,0.7960717063177043,-0.32534470009445027,1.0472851959107505,1.0472851959107505,1.0
456.3492679785785,2,1.8442015985906766,0.8894206683420354,6.131524223752443,6.131524223752443,1.0
456.5,1,0.24390425115181258,-0.4864877321635195,0.4103444899191723,0.4103444899191723,1.0
456.54926797857854,2,0.9589142200544515,0.700526681205317,2.0084401681263504,2.0084401681263504,1.0
456.7492679785785,2,-0.3225830454052204,-1.2370473893722158,2.094189632930399,2.094189632930399,1.0
456.75,1,0.5296968687448205,0.10647467268789157,0.4148547061383674,0.4148547061383674,1.0
456.9492679785785,2,-0.172605909065781,1.2045906698913882,1.8820094237826623,1.8820094237826623,1.0
457.0,1,1.1043706390787944,-0.10936333414142929,1.7517761611551776,1.7517761611551776,1.0
457.14926797857856,2,-0.9613975011380318,1.0037823807126776,2.6697289213762447,2.6697289213762447,1.0
457.25,1,0.6066973607595638,-0.14005563154442058,0.5506617935743575,0.5506617935743575,1.0
457.3492679785785,2,0.31763552724678856,-0.30319639277445454,0.2685777595342785,0.2685777595342785,1.0
457.5,1,-0.3798034208524701,-0.02100212328085327,0.20581095994367574,0.20581095994367574,1.0
457.54926797857854,2,0.1144672383240497,0.28878621558840045,0.12537212785710536,0.12537212785710536,1.0
457.7492679785785,2,0.43354889100252203,1.360213717533167,2.62568731310397,2.62568731310397,1.0
457.75,1,0.31524261688291044,-0.5952996297848578,0.6292595788901649,0.6292595788901649,1.0
457.9492679785785,2,-0.36665531511818217,1.0536037774254225,1.60815185528732,1.60815185528732,1.0
458.0,1,0.44425243522848334,-0.4801251966179194,0.5981178631415829,0.5981178631415829,1.0
458.14926797857856,2,-1.234544319120385,1.1884529000436626,4.086946327764202,4.086946327764202,1.0
458.25,1,1.8180457965943293,-0.557350219079888,5.129934962438907,5.129934962438907,1.0
458.3492679785785,2,0.7751408014032102,-0.21393520508913166,0.9642051802375816,0.9642051802375816,1.0
458.5,1,0.5613679024228118,0.26591973931875756,0.5456133743091127,0.5456133743091127,1.0
458.54926797857854,2,-0.10259853375368855,0.2742050450720299,0.11109071152957425,0.11109071152957425,1.0
458.7492679785785,2,0.41169031279243073,0.31994953173068996,0.38517636166067415,0.38517636166067415,1.0
458.75,1,1.4487022464466992,1.1607279151698826,4.8410988818938705,4.8410988818938705,1.0
458.9492679785785,2,0.1294344302102728,1.1371793647698683,1.662484462854262,1.662484462854262,1.0
459.0,1,-1.226183738498778,1.5549387419842704,5.467386674420748,5.467386674420748,1.0
459.14926797857856,2,0.5054348331572118,1.2123029653830466,2.246100835565352,2.246100835565352,1.0
459.25,1,-0.17465517801355923,0.5862203228256497,0.5163954682404832,0.5163954682404832,1.0
459.3492679785785,2,0.8666540250482255,1.0235000662454565,2.459307248664728,2.459307248664728,1.0
459.5,1,-0.05403824986030026,-1.4546468333152651,2.916298332315717,2.916298332315717,1.0
459.54926797857854,2,-0.7086775016013818,-0.09171807614225713,0.7682128505321462,0.7682128505321462,1.0
459.7492679785785,2,1.575193741325,0.05711720899562245,3.745750446160262,3.745750446160262,1.0
459.75,1,0.8016494368191619,-0.9151921275731052,2.06747166421159,2.06747166421159,1.0
459.9492679785785,2,0.15655634062347934,-1.07661631132967,1.5044380718067574,1.5044380718067574,1.0
460.0,1,0.043333637717732465,0.42480698863625843,0.25107625761331365,0.25107625761331365,1.0
460.14926797857856,2,-1.1155878521678728,-0.006741373432116227,1.877053430116574,1.877053430116574,1.0
460.25,1,-0.19048302127224392,-0.41348480996219195,0.2869387946958211,0.2869387946958211,1.0
460.3492679785785,2,1.407991513874526,-0.5432705484958493,3.3638329661728186,3.3638329661728186,1.0
460.5,1,1.1897680912781081,0.7480959793131499,2.7839050481352285,2.7839050481352285,1.0
460.54926797857854,2,0.8973552123502946,0.7851676831712879,1.995313658466392,1.995313658466392,1.0
460.7492679785785,2,0.41982756689311085,-0.4824815860315663,0.5604862234779711,0.5604862234779711,1.0
460.75,1,1.1734862832802244,0.35134751349275817,2.129431760134319,2.129431760134319,1.0
460.9492679785785,2,0.0015498271974041522,0.06876224257589847,0.005989790839653275,0.005989790839653275,1.0
461.0,1,-0.5081630629056562,0.8292715439977254,1.3140195994091872,1.3140195994091872,1.0
461.14926797857856,2,0.27832130944019373,-0.8326845085000816,0.9947206532230248,0.9947206532230248,1.0
461.25,1,0.668930766872292,0.3153892764988919,0.7735139664920423,0.7735139664920423,1.0
461.3492679785785,2,-0.9531180877753429,-1.1292340494496358,2.9848455835354515,2.9848455835354515,1.0
461.5,1,0.18885734451395186,1.307065755406187,2.4019547910870083,2.4019547910870083,1.0
461.54926797857854,2,-0.5182334595639833,0.5385474533355996,0.7723826255662684,0.7723826255662684,1.0
461.7492679785785,2,1.012131149226103,-0.5855244242871338,1.9787933756622138,1.9787933756622138,1.0
461.75,1,0.5036837170255668,-0.7262780738315264,1.0871385403187124,1.0871385403187124,1.0
461.9492679785785,2,0.679019866327313,0.676046957859306,1.2739586542273869,1.2739586542273869,1.0
462.0,1,-0.8096561111901046,1.206190442923913,2.935378715615407,2.935378715615407,1.0
462.14926797857856,2,-1.3845244734767108,-0.8292827884601319,3.761793890701733,3.761793890701733,1.0
462.25,1,-0.28686327265886846,-0.1417654745858803,0.14473494071755463,0.14473494071755463,1.0
462.3492679785785,2,0.34599612863036167,-0.3416449305269431,0.32835927620533967,0.32835927620533967,1.0
462.5,1,-0.368713237760828,1.3518192981951058,2.708378075647609,2.708378075647609,1.0
462.54926797857854,2,-0.040743580602037754,0.20559458111349027,0.05603020876789728,0.05603020876789728,1.0
462.7492679785786,2,0.46950968505948243,0.4698576412050244,0.6118948969202351,0.6118948969202351,1.0
462.75,1,-0.6873413118815124,-0.9694155702201028,1.9659584364281562,1.9659584364281562,1.0
462.9492679785785,2,0.36165239628391554,0.2944043787873367,0.3069782812290665,0.3069782812290665,1.0
463.0,1,0.9634271788577715,0.7097529481345397,2.014054993612366,2.014054993612366,1.0
463.14926797857856,2,0.4748776606491787,-1.377519755258481,2.742679270732415,2.742679270732415,1.0
463.25,1,0.45587030798438555,-0.6139993468409131,0.8145457151657978,0.8145457151657978,1.0
463.3492679785785,2,1.945308287971875,-1.8282214477791392,9.223135593343702,9.939977641771668,1.0792193600157836
463.5,1,1.0598517273086083,-0.8212621375121358,2.5261070157773187,2.5261070157773187,1.0
463.54926797857854,2,-1.0833443099143993,1.2262310806842107,3.6743229189531883,3.6743229189531883,1.0
463.7492679785786,2,1.0760019281383235,-0.7258006747263517,2.4127184249425078,2.4127184249425078,1.0
463.75,1,0.19819005768242892,-0.290337023670844,0.17193140697384543,0.17193140697384543,1.0
463.9492679785785,2,1.2172398104461926,-0.6730404781695176,2.8079044114296297,2.8079044114296297,1.0
464.0,1,1.6497356012402327,-0.3201581240176399,4.013366351365388,4.013366351365388,1.0
464.14926797857856,2,0.04653533450648384,-0.666989355862273,0.5665258898786554,0.5665258898786554,1.0
464.25,1,-0.30562437441665624,-0.06447282021795964,0.13860551157357429,0.13860551157357429,1.0
464.3492679785785,2,-1.2967479666683412,-0.10156777017790564,2.549292540510362,2.549292540510362,1.0
464.5,1,0.5298796460897746,0.8675205000007411,1.4351374062226847,1.4351374062226847,1.0
464.54926797857854,2,-0.7848348007859627,0.7014009370191561,1.5520790623220992,1.5520790623220992,1.0
464.7492679785786,2,0.6739226829894625,0.3587642563383815,0.8478005689404011,0.8478005689404011,1.0
464.75,1,1.5663469269302508,0.073657656790874,3.498510634363499,3.498510634363499,1.0
464.9492679785785,2,-1.126189456670851,0.9664748576933366,3.0952151935224372,3.0952151935224372,1.0
465.0,1,-1.5359732941737878,0.8936003666718975,4.4557995109517545,4.4557995109517545,1.0
465.14926797857856,2,0.4410164160083594,0.16416937489590033,0.32745372790170113,0.32745372790170113,1.0
465.25,1,1.8025667315020422,1.1050365690678507,6.303228285572235,6.303228285572235,1.0
465.3492679785785,2,0.259887202981971,1.3970917690760274,2.5733342179005994,2.5733342179005994,1.0
465.5,1,0.6546788344059207,-0.2952189373940959,0.7296445687472665,0.7296445687472665,1.0
465.54926797857854,2,0.3820933506793971,1.2354423038117153,2.152990626786429,2.152990626786429,1.0
465.7492679785786,2,1.58021772602322,0.13857851537410237,3.7897679884315507,3.7897679884315507,1.0
465.75,1,-1.122112420303683,0.9478484028576926,3.028412749781337,3.028412749781337,1.0
465.9492679785785,2,0.032288393004800575,-0.3972488805145966,0.2013594398718952,0.2013594398718952,1.0
466.0,1,1.1845769747373893,-0.991272839439449,3.3490497336999354,3.3490497336999354,1.0
466.14926797857856,2,0.7294564090961551,-0.0908329818618121,0.8129504027999191,0.8129504027999191,1.0
466.25,1,0.37914184854525645,-0.8666839629630427,1.2383420127327647,1.2383420127327647,1.0
466.3492679785785,2,0.14809422953984175,-0.19568830650451208,0.08156750405955768,0.08156750405955768,1.0
466.5,1,-0.21329363978386384,-1.9504783073016285,5.300404340467378,5.300404340467378,1.0
466.54926797857854,2,2.79754640618897,0.5103183401067177,9.25374034125689,12.134832460609937,1.317522694115839
466.7492679785786,2,0.9766784101453494,0.6783613894056222,2.020800369871327,2.020800369871327,1.0
466.75,1,0.15559987201760617,-0.0028064608548943326,0.034458830090948474,0.034458830090948474,1.0
466.9492679785785,2,-0.7689078131432945,0.7882677381071392,1.6781200441190403,1.6781200441190403,1.0
467.0,1,0.9157622196898234,1.2854069891284539,3.4672271113555535,3.4672271113555535,1.0
467.14926797857856,2,-0.9117220100752608,0.44999899376832175,1.5099082593858064,1.5099082593858064,1.0
467.25,1,-0.8214105255194952,0.7239106309088505,1.6810382746764454,1.6810382746764454,1.0
467.3492679785785,2,0.9283268096360637,1.7954297876013499,5.381156796390501,5.381156796390501,1.0
467.5,1,0.4255109447019172,0.09066280209308442,0.2688552983645273,0.2688552983645273,1.0
467.54926797857854,2,1.6491382824439218,0.3120277917326435,4.225273166742334,4.225273166742334,1.0
467.7492679785786,2,0.4924502071678365,0.6503824821244937,0.9011138635773348,0.9011138635773348,1.0
467.75,1,-0.9575588575433773,-0.2539083645788809,1.3933619265056227,1.3933619265056227,1.0
467.9492679785785,2,0.11235028320462437,-0.6094759668768175,0.48928585597951374,0.48928585597951374,1.0
468.0,1,1.8126638291394968,0.7319178206232468,5.411983377168214,5.411983377168214,1.0
468.14926797857856,2,-1.2032803252289979,1.8273160450070547,6.410941820283719,6.410941820283719,1.0
468.25,1,0.48037737878422493,-0.4409805664751021,0.5959123922705725,0.5959123922705725,1.0
468.3492679785785,2,0.5732385913238751,0.5079823905380145,0.8223158256444238,0.8223158256444238,1.0
468.5,1,-0.051187902226696114,-0.41425515279928327,0.23988507553561986,0.23988507553561986,1.0
468.54926797857854,2,-0.3388723092042336,0.12647571861915097,0.19345964164701418,0.19345964164701418,1.0
468.7492679785786,2,0.06861337587079319,-0.051422027781786284,0.010445930590618758,0.010445930590618758,1.0
468.75,1,-0.051621912991371754,1.495279302788929,3.081526888851077,3.081526888851077,1.0
468.9492679785785,2,0.6939750050880866,-0.25903557890373907,0.8111871291776391,0.8111871291776391,1.0
469.0,1,-0.26328431848703504,-0.8331263449056294,1.0539884099338266,1.0539884099338266,1.0
469.14926797857856,2,-1.5963080293593856,1.2525249512060794,5.829133455196477,5.829133455196477,1.0
469.25,1,0.564640227826104,1.0548952355838024,1.985092791017868,1.985092791017868,1.0
469.3492679785785,2,0.1080057106099983,-0.7705964920883002,0.7694621708675531,0.7694621708675531,1.0
469.5,1,0.7136016511074339,-0.4411491063619204,0.992179396988434,0.992179396988434,1.0
469.54926797857854,2,-1.432045216707531,0.7864685620364389,3.8764128833761955,3.8764128833761955,1.0
469.7492679785786,2,0.6475032454971712,-0.8027195849686342,1.447879085793566,1.447879085793566,1.0
469.75,1,0.7305967574665593,-1.2831024096440542,3.0257715631233624,3.0257715631233624,1.0
469.9492679785785,2,-0.3736293974887972,-1.318829301333218,2.4124508752708183,2.4124508752708183,1.0
470.0,1,1.401002202453966,1.2699990718989307,5.012603004030552,5.012603004030552,1.0
470.14926797857856,2,-0.22892810923193618,-1.4680380527367696,2.8076043999625453,2.8076043999625453,1.0
470.25,1,-1.0926871696017195,1.2651033829467622,3.9013114090285326,3.9013114090285326,1.0
470.3492679785785,2,-0.8315276211961167,0.9718001901780511,2.23860966833369,2.23860966833369,1.0
470.5,1,-0.2527393993180036,-2.267598511267294,7.167219697570084,7.167219697570084,1.0
470.54926797857854,2,-0.2989013565361218,0.6858751589547261,0.7304406257406818,0.7304406257406818,1.0
470.7492679785786,2,-0.6658381268360891,0.18216102505224008,0.7105166460453956,0.7105166460453956,1.0
470.75,1,0.1024476620052499,1.3982205205187732,2.7061454013304784,2.7061454013304784,1.0
470.9492679785785,2,0.06507867075969065,0.4924661871982847,0.3134195139429756,0.3134195139429756,1.0
471.0,1,-1.0408941178190583,-0.9960243893216907,2.9070190252661128,2.9070190252661128,1.0
471.14926797857856,2,-0.4393851963277342,0.22395232331513348,0.35465774615719986,0.35465774615719986,1.0
471.25,1,0.6032529261112116,-0.5824776780531566,0.9846724858171876,0.9846724858171876,1.0
471.3492679785785,2,-0.6545264197396836,1.6033328752616676,3.9010822345619545,3.9010822345619545,1.0
471.5,1,-0.2683721556007228,-0.6214934405375336,0.6340162373164838,0.6340162373164838,1.0
471.54926797857854,2,0.8124659802733367,0.37378325662998346,1.1725823940313262,1.1725823940313262,1.0
471.7492679785786,2,-0.5744276210611181,0.6245124481389412,0.9912861843859607,0.9912861843859607,1.0
471.75,1,-0.668324778895157,0.3956482002443602,0.8510337817799486,0.8510337817799486,1.0
471.9492679785785,2,0.3607865996386561,-0.8613333012203697,1.1355378192385652,1.1355378192385652,1.0
472.0,1,1.3379662842430542,-0.3176353702968253,2.685846223617582,2.685846223617582,1.0
472.14926797857856,2,0.027690378375581748,0.634608354143495,0.5110494128919985,0.5110494128919985,1.0
472.25,1,-0.5811286639833315,-0.8610413537584432,1.5008426321656807,1.5008426321656807,1.0
472.3492679785785,2,-1.3490251154627964,-1.3964932596450645,5.214141461387711,5.214141461387711,1.0
472.5,1,-1.856007698916998,0.29506198820883345,5.020026191070075,5.020026191070075,1.0
472.54926797857854,2,0.2839881684940071,0.9638405790274822,1.2980136032074219,1.2980136032074219,1.0
472.7492679785786,2,0.6875853506138023,0.6557413269855008,1.2572478844204111,1.2572478844204111,1.0
472.75,1,0.4773111566988666,0.26957266354772536,0.42421092761775814,0.42421092761775814,1.0
472.9492679785785,2,0.6312186874544747,-0.44770913923538114,0.8546218507812171,0.8546218507812171,1.0
473.0,1,0.5789697751133267,-0.6790862922140048,1.1116918753291587,1.1116918753291587,1.0
473.14926797857856,2,-0.4563328092086163,0.5399458604773466,0.6831794411267139,0.6831794411267139,1.0
473.25,1,-0.3632956104864209,0.22645152110411182,0.2583457374253257,0.2583457374253257,1.0
473.3492679785785,2,0.1154098321977286,-1.160959810089551,1.7267088017376464,1.7267088017376464,1.0
473.5,1,-0.732515745255994,0.9629802162636087,2.0395063316862942,2.0395063316862942,1.0
473.54926797857854,2,0.2836553702098801,1.4151499784807173,2.6573061446819777,2.6573061446819777,1.0
473.7492679785786,2,-0.03904852250975521,-1.2798435353714623,2.0758892290368682,2.0758892290368682,1.0
473.75,1,1.3539491784519826,1.31188923332809,4.977654245200263,4.977654245200263,1.0
473.9492679785785,2,0.5881350048784535,0.3699211531758877,0.6948820678927405,0.6948820678927405,1.0
474.0,1,-1.512174702257394,-0.8838809670944539,4.328811455120497,4.328811455120497,1.0
474.14926797857856,2,1.1877089862693055,-1.2165242797656513,4.001251906045489,4.001251906045489,1.0
474.25,1,-1.058676464277784,0.5907909669384894,2.0749018849294605,2.0749018849294605,1.0
474.3492679785785,2,1.09680690287365,0.7615803238015255,2.5488366878529325,2.5488366878529325,1.0
474.5,1,-1.9607703076166105,-0.014711260442116902,5.469377131696048,5.469377131696048,1.0
474.54926797857854,2,-1.066035331698079,-0.37011026513670675,1.8876377417785435,1.8876377417785435,1.0
474.7492679785786,2,-0.37441202214139,0.3925059179034136,0.40642101123753815,0.40642101123753815,1.0
474.75,1,0.3133169492036938,-0.2147240586411927,0.20315513719954137,0.20315513719954137,1.0
474.9492679785785,2,0.046117483553638206,1.6745997228894778,3.5535077288945316,3.5535077288945316,1.0
475.0,1,-0.28616481426389173,0.6731705700711723,0.7402770305264305,0.7402770305264305,1.0
475.14926797857856,2,-0.679533063786768,0.3237030122143416,0.8290882240900623,0.8290882240900623,1.0
475.25,1,0.3408919975142317,0.07929829389970511,0.17397891960990025,0.17397891960990025,1.0
475.3492679785785,2,0.41470472833612027,-1.7086444468084885,3.956058117881646,3.956058117881646,1.0
475.5,1,-0.003225785506521195,-0.5633175227453284,0.43673073492537723,0.43673073492537723,1.0
475.54926797857854,2,1.2777775127143274,-0.7650895209459989,3.2040249976103996,3.2040249976103996,1.0
475.7492679785786,2,-0.17456618592091377,-0.7381221250596015,0.7356671123149597,0.7356671123149597,1.0
475.75,1,0.22782780215641552,-0.66869686231815,0.6894162327042676,0.6894162327042676,1.0
475.9492679785785,2,0.45140391236620525,-0.6755368709223823,0.8850449619074958,0.8850449619074958,1.0
476.0,1,-0.5240152341893114,-0.8407557143044455,1.363686532857788,1.363686532857788,1.0
476.14926797857856,2,-0.34834124483769013,0.2463792899688606,0.2598616241653638,0.2598616241653638,1.0
476.25,1,1.1978254655331673,-0.5916113955256117,2.5229597254334686,2.5229597254334686,1.0
476.3492679785785,2,0.9068532219185164,1.3261352123455543,3.4672024348569606,3.4672024348569606,1.0
476.5,1,-0.0017883538051157721,-0.23516709179604067,0.07611552150996938,0.07611552150996938,1.0
476.54926797857854,2,-0.7947201622839075,1.1165371648489293,2.5313265709964563,2.5313265709964563,1.0
476.7492679785786,2,0.17487323392894538,0.023097157686830627,0.046789615085748824,0.046789615085748824,1.0
476.75,1,0.749042817322175,1.6131450371949576,4.380634866680876,4.380634866680876,1.0
476.9492679785785,2,0.5269248287365658,-1.737928109371023,4.2426433003617765,4.2426433003617765,1.0
477.0,1,-0.8689482224020071,-0.015205813606170793,1.0746370532472838,1.0746370532472838,1.0
477.14926797857856,2,1.0440313213462051,-0.013309697750019112,1.644142582474682,1.644142582474682,1.0
477.25,1,0.7962329601975751,-0.015581586826911575,0.9022913312757551,0.9022913312757551,1.0
477.3492679785785,2,0.0030011209192797317,-0.3316858509049556,0.13931747782596124,0.13931747782596124,1.0
477.5,1,-0.300547569688014,0.29164380796223544,0.24555475344056513,0.24555475344056513,1.0
477.54926797857854,2,-0.5745351169874438,1.0445679411944333,1.8796120955359847,1.8796120955359847,1.0
477.7492679785786,2,-0.2978186946585293,0.3905976322725353,0.3268912104802293,0.3268912104802293,1.0
477.75,1,1.8055602536911697,-1.1705219185814166,6.524982736931488,6.524982736931488,1.0
477.9492679785785,2,0.6928014227144987,-0.5242347712605735,1.0717707452850196,1.0717707452850196,1.0
478.0,1,-0.7147771934942462,-0.5165268228995048,1.0941707820764128,1.0941707820764128,1.0
478.14926797857856,2,1.909502356205555,0.5279059772771637,5.851991110722939,5.851991110722939,1.0
478.25,1,-1.167545528310601,-0.17743334300961067,1.9826734407327338,1.9826734407327338,1.0
478.3492679785785,2,-0.40517190521830404,-0.5135470346838287,0.5815501450018197,0.5815501450018197,1.0
478.5,1,-0.680109136578277,1.8674295943637063,5.457375762396739,5.457375762396739,1.0
478.54926797857854,2,-0.08002446495864879,1.2576436581063124,2.012549733751441,2.012549733751441,1.0
478.7492679785786,2,-0.3243947576637436,0.9440208313707421,1.2868696042660674,1.2868696042660674,1.0
478.75,1,-0.37436361452009903,-1.206385747207011,2.202910546233828,2.202910546233828,1.0
478.9492679785785,2,0.05105700247038092,0.5772113780419232,0.42574225570503355,0.42574225570503355,1.0
479.0,1,0.46309150668913457,0.9535625489864383,1.5567508481336148,1.5567508481336148,1.0
479.14926797857856,2,-0.10679274858389176,0.26713860867238637,0.10755556078079605,0.10755556078079605,1.0
479.25,1,0.4600832010492777,0.06318998972994727,0.3066440207339396,0.3066440207339396,1.0
479.3492679785785,2,0.4285911622737246,0.2648950945288373,0.3659103421429481,0.3659103421429481,1.0
479.5,1,0.8402285568509864,-0.6720835186711636,1.6259446556534456,1.6259446556534456,1.0
479.54926797857854,2,1.6722461040312253,-1.5807788413645465,7.3824835460031775,7.3824835460031775,1.0
479.7492679785786,2,0.12168196064781434,-0.2400169408236339,0.09525684898175132,0.09525684898175132,1.0
479.75,1,-0.7512654549571867,-0.5214401560911925,1.1774130308772535,1.1774130308772535,1.0
479.9492679785785,2,0.8975616753472586,0.747517133315573,1.9223755234155742,1.9223755234155742,1.0
480.0,1,-0.2054786687843979,0.4082201516732553,0.289458257569196,0.289458257569196,1.0
480.14926797857856,2,1.186628634790329,-0.439412781965125,2.368132853738597,2.368132853738597,1.0
480.25,1,0.5546925765733768,-1.6211303007512763,4.054939307512877,4.054939307512877,1.0
480.3492679785785,2,0.9361836820150038,-1.097461875580084,2.8470080669919797,2.8470080669919797,1.0
480.5,1,0.42248085106797584,-1.4889347335659435,3.304960899764515,3.304960899764515,1.0
480.54926797857854,2,1.5158485061794564,0.6291448964024786,3.967265123381826,3.967265123381826,1.0
480.7492679785786,2,0.4347042274284014,0.3339055461868057,0.42610229040170855,0.42610229040170855,1.0
480.75,1,-0.024144838073733244,-0.7599134757774024,0.7957869892504282,0.7957869892504282,1.0
480.9492679785785,2,-0.9781615646549779,-1.006595335331954,2.725731090510786,2.725731090510786,1.0
481.0,1,1.0216738473647027,-1.79433033439593,5.9169715241741505,5.9169715241741505,1.0
481.14926797857856,2,1.0205930455779506,0.9183227885377145,2.638701684427061,2.638701684427061,1.0
481.25,1,-1.0226318041505125,-1.7218420476277871,5.568409455156514,5.568409455156514,1.0
481.3492679785785,2,-0.8308656807160326,-0.2828513760511515,1.1425428764171868,1.1425428764171868,1.0
481.5,1,-1.1637279896401296,0.8066485511835695,2.8220141506309475,2.8220141506309475,1.0
481.54926797857854,2,-0.0970667592241905,1.3041234658402288,2.1678909761052636,2.1678909761052636,1.0
481.7492679785786,2,-0.036537367409974486,0.6319167971546968,0.5075327106997712,0.5075327106997712,1.0
481.75,1,1.0037593465596197,0.8493131102796183,2.4266713376529547,2.4266713376529547,1.0
481.9492679785785,2,1.3227821642551563,0.421064436142633,2.863232687538164,2.863232687538164,1.0
482.0,1,-1.184076128159628,0.358175051623316,2.17143064492159,2.17143064492159,1.0
482.14926797857856,2,-0.47198057219321665,0.09882176189325831,0.3483382335930419,0.3483382335930419,1.0
482.25,1,-0.9381270751661801,-0.3644795732250863,1.4349257828287483,1.4349257828287483,1.0
482.3492679785785,2,0.5816572593757177,0.7504481481696503,1.223402553350522,1.223402553350522,1.0
482.5,1,0.625553375728988,-0.7535321392932377,1.338121502240659,1.338121502240659,1.0
482.54926797857854,2,1.3448520554635417,-0.0815981233362768,2.73659241391307,2.73659241391307,1.0
482.7492679785786,2,-0.3577317593990159,0.8370558731101476,1.079985635189471,1.079985635189471,1.0
482.75,1,0.3486085088248929,-1.14475149549595,1.9769367160061408,1.9769367160061408,1.0
482.9492679785785,2,-0.38151514981765455,-0.5313339181972596,0.5769320014720146,0.5769320014720146,1.0
483.0,1,0.03944373856718908,-0.282232686678185,0.11185936654957274,0.11185936654957274,1.0
483.14926797857856,2,0.25029234776495235,-0.7791904139805279,0.8632029629409533,0.8632029629409533,1.0
483.25,1,1.3809609776014655,0.48200110253354334,3.032905057195636,3.032905057195636,1.0
483.3492679785785,2,-0.06873028067980158,-0.06402767293022293,0.01231596957129135,0.01231596957129135,1.0
483.5,1,-0.3490207559412579,-0.2142595652542294,0.2364691447290761,0.2364691447290761,1.0
483.54926797857854,2,-0.5339782660647701,0.13401832079799547,0.4528431358283247,0.4528431358283247,1.0
483.7492679785786,2,0.5026415108238278,1.0952054346280704,1.8994690662662463,1.8994690662662463,1.0
483.75,1,0.403572725587245,1.097164678690219,1.8889000522067394,1.8889000522067394,1.0
483.9492679785785,2,0.48338143621097673,0.9873125490368633,1.5865001314784464,1.5865001314784464,1.0
484.0,1,3.0916320363030154,0.15314082409821728,9.26559611300532,13.631838287915926,1.4800580366598401
484.14926797857856,2,0.9900319679558716,0.30601622782762083,1.5966568579514187,1.5966568579514187,1.0
484.25,1,-1.0331624571939222,-0.16407481813934055,1.5554937788345398,1.5554937788345398,1.0
484.3492679785785,2,1.2532785707463585,-1.1666001115937057,4.091930716561765,4.091930716561765,1.0
484.5,1,0.4888708718669914,-0.1314888486437531,0.36373915255863004,0.36373915255863004,1.0
484.54926797857854,2,-0.07641731150658604,0.6120198518750888,0.4830813283843513,0.4830813283843513,1.0
484.7492679785786,2,0.7271634957571367,0.44483327357907676,1.0477562167596925,1.0477562167596925,1.0
484.75,1,0.5868381230125888,0.49106406913898404,0.8219144975320667,0.8219144975320667,1.0
484.9492679785785,2,-1.2404531060963975,-0.6190831411774651,2.8054651662016097,2.8054651662016097,1.0
485.0,1,-0.7400500109356507,1.5576405120006132,4.118543882395122,4.118543882395122,1.0
485.14926797857856,2,-0.6827638291408187,0.3162944235380567,0.8296550705362854,0.8296550705362854,1.0
485.25,1,0.37101137959540553,0.6571915454032413,0.7902122754333314,0.7902122754333314,1.0
485.3492679785785,2,-1.1579743638744042,-0.05411537416319234,2.026010365738586,2.026010365738586,1.0
485.5,1,-0.5055442210485981,0.8679913620924071,1.400317750247623,1.400317750247623,1.0
485.54926797857854,2,-0.2688030351895345,0.0981923543134755,0.12118937899314733,0.12118937899314733,1.0
485.7492679785786,2,0.8307582110850515,-0.5643661772261197,1.4438305539575964,1.4438305539575964,1.0
485.75,1,0.46290316627250405,-1.595438962822949,3.8086635353081935,3.8086635353081935,1.0
485.9492679785785,2,0.9427320393798526,0.48101783093095296,1.6330953549155918,1.6330953549155918,1.0
486.0,1,0.36390183514303587,1.532970925120401,3.4228968658963703,3.4228968658963703,1.0
486.14926797857856,2,0.8754659872168356,0.7464862285089802,1.8613351878239595,1.8613351878239595,1.0
486.25,1,-0.7756206114538413,0.5231159499767761,1.2324201463210827,1.2324201463210827,1.0
486.3492679785785,2,1.595268537947516,-0.2273854782371254,3.9036225882801205,3.9036225882801205,1.0
486.5,1,1.4429837335611517,0.8298133054749388,3.9094303994089046,3.9094303994089046,1.0
486.54926797857854,2,-0.3478545012858998,0.672973048787747,0.7559747267634163,0.7559747267634163,1.0
486.7492679785786,2,-0.9125593798832776,-0.3544533902937661,1.4147322190673255,1.4147322190673255,1.0
486.75,1,-1.3156382148714023,-1.301979454690383,4.7962351025888035,4.7962351025888035,1.0
486.9492679785785,2,-2.035716341251146,0.018184410930381034,6.2496848410932495,6.2496848410932495,1.0
487.0,1,0.175318353949506,1.1511679368544345,1.8677210782070293,1.8677210782070293,1.0
487.14926797857856,2,0.30181288008191,3.818583341187751,9.295517592055308,18.59845060211323,2.019301117111997
487.25,1,-0.5692004242380468,-0.9833085372909887,1.7912997485042437,1.7912997485042437,1.0
487.3492679785785,2,0.4492552706703097,2.078604353680021,5.773970987306492,5.773970987306492,1.0
487.5,1,0.9894533500228344,1.4087527805567057,4.123002941190522,4.123002941190522,1.0
487.54926797857854,2,0.25548047579085953,-0.18655596791193663,0.14249290001817336,0.14249290001817336,1.0
487.7492679785786,2,-0.31605771472438793,0.7845326669390893,0.9296151351717228,0.9296151351717228,1.0
487.75,1,0.4649347282505203,-0.40976317540510454,0.538614028088879,0.538614028088879,1.0
487.9492679785785,2,1.3052678485719222,0.5311409378987757,2.9258478684234386,2.9258478684234386,1.0
488.0,1,-0.0609187022701656,0.6307198520782702,0.5527430539391938,0.5527430539391938,1.0
488.14926797857856,2,-0.7851879562487216,-0.6967938679773975,1.5442405170983324,1.5442405170983324,1.0
488.25,1,0.4750015847734339,-0.8439196761501688,1.3009816570120147,1.3009816570120147,1.0
488.3492679785785,2,2.2437517454988143,0.4244549740703474,7.819906498911864,7.819906498911864,1.0
488.5,1,-0.39298261341853946,0.28882702969207763,0.3344346810844332,0.3344346810844332,1.0
488.54926797857854,2,0.13326477912286228,0.37755050133452794,0.20725776601304605,0.20725776601304605,1.0
488.7492679785786,2,-0.19042628740203815,-0.4302768839011404,0.2890061472979597,0.2890061472979597,1.0
488.75,1,-0.7907269908064807,-0.6264136564084959,1.429613571390798,1.429613571390798,1.0
488.9492679785785,2,0.949240482671267,0.46862879258198165,1.6365998386034042,1.6365998386034042,1.0
489.0,1,0.5102377070764934,-0.9924556909196798,1.7259222286798983,1.7259222286798983,1.0
489.14926797857856,2,0.04382796414484824,-0.4903411535754305,0.30727025528643964,0.30727025528643964,1.0
489.25,1,-0.4233303789628642,1.1844776663050096,2.185622229389934,2.185622229389934,1.0
489.3492679785785,2,1.1160898582393348,2.638349288495441,9.233918371452491,10.691213576326085,1.1607837652618875
489.5,1,0.028154619226521405,0.926284667450608,1.1817028169460921,1.1817028169460921,1.0
489.54926797857854,2,1.3914650719933654,0.8802531633278252,3.900929468584273,3.900929468584273,1.0
489.7492679785786,2,-1.0894410404875612,0.060858089714349806,1.7940813519770824,1.7940813519770824,1.0
489.75,1,0.25871957084058517,-0.31052953111495674,0.22794697206585693,0.22794697206585693,1.0
489.9492679785785,2,0.6621801547414443,-0.2183902911806581,0.7215025098348997,0.7215025098348997,1.0
490.0,1,-1.1899853580676174,-0.6089379979642313,2.524735973022443,2.524735973022443,1.0
490.14926797857856,2,0.23701246379977636,1.3520849983531447,2.3989731792744364,2.3989731792744364,1.0
490.25,1,1.1731378446390317,-0.31210244107371965,2.091663610077843,2.091663610077843,1.0
490.3492679785785,2,0.9210803490402517,-0.6207383508964139,1.7672050780368354,1.7672050780368354,1.0
490.5,1,-0.6567591688896517,-0.11285031068831941,0.6310106483153269,0.6310106483153269,1.0
490.54926797857854,2,-1.4697294268914805,1.4805773493477425,6.0332255019324394,6.0332255019324394,1.0
490.7492679785786,2,0.9713389189267634,0.07963934903008019,1.4305445229159706,1.4305445229159706,1.0
490.75,1,-1.238065385003853,-0.20865763111755253,2.2406774042603756,2.2406774042603756,1.0
490.9492679785785,2,0.3621538914949838,0.7096248103206628,0.8352044656178252,0.8352044656178252,1.0
491.0,1,0.18988767822382036,-1.7314914997662343,4.177487441779622,4.177487441779622,1.0
491.14926797857856,2,1.4261000248296785,-0.3074118586047616,3.1864462651358316,3.1864462651358316,1.0
491.25,1,-0.5461656825509618,-0.5725342099103545,0.8754226329092527,0.8754226329092527,1.0
491.3492679785785,2,-1.746579245641335,-0.34069730953480226,4.747393713383007,4.747393713383007,1.0
491.5,1,0.8635724621916716,0.23781869028488467,1.1385568306081815,1.1385568306081815,1.0
491.54926797857854,2,0.0011752656944548079,0.16000467377747274,0.03241763154833563,0.03241763154833563,1.0
491.7492679785786,2,-0.061669803425460135,-0.6090271569594017,0.4752353220340754,0.4752353220340754,1.0
491.75,1,1.2544386047594163,-0.7109660742834971,2.9346370536679807,2.9346370536679807,1.0
491.9492679785785,2,0.17687722921283244,0.1815951231079116,0.08891985311850753,0.08891985311850753,1.0
492.0,1,-0.3545860684393243,-1.1877160717128186,2.1204135255051484,2.1204135255051484,1.0
492.14926797857856,2,2.1221534248975775,-0.029974417316499746,6.792457037924002,6.792457037924002,1.0
492.25,1,0.8945490847091313,-0.7399449631142405,1.8918245417822235,1.8918245417822235,1.0
492.3492679785785,2,0.2756434007692632,0.6705341613784483,0.6838409495539897,0.6838409495539897,1.0
492.5,1,-0.07424817871385958,0.27486001888923317,0.1118025864781495,0.1118025864781495,1.0
492.54926797857854,2,1.2987768947907543,1.5254496128479138,5.49055114521947,5.49055114521947,1.0
492.7492679785786,2,-0.8341958040846889,0.0075738523960517945,1.0493227387861812,1.0493227387861812,1.0
492.75,1,-1.2317937280626903,-0.23981480458495774,2.237999434439246,2.237999434439246,1.0
492.9492679785785,2,-1.1589581714965393,0.8976892748823517,3.0455510008170297,3.0455510008170297,1.0
493.0,1,-0.29204701114031417,-0.8127446797486233,1.0305037332208615,1.0305037332208615,1.0
493.14926797857856,2,-0.34889275835236555,0.16414428849770824,0.21767846766484983,0.21767846766484983,1.0
493.25,1,-1.295781595112389,1.4861677539294522,5.42823944972501,5.42823944972501,1.0
493.3492679785785,2,-0.717632152160689,-0.827652188140686,1.6439969531599776,1.6439969531599776,1.0
493.5,1,1.5701600350378486,1.225006421488665,5.571926243167227,5.571926243167227,1.0
493.54926797857854,2,-0.36975318477346475,0.15756198797424936,0.2376424628159845,0.2376424628159845,1.0
493.7492679785786,2,0.44521807055848406,-1.0172901770074192,1.6088868107959806,1.6088868107959806,1.0
493.75,1,-0.44059855135452874,0.3453655462306009,0.4403965139539402,0.4403965139539402,1.0
493.9492679785785,2,-0.028119298196539244,1.0676128440543504,1.4441186043368064,1.4441186043368064,1.0
494.0,1,-0.7527740345912872,-0.3128307770399985,0.9409008404620688,0.9409008404620688,1.0
494.14926797857856,2,-0.7902648838893191,-1.2185023597113063,2.8215784440204033,2.8215784440204033,1.0
494.25,1,0.002072854492934262,0.34290237169004145,0.16183113696452864,0.16183113696452864,1.0
494.3492679785785,2,1.192264806195534,0.36446521055902004,2.3120714145181696,2.3120714145181696,1.0
494.5,1,-0.19349857941722526,0.6924020651066063,0.713015978044374,0.713015978044374,1.0
494.54926797857854,2,-0.6846929364860537,-0.03470305014400843,0.7086258130375079,0.7086258130375079,1.0
494.7492679785786,2,1.0637843608715234,-0.07560353641682571,1.7135907602733036,1.7135907602733036,1.0
494.75,1,0.7429906028404756,-0.26010780979638604,0.878597776019594,0.878597776019594,1.0
494.9492679785785,2,0.4914990535494943,1.0552308169186664,1.7739593861953316,1.7739593861953316,1.0
495.0,1,-0.047837830821652716,-0.9430417676526321,1.2273411646983394,1.2273411646983394,1.0
495.14926797857856,2,-1.1430739000023076,0.5008273829141974,2.288073445465028,2.288073445465028,1.0
495.25,1,-1.623705305754528,0.18804187175265197,3.7992460722136947,3.7992460722136947,1.0
495.3492679785785,2,0.7899378751701995,1.1197412252254235,2.528669506241469,2.528669506241469,1.0
495.5,1,1.7692618800929254,1.503147258682151,7.562169185223315,7.562169185223315,1.0
495.54926797857854,2,0.9231405732510916,0.16042896200564316,1.3179733889867289,1.3179733889867289,1.0
495.7492679785786,2,0.385752018924689,-0.4428482680234267,0.47264111390564134,0.47264111390564134,1.0
495.75,1,1.7693204018855209,-0.38844601023636205,4.662021183584229,4.662021183584229,1.0
495.9492679785785,2,-0.2637508070799859,-0.9833962303867232,1.3292010926192552,1.3292010926192552,1.0
496.0,1,1.0737593609265692,-0.5614564804077817,2.074272605095664,2.074272605095664,1.0
496.14926797857856,2,0.292917059766598,0.12011524586975941,0.14766402327200553,0.14766402327200553,1.0
496.25,1,-1.3476884395279476,-0.6514977574478216,3.168037011387147,3.168037011387147,1.0
496.3492679785785,2,1.2643677198219179,-0.7978366369242467,3.2170833976968245,3.2170833976968245,1.0
496.5,1,-0.8430852989877295,1.7571461758032538,5.260190519027611,5.260190519027611,1.0
496.54926797857854,2,0.5351271008378213,-0.1344742909245369,0.45483175937956155,0.45483175937956155,1.0
496.7492679785786,2,0.14238330158611578,-0.6424357926356772,0.5530405082861753,0.5530405082861753,1.0
496.75,1,0.10536204142241745,0.05290191994457505,0.01964828556605998,0.01964828556605998,1.0
496.9492679785785,2,-0.9165020673486954,0.4951478990075251,1.5770920384560585,1.5770920384560585,1.0
497.0,1,-1.5394621087899267,-1.0603089464408681,4.919363060850493,4.919363060850493,1.0
497.14926797857856,2,-0.6594742682286623,-0.5732444381701638,1.0719504360690255,1.0719504360690255,1.0
497.25,1,-0.9407602559449089,-0.16748909279938795,1.2976881926343464,1.2976881926343464,1.0
497.3492679785785,2,-0.7537409656614291,1.5678095811638753,3.9692099092916813,3.9692099092916813,1.0
497.5,1,-0.41309227861902187,1.2496793129891053,2.391970708266804,2.391970708266804,1.0
497.54926797857854,2,-0.09868915277239765,1.1467619166444196,1.679935723946724,1.679935723946724,1.0
497.7492679785786,2,0.17351958376122534,7.38568546978513e-05,0.045402203685172095,0.045402203685172095,1.0
497.75,1,0.32952858131016516,0.9018076949593334,1.2740319436098062,1.2740319436098062,1.0
497.9492679785785,2,0.39957299354146825,-0.10841523887843874,0.25565201735539084,0.25565201735539084,1.0
498.0,1,0.273360421586363,-0.0008098240469829321,0.10631950763096287,0.10631950763096287,1.0
498.14926797857856,2,0.6399722544651092,0.20099976551868837,0.6688381076784339,0.6688381076784339,1.0
498.25,1,0.5951731579361041,0.7929716109081495,1.3693984293102237,1.3693984293102237,1.0
498.3492679785785,2,0.163640386091906,0.4075039020549127,0.25065338537143306,0.25065338537143306,1.0
498.5,1,0.6502621264686526,0.30308680691726564,0.7279229307410922,0.7279229307410922,1.0
498.54926797857854,2,1.0167975917518632,0.5648682800379234,1.9635264104645236,1.9635264104645236,1.0
498.7492679785786,2,0.16805057091743558,-0.7120468338968606,0.6844259946723116,0.6844259946723116,1.0
498.75,1,-0.6780785722572675,-0.7882262761114158,1.5095266858392447,1.5095266858392447,1.0
498.9492679785785,2,-1.7914645642217928,0.728366898212627,5.511507149877958,5.511507149877958,1.0
499.0,1,-1.3660710219681045,0.7422539257392735,3.413498895572807,3.413498895572807,1.0
499.14926797857856,2,-1.3716725974294777,-0.29202267478704336,2.945561954679211,2.945561954679211,1.0
499.25,1,-0.22398209986462048,-1.2137034941233487,2.0988466449271748,2.0988466449271748,1.0
499.3492679785785,2,0.6660596262233232,-0.565973635054122,1.0747258645005902,1.0747258645005902,1.0
499.5,1,1.0819866143365213,1.1145857824678502,3.375046605605406,3.375046605605406,1.0
499.54926797857854,2,0.8328183526286952,0.32683187486044263,1.1814654325484628,1.1814654325484628,1.0
499.7492679785786,2,-0.20394595058990062,0.21991917094368274,0.12394790178931597,0.12394790178931597,1.0
499.75,1,-0.2721924267248115,0.4968387026372998,0.44523655522792094,0.44523655522792094,1.0
499.9492679785785,2,1.4101686927402455,0.13476978744338086,3.0218881033357885,3.0218881033357885,1.0
500.0,1,0.8480431747372399,0.4593069164349106,1.3136317835839941,1.3136317835839941,1.0
500.14926797857856,2,-1.2559225391589703,-0.37037459736778433,2.552588379294164,2.552588379294164,1.0
500.25,1,-1.1216522364696195,-0.7701150503745682,2.6061545298241575,2.6061545298241575,1.0
500.3492679785785,2,-0.4736405753510282,0.8668229033349366,1.2897738584097291,1.2897738584097291,1.0
500.5,1,0.8758794590350227,-0.21930702827095172,1.157513316922398,1.157513316922398,1.0
500.54926797857854,2,-0.30747232185640216,-0.170832943142172,0.17955874812290712,0.17955874812290712,1.0
500.7492679785786,2,-0.5481454183256074,-0.9258280111906558,1.5381985375355534,1.5381985375355534,1.0
500.75,1,0.5761503665592791,0.37627336441551273,0.6672453378098658,0.6672453378098658,1.0
500.9492679785785,2,-0.41815702075751826,-1.0262642827137711,1.5971059763330517,1.5971059763330517,1.0
501.0,1,0.9724006240631271,1.960214323231797,6.634433975502554,6.634433975502554,1.0
501.14926797857856,2,-0.6941284620888055,-1.6433307351557829,4.145887635995689,4.145887635995689,1.0
501.25,1,0.4267446259347536,-0.35470366655975094,0.43225197946291805,0.43225197946291805,1.0
501.3492679785785,2,0.63972836570573,0.3752897920621274,0.7956099586230994,0.7956099586230994,1.0
501.5,1,1.031051127984566,-0.8051122393432896,2.4043489769780786,2.4043489769780786,1.0
501.54926797857854,2,-0.09913942377936191,0.5758780088033957,0.43477981247129244,0.43477981247129244,1.0
501.7492679785786,2,-1.7964149042205793,-1.3496746852730288,7.172428637960726,7.172428637960726,1.0
501.75,1,-0.3921384951814044,1.0494831871821364,1.7350368417777144,1.7350368417777144,1.0
501.9492679785785,2,0.43770750504790357,-0.738493404660022,0.979391777956581,0.979391777956581,1.0
502.0,1,-0.8354927580106009,-0.9693534951033632,2.2866076262876867,2.2866076262876867,1.0
502.14926797857856,2,0.298814605523158,0.8229567353089855,0.9921637443077742,0.9921637443077742,1.0
502.25,1,0.8651960570286004,-1.5060514503329416,4.1868400901141305,4.1868400901141305,1.0
502.3492679785785,2,1.2829188624558499,-0.213505554398161,2.5401974565320184,2.5401974565320184,1.0
502.5,1,1.4267425720285303,0.755355239344103,3.680965789767301,3.680965789767301,1.0
502.54926797857854,2,0.10277852037776203,-0.2642409241725836,0.10435227935639406,0.10435227935639406,1.0
502.7492679785786,2,-0.5953498028275725,1.6810634564920932,4.11202958168044,4.11202958168044,1.0
502.75,1,-0.6846260000017685,-0.07365701416715797,0.6744201016415187,0.6744201016415187,1.0
502.9492679785785,2,1.027100673664838,0.843590159645156,2.491895795593712,2.491895795593712,1.0
503.0,1,-0.4417707955274186,-0.08258314968656966,0.2870657874349633,0.2870657874349633,1.0
503.14926797857856,2,-0.739650595108075,-0.1318123539773337,0.8471025272784422,0.8471025272784422,1.0
503.25,1,-0.7498606191933761,0.6080968767396788,1.3089192693738716,1.3089192693738716,1.0
503.3492679785785,2,-0.4622784259913808,-0.38735960667141256,0.5123197514094923,0.5123197514094923,1.0
503.5,1,-0.2026964001199354,-0.7644054517890859,0.862611551580372,0.862611551580372,1.0
503.54926797857854,2,-0.4963962102064392,-1.0620640079688373,1.8000678982967682,1.8000678982967682,1.0
503.7492679785786,2,-0.6222331315187923,-0.25906435928167415,0.6688093983324592,0.6688093983324592,1.0
503.75,1,1.2611224440364743,-2.2172079969246337,9.030591784644955,9.030591784644955,1.0
503.9492679785785,2,0.24807866770545406,0.1900595098275395,0.13854455788231068,0.13854455788231068,1.0
504.0,1,-1.2686120808329884,1.1991877924261234,4.269321757142327,4.269321757142327,1.0
504.14926797857856,2,0.05407970342242141,0.4356740413078899,0.24473851656092618,0.24473851656092618,1.0
504.25,1,-0.028132727773555022,0.30331668820823876,0.12775399001656326,0.12775399001656326,1.0
504.3492679785785,2,-1.5732888804711251,-0.3606746985113438,3.8981244661364154,3.8981244661364154,1.0
504.5,1,-0.5680249329502041,0.6610851612132089,1.0604583257329447,1.0604583257329447,1.0
504.54926797857854,2,0.3685922165756086,1.5830822062127285,3.378518672228186,3.378518672228186,1.0
504.7492679785786,2,-0.6943123732845509,-0.525912747159667,1.0770888814401114,1.0770888814401114,1.0
504.75,1,-0.6437393871008465,1.0208637924528594,2.0243370616483327,2.0243370616483327,1.0
504.9492679785785,2,0.02228543354072965,0.09963837470792192,0.013318026982696324,0.013318026982696324,1.0
505.0,1,-0.22121389051364115,0.1166792518847628,0.08836605695775288,0.08836605695775288,1.0
505.14926797857856,2,-0.37029946186203233,-0.4186462358101244,0.4287148137198368,0.4287148137198368,1.0
505.25,1,-0.2148651268678332,-0.15239287626916964,0.09764552118202344,0.09764552118202344,1.0
505.3492679785785,2,0.24296987270229797,0.7464130734990084,0.7944986944625602,0.7944986944625602,1.0
505.5,1,0.04267466277651,-1.1520498468926004,1.8291798391024048,1.8291798391024048,1.0
505.54926797857854,2,0.426872084897409,0.5130188494576429,0.6081435883551961,0.6081435883551961,1.0
505.7492679785786,2,-0.6096124940686889,-1.5036251867705543,3.422585290543082,3.422585290543082,1.0
505.75,1,-0.7203184365344928,-0.35012677349425647,0.9070671054270116,0.9070671054270116,1.0
505.9492679785785,2,0.43414853758687943,1.3547557639208858,2.607904670813657,2.607904670813657,1.0
506.0,1,-0.46075590579839165,-0.7861343400175747,1.1527461598302708,1.1527461598302708,1.0
506.14926797857856,2,0.016782147283256332,0.8613786906708638,0.939864834717261,0.939864834717261,1.0
506.25,1,0.27045342937406147,-1.4612733390313117,3.0430689252909136,3.0430689252909136,1.0
506.3492679785785,2,-0.441681373948557,0.5876492465788832,0.7315123092876918,0.7315123092876918,1.0
506.5,1,0.6623120336840185,0.4004540791294312,0.8447141322587353,0.8447141322587353,1.0
506.54926797857854,2,-0.0071244854326470985,-1.2214215859084843,1.8892627206419097,1.8892627206419097,1.0
506.7492679785786,2,0.8261281938389138,0.7876468830594229,1.81455351579976,1.81455351579976,1.0
506.75,1,0.6998584457396873,1.6297430174095306,4.35336657466793,4.35336657466793,1.0
506.9492679785785,2,0.7152712396484151,-0.8825330280806354,1.7576319619205276,1.7576319619205276,1.0
507.0,1,0.7217731842727144,1.0367315183575714,2.2207063582743167,2.2207063582743167,1.0
507.14926797857856,2,-0.5030021388629362,-1.1672616352527336,2.106701222288452,2.106701222288452,1.0
507.25,1,0.5204224341515253,-1.5504055202315519,3.693797245750077,3.693797245750077,1.0
507.3492679785785,2,-0.372937813670867,0.015181863082772917,0.21007056776329455,0.21007056776329455,1.0
507.5,1,-0.15890919881387866,1.5220614659124694,3.2242491661213046,3.2242491661213046,1.0
507.54926797857854,2,0.7136242047704386,-0.48447836268835465,1.0654041277808772,1.0654041277808772,1.0
507.7492679785786,2,-0.1794288766684855,1.145365037022154,1.7093053534647342,1.7093053534647342,1.0
507.75,1,-1.1461946847482651,-0.7198620899740474,2.582783186177009,2.582783186177009,1.0
507.9492679785785,2,1.0242275744878762,0.9939715733374921,2.83286712291687,2.83286712291687,1.0
508.0,1,0.9597862764229408,0.6097019778995718,1.8223790020523323,1.8223790020523323,1.0
508.14926797857856,2,-1.1177360904222957,0.016858354240871454,1.8845944945589805,1.8845944945589805,1.0
508.25,1,0.13074743113630616,-0.5875821490294302,0.4995187850304148,0.4995187850304148,1.0
508.3492679785785,2,0.41258469645212714,1.583724275255594,3.432684936971095,3.432684936971095,1.0
508.5,1,-0.2872414127226235,0.8467187512175817,1.104052267627349,1.104052267627349,1.0
508.54926797857854,2,0.2331062242677413,0.7096067279559573,0.719609882763552,0.719609882763552,1.0
508.7492679785786,2,0.6630463276739307,0.170689945491042,0.6998326329640022,0.6998326329640022,1.0
508.75,1,-0.4195317750576786,0.08042460805065599,0.25935255285073705,0.25935255285073705,1.0
508.9492679785785,2,0.37342580870833797,-0.4886278844314432,0.5125744517672985,0.5125744517672985,1.0
509.0,1,-0.0248619011041189,0.011606382247932645,0.0010648880113505758,0.0010648880113505758,1.0
509.14926797857856,2,0.6676873265464973,0.16915445939983076,0.7085893082780755,0.7085893082780755,1.0
509.25,1,0.5607855722816886,-0.07397595700364645,0.45493839531321073,0.45493839531321073,1.0
509.3492679785785,2,-0.6745804162728821,-1.3476430761415592,2.9860159600029244,2.9860159600029244,1.0
509.5,1,1.4895883713251399,-0.28494536994874325,3.2682069362403974,3.2682069362403974,1.0
509.54926797857854,2,1.1729121939326062,0.8931714079840822,3.0853718367424756,3.0853718367424756,1.0
509.7492679785786,2,0.1129210662365614,0.9398616894794507,1.1374960974714654,1.1374960974714654,1.0
509.75,1,1.0123436136314319,-0.4695111934516051,1.7617553794800918,1.7617553794800918,1.0
509.9492679785785,2,0.6040106535741196,-0.0068639765619229465,0.5502504244586378,0.5502504244586378,1.0
510.0,1,0.017718442879693486,-0.1817616350170369,0.045922540935338686,0.045922540935338686,1.0
510.14926797857856,2,-0.7123807009164702,0.15271591567090786,0.7949147788303079,0.7949147788303079,1.0
510.25,1,-0.08452060006532647,0.4709377501615248,0.3154192911077931,0.3154192911077931,1.0
510.3492679785785,2,0.9092900134706299,-0.47908992776405124,1.5377097092524838,1.5377097092524838,1.0
510.5,1,-0.12672033590749376,-1.1783691953821547,1.9338436494992854,1.9338436494992854,1.0
510.54926797857854,2,-0.14575559651361325,-1.1832878051753222,1.805107761974391,1.805107761974391,1.0
510.7492679785786,2,-1.3737632986497907,0.7906119856224467,3.6371809157006996,3.6371809157006996,1.0
510.75,1,0.21862237151559127,-0.3594455521780256,0.24587211714621426,0.24587211714621426,1.0
510.9492679785785,2,-0.09830363384676488,0.8386480922933361,0.9050214211784704,0.9050214211784704,1.0
511.0,1,-0.557333112219784,0.4031421624841711,0.6656685177017001,0.6656685177017001,1.0
511.14926797857856,2,-0.9899799809523593,0.5335140039508852,1.8385060184929305,1.8385060184929305,1.0
511.25,1,-0.027814381936116295,0.06724431056009805,0.007324336587676467,0.007324336587676467,1.0
511.3492679785785,2,-1.4262384457552408,-0.9671301557382632,4.2524727644226745,4.2524727644226745,1.0
511.5,1,-0.5381823539546928,1.5687230053249812,3.7988340939614096,3.7988340939614096,1.0
511.54926797857854,2,-0.04410453920578972,0.48682908951553977,0.30305492418401714,0.30305492418401714,1.0
511.7492679785786,2,0.33573293141503835,0.2935484550031622,0.2790609351458745,0.2790609351458745,1.0
511.75,1,-0.540941396503809,-0.45290814012233693,0.698759660141498,0.698759660141498,1.0
511.9492679785785,2,-1.7270522322918451,-1.349530913618116,6.803919737811521,6.803919737811521,1.0
512.0,1,-0.5529883457344673,-0.42823494786992655,0.6875204089999623,0.6875204089999623,1.0
512.1492679785786,2,1.2877706748163913,1.6153030822018661,5.80471539421767,5.80471539421767,1.0
512.25,1,0.6038316537745094,1.5085916879149643,3.6511500510048447,3.6511500510048447,1.0
512.3492679785785,2,0.528602338278962,2.2811581767895355,7.010491787557989,7.010491787557989,1.0
512.5,1,0.49558033935146684,0.9467460571213528,1.5829505870635858,1.5829505870635858,1.0
512.5492679785785,2,0.3487652444720819,0.6463110238140373,0.712442715730176,0.712442715730176,1.0
512.7492679785786,2,0.06337527449461122,0.30389509553425054,0.12297016524492149,0.12297016524492149,1.0
512.75,1,-0.22482813901055065,0.5827970383983148,0.539499941282455,0.539499941282455,1.0
512.9492679785785,2,1.7906039653474273,0.03845774295777393,4.837163634812297,4.837163634812297,1.0
513.0,1,0.8242199280592866,-1.4137315242441335,3.7176933100150773,3.7176933100150773,1.0
513.1492679785786,2,-0.2662187921168717,-0.9165490915115513,1.1705211410134488,1.1705211410134488,1.0
513.25,1,-0.1252518268597027,-0.2724996514451984,0.12452322496731073,0.12452322496731073,1.0
513.3492679785785,2,-0.0906205421909978,0.7370192267479989,0.7001970345493326,0.7001970345493326,1.0
513.5,1,0.06947327426357974,0.3941848928696984,0.22071015842287264,0.22071015842287264,1.0
513.5492679785785,2,-0.14247675017201789,-1.00492963727836,1.309453621385977,1.309453621385977,1.0
513.7492679785786,2,-0.12194895912281001,-0.012189355142286612,0.022613880303445164,0.022613880303445164,1.0
513.75,1,0.4057188575869932,0.7459132686165724,1.0001621306802393,1.0001621306802393,1.0
513.9492679785785,2,-0.2659488180036811,-0.8262414094890347,0.9709603392674641,0.9709603392674641,1.0
514.0,1,-0.521229392269557,-0.320542093629685,0.527981223729967,0.527981223729967,1.0
514.1492679785786,2,0.05040207795032048,-0.9558430640157793,1.160617441015935,1.160617441015935,1.0
514.25,1,-0.6996736385337563,0.25111297637523583,0.7832549151005016,0.7832549151005016,1.0
514.3492679785785,2,-1.2108882271689763,0.3870119472220953,2.401196965199127,2.401196965199127,1.0
514.5,1,0.8646129811283474,0.4431707122403978,1.3337308895391426,1.3337308895391426,1.0
514.5492679785785,2,-0.19600628900053296,-0.2826557283148672,0.15912230375853875,0.15912230375853875,1.0
514.7492679785786,2,0.07225148297377393,-0.22507060650269936,0.0720010320290772,0.0720010320290772,1.0
514.75,1,-0.11430492806906978,0.5900017114715707,0.4977967088239942,0.4977967088239942,1.0
514.9492679785785,2,-1.3862022462222372,-0.5721953239041228,3.31236593318161,3.31236593318161,1.0
515.0,1,0.23789040177277276,0.19711077154474427,0.13400017623968324,0.13400017623968324,1.0
515.1492679785786,2,0.10693892960016815,1.6530120239393606,3.4768946203207443,3.4768946203207443,1.0
515.25,1,0.6862661180020488,-0.04446425016665993,0.6727486456388888,0.6727486456388888,1.0
515.3492679785785,2,-0.43170106667974273,0.8165396072452292,1.1253347358866603,1.1253347358866603,1.0
515.5,1,-0.6429098683451022,0.27302369638426777,0.6905750885609607,0.6905750885609607,1.0
515.5492679785785,2,0.5118801270947277,-0.5006559193362113,0.7126459615684719,0.7126459615684719,1.0
515.7492679785786,2,-1.5952692502037924,1.6268099036947545,7.187949895735048,7.187949895735048,1.0
515.75,1,-0.596410760211636,0.7619371061706238,1.3053445866975357,1.3053445866975357,1.0
515.9492679785785,2,0.4691118648618249,-0.2014289837037779,0.3832441273511651,0.3832441273511651,1.0
516.0,1,0.11376305895385808,-0.17757353805092688,0.061818314429797724,0.061818314429797724,1.0
516.1492679785786,2,-0.5599649698135747,-0.6307675526335099,0.9766622068393184,0.9766622068393184,1.0
516.25,1,-0.42325489736170563,0.20333235069881284,0.3117705761829515,0.3117705761829515,1.0
516.3492679785785,2,-0.423625992297447,-0.18890780735485707,0.3158644409636688,0.3158644409636688,1.0
516.5,1,-1.1486549109417723,0.7782777742147906,2.7105398289231464,2.7105398289231464,1.0
516.5492679785785,2,-0.013561529505025538,0.8887687764564236,1.0005537903782984,1.0005537903782984,1.0
516.7492679785786,2,0.1719586630182004,0.03962086313535021,0.04657749895338125,0.04657749895338125,1.0
516.75,1,0.8045725317662713,-0.9219905283836818,2.0913439142490775,2.0913439142490775,1.0
516.9492679785785,2,-0.2609905159416379,0.28539060190942556,0.20584055728877385,0.20584055728877385,1.0
517.0,1,-0.4105158987031483,-0.22579878984821355,0.3099578270855311,0.3099578270855311,1.0
517.1492679785786,2,-1.4075995943888124,1.2088930546946348,4.83858298770335,4.83858298770335,1.0
517.25,1,0.9056584198604785,-0.06562914396040426,1.1728353721371738,1.1728353721371738,1.0
517.3492679785785,2,0.6936251899568502,-0.4171016976665526,0.9459564625650315,0.9459564625650315,1.0
517.5,1,-0.9498700671584439,-0.4089022730122543,1.5136099228506743,1.5136099228506743,1.0
517.5492679785785,2,-1.397023642449753,-0.5366433514176728,3.3086077429000955,3.3086077429000955,1.0
517.7492679785786,2,-0.09699618525366249,1.4890183761255402,2.821023885442091,2.821023885442091,1.0
517.75,1,-0.175262580989328,-0.20598754604031208,0.10211976798892439,0.10211976798892439,1.0
517.9492679785785,2,-0.22345045302687727,1.0881378784769666,1.5743486302511214,1.5743486302511214,1.0
518.0,1,0.13991199994056158,0.12072196195130488,0.04791285992559952,0.04791285992559952,1.0
518.1492679785786,2,0.13241430394903708,-0.8303603106286646,0.8994410510702496,0.8994410510702496,1.0
518.25,1,-0.45945317480483094,0.3292418138584779,0.4495230827086505,0.4495230827086505,1.0
518.3492679785785,2,-0.38643172401527726,0.6224236001611961,0.7157832740720571,0.7157832740720571,1.0
518.5,1,0.9718959188790138,-0.4632311017049794,1.6390338513012488,1.6390338513012488,1.0
518.5492679785785,2,-0.08653147417266127,0.548204720329752,0.3918587437368441,0.3918587437368441,1.0
518.7492679785786,2,-0.366874279108638,0.9981388667835147,1.4642107187120075,1.4642107187120075,1.0
518.75,1,-0.46337966531969776,-1.2674008956062046,2.516810351638857,2.516810351638857,1.0
518.9492679785785,2,-0.2609884660955232,-0.2335523041013427,0.1717809943765459,0.1717809943765459,1.0
519.0,1,-1.7809031818958243,0.12257592379293189,4.533295124446324,4.533295124446324,1.0
519.1492679785786,2,-1.2363736451954708,-0.1728150079786963,2.3432580899288054,2.3432580899288054,1.0
519.25,1,0.9527392648105902,0.05627770736309762,1.295743818831104,1.295743818831104,1.0
519.3492679785785,2,0.19917416432567792,2.349223389401996,7.047944253991775,7.047944253991775,1.0
519.5,1,-1.8659404985221135,-0.32635589839049756,5.099520707938474,5.099520707938474,1.0
519.5492679785785,2,0.45343648181788077,1.164207976920655,2.0264772345333135,2.0264772345333135,1.0
519.7492679785786,2,-0.5861641445655635,-0.0949296106383099,0.5295276419970295,0.5295276419970295,1.0
519.75,1,-0.6250677607521882,1.1508758159690313,2.379314725362394,2.379314725362394,1.0
519.9492679785785,2,1.1394324869497852,-0.3509474793292036,2.1138761600953897,2.1138761600953897,1.0
520.0,1,-0.443678224666034,-0.16861796313426058,0.31921772008009525,0.31921772008009525,1.0
520.1492679785786,2,-0.11945247347852539,-0.4663855782652927,0.2969239988832468,0.2969239988832468,1.0
520.25,1,0.19263168809188036,-0.1847045381747755,0.09974743299789349,0.09974743299789349,1.0
520.3492679785785,2,1.593872129835638,-0.10949151157636677,3.846905459596482,3.846905459596482,1.0
520.5,1,-0.35363873870307116,1.4048655069482932,2.8941360204856528,2.8941360204856528,1.0
520.5492679785785,2,-0.8183580102310507,-1.1392828927679737,2.653833440100266,2.653833440100266,1.0
520.7492679785786,2,-1.8410497882230077,-1.2442843689403271,7.071196824771167,7.071196824771167,1.0
520.75,1,0.8494569509812301,-0.600038572696101,1.5224112241321153,1.5224112241321153,1.0
520.9492679785785,2,-0.6991797254941076,0.4740482852809047,1.0217341403610054,1.0217341403610054,1.0
521.0,1,0.16865678710189724,-0.4925139435352037,0.3743692553323234,0.3743692553323234,1.0
521.1492679785786,2,-1.2704091640085737,-1.247152829890265,4.4034569897329545,4.4034569897329545,1.0
521.25,1,-0.4852317372720537,0.7532014659484872,1.115804347598707,1.115804347598707,1.0
521.3492679785785,2,0.5099107880074395,-1.0744481371826438,1.8539517473761147,1.8539517473761147,1.0
521.5,1,0.5836169176785194,0.5111968472187941,0.8441776579025786,0.8441776579025786,1.0
521.5492679785785,2,1.1578749853358081,0.5493209723884557,2.404403698905541,2.404403698905541,1.0
521.7492679785786,2,-0.1320972852165211,-0.6051715953556158,0.48994648685180436,0.48994648685180436,1.0
521.75,1,-0.2583015559479809,0.5960273838118547,0.5839817335726087,0.5839817335726087,1.0
521.9492679785785,2,0.05366207653324506,0.6661673635043279,0.5661860567760519,0.5661860567760519,1.0
522.0,1,0.20931925359909448,0.12448228495608404,0.08366990453187055,0.08366990453187055,1.0
522.1492679785786,2,-0.10248796365157142,0.22864278594198262,0.0820320689998899,0.0820320689998899,1.0
522.25,1,0.09559682816808196,1.9379860015933632,5.182375093148569,5.182375093148569,1.0
522.3492679785785,2,1.0519415613978171,-1.7146041999606243,5.391593167231878,5.391593167231878,1.0
522.5,1,-0.14278178208586956,-0.6841052041413486,0.6730861187210659,0.6730861187210659,1.0
522.5492679785785,2,1.6489106781149925,0.5558844281053108,4.49253071113576,4.49253071113576,1.0
522.7492679785786,2,-0.8144195946100921,0.6683178756933565,1.5656388061146251,1.5656388061146251,1.0
522.75,1,2.040720704661521,0.6344575378407991,6.480049938849714,6.480049938849714,1.0
522.9492679785785,2,1.088037813599022,0.9434183164390736,2.9121287301214576,2.9121287301214576,1.0
523.0,1,-0.6564165020693169,-0.4034642610184671,0.837136676930164,0.837136676930164,1.0
523.1492679785786,2,0.008214662464735789,1.3047722941747204,2.155608941122931,2.155608941122931,1.0
523.25,1,0.010235168258427796,-0.9692797671463336,1.2932577966809968,1.2932577966809968,1.0
523.3492679785785,2,0.17378727064492383,-0.5100743709289727,0.37499527735724947,0.37499527735724947,1.0
523.5,1,0.15028247700622388,-0.746554748754301,0.7991731677271515,0.7991731677271515,1.0
523.5492679785785,2,1.7269116134861,-0.1733237617277198,4.536462735400439,4.536462735400439,1.0
523.7492679785786,2,-0.7459434104999229,-0.7327326431517404,1.5187665906210408,1.5187665906210408,1.0
523.75,1,0.8051054013071772,1.767238407489903,5.221721277351658,5.221721277351658,1.0
523.9492679785785,2,0.43689132944313513,-0.9253095445297345,1.371836861104002,1.371836861104002,1.0
524.0,1,-0.11602793791939632,-0.4402641991064685,0.2859650168662191,0.2859650168662191,1.0
524.1492679785786,2,-0.5975819507996296,0.1005551804163739,0.5513829925985861,0.5513829925985861,1.0
524.25,1,0.8052779297025247,0.6130909356917952,1.439923163221505,1.439923163221505,1.0
524.3492679785785,2,-0.690098855371792,-0.97687042263017,1.926637335051176,1.926637335051176,1.0
524.5,1,-0.9358618505757029,-0.7877378168619817,2.0999299204171047,2.0999299204171047,1.0
524.5492679785785,2,-0.35559952315848986,-0.2858115634723457,0.2941835881174698,0.2941835881174698,1.0
524.7492679785786,2,0.5682804427636249,-0.4805816048834227,0.7793697556535166,0.7793697556535166,1.0
524.75,1,1.480801984923134,0.38437885513517533,3.3235895310021677,3.3235895310021677,1.0
524.9492679785785,2,0.9011778626457445,-0.036539191485614686,1.2264332205116635,1.2264332205116635,1.0
525.0,1,0.26680332528034983,0.16985119093880663,0.14099284199916098,0.14099284199916098,1.0
525.1492679785786,2,1.0049018439545396,0.6054333286672609,1.9871131089230007,1.9871131089230007,1.0
525.25,1,-0.12054649080878133,0.23219283489373188,0.09487890541429368,0.09487890541429368,1.0
525.3492679785785,2,-1.288286094724796,-2.459883313554557,9.22627949138504,10.16527214801452,1.1036804002318807
525.5,1,-1.2138237085134125,0.420298301043851,2.338978090277081,2.338978090277081,1.0
525.5492679785785,2,-0.08321624123913607,0.5293501410366728,0.3652718924204138,0.3652718924204138,1.0
525.7492679785786,2,1.9603778647760677,0.6147596836906666,6.27346652514698,6.27346652514698,1.0
525.75,1,-1.0419650609341196,-0.8397014392499282,2.5154556406966755,2.5154556406966755,1.0
525.9492679785785,2,-0.10280378588779707,-0.4035499664848967,0.22211053300268918,0.22211053300268918,1.0
526.0,1,-0.44793123561280335,-0.9820162517960636,1.6128643476376643,1.6128643476376643,1.0
526.1492679785786,2,-0.6998740662627838,1.2974670185751314,2.870105009038237,2.870105009038237,1.0
526.25,1,-1.9453455008877465,0.2924236130162514,5.501492035922395,5.501492035922395,1.0
526.3492679785785,2,-0.6819345706874516,-1.3383183558706175,2.96926695301451,2.96926695301451,1.0
526.5,1,0.03852430360526948,-0.009489914871603,0.0022351201634743046,0.0022351201634743046,1.0
526.5492679785785,2,0.7266966846098477,-0.2660887846462445,0.8862087755903696,0.8862087755903696,1.0
526.7492679785786,2,0.9913003642875466,-0.5195771028489227,1.8235502679605287,1.8235502679605287,1.0
526.75,1,-0.8370861739906401,0.23669292167585543,1.0741719111507655,1.0741719111507655,1.0
526.9492679785785,2,-0.47956444724723307,0.7428359790352106,1.0454151792448179,1.0454151792448179,1.0
527.0,1,1.0747181825200394,1.124296817565248,3.3832491302885215,3.3832491302885215,1.0
527.1492679785786,2,0.5832859114530056,-0.5172447820953157,0.8518437519786031,0.8518437519786031,1.0
527.25,1,1.5907862066553293,-0.3899637223269101,3.809458776149693,3.809458776149693,1.0
527.3492679785785,2,-0.7942048299984789,-1.7458447563571948,4.810699806343442,4.810699806343442,1.0
527.5,1,-0.4740410856336331,-0.2010730021589091,0.37530231132463915,0.37530231132463915,1.0
527.5492679785785,2,1.5223342004612763,-0.5643457402001892,3.898962030217226,3.898962030217226,1.0
527.7492679785786,2,0.5498568539599755,0.9469859557898803,1.5911738536526527,1.5911738536526527,1.0
527.75,1,0.17238305339933224,0.8659946487467938,1.0746563214862792,1.0746563214862792,1.0
527.9492679785785,2,0.4628193911726832,0.7536204728407372,1.0420543448306354,1.0420543448306354,1.0
528.0,1,-0.26603963109765055,-0.5294979865658114,0.4866195546505664,0.4866195546505664,1.0
528.1492679785786,2,0.12305628629464826,0.7663918005695762,0.7664972978781202,0.7664972978781202,1.0
528.25,1,-1.246334872215563,0.313805813579183,2.3454172117081296,2.3454172117081296,1.0
528.3492679785785,2,0.5417832603956652,-0.7452564477884149,1.145980940763793,1.145980940763793,1.0
528.5,1,0.5056842312103409,0.41409917856943557,0.5997559392653917,0.5997559392653917,1.0
528.5492679785785,2,-1.6013471836494937,0.34138226275709616,4.015544498571513,4.015544498571513,1.0
528.7492679785786,2,0.5298180833776601,-0.7055541329256816,1.0534791221361355,1.0534791221361355,1.0
528.75,1,-0.8409699432319556,-1.0739026593190846,2.593921284307763,2.593921284307763,1.0
528.9492679785785,2,-0.34109615756003886,0.22201046656566992,0.23785733791851352,0.23785733791851352,1.0
529.0,1,-1.9083120849250885,0.23877909371511663,5.259794668330223,5.259794668330223,1.0
529.1492679785786,2,-1.3663052700072975,2.2755249289268487,9.213279259929195,9.371399936731692,1.0174868200577645
529.25,1,0.27826751200326294,1.383286130815761,2.7437718618727,2.7437718618727,1.0
529.3492679785785,2,0.6399932248933567,-0.5643526487566333,1.0210511068188284,1.0210511068188284,1.0
529.5,1,-0.33646098196188345,-1.4191878075783346,2.9328814153760843,2.9328814153760843,1.0
529.5492679785785,2,0.15402910107936396,1.3302997172515376,2.2767463044100587,2.2767463044100587,1.0
529.7492679785786,2,-0.8116759182356852,0.8024045316398207,1.8085281633546182,1.8085281633546182,1.0
529.75,1,-0.23299219365271107,-0.6675902608929889,0.6907614548004776,0.6907614548004776,1.0
529.9492679785785,2,-0.16970573343675444,-0.7326393591134996,0.7229828455183303,0.7229828455183303,1.0
530.0,1,-1.226441152890124,-1.0459283038603489,3.645915602836601,3.645915602836601,1.0
530.1492679785786,2,0.9224891943843444,-1.2589487879836423,3.290156869225871,3.290156869225871,1.0
530.25,1,0.28722427333675404,-0.24056235082176425,0.1970160123594527,0.1970160123594527,1.0
530.3492679785785,2,-0.15575974661863956,1.0791085329973138,1.5110601163222936,1.5110601163222936,1.0
530.5,1,-0.23835161419084616,-1.1423628236567904,1.8767852342218068,1.8767852342218068,1.0
530.5492679785785,2,-0.2721139849432328,-0.5415807751668646,0.4831083109545231,0.4831083109545231,1.0
530.7492679785786,2,-1.075624571704586,0.45632122190569313,2.008246228156432,2.008246228156432,1.0
530.75,1,-0.32231385975266136,-0.05545525090276571,0.15205563988426285,0.15205563988426285,1.0
530.9492679785785,2,-0.2882587650897701,0.6906048832740999,0.7291219520690038,0.7291219520690038,1.0
531.0,1,-0.4634895548090536,0.28572498846121697,0.41802243722793053,0.41802243722793053,1.0
531.1492679785786,2,0.40205911420563734,0.08595899840845833,0.2531528992845484,0.2531528992845484,1.0
531.25,1,0.6340549469569847,-0.14604789438587695,0.6013050868651727,0.6013050868651727,1.0
531.3492679785785,2,-0.15141878595702019,-0.01963860491523195,0.035069665398260154,0.035069665398260154,1.0
531.5,1,1.4466141614872974,0.0640285246545731,2.98256746004643,2.98256746004643,1.0
531.5492679785785,2,-0.4116746435310177,0.22227476162567594,0.3181995481675709,0.3181995481675709,1.0
531.7492679785786,2,-0.3850268111046995,-0.26617159636621945,0.3132351886657564,0.3132351886657564,1.0
531.75,1,-1.3345676482977353,-0.9581549792010531,3.7981473525641585,3.7981473525641585,1.0
531.9492679785785,2,0.9487421508973624,0.4544961861025445,1.618942985669395,1.618942985669395,1.0
532.0,1,0.5059074469615832,0.3794448168146016,0.5623385302071623,0.5623385302071623,1.0
532.1492679785786,2,0.17420244698038978,1.650657572461295,3.495537280625577,3.495537280625577,1.0
532.25,1,-0.06594313228752391,-0.19237196956949631,0.05712145762619564,0.05712145762619564,1.0
532.3492679785785,2,0.6991159883756297,1.3582787211705458,3.0732625159552125,3.0732625159552125,1.0
532.5,1,-0.08217769716445522,1.1472109635697518,1.8208644759645607,1.8208644759645607,1.0
532.5492679785785,2,-0.36629391055604654,0.6413126930445925,0.7231932407958469,0.7231932407958469,1.0
532.7492679785786,2,1.7185186564606982,0.1446190457124923,4.479924713722591,4.479924713722591,1.0
532.75,1,0.7387472071032786,0.26800400918102496,0.875438776517319,0.875438776517319,1.0
532.9492679785785,2,1.3338788269759356,0.25705872972462207,2.7668575977247905,2.7668575977247905,1.0
533.0,1,0.024419376171960216,-0.7591299934267508,0.7940892227925067,0.7940892227925067,1.0
533.1492679785786,2,-0.14297683657787608,0.42797801134095104,0.26274106948203696,0.26274106948203696,1.0
533.25,1,-0.27078681030013674,0.7762097829359657,0.9335806510850869,0.9335806510850869,1.0
533.3492679785785,2,1.344093116975714,-0.36194036129158413,2.890731008320749,2.890731008320749,1.0
533.5,1,0.9322825517727982,0.9600174044337496,2.504793936361304,2.504793936361304,1.0
533.5492679785785,2,0.6481625374792768,0.1523684374549048,0.6631006224953548,0.6631006224953548,1.0
533.7492679785786,2,-0.9441179801846054,-0.9403791856882244,2.4636232161222575,2.4636232161222575,1.0
533.75,1,-0.22682401176491118,0.16526081373540413,0.11080578263046684,0.11080578263046684,1.0
533.9492679785785,2,-2.316105228324178,-0.38717992155718295,8.279590250315254,8.279590250315254,1.0
534.0,1,-0.17753995600973904,0.04937722711819292,0.04820350835551838,0.04820350835551838,1.0
534.1492679785786,2,-0.6141917465359501,-0.30179682409495134,0.6842541571736495,0.6842541571736495,1.0
534.25,1,1.816252573282412,-0.12206071234608795,4.71359059053943,4.71359059053943,1.0
534.3492679785785,2,-0.4785417818396096,1.0117980508928874,1.6416780622039806,1.6416780622039806,1.0
534.5,1,-0.6461861566035227,-1.700780986721752,4.57499639939232,4.57499639939232,1.0
534.5492679785785,2,0.28674162353155075,-0.602707419482055,0.5840184617399937,0.5840184617399937,1.0
534.7492679785786,2,-1.2190975849305212,-0.7163741559332713,2.890803871052809,2.890803871052809,1.0
534.75,1,-0.30994364044957656,-0.1096549439142942,0.15324749396013784,0.15324749396013784,1.0
534.9492679785785,2,0.7478143389960166,0.8884083009671357,1.8426001216958166,1.8426001216958166,1.0
535.0,1,0.8823251576777773,0.4020678500543948,1.3301755620466025,1.3301755620466025,1.0
535.1492679785786,2,-0.455908842553963,-0.1589973794115318,0.34548842169772576,0.34548842169772576,1.0
535.25,1,1.0037432581855734,-0.33757175823443264,1.59019300916052,1.59019300916052,1.0
535.3492679785785,2,0.08981918443592285,0.751275092892602,0.7268427860084297,0.7268427860084297,1.0
535.5,1,-0.37920588429021795,-0.6037808075319469,0.7062709681033861,0.7062709681033861,1.0
535.5492679785785,2,0.6134487955401942,0.17973905019064773,0.6085529914237006,0.6085529914237006,1.0
535.7492679785786,2,0.9654756841027705,0.2437106618184406,1.4808289289376402,1.4808289289376402,1.0
535.75,1,-1.0405560922390624,-1.0248062741205641,2.9864654570211457,2.9864654570211457,1.0
535.9492679785785,2,0.3398530053757698,0.8507605992337757,1.090535703009233,1.090535703009233,1.0
536.0,1,0.860615846763559,-1.0417581585940936,2.54767601749793,2.54767601749793,1.0
536.1492679785786,2,-0.8661278590042212,-0.25103283231940576,1.2111961437875562,1.2111961437875562,1.0
536.25,1,0.3177093546363525,-0.8770472772132751,1.2023270445162015,1.2023270445162015,1.0
536.3492679785785,2,0.8055198067112004,1.0717857979858625,2.4332220969140583,2.4332220969140583,1.0
536.5,1,0.4060097230637667,-0.6075174284373381,0.7424412239734651,0.7424412239734651,1.0
536.5492679785785,2,-0.21919879067619075,-0.3103926481681656,0.19447780110610463,0.19447780110610463,1.0
536.7492679785786,2,-0.4902144481419861,0.659561137159637,0.913094984362533,0.913094984362533,1.0
536.75,1,-0.4723361577523233,0.33005122776383633,0.4674214985007767,0.4674214985007767,1.0
536.9492679785785,2,0.270006975564955,1.2379854584101575,2.0502926386124245,2.0502926386124245,1.0
537.0,1,0.8943097590237281,1.785298237177363,5.525252066945636,5.525252066945636,1.0
537.1492679785786,2,-0.1245917468620732,1.0215726727062053,1.3447638011265468,1.3447638011265468,1.0
537.25,1,-0.7408270806355326,1.1278008841532183,2.531462461726626,2.531462461726626,1.0
537.3492679785785,2,-0.8621197643486513,0.00742788649098669,1.1211147503130183,1.1211147503130183,1.0
537.5,1,0.3350180296148877,1.1685175113825328,2.0388419159819438,2.0388419159819438,1.0
537.5492679785785,2,0.9339788917734122,-0.49333403255839636,1.6240074356725365,1.6240074356725365,1.0
537.7492679785786,2,-0.11877526906533165,0.11409957938892923,0.037754826896656754,0.037754826896656754,1.0
537.75,1,-0.24462077533302118,0.9643050905604664,1.365249133352753,1.365249133352753,1.0
537.9492679785785,2,0.15732861808735743,0.36635392925146837,0.20725083141843798,0.20725083141843798,1.0
538.0,1,-0.7162130434872545,0.600147878969802,1.2256327839703203,1.2256327839703203,1.0
538.1492679785786,2,-1.5078853112174517,0.08774633904250395,3.4389476659029006,3.4389476659029006,1.0
538.25,1,1.0526747722461378,0.9308349316773439,2.769076181937608,2.769076181937608,1.0
538.3492679785785,2,-0.46337854032112435,0.834875652024905,1.2064447481301488,1.2064447481301488,1.0
538.5,1,0.5720548865941191,-0.46254742413569216,0.7599750508224457,0.7599750508224457,1.0
538.5492679785785,2,-0.2559345752357318,0.9925350425041191,1.3462887738700224,1.3462887738700224,1.0
538.7492679785786,2,-0.3491387918566873,-1.250007828789133,2.161896190061723,2.161896190061723,1.0
538.75,1,1.0995650652615025,-0.30225033946141444,1.8461655017779788,1.8461655017779788,1.0
538.9492679785785,2,2.236714748963312,0.2255928177509161,7.609193895731884,7.609193895731884,1.0
539.0,1,0.3110216042221303,0.6710813782908671,0.7575429004785331,0.7575429004785331,1.0
539.1492679785786,2,-0.6644130046569421,-1.3139593293365568,2.8517547295054997,2.8517547295054997,1.0
539.25,1,0.988303454984949,-0.4179426402830515,1.6300182130621728,1.6300182130621728,1.0
539.3492679785785,2,1.1997416329641388,0.9456079872980161,3.3032501085426142,3.3032501085426142,1.0
539.5,1,0.32004309446407175,0.49733059974637284,0.48610806390472117,0.48610806390472117,1.0
539.5492679785785,2,2.394845529613191,-1.0355249086215346,9.224530044452985,10.009076962898998,1.0867217234829987
539.7492679785786,2,-0.14418146526839637,0.707123781059706,0.664338469107648,0.664338469107648,1.0
539.75,1,-0.4167563822604108,0.5941296287741806,0.7330608471534074,0.7330608471534074,1.0
539.9492679785785,2,-1.0270262171928097,1.6125895481615844,4.882852092130523,4.882852092130523,1.0
540.0,1,-0.6271827988617193,-0.24550828066225305,0.6426269164759586,0.6426269164759586,1.0
540.1492679785786,2,-1.5182411398612108,0.6568957248845204,4.02270982473485,4.02270982473485,1.0
540.25,1,0.33870884529776335,0.524135687285388,0.5413179064548979,0.5413179064548979,1.0
540.3492679785785,2,0.09342260560362581,-0.7805189283300682,0.7845453042512007,0.7845453042512007,1.0
540.5,1,0.442740989922525,-0.9533387914545113,1.529625733075421,1.529625733075421,1.0
540.5492679785785,2,-1.0238582278412873,1.6153114850954218,4.885260008393409,4.885260008393409,1.0
540.7492679785786,2,0.9953269402588223,0.7992123976227319,2.302470388700037,2.302470388700037,1.0
540.75,1,0.5303733360099923,-0.7397253999975888,1.153524056688748,1.153524056688748,1.0
540.9492679785785,2,-0.8509143715307554,-0.07697313429598918,1.0994084608113763,1.0994084608113763,1.0
541.0,1,-1.253472343984055,-1.6129810266101492,5.816647758048762,5.816647758048762,1.0
541.1492679785786,2,-0.36406316522115123,-0.5406046528410204,0.5699199127691548,0.5699199127691548,1.0
541.25,1,-0.9892824020655455,0.09411854662031205,1.4045154504846515,1.4045154504846515,1.0
541.3492679785785,2,-0.31787170885322835,-0.5253942592876961,0.5019215013428383,0.5019215013428383,1.0
541.5,1,1.1773452914161542,-0.398600113439485,2.190478826144895,2.190478826144895,1.0
541.5492679785785,2,-0.43763206486206263,0.203038275536918,0.3410908648726334,0.3410908648726334,1.0
541.7492679785786,2,0.471713411300398,1.321816066565169,2.547371513251686,2.547371513251686,1.0
541.75,1,0.10709660586934389,0.3988638740053887,0.23532716273365778,0.23532716273365778,1.0
541.9492679785785,2,0.22442787588951463,0.36043510547380553,0.2404310335405792,0.2404310335405792,1.0
542.0,1,0.08220250416882413,-0.4279992300041635,0.26176195884250264,0.26176195884250264,1.0
542.1492679785786,2,-0.4703448826902905,-0.5063568050916194,0.6582714894852495,0.6582714894852495,1.0
542.25,1,-0.033146931861809836,-0.3288618013432605,0.15041598141847512,0.15041598141847512,1.0
542.3492679785785,2,-1.389880867927047,-0.43414006236874414,3.152293805254499,3.152293805254499,1.0
542.5,1,0.9465477320937863,0.5621379164637128,1.7094075588031634,1.7094075588031634,1.0
542.5492679785785,2,-0.4470189237911746,1.9532330141456327,5.132509391094955,5.132509391094955,1.0
542.7492679785786,2,0.8889043817400157,-1.0970196037550104,2.714998501053392,2.714998501053392,1.0
542.75,1,0.8045209426367084,1.0177425084220764,2.346882235012283,2.346882235012283,1.0
542.9492679785785,2,-0.5818931604764077,-0.6617308823614554,1.0650062777542468,1.0650062777542468,1.0
543.0,1,0.347533076470369,0.6060677409761381,0.6774511449429902,0.6774511449429902,1.0
543.1492679785786,2,-1.3583654781158896,0.8303313324614083,3.6557365971341467,3.6557365971341467,1.0
543.25,1,-0.09338723878735156,-0.6523930921619496,0.598208883272727,0.598208883272727,1.0
543.3492679785785,2,0.17358984792230725,-0.22263251369849524,0.10820989409909179,0.10820989409909179,1.0
543.5,1,-0.615100743264867,0.2588603036749748,0.6304343101338391,0.6304343101338391,1.0
543.5492679785785,2,-0.01169949848981755,0.9463166037815403,1.1342025554131872,1.1342025554131872,1.0
543.7492679785786,2,-1.1956527396306105,-0.9435538986044212,3.2828025484625103,3.2828025484625103,1.0
543.75,1,-0.4404596712967592,-0.43818456741318634,0.5403721179934708,0.5403721179934708,1.0
543.9492679785785,2,1.212469741000917,-0.9002328265440229,3.24299316161004,3.24299316161004,1.0
544.0,1,-0.9393961634168817,-0.4816577749262647,1.574908227204178,1.574908227204178,1.0
544.1492679785786,2,0.02835078290206816,-1.207075149073011,1.8459945001682467,1.8459945001682467,1.0
544.25,1,-1.6707103565269774,-0.5214948223414555,4.345370487640185,4.345370487640185,1.0
544.3492679785785,2,0.04250830566870256,-1.4594667980603524,2.6998221843679953,2.6998221843679953,1.0
544.5,1,0.8610269709242857,-0.2347426503456198,1.1304605301070136,1.1304605301070136,1.0
544.5492679785785,2,-0.44386001482124415,0.0847407868628105,0.30626559469780007,0.30626559469780007,1.0
544.7492679785786,2,-1.3608872031586041,-0.6501086208471119,3.327792161010585,3.327792161010585,1.0
544.75,1,0.07615011998296506,1.0892208190020043,1.64146820190351,1.64146820190351,1.0
544.9492679785785,2,0.08683142449526571,1.8960123854848652,4.562594884975991,4.562594884975991,1.0
545.0,1,-0.9735763629396028,-0.367714568680364,1.5347262548526348,1.5347262548526348,1.0
545.1492679785786,2,0.6093008766818349,-1.7620228463466119,4.490884663923615,4.490884663923615,1.0
545.25,1,-0.3664773528670384,-0.3253137539143629,0.3367325430438855,0.3367325430438855,1.0
545.3492679785785,2,-0.6734971096923776,0.5506357824419741,1.068075399339854,1.068075399339854,1.0
545.5,1,1.3145328921330517,0.6578343045876944,3.053711840486846,3.053711840486846,1.0
545.5492679785785,2,0.7470673720501342,0.35254109974143155,0.9992377474215597,0.9992377474215597,1.0
545.7492679785786,2,0.7521562951781897,0.657344019327633,1.400127462212327,1.400127462212327,1.0
545.75,1,-0.13735960684598947,0.7189062078389348,0.7383187509725433,0.7383187509725433,1.0
545.9492679785785,2,-1.039177031626663,-0.12383885545616646,1.647963481306784,1.647963481306784,1.0
546.0,1,2.451901324972871,-0.2153818790279498,8.617510312244171,8.617510312244171,1.0
546.1492679785786,2,0.01849185388686081,0.07115812528877541,0.006926742325077859,0.006926742325077859,1.0
546.25,1,0.09238655131961693,-0.18042137603381558,0.056946320058678654,0.056946320058678654,1.0
546.3492679785785,2,-1.0636074199589278,-0.2690879742762067,1.7979579467747937,1.7979579467747937,1.0
546.5,1,0.30828555332551044,0.9261837656304197,1.315764460911027,1.315764460911027,1.0
546.5492679785785,2,0.04553359433897253,-0.47524749930628785,0.28913722611489384,0.28913722611489384,1.0
546.7492679785786,2,-0.12520151584737782,0.2918147926921426,0.13144085181053167,0.13144085181053167,1.0
546.75,1,0.7849378541007672,0.4007399228398829,1.097786530336397,1.097786530336397,1.0
546.9492679785785,2,1.2409023488086675,-0.5765860506485607,2.7430847354390364,2.7430847354390364,1.0
547.0,1,0.4576222641812784,-0.18227210674897432,0.3436934122240803,0.3436934122240803,1.0
547.1492679785786,2,0.5935695782689097,-0.21752174718788142,0.5912785918835906,0.5912785918835906,1.0
547.25,1,-0.2567985491082734,-0.32050649975593304,0.2352061430812482,0.2352061430812482,1.0
547.3492679785785,2,-0.8995062623034551,0.2989383336262015,1.333534435410224,1.333534435410224,1.0
547.5,1,-0.011302785747525412,1.0709715381290945,1.5787101320503223,1.5787101320503223,1.0
547.5492679785785,2,0.490919789015809,0.6751069836025474,0.9406774882803288,0.9406774882803288,1.0
547.7492679785786,2,-0.16029676454020958,-0.1330326878192576,0.061151587629999504,0.061151587629999504,1.0
547.75,1,-2.1444810866247614,-0.2632661802419465,6.639233494712917,6.639233494712917,1.0
547.9492679785785,2,-1.3723462268182867,-0.6089451871123761,3.3096744413788426,3.3096744413788426,1.0
548.0,1,-0.2454677146000206,-2.1428710144699568,6.406461365054197,6.406461365054197,1.0
548.1492679785786,2,-0.31770282452603027,0.41452954564537503,0.36979458433169166,0.36979458433169166,1.0
548.25,1,0.355211583664401,0.5360436564006497,0.5749979110107266,0.5749979110107266,1.0
548.3492679785785,2,-0.9423869936139848,-0.08130912328293505,1.347880322038509,1.347880322038509,1.0
548.5,1,-0.5301530550312243,-0.6212328888355212,0.9309610815030553,0.9309610815030553,1.0
548.5492679785785,2,0.021957191236235296,-0.39040282537413873,0.193732100689407,0.193732100689407,1.0
548.7492679785786,2,-0.32865310339707055,-0.7081801027348491,0.7977783723346954,0.7977783723346954,1.0
548.75,1,-0.7010460049681528,-0.9806298809445297,2.0231353643107974,2.0231353643107974,1.0
548.9492679785785,2,-1.2134111166659647,-0.9404201508876047,3.340116855709063,3.340116855709063,1.0
549.0,1,-1.7370810565276615,-0.6640460689825045,4.900242428814019,4.900242428814019,1.0
549.1492679785786,2,0.3856654526904082,-0.5375636118373497,0.590205370787671,0.590205370787671,1.0
549.25,1,0.24912286598170486,-0.9464668140703965,1.3212502367910115,1.3212502367910115,1.0
549.3492679785785,2,0.24516037646865563,-0.40028509404225376,0.29353933119806985,0.29353933119806985,1.0
549.5,1,-0.4808035468146512,0.8395754987227675,1.298955027617907,1.298955027617907,1.0
549.5492679785785,2,-0.23413841705334892,-0.19063402536050233,0.12871198384420385,0.12871198384420385,1.0
549.7492679785786,2,0.6017305941163276,1.1911206075210772,2.3420973501822067,2.3420973501822067,1.0
549.75,1,1.1196810119960903,-0.14260918232675035,1.811921538227893,1.811921538227893,1.0
549.9492679785785,2,-1.1136365842674012,-0.62682351067415,2.367735970990629,2.367735970990629,1.0
550.0,1,-0.2645233965348748,-1.998391235366403,5.596701975543347,5.596701975543347,1.0
550.1492679785786,2,-0.8366040734491538,0.3937755993828418,1.2519171830362665,1.2519171830362665,1.0
550.25,1,-0.433434362440555,1.7948274635038153,4.701136963333157,4.701136963333157,1.0
550.3492679785785,2,-0.17362814521362324,0.497225910705573,0.35852423889511065,0.35852423889511065,1.0
550.5,1,-2.0182330015714296,-0.15692421916245536,5.8283186205189965,5.8283186205189965,1.0
550.5492679785785,2,-0.2828466416947357,-0.2608820713625408,0.2068613093552178,0.2068613093552178,1.0
550.7492679785786,2,0.1228037142699181,-0.9850485728485703,1.251122051541485,1.251122051541485,1.0
550.75,1,-0.8388525282817731,-0.22375976445269874,1.0702143615963875,1.0702143615963875,1.0
550.9492679785785,2,-0.378656525723132,1.4427604385902408,2.851574816958448,2.851574816958448,1.0
551.0,1,0.013991339613177445,0.585687312540407,0.47245898061277464,0.47245898061277464,1.0
551.1492679785786,2,0.6290050485264462,0.8643675367065233,1.542681439862168,1.542681439862168,1.0
551.25,1,-1.0914444310171048,0.6952618711150511,2.3600983305999716,2.3600983305999716,1.0
551.3492679785785,2,1.3750780475275617,0.7346940331958884,3.535435155068585,3.535435155068585,1.0
551.5,1,0.021060059705160228,0.5588136677795248,0.4303970334367814,0.4303970334367814,1.0
551.5492679785785,2,0.21928522551030483,-0.40005434914751214,0.2751997521292554,0.2751997521292554,1.0
551.7492679785786,2,-0.264270888263221,1.2466857692652105,2.0728931176304775,2.0728931176304775,1.0
551.75,1,0.24460594388870316,-1.1484366730456848,1.9007780714691225,1.9007780714691225,1.0
551.9492679785785,2,0.977773871361646,0.45000406687671823,1.6981659419687356,1.6981659419687356,1.0
552.0,1,-0.8749202751138494,0.7713659704864364,1.9081700717999448,1.9081700717999448,1.0
552.1492679785786,2,-1.0218104878579197,-0.8150939528456198,2.415890872124583,2.415890872124583,1.0
552.25,1,0.24613776894854844,-0.6055355755414573,0.5908724228845441,0.5908724228845441,1.0
552.3492679785785,2,1.0211642388271835,-0.5499007593905332,1.9557180593550587,1.9557180593550587,1.0
552.5,1,0.9849041101679301,0.6800701878704118,2.016438504203191,2.016438504203191,1.0
552.5492679785785,2,0.20668512501547376,1.0060125099504518,1.3460308118556175,1.3460308118556175,1.0
552.7492679785786,2,1.3244022117164675,-1.546550824209696,5.6729747928742835,5.6729747928742835,1.0
552.75,1,-0.04527898009453413,1.121807085226422,1.7353335193473651,1.7353335193473651,1.0
552.9492679785785,2,-1.3545984490936531,-0.2328314298362404,2.8358652151072063,2.8358652151072063,1.0
553.0,1,-0.6359511745126234,1.4556810428688687,3.492252138770903,3.492252138770903,1.0
553.1492679785786,2,-0.2433484909487964,1.0404978884209206,1.4600785037698658,1.4600785037698658,1.0
553.25,1,-1.1159590066686382,0.7916233232181984,2.634292064532187,2.634292064532187,1.0
553.3492679785785,2,0.32214866717099344,-0.33451612452775814,0.298223645494212,0.298223645494212,1.0
553.5,1,0.21408923076513986,1.1179171043120866,1.7851588726654108,1.7851588726654108,1.0
553.5492679785785,2,1.1842234301962637,-1.1641115296246771,3.831439287343268,3.831439287343268,1.0
553.7492679785786,2,-1.7827170255270923,-0.28349913667965554,4.894195229400254,4.894195229400254,1.0
553.75,1,-1.0424600125473926,0.195544269984691,1.5989878886390796,1.5989878886390796,1.0
553.9492679785785,2,-0.3253786105065055,0.6558667198768973,0.7042663003979219,0.7042663003979219,1.0
554.0,1,-0.8460904007655872,1.2894545224042466,3.3072502983271033,3.3072502983271033,1.0
554.1492679785786,2,0.8398287047880872,0.4339673160992139,1.3021950029004226,1.3021950029004226,1.0
554.25,1,-0.6494713817565021,-0.9068002096396945,1.7318843881299335,1.7318843881299335,1.0
554.3492679785785,2,0.5562608960759867,-0.1278444241742802,0.4874040581569527,0.4874040581569527,1.0
554.5,1,0.14739933078612655,-0.8032974618151978,0.9189856987548128,0.9189856987548128,1.0
554.5492679785785,2,-1.1125864364988551,-0.20503308857212232,1.9204235439761128,1.9204235439761128,1.0
554.7492679785786,2,-0.7928523751688568,2.063024287281496,6.3359253103967985,6.3359253103967985,1.0
554.75,1,-1.679870105238705,0.5449534964025613,4.424328154683264,4.424328154683264,1.0
554.9492679785785,2,-2.2690767685506277,0.67943989902931,8.34912712374276,8.34912712374276,1.0
555.0,1,0.13443215571602263,-1.5574542149899897,3.3646450065656435,3.3646450065656435,1.0
555.1492679785786,2,-2.2542639414809544,-0.5909586503567894,8.106365759256388,8.106365759256388,1.0
555.25,1,0.38621905732843675,0.4643670763297929,0.509012861424243,0.509012861424243,1.0
555.3492679785785,2,-0.6033470871581166,-0.0353983922987231,0.550650966977722,0.550650966977722,1.0
555.5,1,-0.7264624638062473,1.3347268305837838,3.2025404567491007,3.2025404567491007,1.0
555.5492679785785,2,0.09561097351342518,0.3961823451568929,0.21255139982278895,0.21255139982278895,1.0
555.7492679785786,2,-0.36938964675327934,-1.6251599380834034,3.549332082415515,3.549332082415515,1.0
555.75,1,-1.0903546866773866,-0.3340954580350992,1.8453631246378852,1.8453631246378852,1.0
555.9492679785785,2,1.531449381237782,-0.02840981525091335,3.537981042706593,3.537981042706593,1.0
556.0,1,0.31162779048172773,0.2760678016810849,0.243080375849545,0.243080375849545,1.0
556.1492679785786,2,-0.16202703764860082,-0.3441799249865731,0.1895807022587675,0.1895807022587675,1.0
556.25,1,-1.7950653080469934,-0.13355302224237464,4.608811166700649,4.608811166700649,1.0
556.3492679785785,2,0.19986569390657483,0.20232631375533483,0.11208544097657613,0.11208544097657613,1.0
556.5,1,-0.8091828054803587,-0.2790344069881616,1.0386108920283796,1.0386108920283796,1.0
556.5492679785785,2,-0.14504645129394067,-0.1414571932452331,0.05707401126570129,0.05707401126570129,1.0
556.7492679785786,2,-1.0975198104017414,2.251581284263725,8.234336479097532,8.234336479097532,1.0
556.75,1,0.34884443196283765,0.5881507617147088,0.6493665264007624,0.6493665264007624,1.0
556.9492679785785,2,-0.48029529773382773,0.6635814155332262,0.9053810305834891,0.9053810305834891,1.0
557.0,1,-0.5528682664322888,0.5614912038767135,0.8688761471794755,0.8688761471794755,1.0
557.1492679785786,2,-0.43545770495039804,0.26889963653578297,0.37753930237046185,0.37753930237046185,1.0
557.25,1,-0.04217883870779193,-0.356108105500879,0.1770737107341901,0.1770737107341901,1.0
557.3492679785785,2,-1.8699013395389619,1.0345980534553552,6.629194992618498,6.629194992618498,1.0
557.5,1,0.7286212489326216,-0.12765043758915517,0.7776438429135843,0.7776438429135843,1.0
557.5492679785785,2,-0.017100345718791488,0.8998427422283077,1.025802702959663,1.025802702959663,1.0
557.7492679785786,2,-0.4109109451139421,0.41173987571448434,0.46923460989837973,0.46923460989837973,1.0
557.75,1,-0.03531362885836842,-0.7655245572411284,0.8085161818467221,0.8085161818467221,1.0
557.9492679785785,2,0.2611782101559159,-0.24766711506645223,0.18053040777226642,0.18053040777226642,1.0
558.0,1,0.01201359034911409,-0.29148259592724246,0.11715592456710473,0.11715592456710473,1.0
558.1492679785786,2,-1.934404841924195,-1.506657539937609,8.517694758367247,8.517694758367247,1.0
558.25,1,-0.3745957056674909,0.07130421997314285,0.20663191502662356,0.20663191502662356,1.0
558.3492679785785,2,-1.320803588345714,1.3417788429133486,4.9109521093379636,4.9109521093379636,1.0
558.5,1,1.1668524790518964,0.6148840867622556,2.4572088891943284,2.4572088891943284,1.0
558.5492679785785,2,1.1524036906263682,-0.9244476559589341,3.085429824501999,3.085429824501999,1.0
558.7492679785786,2,-0.28354473225553534,-1.417918286666287,2.666431202659442,2.666431202659442,1.0
558.75,1,1.0036584164061315,-1.5110844808222916,4.57673561404699,4.57673561404699,1.0
558.9492679785785,2,-0.9566556241702315,-0.12936240798985832,1.4013679815948965,1.4013679815948965,1.0
559.0,1,-1.2387822225203093,1.7957752914150535,6.622386783628967,6.622386783628967,1.0
559.1492679785786,2,-0.7531516953604562,-1.8325484151753169,5.107491497458836,5.107491497458836,1.0
559.25,1,-0.7168530945794984,1.519997727856157,3.9110631852811344,3.9110631852811344,1.0
559.3492679785785,2,1.3877036266155134,-1.3314390661164386,5.149256565149422,5.149256565149422,1.0
559.5,1,-0.024121661615602363,0.8904087395576359,1.0919604289490812,1.0919604289490812,1.0
559.5492679785785,2,0.03634412688661115,-1.4114938510096628,2.5249028228695667,2.5249028228695667,1.0
559.7492679785786,2,-0.8081362554122205,0.39976674748919105,1.1871485126509984,1.1871485126509984,1.0
559.75,1,-0.14670418991939282,-0.22464142548193644,0.10009463830411493,0.10009463830411493,1.0
559.9492679785785,2,0.13348886222288847,-0.4136551006701574,0.24350689437446038,0.24350689437446038,1.0
560.0,1,1.9157414217048814,0.7608507249329604,6.018679373073575,6.018679373073575,1.0
560.1492679785786,2,-0.32514086625034544,0.19714568766120388,0.2086512480304007,0.2086512480304007,1.0
560.25,1,0.37345789400423257,0.9271154126126069,1.3814797705830633,1.3814797705830633,1.0
560.3492679785785,2,0.197861953945079,0.3367234655516782,0.20261765355827727,0.20261765355827727,1.0
560.5,1,-0.9204091669682448,1.219632793419306,3.2523054715285644,3.2523054715285644,1.0
560.5492679785785,2,0.33294676663748923,-0.4254660772189598,0.39644441015452636,0.39644441015452636,1.0
560.7492679785786,2,-0.9186863023702649,-0.6408142764553273,1.7925595770808358,1.7925595770808358,1.0
560.75,1,-1.586232491995868,-0.17756871647910888,3.6237325925787127,3.6237325925787127,1.0
560.9492679785785,2,-0.16491334436011584,2.215907287671591,6.257615022343642,6.257615022343642,1.0
561.0,1,0.6878879927358366,-0.05908350345301816,0.678067699621428,0.678067699621428,1.0
561.1492679785786,2,-0.08560578948802444,0.6940424162767758,0.6209448683609462,0.6209448683609462,1.0
561.25,1,-0.013907415264430512,1.7554572971440776,4.241765546990338,4.241765546990338,1.0
561.3492679785785,2,-0.09496589870974148,1.2064417964620917,1.8566022030006755,1.8566022030006755,1.0
561.5,1,0.5922925422408145,0.4406059781961327,0.7662242032005934,0.7662242032005934,1.0
561.5492679785785,2,-0.4832716124278882,0.30348999773350505,0.4689286304609292,0.4689286304609292,1.0
561.7492679785786,2,-0.005632322690164671,0.03050020340178561,0.0012255083748630357,0.0012255083748630357,1.0
561.75,1,-0.7744151387798102,-1.3830484604757238,3.486612326311705,3.486612326311705,1.0
561.9492679785785,2,0.2782186110400975,-0.19329096750268837,0.16403523639174716,0.16403523639174716,1.0
562.0,1,-0.7990006729674191,0.6062855372620661,1.414307076836188,1.414307076836188,1.0
562.1492679785786,2,-0.15887208692781307,-1.900238690008258,4.609974823561227,4.609974823561227,1.0
562.25,1,0.5229682911024565,0.545324525965984,0.7984044917365899,0.7984044917365899,1.0
562.3492679785785,2,-0.02252039054792654,-0.15173543858468053,0.029918183055632104,0.029918183055632104,1.0
562.5,1,-0.6387829929169158,0.7138715668103384,1.2818209875952855,1.2818209875952855,1.0
562.5492679785785,2,-0.6453420914517576,0.4296330162617763,0.8619476836002249,0.8619476836002249,1.0
562.7492679785786,2,-0.27075428299426285,-0.9729615177853979,1.308968236020983,1.308968236020983,1.0
562.75,1,-0.10761425889696774,0.062360445376680396,0.021832376210639017,0.021832376210639017,1.0
562.9492679785785,2,-1.825104514882602,0.15057385122306233,5.05213400639368,5.05213400639368,1.0
563.0,1,-0.6584199298980629,0.7127168590563411,1.3160307052435072,1.3160307052435072,1.0
563.1492679785786,2,0.5351815102102435,0.40692144183182677,0.6416290116703802,0.6416290116703802,1.0
563.25,1,1.092026500334022,0.13057507516277145,1.7200507765019615,1.7200507765019615,1.0
563.3492679785785,2,1.0698996137086105,0.03854315979674494,1.7284143940482684,1.7284143940482684,1.0
563.5,1,-0.09134755618069867,0.9681496677657773,1.301852622317773,1.301852622317773,1.0
563.5492679785785,2,0.7166568230892807,-0.6780469303463645,1.3569058188715908,1.3569058188715908,1.0
563.7492679785786,2,-0.6082677553782947,0.5811633634651034,0.9855111239454484,0.9855111239454484,1.0
563.75,1,-0.8005045089961413,0.29029145908378684,1.0278427328508701,1.0278427328508701,1.0
563.9492679785785,2,0.7313209110040049,-1.090924852346172,2.313311673562726,2.313311673562726,1.0
564.0,1,-0.09230399282649238,0.24831125282885802,0.09699550958488315,0.09699550958488315,1.0
564.1492679785786,2,-0.3780908734600299,0.8543180783460289,1.1397031063409422,1.1397031063409422,1.0
564.25,1,-1.169509792383046,0.10902316308262616,1.9622424548220239,1.9622424548220239,1.0
564.3492679785785,2,0.6647733131029856,0.7216389936827166,1.3259604381605192,1.3259604381605192,1.0
564.5,1,0.3490708556488169,-0.641311521410616,0.7393654903190159,0.7393654903190159,1.0
564.5492679785785,2,-0.34500842874072113,-0.24707138025706143,0.25684957298127276,0.25684957298127276,1.0
564.7492679785786,2,0.27597820290840147,-1.9619483250180894,4.987821640210905,4.987821640210905,1.0
564.75,1,0.5116893699629639,2.003669700047803,5.8992983518895645,5.8992983518895645,1.0
564.9492679785785,2,0.10200118511805023,0.3676158989382441,0.18678585877672718,0.18678585877672718,1.0
565.0,1,0.11600654258908705,0.2951935161582795,0.13909495796869772,0.13909495796869772,1.0
565.1492679785786,2,-2.0824527335482745,1.3101090526413497,8.71362453497401,8.71362453497401,1.0
565.25,1,-0.5414947960453809,0.25683726584252,0.5079484109550325,0.5079484109550325,1.0
565.3492679785785,2,0.2630964254238233,-0.6827302417443497,0.6946200990061281,0.6946200990061281,1.0
565.5,1,1.6121852203461824,-0.2806408277868693,3.805812338240242,3.805812338240242,1.0
565.5492679785785,2,-0.7757455730611102,1.412407827900314,3.4339148400728186,3.4339148400728186,1.0
565.7492679785786,2,-0.09180777036456611,0.4045602396212056,0.21990785975800947,0.21990785975800947,1.0
565.75,1,-0.030549366653206178,-0.03600006912104048,0.003112101093899212,0.003112101093899212,1.0
565.9492679785785,2,-0.901793918503559,-1.5308653530452547,4.193463279887091,4.193463279887091,1.0
566.0,1,-0.9241253293134264,0.5083853249481969,1.5708613367271254,1.5708613367271254,1.0
566.1492679785786,2,1.321271424424726,0.8702423300111799,3.59181388680036,3.59181388680036,1.0
566.25,1,-1.0778013463445149,0.3675417519999198,1.8386017471200986,1.8386017471200986,1.0
566.3492679785785,2,0.2114986873331599,0.7917057654042594,0.8611392383744642,0.8611392383744642,1.0
566.5,1,0.2705082251602704,-0.6080297352190791,0.6128965003987059,0.6128965003987059,1.0
566.5492679785785,2,-1.002988547538152,-0.1153194046739725,1.5342852273231244,1.5342852273231244,1.0
566.7492679785786,2,0.33585234155456156,-1.3013339276186318,2.313952172190057,2.313952172190057,1.0
566.75,1,0.024652491695677625,0.01659293377469817,0.0012438103743977313,0.0012438103743977313,1.0
566.9492679785785,2,0.06279858506593072,-0.6879163096368877,0.605077296747298,0.605077296747298,1.0
567.0,1,-1.9383049280220845,-1.3149636934885325,7.725711636377355,7.725711636377355,1.0
567.1492679785786,2,0.5956390096948976,1.0883029002214242,2.0347036651299177,2.0347036651299177,1.0
567.25,1,-0.0609752371720802,-0.8749242710062921,1.0588971011953427,1.0588971011953427,1.0
567.3492679785785,2,-0.9159874434371069,-1.1531982297051626,2.949432929925068,2.949432929925068,1.0
567.5,1,0.9256898739766033,-0.20601160464994894,1.2773986406385809,1.2773986406385809,1.0
567.5492679785785,2,-0.8361741242024987,-0.5427853378130307,1.4277431923252852,1.4277431923252852,1.0
567.7492679785786,2,-1.092137820669512,0.8275264981317854,2.665581250957752,2.665581250957752,1.0
567.75,1,0.8987304724874576,0.31965900178510287,1.2900047514180417,1.2900047514180417,1.0
567.9492679785785,2,-0.7469748204436382,-0.6386065257551028,1.3577835347076666,1.3577835347076666,1.0
568.0,1,1.5871344561269964,0.8033735651646947,4.472477187993998,4.472477187993998,1.0
568.1492679785786,2,0.4936700466457289,1.1965705751058215,2.1803947906553374,2.1803947906553374,1.0
568.25,1,0.5833641865980344,1.7660318296496937,4.776903870944288,4.776903870944288,1.0
568.3492679785785,2,1.2616784412140625,0.07585345198665028,2.408253152100032,2.408253152100032,1.0
568.5,1,-0.1149517145988721,-0.5595952906941655,0.44976732565279054,0.44976732565279054,1.0
568.5492679785785,2,0.8293290035546654,2.039337193306162,6.3039663156784576,6.3039663156784576,1.0
568.7492679785786,2,-1.0176033112982275,0.14889473352579907,1.5895943407961801,1.5895943407961801,1.0
568.75,1,0.21783368545720805,-2.125339177471591,6.285837117364201,6.285837117364201,1.0
568.9492679785785,2,-0.848284286633401,0.8045903529801239,1.904790162801452,1.904790162801452,1.0
569.0,1,1.503470554035161,1.260042416106716,5.401652316564354,5.401652316564354,1.0
569.1492679785786,2,-0.48863260831171473,0.23123003606593207,0.4277959269089142,0.4277959269089142,1.0
569.25,1,0.48994322246200994,0.6827376451686806,0.9830801058969516,0.9830801058969516,1.0
569.3492679785785,2,-0.7400821500400543,0.5144489791879661,1.161248299853153,1.161248299853153,1.0
569.5,1,-0.8170859832333317,0.8615821426506307,1.9713658636784475,1.9713658636784475,1.0
569.5492679785785,2,0.6569662616909309,0.23619198116779883,0.7216830701865098,0.7216830701865098,1.0
569.7492679785786,2,-0.8586201476083275,0.21371015105872448,1.1695378809855037,1.1695378809855037,1.0
569.75,1,-1.8447172710567177,0.6469749727030911,5.418489899206433,5.418489899206433,1.0
569.9492679785785,2,0.06669261381200897,0.5678300356196111,0.4149205472949086,0.4149205472949086,1.0
570.0,1,-0.6717642991416017,0.836463882578955,1.6051711035644796,1.6051711035644796,1.0
570.1492679785786,2,-0.41759179028468907,-0.24786244330846774,0.34078927839055817,0.34078927839055817,1.0
570.25,1,0.62522666049321,-0.46725497623727463,0.8566407595251464,0.8566407595251464,1.0
570.3492679785785,2,0.28585742925912605,-0.07388192837266594,0.1301620492935702,0.1301620492935702,1.0
570.5,1,-2.12285849075535,-0.4746289758084181,6.720814504574081,6.720814504574081,1.0
570.5492679785785,2,-0.5233109674656227,0.3819001770896686,0.597776335693498,0.597776335693498,1.0
570.7492679785786,2,0.25552691037004926,0.036666539402568255,0.10016344531828603,0.10016344531828603,1.0
570.75,1,-1.5616379746788471,-0.2194263933009939,3.5364437817838654,3.5364437817838654,1.0
570.9492679785785,2,-0.9245870161406167,0.5235930071483961,1.6362869227114143,1.6362869227114143,1.0
571.0,1,-0.8831527097915881,-0.8889119241824175,2.1974022389054895,2.1974022389054895,1.0
571.1492679785786,2,-0.8339960492174026,0.2674302585963946,1.139575643320721,1.139575643320721,1.0
571.25,1,0.37085133243195756,-0.23396479341304355,0.2710053242101203,0.2710053242101203,1.0
571.3492679785785,2,-0.5484040602996831,0.5661879007242567,0.8595317182962721,0.8595317182962721,1.0
571.5,1,0.722209678456128,0.8246899534002403,1.6779951416949987,1.6779951416949987,1.0
571.5492679785785,2,-0.28151028037276404,0.3324179870376023,0.25946966895281603,0.25946966895281603,1.0
571.7492679785786,2,0.696937529899504,-0.04882876389838442,0.735472868013892,0.735472868013892,1.0
571.75,1,0.6546434821608074,-0.1913105555767185,0.6602000792390086,0.6602000792390086,1.0
571.9492679785785,2,-0.0018109574313829313,0.1216178559794443,0.01873092567153199,0.01873092567153199,1.0
572.0,1,0.10692711314858094,0.41034735582780657,0.24805005789409487,0.24805005789409487,1.0
572.1492679785786,2,-0.06630698056845219,0.3467166489713658,0.1588365311713572,0.1588365311713572,1.0
572.25,1,-1.5009839418496895,-0.20492738355283624,3.2630455514550993,3.2630455514550993,1.0
572.3492679785785,2,0.10542641169067579,0.48945289819556503,0.32010765994211043,0.32010765994211043,1.0
572.5,1,1.3047770800614096,-1.0607277561964352,3.9703023981652192,3.9703023981652192,1.0
572.5492679785785,2,-1.2878743236192882,-0.9823094104273298,3.723802805682152,3.723802805682152,1.0
572.7492679785786,2,-0.31024866229284065,-0.37446618101593643,0.3226671489612386,0.3226671489612386,1.0
572.75,1,0.6621906310380385,0.7020531469013083,1.3024678025819232,1.3024678025819232,1.0
572.9492679785785,2,0.2894010738902075,-0.0009255998037587254,0.12630744618478565,0.12630744618478565,1.0
573.0,1,0.6021762742939671,-0.5284509364893419,0.9003394421297263,0.9003394421297263,1.0
573.1492679785786,2,-0.6080660825043225,-0.32227453755046653,0.6891481649905102,0.6891481649905102,1.0
573.25,1,0.28870446400575034,-1.0113770156017021,1.5264566034440352,1.5264566034440352,1.0
573.3492679785785,2,-0.8199738572386401,0.22563769070836992,1.0785860161081384,1.0785860161081384,1.0
573.5,1,0.3347787374796276,-0.9773014971848859,1.4739214288198959,1.4739214288198959,1.0
573.5492679785785,2,0.26882196186069685,-1.0352957382567571,1.4662964830167837,1.4662964830167837,1.0
573.7492679785786,2,-0.657807109258508,-1.3940579134526203,3.1127699672237714,3.1127699672237714,1.0
573.75,1,0.11012881968073529,0.4014426267301183,0.23911002246133448,0.23911002246133448,1.0
573.9492679785785,2,-0.32614091302339077,1.0839390744278194,1.6479206494892495,1.6479206494892495,1.0
574.0,1,0.6410300822245567,-0.9477633600974302,1.821114847593527,1.821114847593527,1.0
574.1492679785786,2,-0.5271710510196499,-1.2378410720091737,2.3591823891854395,2.3591823891854395,1.0
574.25,1,-0.4834845269665191,0.9404966906646366,1.550017353790952,1.550017353790952,1.0
574.3492679785785,2,0.5568992705662623,-0.14096035877349822,0.4929405004280678,0.4929405004280678,1.0
574.5,1,0.42325641795091506,-0.04656871839059873,0.2578295923685205,0.2578295923685205,1.0
574.5492679785785,2,0.5883482275573897,-0.715788083269632,1.170946724298298,1.170946724298298,1.0
574.7492679785786,2,-0.4951322053414202,-0.914949612752356,1.4294612708930883,1.4294612708930883,1.0
574.75,1,1.1334180592470773,-0.08499107662508676,1.8379152636527507,1.8379152636527507,1.0
574.9492679785785,2,-1.2960243976417765,1.2291861005997933,4.445963052313776,4.445963052313776,1.0
575.0,1,-1.4490166779642841,0.015964989345937486,2.987768092599876,2.987768092599876,1.0
575.1492679785786,2,0.13202015587904725,-0.8791562582646653,1.004905216533578,1.004905216533578,1.0
575.25,1,-0.6174287648043446,0.708178971478929,1.2326321033191583,1.2326321033191583,1.0
575.3492679785785,2,-0.5163711817642298,-0.05493399955527156,0.4059942839602239,0.4059942839602239,1.0
575.5,1,-0.590382658065284,-0.8079666425349812,1.3942669807970207,1.3942669807970207,1.0
575.5492679785785,2,1.0007362463774179,0.44642851007202156,1.7630138585849242,1.7630138585849242,1.0
575.7492679785786,2,0.37534412521386784,-0.23575726921709972,0.28281154160120164,0.28281154160120164,1.0
575.75,1,-1.248819252521633,-0.020390404416507746,2.219730669608751,2.219730669608751,1.0
575.9492679785785,2,-0.9491162345590141,0.9314518064565593,2.456938790931102,2.456938790931102,1.0
576.0,1,-0.5541720156414822,1.103017265036666,2.111675379811304,2.111675379811304,1.0
576.1492679785786,2,-0.6650794991897069,0.076804239487132,0.6745890893374842,0.6745890893374842,1.0
576.25,1,-0.44043868868739544,0.27602658298529015,0.38084879172827796,0.38084879172827796,1.0
576.3492679785785,2,-0.8594221116479925,1.4821867410009304,3.89579576235104,3.89579576235104,1.0
576.5,1,-0.21953522972941997,-0.028086196900031002,0.06964668824428064,0.06964668824428064,1.0
576.5492679785785,2,0.6033929263188256,0.03052393933479136,0.5503685438227153,0.5503685438227153,1.0
576.7492679785786,2,-1.156244714795493,-0.6796710531934176,2.6008213644243514,2.6008213644243514,1.0
576.75,1,-0.031119214481746482,0.05791761488726577,0.005995819133961377,0.005995819133961377,1.0
576.9492679785785,2,0.49443729631331834,-0.1220863891806312,0.3875487532820622,0.3875487532820622,1.0
577.0,1,2.042430985218216,-0.9936003343740398,7.294258585703426,7.294258585703426,1.0
577.1492679785786,2,-1.412175588994156,-0.9690527957192328,4.196683841562398,4.196683841562398,1.0
577.25,1,1.0127077981008554,-0.1384633795629875,1.48546244849062,1.48546244849062,1.0
577.3492679785785,2,-0.9127358337072398,-0.6561008953657805,1.8016206215831074,1.8016206215831074,1.0
577.5,1,-0.17826100685637059,0.5453147340978193,0.454458936626458,0.454458936626458,1.0
577.5492679785785,2,0.09500886481869486,0.45676498789413644,0.27781404951121785,0.27781404951121785,1.0
577.7492679785786,2,-1.1722770515818919,-0.8923568013043246,3.0803863070433506,3.0803863070433506,1.0
577.75,1,-0.47616476709045763,1.2428426900628708,2.449047820069054,2.449047820069054,1.0
577.9492679785785,2,0.7784287172121154,-1.6416514638870172,4.325846810173955,4.325846810173955,1.0
578.0,1,0.573678461587722,-0.3763029818379886,0.6631774323313991,0.6631774323313991,1.0
578.1492679785786,2,0.6257703565431036,-1.1826728324008533,2.361558541343275,2.361558541343275,1.0
578.25,1,-1.448378163320852,-0.5707851482420674,3.43292864645106,3.43292864645106,1.0
578.3492679785785,2,-0.8902768228294988,0.18378415684000338,1.2382405015167353,1.2382405015167353,1.0
578.5,1,-1.085799002502272,-0.5349375840826647,2.0709613397164217,2.0709613397164217,1.0
578.5492679785785,2,-0.3502662824303382,1.0535629355174536,1.5906727200281685,1.5906727200281685,1.0
578.7492679785786,2,-0.05550763980679996,-0.4130871767204911,0.22067025181313363,0.22067025181313363,1.0
578.75,1,-0.7100715310081114,0.030050989120506966,0.7186960251292491,0.7186960251292491,1.0
578.9492679785785,2,0.01775033511575863,-0.40264242124892213,0.20572793146981855,0.20572793146981855,1.0
579.0,1,0.24346329131535427,0.9255902274856278,1.26361091886933,1.26361091886933,1.0
579.1492679785786,2,-1.4332130389417514,0.7398733683746772,3.791080020817886,3.791080020817886,1.0
579.25,1,-0.03736676578000164,0.3098821752076528,0.13415598911738957,0.13415598911738957,1.0
579.3492679785785,2,-1.4496282884891585,0.03146404254114987,3.17083874598801,3.17083874598801,1.0
579.5,1,0.02053672013846075,0.53756632184355,0.3983068114768439,0.3983068114768439,1.0
579.5492679785785,2,-0.10916518431508493,-0.9625505980616182,1.1912274737409394,1.1912274737409394,1.0
579.7492679785786,2,-0.16679688278283678,-0.43187488790159545,0.2780745565060012,0.2780745565060012,1.0
579.75,1,-0.5304693263659601,-1.0195537484341775,1.8314048493074893,1.8314048493074893,1.0
579.9492679785785,2,-2.1476333205683815,-1.413823220073589,9.215514072533933,9.486469305115023,1.029980317989008
580.0,1,-0.7265009639182889,-0.10631596072900962,0.7665189119766957,0.7665189119766957,1.0
580.1492679785786,2,-0.3685960688205938,-0.505421264658688,0.5283384876562116,0.5283384876562116,1.0
580.25,1,-1.0308426698088198,0.9839767906316332,2.8443945914172932,2.8443945914172932,1.0
580.3492679785785,2,-0.16768720174452234,0.8799021307774764,1.0227533507753945,1.0227533507753945,1.0
580.5,1,-1.1328858706466338,-0.4192362334154507,2.0676193108287633,2.0676193108287633,1.0
580.5492679785785,2,-0.37444884806262024,0.27737068235277196,0.3089188127417612,0.3089188127417612,1.0
580.7492679785786,2,0.2676210807342052,-1.6064728781850564,3.37509640932088,3.37509640932088,1.0
580.75,1,0.9930307345195146,0.20311908989971883,1.459966498100046,1.459966498100046,1.0
580.9492679785785,2,0.22823773429647076,-0.8621330822341515,1.0195707448082887,1.0195707448082887,1.0
581.0,1,1.1079979745012736,-0.7472303525618296,2.5152885424212936,2.5152885424212936,1.0
581.1492679785786,2,0.6961281539104576,-0.7530838180975259,1.4489217377499626,1.4489217377499626,1.0
581.25,1,0.8124775657900614,-0.9518320539370162,2.1861030924385725,2.1861030924385725,1.0
581.3492679785785,2,-0.08691943331657193,0.18109275932345215,0.052920310821365134,0.052920310821365134,1.0
581.5,1,-0.6653168583419902,0.15340887287888938,0.6620728002105063,0.6620728002105063,1.0
581.5492679785785,2,0.3498946001923109,-0.9714528814154364,1.3797135768172337,1.3797135768172337,1.0
581.7492679785786,2,-0.4862884837837491,0.7064494739594789,0.9883941652337243,0.9883941652337243,1.0
581.75,1,0.26110122791406276,-0.06339279316702617,0.10253928250565451,0.10253928250565451,1.0
581.9492679785785,2,-1.4586919942250383,0.4918622268252588,3.5151363325788627,3.5151363325788627,1.0
582.0,1,-0.881037047152267,1.554741039836661,4.431707863359459,4.431707863359459,1.0
582.1492679785786,2,0.544776758770027,-0.2676720276452458,0.538316989890438,0.538316989890438,1.0
582.25,1,-0.26117658018973344,0.500872788538286,0.44234011518274746,0.44234011518274746,1.0
582.3492679785785,2,-0.8989333644494426,-0.7144616297578459,1.865174010296526,1.865174010296526,1.0
582.5,1,-0.46313646311559964,-0.07451819404674209,0.31277167212712437,0.31277167212712437,1.0
582.5492679785785,2,0.016878314559905405,-0.53399333350111,0.3615177803247519,0.3615177803247519,1.0
582.7492679785786,2,1.7874663250594214,-0.4994861628714551,5.133826723393906,5.133826723393906,1.0
582.75,1,-0.23584206381387496,-0.3248770941277268,0.22444145128110776,0.22444145128110776,1.0
582.9492679785785,2,1.308280608821768,-0.16052972691948542,2.6138397935980313,2.6138397935980313,1.0
583.0,1,-1.217136630410879,0.32899353790390906,2.2567673439070632,2.2567673439070632,1.0
583.1492679785786,2,0.8554630781103612,0.09763943099159489,1.1157855542919128,1.1157855542919128,1.0
583.25,1,-0.4010894957450155,0.24805562068814258,0.31356053525519745,0.31356053525519745,1.0
583.3492679785785,2,-0.8831270576069592,1.2063348860271579,3.0190045919847592,3.0190045919847592,1.0
583.5,1,-0.12200059247873973,1.2111911969496636,2.0401069284956908,2.0401069284956908,1.0
583.5492679785785,2,0.4068079063776935,0.9773952282560265,1.4593434950955884,1.4593434950955884,1.0
583.7492679785786,2,0.15820278456628856,0.34931177549629355,0.19221109524854954,0.19221109524854954,1.0
583.75,1,-0.780474741288284,1.3301628107212036,3.3024722659410184,3.3024722659410184,1.0
583.9492679785785,2,0.5454430065982976,-0.3588034150147874,0.6116543904076084,0.6116543904076084,1.0
584.0,1,1.143606703804723,0.3586245446109606,2.037836790719612,2.037836790719612,1.0
584.1492679785786,2,0.5915742733793579,1.4959653875143069,3.3613005093091592,3.3613005093091592,1.0
584.25,1,-1.460422452075706,0.9633903007228146,4.311779980094419,4.311779980094419,1.0
584.3492679785785,2,-1.4218256323794147,0.3247975364399722,3.1827350794636127,3.1827350794636127,1.0
584.5,1,-1.5543077548548538,-0.3110746498501027,3.5698726516185855,3.5698726516185855,1.0
584.5492679785785,2,-0.03709621799273677,0.8475718982140288,0.91176999944408,0.91176999944408,1.0
584.7492679785786,2,-0.17698695644241091,1.0102440991950896,1.3392573222949518,1.3392573222949518,1.0
584.75,1,1.2807107598997352,0.6749795003880674,2.9611245420264334,2.9611245420264334,1.0
584.9492679785785,2,1.39749684123794,0.4774190357543606,3.23383638896172,3.23383638896172,1.0
585.0,1,0.3039932496408966,-0.18810591921591335,0.18019054371130527,0.18019054371130527,1.0
585.1492679785786,2,-1.1119955580071554,-0.9855399771850326,3.0947078302660547,3.0947078302660547,1.0
585.25,1,-0.6476460243047217,-1.1872714475611086,2.5368928473648475,2.5368928473648475,1.0
585.3492679785785,2,-0.890034357466563,-0.11217831882252227,1.2107501480702794,1.2107501480702794,1.0
585.5,1,-0.019926755488878456,-0.4797988848794157,0.3173872879423927,0.3173872879423927,1.0
585.5492679785785,2,-0.4258323440927647,0.12737684683366624,0.29407078036531287,0.29407078036531287,1.0
585.7492679785786,2,0.5549056135864969,0.02706173018240632,0.4652603825976768,0.4652603825976768,1.0
585.75,1,0.1519129044244263,0.7346294605707351,0.775774662477669,0.775774662477669,1.0
585.9492679785785,2,0.17702861935925718,0.022986184051447367,0.04793076896319918,0.04793076896319918,1.0
586.0,1,0.26249964719497143,0.7219191396154199,0.815426831651786,0.815426831651786,1.0
586.1492679785786,2,0.15608078486081567,0.5232191685135463,0.38335636796390027,0.38335636796390027,1.0
586.25,1,0.1383836505398186,0.3451010672718149,0.19116349563259566,0.19116349563259566,1.0
586.3492679785785,2,0.4339832092287672,-1.1472148176301729,1.9505590567755853,1.9505590567755853,1.0
586.5,1,-0.05087574425927954,-0.8106862045499366,0.9081711574746554,0.9081711574746554,1.0
586.5492679785785,2,-0.42418998840779487,-1.285847640947281,2.365155774143082,2.365155774143082,1.0
586.7492679785786,2,0.6162504744819959,0.47992076537747996,0.8642519886283073,0.8642519886283073,1.0
586.75,1,0.25228528777102177,0.6827088476147432,0.7322000639370218,0.7322000639370218,1.0
586.9492679785785,2,-0.8891187396173752,-0.2946771529245953,1.30212103603924,1.30212103603924,1.0
587.0,1,-0.8965388339124623,-0.31547044188018125,1.2806237434317793,1.2806237434317793,1.0
587.1492679785786,2,0.22139176463264398,1.7059500441303452,3.7587152794263856,3.7587152794263856,1.0
587.25,1,-0.7129981725246015,0.14905279079182332,0.7538229043322681,0.7538229043322681,1.0
587.3492679785785,2,-0.19287561337681325,-1.2478741714868602,2.0278673579913415,2.0278673579913415,1.0
587.5,1,0.16907706316803583,-0.6722495255529624,0.6626217091991489,0.6626217091991489,1.0
587.5492679785785,2,0.17389796911549205,-1.0298728493843843,1.3887216457930844,1.3887216457930844,1.0
587.7492679785786,2,0.010902413202034111,0.0005240260736654179,0.00017958868346826864,0.00017958868346826864,1.0
587.75,1,0.1607324445825391,0.38448736806855255,0.24026890008578844,0.24026890008578844,1.0
587.9492679785785,2,-0.4317765618280962,-1.1757340898089175,2.0312713261279827,2.0312713261279827,1.0
588.0,1,-0.042769679847380004,0.6582213345920467,0.5989790953215666,0.5989790953215666,1.0
588.1492679785786,2,-2.2329154649196266,0.5293775498753144,7.874528741009981,7.874528741009981,1.0
588.25,1,1.4103117030045205,0.27394147770421773,2.932977410797469,2.932977410797469,1.0
588.3492679785785,2,-0.47736292604836805,-0.4745665981774603,0.6288765844336821,0.6288765844336821,1.0
588.5,1,0.8046364486363906,0.3053054281502612,1.0492997990838224,1.0492997990838224,1.0
588.5492679785785,2,-0.4609332850000083,-0.04384938299513097,0.3229116918075383,0.3229116918075383,1.0
588.7492679785786,2,-0.07366046129785353,-1.014767401656925,1.3118023197654853,1.3118023197654853,1.0
588.75,1,0.7062344524476529,1.3117489082920462,3.0784582989726634,3.0784582989726634,1.0
588.9492679785785,2,-0.9069377223784727,1.368906709168277,3.6129007568801343,3.6129007568801343,1.0
589.0,1,0.5896588200706887,-0.036576123235046776,0.4965509726573698,0.4965509726573698,1.0
589.1492679785786,2,-0.6672450899333278,0.46478341094236564,0.9449865844292109,0.9449865844292109,1.0
589.25,1,-1.0926391986449815,-0.8900205744109502,2.7887659988524582,2.7887659988524582,1.0
589.3492679785785,2,-0.6562739597256737,-2.659039790389108,9.217157643693234,9.602480816799321,1.0425761078294442
589.5,1,1.031211130699857,0.4359643519281944,1.774289456426258,1.774289456426258,1.0
589.5492679785785,2,-0.0401353969851197,0.11815157194184644,0.020107135361497126,0.020107135361497126,1.0
589.7492679785786,2,0.13718851477189986,-0.3136375331605321,0.15290908532118225,0.15290908532118225,1.0
589.75,1,-0.7324796916199485,1.361213020819133,3.3141557093593565,3.3141557093593565,1.0
589.9492679785785,2,-0.17010412108892936,0.5092545926876744,0.37196900646248043,0.37196900646248043,1.0
590.0,1,0.1266384297660501,1.077202283254843,1.6200416260627035,1.6200416260627035,1.0
590.1492679785786,2,0.723494207034312,-0.9141877666716414,1.8475914261202222,1.8475914261202222,1.0
590.25,1,-0.15426232390721317,1.6976597826459296,4.000593964896717,4.000593964896717,1.0
590.3492679785785,2,0.6501192219637595,1.0323792718025113,1.9870241540699196,1.9870241540699196,1.0
590.5,1,-1.3294452132453305,-0.37701285912093896,2.7098421083485564,2.7098421083485564,1.0
590.5492679785785,2,-1.339825947173189,0.2894311846685418,2.813851035023548,2.813851035023548,1.0
590.7492679785786,2,1.064590610421055,0.3572338984398433,1.8705956628070095,1.8705956628070095,1.0
590.75,1,-0.9680291621562329,-0.8020713808300912,2.2190003215611123,2.2190003215611123,1.0
590.9492679785785,2,-0.05177811039618696,-1.3385222254235734,2.2723217438821495,2.2723217438821495,1.0
591.0,1,0.3401501103733331,0.3418257489611105,0.3254565171749272,0.3254565171749272,1.0
591.1492679785786,2,0.403979317677857,0.4211000421949702,0.4706491340631441,0.4706491340631441,1.0
591.25,1,0.6053110791886507,0.5144668291341867,0.8855592460253917,0.8855592460253917,1.0
591.3492679785785,2,0.17265200025001803,1.6746515390120091,3.5960138708784073,3.5960138708784073,1.0
591.5,1,0.6995814057750938,-1.3032421303705912,3.0336729979627153,3.0336729979627153,1.0
591.5492679785785,2,-0.998917310713912,1.1431521036049115,3.159944341927503,3.159944341927503,1.0
591.7492679785786,2,0.19854322876446773,0.0030596110545917377,0.059454545986757985,0.059454545986757985,1.0
591.75,1,1.0433011606220113,0.25442292592630267,1.6379413539848224,1.6379413539848224,1.0
591.9492679785785,2,0.5264521493417007,0.0727348605345326,0.42466126469857973,0.42466126469857973,1.0
592.0,1,0.8146986507258624,0.4917384286245654,1.2772077713048584,1.2772077713048584,1.0
592.1492679785786,2,-1.2264197202798162,-0.16000087442365274,2.3008726104918624,2.3008726104918624,1.0
592.25,1,-0.4300582373917514,0.40617986992190613,0.4901994377350677,0.4901994377350677,1.0
592.3492679785785,2,0.48745151916302376,0.7049108816709659,0.9875672477830674,0.9875672477830674,1.0
592.5,1,-0.6010434812843108,0.16959837727164784,0.5534838684619604,0.5534838684619604,1.0
592.5492679785785,2,0.13515163703179667,1.2214714783525809,1.9168803468228468,1.9168803468228468,1.0
592.7492679785786,2,0.1652637005328792,0.6402768839946922,0.5601659521956098,0.5601659521956098,1.0
592.75,1,1.8704242068637136,-0.2854716023333972,5.090312315028816,5.090312315028816,1.0
592.9492679785785,2,0.29543492353208123,-0.7504486149602578,0.8446257620911982,0.8446257620911982,1.0
593.0,1,-0.3505025196796936,0.625648675045458,0.7136039266290637,0.7136039266290637,1.0
593.1492679785786,2,-0.023302232121384492,0.732827516560139,0.680776579701261,0.680776579701261,1.0
593.25,1,-1.1903717537016831,-0.5255243061365675,2.396030113135956,2.396030113135956,1.0
593.3492679785785,2,1.4844247716362489,0.7461262958188888,4.028461329144664,4.028461329144664,1.0
593.5,1,-1.9783631647207613,0.24153178244786577,5.648015444955955,5.648015444955955,1.0
593.5492679785785,2,0.7012100921647644,-0.8824646310815742,1.7278103364149335,1.7278103364149335,1.0
593.7492679785786,2,-1.7155110485110985,1.0254140922261548,5.769007301715619,5.769007301715619,1.0
593.75,1,0.3551066198561088,-0.3302734383578927,0.32959598511326366,0.32959598511326366,1.0
593.9492679785785,2,0.5820044385844128,-0.6870268497603451,1.1084064479876683,1.1084064479876683,1.0
594.0,1,0.758320286429587,-0.3267331569319891,0.9651328043590685,0.9651328043590685,1.0
594.1492679785786,2,-0.19634747402309216,1.2175423483683674,1.9350696975332644,1.9350696975332644,1.0
594.25,1,0.36682212144798143,-0.48915341056451833,0.5207592036457809,0.5207592036457809,1.0
594.3492679785785,2,-1.1836468043273864,-0.2372410500061113,2.1844194040166567,2.1844194040166567,1.0
594.5,1,-0.227367234288689,-0.9142476864234381,1.223874677319185,1.223874677319185,1.0
594.5492679785785,2,-1.6802728751227658,-0.3844886476505338,4.445914277037714,4.445914277037714,1.0
594.7492679785786,2,0.6063368005885827,-1.3807659054799961,2.967946121451969,2.967946121451969,1.0
594.75,1,-0.7465704354096054,0.6567540089174804,1.3868731074527405,1.3868731074527405,1.0
594.9492679785785,2,-0.8648893287456882,-1.7154265059810223,4.853655958691048,4.853655958691048,1.0
595.0,1,-0.2515157769612202,-0.7663805787479658,0.8984778213979542,0.8984778213979542,1.0
595.1492679785786,2,0.3220058550826259,0.46063542895948295,0.4250349377808156,0.4250349377808156,1.0
595.25,1,0.6894641283632552,-0.5959638212895149,1.1651365626893422,1.1651365626893422,1.0
595.3492679785785,2,0.32312126176634237,-0.26417402782253774,0.24584457375305782,0.24584457375305782,1.0
595.5,1,1.0735707771763359,-1.3027781291320348,3.9753772020974436,3.9753772020974436,1.0
595.5492679785785,2,0.009479812148875055,-1.1683418979363354,1.72868678088494,1.72868678088494,1.0
595.7492679785786,2,0.5389009421949709,1.1585200917189469,2.1370549063583835,2.1370549063583835,1.0
595.75,1,0.4473538226493545,-0.6801263120839596,0.921553647181931,0.921553647181931,1.0
595.9492679785785,2,0.3414693514413756,0.5316793623323552,0.533732417461319,0.533732417461319,1.0
596.0,1,0.5205029048686391,-0.4743897690420247,0.6952478954783435,0.6952478954783435,1.0
596.1492679785786,2,-1.4455054409920702,-1.0643200812966462,4.5855854555295466,4.5855854555295466,1.0
596.25,1,-0.31873367110771156,0.3181427527400189,0.28384131498037823,0.28384131498037823,1.0
596.3492679785785,2,0.3964242144817618,-0.08273654382059492,0.2457002421691492,0.2457002421691492,1.0
596.5,1,-0.19661507681686885,-0.34348140113731107,0.21736153284379373,0.21736153284379373,1.0
596.5492679785785,2,0.6727727319245851,-1.2587000042522551,2.689001742224707,2.689001742224707,1.0
596.7492679785786,2,-1.1847855372833465,-0.23116539393820634,2.184406920708349,2.184406920708349,1.0
596.75,1,-0.6711318127247381,1.305215805178955,2.986119055526226,2.986119055526226,1.0
596.9492679785785,2,0.06935680428255608,0.2551441406400874,0.08967201237956432,0.08967201237956432,1.0
597.0,1,-0.27735946660466126,0.4941752785694067,0.44560844474430195,0.44560844474430195,1.0
597.1492679785786,2,-1.087891887091704,2.60238147208306,9.229126275856384,10.359717871181006,1.1247920763821038
597.25,1,0.16528563912228122,-1.2321009281794852,2.1282210305409808,2.1282210305409808,1.0
597.3492679785785,2,-0.8253833905190255,0.8832105132110357,2.0151976019740645,2.0151976019740645,1.0
597.5,1,1.2858704155222185,0.9671385636643879,3.6392816084208643,3.6392816084208643,1.0
597.5492679785785,2,-0.07543199443387039,0.023244331799241014,0.009266668016850317,0.009266668016850317,1.0
597.7492679785786,2,0.3412323397265844,0.6911468476686526,0.7802851558898156,0.7802851558898156,1.0
597.75,1,0.2674538618548894,-1.1750801033523022,2.0025755561218594,2.0025755561218594,1.0
597.9492679785785,2,-0.15907436721128576,0.4940943056511051,0.3472284207287207,0.3472284207287207,1.0
598.0,1,1.0498033583974227,0.22063690744409792,1.635017269819626,1.635017269819626,1.0
598.1492679785786,2,-0.5802045995517702,-0.41899175115914633,0.7299631365727889,0.7299631365727889,1.0
598.25,1,-0.7992424629039938,0.21788348930847046,0.9741020739819969,0.9741020739819969,1.0
598.3492679785785,2,-0.6746247086806321,-0.9312776215791869,1.784570957325883,1.784570957325883,1.0
598.5,1,0.3935147880844916,0.6984505711042119,0.8916408412352509,0.8916408412352509,1.0
598.5492679785785,2,0.0531209239447854,-2.0408009362471624,5.278160477758509,5.278160477758509,1.0
598.7492679785786,2,-0.14855384474451938,0.2646322648448609,0.12192966964088048,0.12192966964088048,1.0
598.75,1,0.8142010013933181,-0.42507787593266255,1.19201233316713,1.19201233316713,1.0
598.9492679785785,2,-0.1954795864556509,-0.10315675791515577,0.07109734577838596,0.07109734577838596,1.0
599.0,1,0.37466575712613803,-0.9179952955011352,1.3596867076340133,1.3596867076340133,1.0
599.1492679785786,2,-1.1721008552614052,1.252946336794985,4.059545618278589,4.059545618278589,1.0
599.25,1,0.4044940145208926,-0.5360748708318595,0.6282938325583689,0.6282938325583689,1.0
599.3492679785785,2,0.3631890245862657,-1.2298552405630025,2.114127672363546,2.114127672363546,1.0
599.5,1,-0.20798562330467973,-0.1077576171067145,0.07751539456362072,0.07751539456362072,1.0
599.5492679785785,2,1.3209187077578584,-1.1130485110360842,4.200625542980996,4.200625542980996,1.0
599.7492679785786,2,0.6547152025995153,-0.3813308684945478,0.8304585912663245,0.8304585912663245,1.0
599.75,1,-1.8004639832725644,-0.5812915984714324,5.077760191437197,5.077760191437197,1.0
599.9492679785785,2,-0.49661400052888993,-1.033201577470954,1.723402199997764,1.723402199997764,1.0
600.0,1,-0.13401891306607894,-0.12276592003410491,0.04630010167243144,0.04630010167243144,1.0
600.1492679785786,2,-1.4910056307039667,-0.5094088065546163,3.681326461213025,3.681326461213025,1.0
600.25,1,-1.1773413726514974,-1.8018528547053314,6.440533085442062,6.440533085442062,1.0
600.3492679785785,2,-0.8247399002346789,-1.966941960033315,5.924681006988679,5.924681006988679,1.0
600.5,1,-0.2083611530353977,0.17717967264556456,0.10496120077133998,0.10496120077133998,1.0
600.5492679785785,2,-0.3476755770561155,0.9721801931903,1.3791502543267327,1.3791502543267327,1.0
600.7492679785786,2,0.4788268032266956,-0.06566647534744141,0.35119102527777907,0.35119102527777907,1.0
600.75,1,0.2633619610359794,-0.6520099617161543,0.6839083905927043,0.6839083905927043,1.0
600.9492679785785,2,-0.7518956756716868,-0.028199005070431937,0.8535777923666257,0.8535777923666257,1.0
601.0,1,-0.9141488118934227,0.15662603201798775,1.2227463022108878,1.2227463022108878,1.0
601.1492679785786,2,0.06621030888479851,-0.5968786022023076,0.45768304105699537,0.45768304105699537,1.0
601.25,1,0.4776075437510592,-0.8928596977233101,1.4217475164626283,1.4217475164626283,1.0
601.3492679785785,2,-0.18537749476130116,0.09956400209235428,0.0643834887675383,0.0643834887675383,1.0
601.5,1,0.1679977132314896,-0.10008220091264475,0.053933287501945315,0.053933287501945315,1.0
601.5492679785785,2,-0.3641046865544375,0.8286542013417291,1.0694982937537183,1.0694982937537183,1.0
601.7492679785786,2,0.13023000679746133,-0.6670210821590283,0.5888109510165951,0.5888109510165951,1.0
601.75,1,-1.0954357497905818,0.5391737627413875,2.107670242571179,2.107670242571179,1.0
601.9492679785785,2,-1.1780488644495222,0.1544212301803578,2.123067738321914,2.123067738321914,1.0
602.0,1,0.40755190254616736,0.7692913533818037,1.0509382880760259,1.0509382880760259,1.0
602.1492679785786,2,-0.30418967581258727,1.2349840049406382,2.0706211556922547,2.0706211556922547,1.0
602.25,1,-0.8207280062485722,-0.9613921907166632,2.2304320306466323,2.2304320306466323,1.0
602.3492679785785,2,-0.5615434731284097,-0.35865085310868117,0.6384812530635618,0.6384812530635618,1.0
602.5,1,-1.8965791990274035,-0.4848170460166985,5.440353466793779,5.440353466793779,1.0
602.5492679785785,2,-1.1231133183629929,-0.37889734406298237,2.0844573975165015,2.0844573975165015,1.0
602.7492679785786,2,0.5916959598627933,-0.516263310030072,0.8653472693643125,0.8653472693643125,1.0
602.75,1,-0.603019345327283,0.49205281503687326,0.850722089174821,0.850722089174821,1.0
602.9492679785785,2,0.35515720496350767,-0.5192940914566688,0.531627981566838,0.531627981566838,1.0
603.0,1,-0.10292969964362086,-0.20568189768983247,0.07330616749131981,0.07330616749131981,1.0
603.1492679785786,2,0.0004928792927962888,0.04191279395908487,0.002224544197376166,0.002224544197376166,1.0
603.25,1,-0.508897815930677,0.05128181714032687,0.37205810408054996,0.37205810408054996,1.0
603.3492679785785,2,0.7654928338329618,0.27134922214376345,0.9770562514933815,0.9770562514933815,1.0
603.5,1,-0.19292536925902937,1.2658732156488341,2.2582808543581754,2.2582808543581754,1.0
603.5492679785785,2,1.5801807821946667,-0.9548535771757465,4.920978214836075,4.920978214836075,1.0
603.7492679785786,2,0.781693236076471,0.6460622048663156,1.4498267214351626,1.4498267214351626,1.0
603.75,1,0.8011884695173457,-0.2672407448670051,1.011699585015592,1.011699585015592,1.0
603.9492679785785,2,0.42927620080472906,0.20751632363786898,0.3324227373684221,0.3324227373684221,1.0
604.0,1,-0.4684190205113197,-0.18655376142491265,0.3600913353915858,0.3600913353915858,1.0
604.1492679785786,2,-0.011863157190198592,-1.2246530388456118,1.8991184021656735,1.8991184021656735,1.0
604.25,1,-0.4075261327859536,1.1408418209672975,2.027642164064511,2.027642164064511,1.0
604.3492679785785,2,-1.602342913040033,0.8042418270769536,4.6915359017815454,4.6915359017815454,1.0
604.5,1,-0.46770728894860625,-0.8693015096837675,1.3511873413092275,1.3511873413092275,1.0
604.5492679785785,2,-0.45242255037491574,0.7016156006738539,0.9321091928394576,0.9321091928394576,1.0
604.7492679785786,2,-1.3918696329733145,0.38915356459828376,3.11308377774341,3.11308377774341,1.0
604.75,1,-1.171819746864923,-0.9565275905194763,3.2134502718505917,3.2134502718505917,1.0
604.9492679785785,2,-0.7528857984660924,0.6294418504473172,1.3564302157603683,1.3564302157603683,1.0
605.0,1,-0.2830701969013525,0.1667691542866394,0.15229063518188052,0.15229063518188052,1.0
605.1492679785786,2,0.30803836358832015,-0.730371220059582,0.8185148075453923,0.8185148075453923,1.0
605.25,1,0.4516235858634161,1.3573199239028297,2.8258833612437417,2.8258833612437417,1.0
605.3492679785785,2,1.2131845851170766,-0.20572746875770842,2.2735231699661584,2.2735231699661584,1.0
605.5,1,-0.560356338676911,-1.15482144633399,2.2820564943981005,2.2820564943981005,1.0
605.5492679785785,2,-2.373351495325334,-0.17725215330770605,8.53632904013182,8.53632904013182,1.0
605.7492679785786,2,-1.2156545703693915,0.8887262370649067,3.228378682783137,3.228378682783137,1.0
605.75,1,-0.8314102413654183,-0.0009651207375098725,0.9835983478060413,0.9835983478060413,1.0
605.9492679785785,2,0.04069529333105493,0.432372613709058,0.23917879590178417,0.23917879590178417,1.0
606.0,1,-0.5630938184413559,0.9827242153061213,1.7804827944999966,1.7804827944999966,1.0
606.1492679785786,2,1.8373896691317313,-0.3858979034280725,5.280180912913744,5.280180912913744,1.0
606.25,1,0.34286277263528575,1.8437379396165485,4.846038809923528,4.846038809923528,1.0
606.3492679785785,2,-2.0195296407093153,-0.22878234441955358,6.217862655764657,6.217862655764657,1.0
606.5,1,-0.2558350586550695,-0.4220228206784311,0.33822223774696286,0.33822223774696286,1.0
606.5492679785785,2,-0.20912512117252646,0.46732702067040166,0.3425241534959679,0.3425241534959679,1.0
606.7492679785786,2,-0.2808155491555979,-2.0126615310746194,5.247034392928088,5.247034392928088,1.0
606.75,1,0.29439368021408896,-0.019470464438425816,0.12384489269571194,0.12384489269571194,1.0
606.9492679785785,2,1.066732779813126,0.4785076377085207,2.0059523106866894,2.0059523106866894,1.0
607.0,1,-0.5401026932916189,1.036205819712014,1.8930258571596634,1.8930258571596634,1.0
607.1492679785786,2,0.03517626606011959,0.3636762503540576,0.16932556773834473,0.16932556773834473,1.0
607.25,1,-0.5295413499570962,-0.09109924333883512,0.41036224223113343,0.41036224223113343,1.0
607.3492679785785,2,-0.7333354674712318,0.7188193034732691,1.4653944602276514,1.4653944602276514,1.0
607.5,1,-0.11220608321839265,0.33290079038203135,0.17043024048287556,0.17043024048287556,1.0
607.5492679785785,2,-1.4041048558540616,1.986636288497901,7.971651711341602,7.971651711341602,1.0
607.7492679785786,2,-0.7948097336979032,0.17825334345989097,0.992840640919675,0.992840640919675,1.0
607.75,1,0.045350460199468756,-0.4967029619804615,0.3425584116195471,0.3425584116195471,1.0
607.9492679785785,2,0.9361728499945556,-0.5267752446797946,1.6730256112589916,1.6730256112589916,1.0
608.0,1,-0.10787243912295708,-0.27152110412820574,0.11803713085062807,0.11803713085062807,1.0
608.1492679785786,2,0.4120386058950771,0.4938762676339532,0.564881775487322,0.564881775487322,1.0
608.25,1,-1.007514927924575,-0.14909085868612992,1.4747394642268432,1.4747394642268432,1.0
608.3492679785785,2,-0.4522424388854951,0.5987315198463814,0.7623987434220746,0.7623987434220746,1.0
608.5,1,0.038080634208931485,0.09898822588488321,0.0155483220627527,0.0155483220627527,1.0
608.5492679785785,2,-1.5277500568831854,-0.4153718480161859,3.7391473015556045,3.7391473015556045,1.0
608.7492679785786,2,0.9720323958986583,1.6348116031841435,4.808196427763842,4.808196427763842,1.0
608.75,1,-0.30356362763695444,-0.2121124459964152,0.19306228854559343,0.19306228854559343,1.0
608.9492679785785,2,-0.5769095593590556,-1.7041536237440198,4.1786963114376015,4.1786963114376015,1.0
609.0,1,-0.8500758301915212,0.44318091925945735,1.298524331306409,1.298524331306409,1.0
609.1492679785786,2,0.3516713257017372,-0.758464158922318,0.914889507048496,0.914889507048496,1.0
609.25,1,0.8522289516264472,-0.011241234172868042,1.033460663261655,1.033460663261655,1.0
609.3492679785785,2,0.36071423803902647,-0.5260269593596857,0.5466230960084902,0.5466230960084902,1.0
609.5,1,-1.3641188476056598,-0.09844771814685238,2.660452871265901,2.660452871265901,1.0
609.5492679785785,2,0.6529386070620369,-0.1035845947510915,0.6566674586131206,0.6566674586131206,1.0
609.7492679785786,2,-0.21415629826158167,0.664952224393539,0.6289159814452956,0.6289159814452956,1.0
609.75,1,-0.9077074426534786,-0.3648670590412405,1.355679366666545,1.355679366666545,1.0
609.9492679785785,2,1.5641926816282137,1.6136296451848886,6.9863475689345025,6.9863475689345025,1.0
610.0,1,0.6607139716531449,1.400311258979046,3.3202625219821034,3.3202625219821034,1.0
610.1492679785786,2,-0.1450372378552025,0.8936462671513085,1.0428676988989949,1.0428676988989949,1.0
610.25,1,0.2880207118968663,-1.4091434741685247,2.8510725566015824,2.8510725566015824,1.0
610.3492679785785,2,0.521289375364482,0.13987852293256797,0.4346451755967826,0.4346451755967826,1.0
610.5,1,-0.19328347614969132,-0.03184584333195617,0.054540198039635376,0.054540198039635376,1.0
610.5492679785785,2,-0.22056078106530919,2.319438066420837,6.8859204403579,6.8859204403579,1.0
610.7492679785786,2,-1.518261988358308,-0.8734548514760322,4.441876692059722,4.441876692059722,1.0
610.75,1,-0.22362749656615932,0.531552480597,0.4601235145438178,0.4601235145438178,1.0
610.9492679785785,2,-0.835019177747494,0.09436677359951062,1.0627941870436142,1.0627941870436142,1.0
611.0,1,0.5134613145836333,0.1650564992215119,0.4126157696160588,0.4126157696160588,1.0
611.1492679785786,2,-0.514382807309115,0.3277185354067331,0.5350345306156009,0.5350345306156009,1.0
611.25,1,1.1657281963528021,-1.041612162366061,3.4266279534339605,3.4266279534339605,1.0
611.3492679785785,2,0.241378582728764,0.4043100492716364,0.2948654239749119,0.2948654239749119,1.0
611.5,1,-0.3517520446597473,-0.24443017870766715,0.25823771436924664,0.25823771436924664,1.0
611.5492679785785,2,-0.9968455605833704,0.3756512620915291,1.6776091405363798,1.6776091405363798,1.0
611.7492679785786,2,-0.167785222067522,-0.8183763996906053,0.8903130457370564,0.8903130457370564,1.0
611.75,1,0.7127930168073959,-0.8520736548455525,1.7224340496117414,1.7224340496117414,1.0
611.9492679785785,2,0.875488108889364,-0.9103041605031189,2.205027611527113,2.205027611527113,1.0
612.0,1,0.0464698098444245,1.4867680616534713,3.0458030730420367,3.0458030730420367,1.0
612.1492679785786,2,-0.6132092486019189,-1.4850305715057508,3.3593534028123333,3.3593534028123333,1.0
612.25,1,-1.4605599229757935,1.4694612678906112,6.006959996063079,6.006959996063079,1.0
612.3492679785785,2,-0.3947558843341028,0.19392838192996664,0.2826629901340907,0.2826629901340907,1.0
612.5,1,-0.39189788448689455,-0.12664575961696367,0.24055547039103936,0.24055547039103936,1.0
612.5492679785785,2,-0.2207683172495365,0.11127367282075629,0.08919751239865334,0.08919751239865334,1.0
612.7492679785786,2,1.0509968530686464,0.774190199385798,2.4244724681820684,2.4244724681820684,1.0
612.75,1,-0.5196518600278068,0.23549114387201037,0.4605924292049888,0.4605924292049888,1.0
612.9492679785785,2,1.0101470152455079,-0.6623122098440113,2.0942031249744404,2.0942031249744404,1.0
613.0,1,-0.8899509579102123,-0.5453026765730354,1.5361992070999844,1.5361992070999844,1.0
613.1492679785786,2,-0.30034303155459696,-0.6825097401697224,0.7258399813014401,0.7258399813014401,1.0
613.25,1,-0.31924110461876154,0.37182214408795644,0.335279603151257,0.335279603151257,1.0
613.3492679785785,2,-1.3027172936091524,0.38376740525737474,2.7461887564510454,2.7461887564510454,1.0
613.5,1,-0.15803189598619838,-0.5957958070971192,0.5240597906075434,0.5240597906075434,1.0
613.5492679785785,2,0.3280723275938371,-0.8742566630334192,1.1302336889946905,1.1302336889946905,1.0
613.7492679785786,2,0.8192297974647111,1.041354337899017,2.3848823209828045,2.3848823209828045,1.0
613.75,1,0.740142309808089,1.105059975513292,2.460584955821755,2.460584955821755,1.0
613.9492679785785,2,-1.103593694084875,-0.5254916727421011,2.1863300470352542,2.1863300470352542,1.0
614.0,1,-0.880492454949632,-0.3101683944299359,1.2354888901606809,1.2354888901606809,1.0
614.1492679785786,2,-1.2194470796463115,-0.04187757834022421,2.2449810394694287,2.2449810394694287,1.0
614.25,1,0.12680251409254595,1.390714243385026,2.6849109649425165,2.6849109649425165,1.0
614.3492679785785,2,-0.09827825816121916,-0.6256129654972152,0.5101599025365594,0.5101599025365594,1.0
614.5,1,-1.3077338345814695,1.426379898755019,5.232880155562912,5.232880155562912,1.0
614.5492679785785,2,-0.15195610250968627,-0.9818506976107815,1.2556032243786597,1.2556032243786597,1.0
614.7492679785786,2,0.007596478561804787,-0.3792793776371468,0.18219840178371172,0.18219840178371172,1.0
614.75,1,0.4239312060461451,0.49327305401359645,0.5906876070592031,0.5906876070592031,1.0
614.9492679785785,2,-0.9147668904794024,-0.9451165845412806,2.392851780586229,2.392851780586229,1.0
615.0,1,-0.09095539191356394,-0.02500979126473618,0.012631790285024199,0.012631790285024199,1.0
615.1492679785786,2,0.2636124628812908,-0.5855160931387987,0.5388758468388264,0.5388758468388264,1.0
615.25,1,-0.7696102279868029,0.373110127300469,1.0342642438101266,1.0342642438101266,1.0
615.3492679785785,2,-0.25183006511381123,-0.430109419740593,0.3298993557969974,0.3298993557969974,1.0
615.5,1,-0.7965771274054845,-0.5171825559213197,1.270778696388227,1.270778696388227,1.0
615.5492679785785,2,-0.47027989920330526,-0.5382734687151872,0.7005080062419409,0.7005080062419409,1.0
615.7492679785786,2,1.1090108034496815,-0.4570768734935837,2.119143935774752,2.119143935774752,1.0
615.75,1,0.8924448513781869,-1.5978427813203209,4.647988173287865,4.647988173287865,1.0
615.9492679785785,2,1.989127643124867,-0.07912590139141062,5.974848227399156,5.974848227399156,1.0
616.0,1,0.7123082101162552,-0.04889993611380053,0.7252048174844455,0.7252048174844455,1.0
616.1492679785786,2,-0.06824045551860536,0.4178861797123955,0.22812765541842533,0.22812765541842533,1.0
616.25,1,0.7931457413709353,-0.4732991758611,1.203309295627475,1.203309295627475,1.0
616.3492679785785,2,-0.24348896221250627,-0.375315336451151,0.2677858753093198,0.2677858753093198,1.0
616.5,1,-0.6672217483315137,1.0477369433713277,2.144087622299547,2.144087622299547,1.0
616.5492679785785,2,-0.6233219149191669,-0.3071416913159376,0.705524977382127,0.705524977382127,1.0
616.7492679785786,2,-0.8210154060521049,-0.33453364863623836,1.1581492306664942,1.1581492306664942,1.0
616.75,1,0.32042337580971747,0.011976198506196578,0.1462931774702284,0.1462931774702284,1.0
616.9492679785785,2,-1.6603082374690636,-0.5013063107532117,4.475382684053112,4.475382684053112,1.0
617.0,1,-0.2988132476156373,0.793880975618025,0.9945796081013898,0.9945796081013898,1.0
617.1492679785786,2,-0.3331600628610012,0.330183141185725,0.30543846113660705,0.30543846113660705,1.0
617.25,1,0.2643377219216241,0.27456132297361013,0.20316625157647888,0.20316625157647888,1.0
617.3492679785785,2,0.11507899623557094,-0.042911664788128676,0.022306393277848204,0.022306393277848204,1.0
617.5,1,0.43843200204773325,-0.005241147011920022,0.27348502503308053,0.27348502503308053,1.0
617.5492679785785,2,-0.7839117856795212,0.07161670306247048,0.933443278430969,0.933443278430969,1.0
617.7492679785786,2,-0.2214600976887695,-0.5482727658554025,0.4545080390766764,0.4545080390766764,1.0
617.75,1,1.5315679947723417,-2.4490488487095887,9.246693255140253,11.594602363455651,1.2588679565777983
617.9492679785785,2,-0.46155673452730284,1.664071216283495,3.826847886574565,3.826847886574565,1.0
618.0,1,-0.2286726127011569,-1.3620207529003516,2.627751200543661,2.627751200543661,1.0
618.1492679785786,2,-0.6293307528575482,0.775420847803043,1.3585357716643762,1.3585357716643762,1.0
618.25,1,-0.3902518750295556,0.27160142961698297,0.31818018345593624,0.31818018345593624,1.0
618.3492679785785,2,0.2970686885685687,0.5655782717854931,0.5381115350430182,0.5381115350430182,1.0
618.5,1,-1.1297211417026318,1.1367667201936074,3.5937705003866256,3.5937705003866256,1.0
618.5492679785785,2,-2.4052606968541212,-0.15868156491756508,8.757920946938144,8.757920946938144,1.0
618.7492679785786,2,0.6626587821566865,0.2517028263062199,0.7423308866304252,0.7423308866304252,1.0
618.75,1,-0.4041906339868788,0.37402131733007715,0.4250196676485114,0.4250196676485114,1.0
618.9492679785785,2,1.0636041286129867,-0.13217488274236913,1.728034220067888,1.728034220067888,1.0
619.0,1,0.3792300654475831,0.5620492357512785,0.6394198871710273,0.6394198871710273,1.0
619.1492679785786,2,-0.5570406419606861,0.4059134369812884,0.6765599457778608,0.6765599457778608,1.0
619.25,1,-0.6202207043484442,-0.6691083511048979,1.16341476782341,1.16341476782341,1.0
619.3492679785785,2,0.6235319124822247,-0.765933243533947,1.3291804779726097,1.3291804779726097,1.0
619.5,1,-0.06407772151506208,0.003271499720927301,0.005855365067035315,0.005855365067035315,1.0
619.5492679785785,2,-0.703598399812563,-1.2331822363464924,2.6723425159225043,2.6723425159225043,1.0
619.7492679785786,2,-0.6045602691925822,0.9181699087163093,1.6183130051394623,1.6183130051394623,1.0
619.75,1,-2.321405276404491,-0.051496271707580116,7.671432842000972,7.671432842000972,1.0
619.9492679785785,2,-0.7677561498872763,-1.588838708749143,4.0847503225699295,4.0847503225699295,1.0
620.0,1,-1.5369723615728361,0.2628813159010741,3.4560603410503083,3.4560603410503083,1.0
620.1492679785786,2,-0.6431654165000147,0.9237087323623274,1.704115992687174,1.704115992687174,1.0
620.25,1,0.2614876140162643,-0.08125712836886892,0.10636022264153132,0.10636022264153132,1.0
620.3492679785785,2,-1.6390812837957114,-0.16580925616372527,4.086811953701763,4.086811953701763,1.0
620.5,1,1.08396811591021,-0.4770157065256512,1.9845531731995503,1.9845531731995503,1.0
620.5492679785785,2,0.07298295701131607,-0.3693272530054116,0.18075614698325315,0.18075614698325315,1.0
620.7492679785786,2,1.6281657807814476,0.768529198153453,4.7450264046903365,4.7450264046903365,1.0
620.75,1,-0.6802445254461169,-2.0448100027406966,6.41417297613213,6.41417297613213,1.0
620.9492679785785,2,-0.21951801082470013,-0.6634545641557121,0.6299237272587019,0.6299237272587019,1.0
621.0,1,0.18292944550789514,-2.4868860538993025,8.56035821133412,8.56035821133412,1.0
621.1492679785786,2,-0.0724222900755791,0.6782359948764424,0.5903157205207078,0.5903157205207078,1.0
621.25,1,-2.0135194099882163,-0.016110310000954364,5.768082344221683,5.768082344221683,1.0
621.3492679785785,2,0.753624638569633,0.8268325506357423,1.7222364029721378,1.7222364029721378,1.0
621.5,1,-1.4612347926063656,-1.052393494278748,4.561524729450971,4.561524729450971,1.0
621.5492679785785,2,0.8103802965180442,0.06247454655240031,0.9955072384301655,0.9955072384301655,1.0
621.7492679785786,2,-0.5812582307159531,-0.7391647702633388,1.2011148699428884,1.2011148699428884,1.0
621.75,1,0.511903522136393,1.3605044647200932,2.920867473469903,2.920867473469903,1.0
621.9492679785785,2,-0.628231727898612,0.2110522506849637,0.6515735576614479,0.6515735576614479,1.0
622.0,1,0.3358244167862523,-0.5235877810736262,0.537804142672991,0.537804142672991,1.0
622.1492679785786,2,1.1694287479631562,0.4921006851400341,2.3690843561674297,2.3690843561674297,1.0
622.25,1,1.5302749993393157,-0.18183919493673395,3.3769714644176925,3.3769714644176925,1.0
622.3492679785785,2,0.07951876942587788,-0.641995687253856,0.5314082421840142,0.5314082421840142,1.0
622.5,1,1.2784739763386987,-0.7681080106728312,3.1370418962922004,3.1370418962922004,1.0
622.5492679785785,2,-0.623338755352183,-1.5472656601317831,3.6176025865881734,3.6176025865881734,1.0
622.7492679785786,2,1.2875221840787106,-0.10221662530846526,2.5129371370122286,2.5129371370122286,1.0
622.75,1,-1.0403009346658258,0.4824321914526993,1.860298214033432,1.860298214033432,1.0
622.9492679785785,2,0.6738033534101397,0.17714641580001494,0.7243952581619336,0.7243952581619336,1.0
623.0,1,-0.7893333116824017,-0.1883963694996213,0.935314635178892,0.935314635178892,1.0
623.1492679785786,2,0.3455696771825423,-0.13894452632893473,0.20454415959087144,0.20454415959087144,1.0
623.25,1,0.31538627336632175,-0.4399680845357525,0.40792989456404305,0.40792989456404305,1.0
623.3492679785785,2,0.17102539454290877,0.7091487698017501,0.6808772682256756,0.6808772682256756,1.0
623.5,1,-0.1522219744152693,0.6817766961196315,0.67265496562408,0.67265496562408,1.0
623.5492679785785,2,-0.798028747574719,0.3048835427014974,1.0783184952622142,1.0783184952622142,1.0
623.7492679785786,2,-0.07456876944132773,-1.4952346563424967,2.838650032983072,2.838650032983072,1.0
623.75,1,0.1881753505895638,1.282706401349953,2.3153439197695467,2.3153439197695467,1.0
623.9492679785785,2,0.04880155149105647,-0.835645777316014,0.8876575783972929,0.8876575783972929,1.0
624.0,1,0.14483070468865122,-0.206170429031162,0.08835292932024952,0.08835292932024952,1.0
624.1492679785786,2,-0.0404556601914301,0.09535642664460009,0.013980911538889737,0.013980911538889737,1.0
624.25,1,-0.07817807958755196,-0.3680742288308058,0.19516082627814324,0.19516082627814324,1.0
624.3492679785785,2,-0.3955358421997275,0.9612914362297412,1.4060434463848104,1.4060434463848104,1.0
624.5,1,0.17386460546594762,-0.4977574167581996,0.3839785126917193,0.3839785126917193,1.0
624.5492679785785,2,0.36691006550538674,-0.8967460584256739,1.2213612331324508,1.2213612331324508,1.0
624.7492679785786,2,0.324733618299053,0.13024281606683252,0.18048976970566333,0.18048976970566333,1.0
624.75,1,0.24860008357455143,1.4079010585341454,2.8166170473464445,2.8166170473464445,1.0
624.9492679785785,2,-0.4724267029087059,-0.14230906246113628,0.36221780554660093,0.36221780554660093,1.0
625.0,1,0.46456419858849074,-0.892984799828712,1.4047008547539264,1.4047008547539264,1.0
625.1492679785786,2,0.6000562291514058,0.5354893441139966,0.9061001381763878,0.9061001381763878,1.0
625.25,1,-1.1454768471121604,0.26091224029070215,1.9603983575052828,1.9603983575052828,1.0
625.3492679785785,2,-1.1345854771722301,0.42730154840412027,2.1727794865292673,2.1727794865292673,1.0
625.5,1,-0.5723952480625059,-0.6486894442957352,1.045189604663428,1.045189604663428,1.0
625.5492679785785,2,-0.6283635410678983,0.7147935547623682,1.2425671848579607,1.2425671848579607,1.0
625.7492679785786,2,-0.37470794073848523,0.2944707305905947,0.3214984788226274,0.3214984788226274,1.0
625.75,1,0.4925723622563396,-0.39571308194558,0.5608031373299287,0.5608031373299287,1.0
625.9492679785785,2,0.25994192458421495,-0.7654981537107387,0.8437770552321195,0.8437770552321195,1.0
626.0,1,0.5197997074650438,1.264082852388336,2.5839191607885574,2.5839191607885574,1.0
626.1492679785786,2,-0.46566910608843415,-1.4092896590345254,2.8416861963765943,2.8416861963765943,1.0
626.25,1,0.41184433004545795,-1.856562189473231,4.9853780404954176,4.9853780404954176,1.0
626.3492679785785,2,0.3040626114345031,-0.37734424107155073,0.3197418584217272,0.3197418584217272,1.0
626.5,1,-1.300475933695786,1.0686059285737963,3.9774027602148094,3.9774027602148094,1.0
626.5492679785785,2,0.1258827112744214,0.6295984927187055,0.5258596102296719,0.5258596102296719,1.0
626.7492679785786,2,-0.39413733288872166,1.2731087353244641,2.2860980594825637,2.2860980594825637,1.0
626.75,1,0.3602923429850371,-0.1477893566319486,0.21477941593161579,0.21477941593161579,1.0
626.9492679785785,2,-0.31138619729328454,1.2025394501904925,1.9770373990758103,1.9770373990758103,1.0
627.0,1,-0.2999031926088378,-1.3687517117366799,2.7067944238482737,2.7067944238482737,1.0
627.1492679785786,2,0.35568428513291295,0.4522164631039285,0.4497241286616026,0.4497241286616026,1.0
627.25,1,-0.05461643807552363,0.5869539506566599,0.4784220340326611,0.4784220340326611,1.0
627.3492679785785,2,-0.5365550711986984,0.05436536587339513,0.4379663475877551,0.4379663475877551,1.0
627.5,1,0.391635149530849,1.487693940029466,3.26413044903336,3.26413044903336,1.0
627.5492679785785,2,0.2915254979209472,-0.8532533617412985,1.0501212054883216,1.0501212054883216,1.0
627.7492679785786,2,-0.5873204743405438,0.061194166578562914,0.5249039727460529,0.5249039727460529,1.0
627.75,1,0.13868419329161696,0.032273902450419056,0.028801684411384712,0.028801684411384712,1.0
627.9492679785785,2,1.576918209131808,-0.1705642763937265,3.786907269176235,3.786907269176235,1.0
628.0,1,-0.7823260413458755,-0.10868867267402527,0.8870673492741468,0.8870673492741468,1.0
628.1492679785786,2,-0.7242476375893965,2.002552342713102,5.868545859038785,5.868545859038785,1.0
628.25,1,0.9121227490134345,-0.7940498072888413,2.051442623140313,2.051442623140313,1.0
628.3492679785785,2,-0.37140031701873255,-1.1600343644035114,1.911979803077777,1.911979803077777,1.0
628.5,1,-1.4065729222698913,-0.46740054656457797,3.1150917539005003,3.1150917539005003,1.0
628.5492679785785,2,-0.6442840488803974,-0.6641569612589726,1.1847190325465906,1.1847190325465906,1.0
628.7492679785786,2,0.6296658667456505,-1.670691841605249,4.131404236881324,4.131404236881324,1.0
628.75,1,-1.047402536017227,0.11354277822077141,1.5787872009137394,1.5787872009137394,1.0
628.9492679785785,2,-1.1524074020224262,-0.5933074046127462,2.4484499375249476,2.4484499375249476,1.0
629.0,1,-0.3363560086274653,1.241650388254636,2.283106533656497,2.283106533656497,1.0
629.1492679785786,2,0.33631612578147596,0.9107377388515021,1.2207731412507163,1.2207731412507163,1.0
629.25,1,0.3219538148615406,-0.29000811773922597,0.2632261028498412,0.2632261028498412,1.0
629.3492679785785,2,-1.6144564883125057,-0.8922103876551384,4.939295530501591,4.939295530501591,1.0
629.5,1,-1.7319185536568433,0.8466432632360812,5.253495276773094,5.253495276773094,1.0
629.5492679785785,2,0.13894989233508426,1.7518417875074583,3.915381911336546,3.915381911336546,1.0
629.7492679785786,2,-0.6916708804435245,-0.41015261186472074,0.9343880373143851,0.9343880373143851,1.0
629.75,1,-2.196208788336495,0.9532554795667016,8.114257099605714,8.114257099605714,1.0
629.9492679785785,2,1.3826919766651287,-1.1265525137941057,4.489956220146967,4.489956220146967,1.0
630.0,1,1.1782491426925006,0.6509677994067875,2.5585523006423996,2.5585523006423996,1.0
630.1492679785786,2,-0.5066557736263313,-0.9158929060248471,1.449260735889888,1.449260735889888,1.0
630.25,1,-0.41968718773653535,-0.11913087112558518,0.27012104881101234,0.27012104881101234,1.0
630.3492679785785,2,0.0766660380972759,-1.1151473388485973,1.5834847027691363,1.5834847027691363,1.0
630.5,1,-0.8861982356722429,0.95088200552831,2.361569251948942,2.361569251948942,1.0
630.5492679785785,2,-0.22867356673073047,-1.3526570939014022,2.395834438109809,2.395834438109809,1.0
630.7492679785786,2,-0.6359807234649928,-0.6377153595412001,1.1247680978361185,1.1247680978361185,1.0
630.75,1,1.2526218069513142,-1.7713268057290614,6.551977799663792,6.551977799663792,1.0
630.9492679785785,2,-0.8717788734434926,0.5139475388714414,1.4805524262303422,1.4805524262303422,1.0
631.0,1,1.4676262643176727,-0.3810484850746163,3.2645018999949182,3.2645018999949182,1.0
631.1492679785786,2,-0.7175352176726975,0.3985210816352607,0.9775881189300281,0.9775881189300281,1.0
631.25,1,0.54685858542733,-0.6507284253524331,1.0082822362954693,1.0082822362954693,1.0
631.3492679785785,2,0.7772078321778864,-0.1871977649302039,0.9554648473538202,0.9554648473538202,1.0
631.5,1,0.5304022696878938,0.19045278104172425,0.45012143715349406,0.45012143715349406,1.0
631.5492679785785,2,-0.409352190605766,-1.8927594589970178,4.789399197106201,4.789399197106201,1.0
631.7492679785786,2,0.22995060898642805,0.04215893490129896,0.08198734284660945,0.08198734284660945,1.0
631.75,1,0.2414219072680055,-0.20315945210121278,0.1397542149717769,0.1397542149717769,1.0
631.9492679785785,2,-0.03963477973759666,0.1990035964940069,0.052507525555698216,0.052507525555698216,1.0
632.0,1,0.2941900176762253,-0.6766438021778287,0.7533679608841766,0.7533679608841766,1.0
632.1492679785786,2,0.13151380851542172,0.870439857695916,0.9853935245606006,0.9853935245606006,1.0
632.25,1,-0.4696539904883039,2.213379291344266,7.0567443390494695,7.0567443390494695,1.0
632.3492679785785,2,-0.4919635118874588,0.5512818830654371,0.7498731654035371,0.7498731654035371,1.0
632.5,1,-0.19083208813032826,0.4705807939597415,0.35657103482956637,0.35657103482956637,1.0
632.5492679785785,2,-0.18308556398926257,-1.8207470279387692,4.248564257642928,4.248564257642928,1.0
632.7492679785786,2,0.10224579113044996,-0.748055335071864,0.7241759994999662,0.7241759994999662,1.0
632.75,1,-0.2909849417546937,-0.6002371367575428,0.6164611279808305,0.6164611279808305,1.0
632.9492679785785,2,-0.12373382470900651,0.7965369889503471,0.8263584290169804,0.8263584290169804,1.0
633.0,1,-0.03939794423171605,0.9971456136826804,1.3708633151348735,1.3708633151348735,1.0
633.1492679785786,2,-0.15797912907508405,-2.1502022712800883,5.89146191258418,5.89146191258418,1.0
633.25,1,0.21045594357759967,0.2980924881964446,0.18531687843094963,0.18531687843094963,1.0
633.3492679785785,2,-1.0787001721220015,-0.34881567971484984,1.9091180318771133,1.9091180318771133,1.0
633.5,1,-0.14388679063352683,-0.17064998969165623,0.06953017580302145,0.06953017580302145,1.0
633.5492679785785,2,0.6098346357121116,-0.37259820226212237,0.7367795108329533,0.7367795108329533,1.0
633.7492679785786,2,0.49759095695176825,-0.84406968991886,1.2753029052232567,1.2753029052232567,1.0
633.75,1,-0.8878805610179974,-0.8164032317377368,2.0392959971580105,2.0392959971580105,1.0
633.9492679785785,2,-1.6913469021252965,-0.5277641462075953,4.666737805290785,4.666737805290785,1.0
634.0,1,-0.3827556199612445,-0.878404451419644,1.2705468615993518,1.2705468615993518,1.0
634.1492679785786,2,0.6978589255215262,-1.0093539728056182,2.024436097378668,2.024436097378668,1.0
634.25,1,-0.3932606012080946,-1.0202579606653976,1.6527324151409388,1.6527324151409388,1.0
634.3492679785785,2,0.21787374658786263,-0.8301446749188,0.9442072442688036,0.9442072442688036,1.0
634.5,1,-0.8379738513707693,0.6916129122291199,1.65721950146868,1.65721950146868,1.0
634.5492679785785,2,0.4144600609861513,-1.1050870688240935,1.8055646087600223,1.8055646087600223,1.0
634.7492679785786,2,-1.4403858216411614,0.0628536176451644,3.1336052532294145,3.1336052532294145,1.0
634.75,1,-0.2582052303653093,-0.6617479668885877,0.6977070733348559,0.6977070733348559,1.0
634.9492679785785,2,-0.08448358727863692,0.1779827864021517,0.050869572657446176,0.050869572657446176,1.0
635.0,1,-0.5072922153700183,-0.15959231755807068,0.4012145307678267,0.4012145307678267,1.0
635.1492679785786,2,0.4980801643407986,-0.4328055784572129,0.6113322280828415,0.6113322280828415,1.0
635.25,1,-0.9473601261512847,0.906669373922034,2.408299487132809,2.408299487132809,1.0
635.3492679785785,2,-1.6741553218835392,0.2927442931189723,4.335984612195535,4.335984612195535,1.0
635.5,1,1.10471014767446,0.8079831111556481,2.6345333136790776,2.6345333136790776,1.0
635.5492679785785,2,-1.036197728214983,-0.37998219840497205,1.8024345018392638,1.8024345018392638,1.0
635.7492679785786,2,0.36794688524482666,1.576140375685008,3.349067601167278,3.349067601167278,1.0
635.75,1,-0.0033074581545982085,-0.10825423215395835,0.016148231865069286,0.016148231865069286,1.0
635.9492679785785,2,-0.3557883814138165,1.5050116751386167,3.058574226584566,3.058574226584566,1.0
636.0,1,-1.6314908493879763,0.3533066521962134,3.9590242561771736,3.9590242561771736,1.0
636.1492679785786,2,0.17702585766977919,-0.3071939772702219,0.16674713735319405,0.16674713735319405,1.0
636.25,1,0.20005106549753648,1.8224482459800755,4.628328779847726,4.628328779847726,1.0
636.3492679785785,2,-0.7113961736189331,-0.4608214308319223,1.0322216567646985,1.0322216567646985,1.0
636.5,1,-0.1059324361377385,0.32371310883907256,0.16018145750396537,0.16018145750396537,1.0
636.5492679785785,2,0.647584644490923,-0.371700892060427,0.8075351779627553,0.8075351779627553,1.0
636.7492679785786,2,-1.1604270685067704,-0.09591525765925502,2.0422668942084967,2.0422668942084967,1.0
636.75,1,0.31508637089854474,0.9435783347378437,1.3669360696217925,1.3669360696217925,1.0
636.9492679785785,2,-0.45265513340982366,-0.5980226612768478,0.7617789348334176,0.7617789348334176,1.0
637.0,1,0.5988861343683247,-1.2138718309476564,2.5385710602516003,2.5385710602516003,1.0
637.1492679785786,2,-0.06895066089163393,0.9153953172171483,1.0681293688633509,1.0681293688633509,1.0
637.25,1,-0.9815440713115535,0.36416157942863814,1.5531834794850408,1.5531834794850408,1.0
637.3492679785785,2,0.6288788164901327,-1.0151941688187605,1.9015183111638922,1.9015183111638922,1.0
637.5,1,1.6574827869354039,0.8203501723179749,4.8342971700364,4.8342971700364,1.0
637.5492679785785,2,0.11112379712862008,-0.9097256121127675,1.0666352644345567,1.0666352644345567,1.0
637.7492679785786,2,0.39520328333295396,0.22573759204174282,0.3000333538819904,0.3000333538819904,1.0
637.75,1,0.329700457543197,-0.8536308570232813,1.1578065805718212,1.1578065805718212,1.0
637.9492679785785,2,-0.1506631403861931,-0.28799991553863125,0.1392435062867446,0.1392435062867446,1.0
638.0,1,-1.099121772352131,-1.1717570033784952,3.608820168113482,3.608820168113482,1.0
638.1492679785786,2,2.5094434574900966,0.24731236422861969,9.217226753879068,9.574997315223962,1.0395921245600548
638.25,1,-0.7136510532312066,-1.315751119531502,3.107317896047407,3.107317896047407,1.0
638.3492679785785,2,-0.8121110738928401,-0.0276235229577102,0.9957156450340215,0.9957156450340215,1.0
638.5,1,-0.2585286075154656,-0.8603035243101862,1.1136616102196888,1.1136616102196888,1.0
638.5492679785785,2,-0.5765092232103797,-0.8064159890275671,1.3248224761561507,1.3248224761561507,1.0
638.7492679785786,2,0.42641728760191455,0.35929354098508925,0.4376159296779859,0.4376159296779859,1.0
638.75,1,0.8657605477677812,1.286868205791837,3.3462536538408667,3.3462536538408667,1.0
638.9492679785785,2,-0.19271654489093493,-0.0517878685404205,0.059404415317617934,0.059404415317617934,1.0
639.0,1,1.1116082537272476,1.1766486885462397,3.6638651466995547,3.6638651466995547,1.0
639.1492679785786,2,0.2808629011111279,0.5263778127526542,0.469780641252547,0.469780641252547,1.0
639.25,1,0.052087312536428954,-0.09391941640967971,0.016000534031533176,0.016000534031533176,1.0
639.3492679785785,2,1.0258628204706,-0.6204146775402783,2.0746976080979795,2.0746976080979795,1.0
639.5,1,0.21562649021336355,-1.052992435633313,1.592105877975561,1.592105877975561,1.0
639.5492679785785,2,1.03328739958598,0.6167128763304244,2.0921128006466336,2.0921128006466336,1.0
639.7492679785786,2,-0.6973838479394558,1.1938206107686953,2.5376173281200254,2.5376173281200254,1.0
639.75,1,-1.0315175741220486,-0.4445287178954076,1.7860685702211014,1.7860685702211014,1.0
639.9492679785785,2,-0.4565667669591349,-0.6245651788562316,0.808218351357238,0.808218351357238,1.0
640.0,1,0.14073179785546586,-1.4149951764686108,2.7842026524758205,2.7842026524758205,1.0
640.1492679785786,2,0.19628564349176258,1.3359766134299478,2.317933611557872,2.317933611557872,1.0
640.25,1,-2.2894227677563066,-1.3199479325737649,9.221657441533246,9.854866388565572,1.0699785231119643
640.3492679785785,2,0.7093209037848993,0.30365082212505,0.8756045143628782,0.8756045143628782,1.0
640.5,1,0.0060428557925718,0.7569820544717083,0.788649190329457,0.788649190329457,1.0
640.5492679785785,2,0.30430645047735894,1.0775889964740633,1.6100837891712165,1.6100837891712165,1.0
640.7492679785786,2,0.8975479091968239,-0.2971824559970364,1.326573418562324,1.326573418562324,1.0
640.75,1,0.96515588795776,-0.10771681279657752,1.341446926788586,1.341446926788586,1.0
640.9492679785785,2,1.4067418865633208,1.7162653943290485,6.713405053602682,6.713405053602682,1.0
641.0,1,-1.1428233062836952,0.042574590989280736,1.8607062442081113,1.8607062442081113,1.0
641.1492679785786,2,-0.7736182910578364,0.35542692342416826,1.0625495817231565,1.0625495817231565,1.0
641.25,1,-0.24556566225632892,-0.7921483435358418,0.9494401743067854,0.9494401743067854,1.0
641.3492679785785,2,0.702644672653264,0.27235167176603126,0.8385640514498114,0.8385640514498114,1.0
641.5,1,-0.8625243167469137,0.5007633812332135,1.4033846619519394,1.4033846619519394,1.0
641.5492679785785,2,-0.06466062508399162,-1.1620709338919903,1.7163147183169316,1.7163147183169316,1.0
641.7492679785786,2,0.9963121482815467,0.8186334790780316,2.3452018271408397,2.3452018271408397,1.0
641.75,1,0.023263992160917013,0.5543751261451981,0.423840214510496,0.423840214510496,1.0
641.9492679785785,2,0.3114276606357791,1.0216630619330935,1.4677232293802116,1.4677232293802116,1.0
642.0,1,-0.30735438913670166,-0.29346490067703224,0.252949437048696,0.252949437048696,1.0
642.1492679785786,2,0.09814560060601707,-0.6451464717843924,0.5414997752294914,0.5414997752294914,1.0
642.25,1,-0.7818189123229189,-0.18525995628613012,0.9168221129480476,0.9168221129480476,1.0
642.3492679785785,2,-0.5692256134351226,-0.7000293559958197,1.1091971239300231,1.1091971239300231,1.0
642.5,1,1.5890918169629842,-0.28363082928064287,3.7028878751787824,3.7028878751787824,1.0
642.5492679785785,2,0.5956820149108779,0.07508799867616744,0.5423696088097454,0.5423696088097454,1.0
642.7492679785786,2,-0.06251039144358117,1.225681999118963,1.9076934443030147,1.9076934443030147,1.0
642.75,1,-0.6296337024845329,-0.004785684920170841,0.5641318322635839,0.5641318322635839,1.0
642.9492679785785,2,-0.2872257097957984,0.5113768608756524,0.4554847298752878,0.4554847298752878,1.0
643.0,1,-1.8726071496481538,-0.8863841677588868,6.070700511352338,6.070700511352338,1.0
643.1492679785786,2,0.4505410364429281,-0.8306962694850624,1.1798279570558108,1.1798279570558108,1.0
643.25,1,-0.46093692393881724,-0.22162286906024642,0.36986415124557726,0.36986415124557726,1.0
643.3492679785785,2,1.3145761621175112,0.866170739381519,3.55644077766651,3.55644077766651,1.0
643.5,1,-0.9656555051975211,-2.254460237062279,8.321298908045506,8.321298908045506,1.0
643.5492679785785,2,-0.8018886102193896,0.16336398344247582,1.0037266988150695,1.0037266988150695,1.0
643.7492679785786,2,1.0329557192971883,-0.45525080552565944,1.8713412794374429,1.8713412794374429,1.0
643.75,1,-0.9229914570278055,0.9169700565731689,2.369702704844162,2.369702704844162,1.0
643.9492679785785,2,-0.999333003601734,1.360682767877028,3.8500390874163255,3.8500390874163255,1.0
644.0,1,1.053767564142447,-0.3875153084600296,1.7866117464326248,1.7866117464326248,1.0
644.1492679785786,2,-0.515944483368596,0.11711457711595052,0.4188383593290973,0.4188383593290973,1.0
644.25,1,-1.594949538428228,0.686030174329451,4.266829837967684,4.266829837967684,1.0
644.3492679785785,2,-0.7764837540587592,0.09725145342518537,0.9213589655995662,0.9213589655995662,1.0
644.5,1,-0.5858185025502785,-0.6478169399634321,1.0657491877666656,1.0657491877666656,1.0
644.5492679785785,2,0.08196167684888422,-0.5614362896516139,0.409285331315483,0.409285331315483,1.0
644.7492679785786,2,-0.29458949336646967,1.088466468256263,1.630696115040525,1.630696115040525,1.0
644.75,1,-0.732357597176982,-1.361846777121416,3.316276645674624,3.316276645674624,1.0
644.9492679785785,2,0.8524127905148475,-0.4528282179991736,1.3553723121426313,1.3553723121426313,1.0
645.0,1,-2.3436714674587193,0.5089579654085052,8.171706703397998,8.171706703397998,1.0
645.1492679785786,2,0.01968733051522875,-1.597147978111644,3.230312835705715,3.230312835705715,1.0
645.25,1,0.8402148935013898,1.0766160830768108,2.5996910178729244,2.5996910178729244,1.0
645.3492679785785,2,-0.26907603668457014,-0.5268184106415359,0.46062494666497494,0.46062494666497494,1.0
645.5,1,1.5066226638648992,-0.7733710210126006,4.0521672449427975,4.0521672449427975,1.0
645.5492679785785,2,-0.4386057113077193,-1.3635626012676854,2.6446258962985865,2.6446258962985865,1.0
645.7492679785786,2,0.0396037539279952,-0.26199493059613665,0.08926108359190064,0.08926108359190064,1.0
645.75,1,0.06741884592563352,-0.10212657448240803,0.020825484945094765,0.020825484945094765,1.0
645.9492679785785,2,-1.6224018258302841,1.4594783926415231,6.666259491551688,6.666259491551688,1.0
646.0,1,-0.6931278405291579,-0.8862110854855993,1.764603743716327,1.764603743716327,1.0
646.1492679785786,2,0.41206256890378157,-0.2313068161322649,0.3238231026716897,0.3238231026716897,1.0
646.25,1,0.6416734505420791,-2.129636396405817,6.828072023004825,6.828072023004825,1.0
646.3492679785785,2,-1.0272823684677732,0.5321710131629134,1.950311774177201,1.950311774177201,1.0
646.5,1,0.08283879256935478,-0.5837337900459443,0.4787091096835588,0.4787091096835588,1.0
646.5492679785785,2,-1.0043681553013215,1.2923463704988425,3.63654681274698,3.63654681274698,1.0
646.7492679785786,2,0.018249545281175727,0.0405360205413583,0.0025823793141146164,0.0025823793141146164,1.0
646.75,1,-0.14801768718958996,2.0345259663211164,5.729388511644853,5.729388511644853,1.0
646.9492679785785,2,-0.0010024149027536566,-0.24594427190364865,0.07658225432193404,0.07658225432193404,1.0
647.0,1,0.7821584460012545,-0.14703089496786692,0.9001895135502288,0.9001895135502288,1.0
647.1492679785786,2,-0.5429524108243662,-0.3046573397946122,0.5621246448112066,0.5621246448112066,1.0
647.25,1,-1.7880475628617631,-0.5852627951401312,5.019904965631425,5.019904965631425,1.0
647.3492679785785,2,0.4177229543278642,-0.17313213628791102,0.30114029461747416,0.30114029461747416,1.0
647.5,1,0.6576322955821183,0.4375110127387143,0.8786571478361456,0.8786571478361456,1.0
647.5492679785785,2,0.76786963432534,1.9870369784347806,5.889191319193416,5.889191319193416,1.0
647.7492679785786,2,0.32630242375245544,-0.7270935196402837,0.8298191499694615,0.8298191499694615,1.0
647.75,1,1.0059418229013026,-0.2367913249445559,1.517085699603548,1.517085699603548,1.0
647.9492679785785,2,0.44205630660782447,-1.8208344903561122,4.492170481548772,4.492170481548772,1.0
648.0,1,0.46631435899297813,0.5203739410508761,0.6821276169969892,0.6821276169969892,1.0
648.1492679785786,2,-0.3041009589854049,-0.0023992114258954977,0.13948014848948648,0.13948014848948648,1.0
648.25,1,1.1528317559634615,0.7389325672713221,2.642295499030892,2.642295499030892,1.0
648.3492679785785,2,-0.19212440833898015,0.8176140790576194,0.9021342616421844,0.9021342616421844,1.0
648.5,1,-0.015569312612729647,0.616502993663675,0.5234227829405309,0.5234227829405309,1.0
648.5492679785785,2,-0.007430510772721277,-0.46596967976400006,0.2750351983785474,0.2750351983785474,1.0
648.7492679785786,2,-1.0988169615930836,-0.9083629864858018,2.865275745254377,2.865275745254377,1.0
648.75,1,0.9110095936262077,1.153035965098502,3.011157364360934,3.011157364360934,1.0
648.9492679785785,2,0.2766761824213049,0.43712455014594154,0.35735493528466944,0.35735493528466944,1.0
649.0,1,-0.5087849484284099,0.7973823554057042,1.243513126328756,1.243513126328756,1.0
649.1492679785786,2,-1.0265037675381699,0.38747932508401695,1.779287583977003,1.779287583977003,1.0
649.25,1,-0.2640526051465173,-1.265305195687091,2.302761928946871,2.302761928946871,1.0
649.3492679785785,2,0.12231036890040414,-1.7045168175607435,3.701422467440626,3.701422467440626,1.0
649.5,1,1.1558564940942055,-0.06698723034423493,1.9067064704636247,1.9067064704636247,1.0
649.5492679785785,2,0.07435966072910105,0.3196179812356563,0.13770184805211602,0.13770184805211602,1.0
649.7492679785786,2,0.8302482119529415,-0.7095282266378833,1.6767759574693422,1.6767759574693422,1.0
649.75,1,0.10145248063767554,-0.41561096969831013,0.2524329432938394,0.2524329432938394,1.0
649.9492679785785,2,-1.0210476914031155,1.4751476473592784,4.327211115511918,4.327211115511918,1.0
650.0,1,-0.10969752885671014,1.041102520850138,1.5090992379091033,1.5090992379091033,1.0
650.1492679785786,2,-0.5017595139630338,0.4755027818770907,0.6659816930823459,0.6659816930823459,1.0
650.25,1,0.23588042205170723,0.08189409197821718,0.0883882122692464,0.0883882122692464,1.0
650.3492679785785,2,0.737885162758019,-0.0736246491264616,0.8280941173414337,0.8280941173414337,1.0
650.5,1,-0.13719011668595726,0.41275590639308746,0.2612421112789412,0.2612421112789412,1.0
650.5492679785785,2,0.6605820511588156,-0.7316819704164219,1.3361568523486587,1.3361568523486587,1.0
650.7492679785786,2,-1.233578600421719,-0.24464527170010708,2.370465334965129,2.370465334965129,1.0
650.75,1,0.29169377520581463,-1.5380444026319053,3.377583073666122,3.377583073666122,1.0
650.9492679785785,2,0.39966348272826835,-1.3620893751454766,2.5897607916198786,2.5897607916198786,1.0
651.0,1,-1.2848634716727645,0.2163962633339409,2.413343403610978,2.413343403610978,1.0
651.1492679785786,2,0.8217371936232531,-0.46975984235547763,1.2978110607591138,1.2978110607591138,1.0
651.25,1,-1.219433730967154,-0.29471585929507826,2.2351035606767073,2.2351035606767073,1.0
651.3492679785785,2,0.6993339997902979,0.05007281624961912,0.7408363865722066,0.7408363865722066,1.0
651.5,1,-2.8012984981774274,-0.29476739132878604,9.241878923278978,11.282728221723097,1.2250066518771079
651.5492679785785,2,0.5457722460831782,1.0979036223796417,1.975587528593505,1.975587528593505,1.0
651.7492679785786,2,-0.28592200488697017,-0.5745932560307905,0.5412067886646825,0.5412067886646825,1.0
651.75,1,0.8959995765362159,-1.1187660212620485,2.865209672832047,2.865209672832047,1.0
651.9492679785785,2,-1.0079723597624302,0.727754431645053,2.2026119327749822,2.2026119327749822,1.0
652.0,1,-0.10346586697303195,0.4430800372503496,0.28544715664584736,0.28544715664584736,1.0
652.1492679785786,2,-0.27818191490279176,-0.7086888586118487,0.7525704240818769,0.7525704240818769,1.0
652.25,1,-0.02458816499180827,2.023351213646002,5.6353161997234045,5.6353161997234045,1.0
652.3492679785785,2,0.26130859718507793,0.5719543051330715,0.5171836060785708,0.5171836060785708,1.0
652.5,1,-1.083192024902882,1.0205895409875145,3.1024173659949357,3.1024173659949357,1.0
652.5492679785785,2,-1.2744721742863874,0.9284793170292609,3.5415486510032723,3.5415486510032723,1.0
652.7492679785786,2,0.3746542245256599,-0.5559928681755086,0.6029759458005246,0.6029759458005246,1.0
652.75,1,-0.2752042897519722,0.09633376899327128,0.12053943500707734,0.12053943500707734,1.0
652.9492679785785,2,-0.19306742757751394,0.07851292767178286,0.06401458851704067,0.06401458851704067,1.0
653.0,1,0.6573347261310651,-0.46903618799450175,0.9175594594492023,0.9175594594492023,1.0
653.1492679785786,2,0.4184053616690626,-0.5076428847875332,0.5902839064142296,0.5902839064142296,1.0
653.25,1,2.8597771766496116,-1.024624924785479,9.261434715615463,13.079552062180568,1.4200943215928301
653.3492679785785,2,-1.1538766729969687,-0.5904532688043078,2.4492709421989107,2.4492709421989107,1.0
653.5,1,0.058999661691370164,-1.0345222820496005,1.4776241661462057,1.4776241661462057,1.0
653.5492679785785,2,-0.33481506735040867,0.16616464591864588,0.20402843089795503,0.20402843089795503,1.0
653.7492679785786,2,-1.0867120360285547,2.202467039779644,7.920631228049778,7.920631228049778,1.0
653.75,1,0.232147298609636,-0.14180993292996824,0.10435539686243406,0.10435539686243406,1.0
653.9492679785785,2,-0.6054628110275182,0.42244440906980607,0.7786672963580437,0.7786672963580437,1.0
654.0,1,0.30631219463499093,-0.21872014307129817,0.1993214324479692,0.1993214324479692,1.0
654.1492679785786,2,-1.5318415655210629,0.2979784925478093,3.650955174872413,3.650955174872413,1.0
654.25,1,-0.518285916235417,-1.606874735273816,3.9354779729349674,3.9354779729349674,1.0
654.3492679785785,2,1.4501279353881955,0.039348150737662735,3.1733145433408136,3.1733145433408136,1.0
654.5,1,0.16327314558968098,-0.3037110156405518,0.16484672114814813,0.16484672114814813,1.0
654.5492679785785,2,-1.0328544096607502,-0.5308265770909921,1.9657350402706728,1.9657350402706728,1.0
654.7492679785786,2,-1.3590296898014778,-1.4550232820556865,5.464636753358755,5.464636753358755,1.0
654.75,1,-0.701931460311183,-1.4551665797760767,3.6156660078459053,3.6156660078459053,1.0
654.9492679785785,2,0.3373355007048282,0.02681623353276663,0.17250254691066677,0.17250254691066677,1.0
655.0,1,0.1048269160755062,0.7274939788485728,0.744053997013399,0.744053997013399,1.0
655.1492679785786,2,-0.16035635191032327,1.013211909760762,1.3384480136350776,1.3384480136350776,1.0
655.25,1,-0.6143826190358901,-0.25714837189926243,0.6279623473400999,0.6279623473400999,1.0
655.3492679785785,2,1.5325433675562294,-0.7270053830787013,4.211334047958251,4.211334047958251,1.0
655.5,1,-1.2011999223219263,0.7779965628395002,2.885294706842677,2.885294706842677,1.0
655.5492679785785,2,0.1567597005410981,0.09421638527542786,0.04830304789391775,0.04830304789391775,1.0
655.7492679785786,2,1.2620098688081818,-0.2081972224141566,2.4563227535632093,2.4563227535632093,1.0
655.75,1,-0.4028530853770924,-0.024358141425954827,0.23172650128261635,0.23172650128261635,1.0
655.9492679785785,2,2.6868217105964582,1.0370863343610592,9.25538094137389,12.247367885867767,1.3297410726678671
656.0,1,1.8439893339375608,0.6290256607546665,5.381672644735552,5.381672644735552,1.0
656.1492679785786,2,0.03804262978040995,-0.5413288395696698,0.3731435817803344,0.3731435817803344,1.0
656.25,1,1.2776964937635427,0.1330660465658955,2.346511400081537,2.346511400081537,1.0
656.3492679785785,2,-0.4216849296188343,0.9467739232004977,1.402992960178639,1.402992960178639,1.0
656.5,1,0.08998864031804388,-0.2723659693239586,0.11359483756448582,0.11359483756448582,1.0
656.5492679785785,2,1.1723277676088344,-0.14562382343537017,2.099589718784534,2.099589718784534,1.0
656.7492679785786,2,0.37391070480954625,0.5953849832490477,0.6594825146118383,0.6594825146118383,1.0
656.75,1,-0.8443529675475325,-0.0009418613290623767,1.0143103326993985,1.0143103326993985,1.0
656.9492679785785,2,-0.8657169219398462,-0.9749790299352732,2.3333777045203474,2.3333777045203474,1.0
657.0,1,-1.534850767227372,1.3544361831515346,5.876123672749462,5.876123672749462,1.0
657.1492679785786,2,1.403032183795446,-0.7095182137075904,3.6057226538284732,3.6057226538284732,1.0
657.25,1,-0.4910553527426913,-2.6986216896891815,9.23063863252574,10.365056428223102,1.1253717028482808
657.3492679785785,2,0.8152456979103206,-1.1540481500683946,2.68837217207564,2.68837217207564,1.0
657.5,1,-0.1821621990683795,-1.3197100034333484,2.4436781105714,2.4436781105714,1.0
657.5492679785785,2,-0.27776164424927785,-0.7333812254839049,0.7973299780813506,0.7973299780813506,1.0
657.7492679785786,2,0.6122832001040095,0.018519717232261534,0.5656580217272049,0.5656580217272049,1.0
657.75,1,-0.5277741342661493,-0.6017025309945243,0.8946074110579674,0.8946074110579674,1.0
657.9492679785785,2,-0.4242344579140749,-0.2461274519629466,0.3480542534387623,0.3480542534387623,1.0
658.0,1,0.409720713040695,0.4374201336398995,0.5021438997404534,0.5021438997404534,1.0
658.1492679785786,2,0.05490272881344538,-0.8254816090353074,0.8671869074726105,0.8671869074726105,1.0
658.25,1,1.1387285011178712,0.6195964998824373,2.372833494839231,2.372833494839231,1.0
658.3492679785785,2,-1.4118614467073627,0.9974316076914054,4.265672987203625,4.265672987203625,1.0
658.5,1,0.389086295956929,-1.996117065691584,5.698146107731216,5.698146107731216,1.0
658.5492679785785,2,0.6898715739847532,-0.40900560324935586,0.9295926504645996,0.9295926504645996,1.0
658.7492679785786,2,-0.12539289207473558,-0.004270853208941716,0.02373005568398894,0.02373005568398894,1.0
658.75,1,0.6383311938047811,0.5736975601789789,1.0327512110162407,1.0327512110162407,1.0
658.9492679785785,2,0.9655777567113439,-1.200938953502427,3.2315780702306323,3.2315780702306323,1.0
659.0,1,0.1790900489725935,-0.8860580000971421,1.126172056820096,1.126172056820096,1.0
659.1492679785786,2,0.2826523156113403,-0.2062509459803037,0.17433150603212055,0.17433150603212055,1.0
659.25,1,-1.4052366052264347,0.25482633279294475,2.8983913289750847,2.8983913289750847,1.0
659.3492679785785,2,-0.23495458400997293,0.35645559798393656,0.24412265137847305,0.24412265137847305,1.0
659.5,1,0.10870981963442006,-0.2617804589659549,0.11111115056668878,0.11111115056668878,1.0
659.5492679785785,2,-0.6326161404219199,-0.8540848231707541,1.5272306016683395,1.5272306016683395,1.0
659.7492679785786,2,0.8393126937516087,0.11990690573073248,1.0803595082886952,1.0803595082886952,1.0
659.75,1,0.18456877092076596,-0.7883541188796643,0.9039467645208346,0.9039467645208346,1.0
659.9492679785785,2,-0.9859950777409061,-0.17782418228270824,1.5060044722447417,1.5060044722447417,1.0
660.0,1,-1.511955056841412,-0.2221550566834143,3.3201700627488746,3.3201700627488746,1.0
660.1492679785786,2,-0.6166307139355567,-0.8272756681801656,1.4398455674880823,1.4398455674880823,1.0
660.25,1,-0.007135923374249842,0.8806108819806919,1.0673084195052416,1.0673084195052416,1.0
660.3492679785785,2,0.3246850835957744,0.7012022964549978,0.781517472326537,0.781517472326537,1.0
660.5,1,0.7007283738756307,-0.8099640067888876,1.601228889455419,1.601228889455419,1.0
660.5492679785785,2,0.6470741539420182,0.11606645864143239,0.6485792352661628,0.6485792352661628,1.0
660.7492679785786,2,-0.44879376971066165,-0.8073293313469145,1.128754005260949,1.128754005260949,1.0
660.75,1,-1.9217381706793617,0.781164720389472,6.094581278510609,6.094581278510609,1.0
660.9492679785785,2,-0.40735607873347135,-0.3952072687574928,0.44795346144552606,0.44795346144552606,1.0
661.0,1,-0.2488502416626659,0.10270176991996838,0.10262054444194992,0.10262054444194992,1.0
661.1492679785786,2,0.004580835653602122,0.20005862260743346,0.05070287843846376,0.05070287843846376,1.0
661.25,1,0.007004383388174773,0.07487140880939336,0.007784754500111309,0.007784754500111309,1.0
661.3492679785785,2,0.08114448875213398,-1.6595629081429206,3.4970558085695593,3.4970558085695593,1.0
661.5,1,0.5515798324464001,0.20412841749509347,0.49010888767070226,0.49010888767070226,1.0
661.5492679785785,2,0.4657134733744428,-0.6898488125243931,0.9297233569377055,0.9297233569377055,1.0
661.7492679785786,2,0.34911081461287097,0.13261337354880354,0.2060375596638093,0.2060375596638093,1.0
661.75,1,1.5256009280027563,-0.5029467439897228,3.659833110988852,3.659833110988852,1.0
661.9492679785785,2,0.6439415218939928,0.12124547017919696,0.6439094690732806,0.6439094690732806,1.0
662.0,1,-0.03175791174936293,-0.0985769974298325,0.014810053448419236,0.014810053448419236,1.0
662.1492679785786,2,0.7933964028878648,0.22802669120397923,1.015142705132639,1.015142705132639,1.0
662.25,1,-0.16155914322854414,-0.25105826491600336,0.12387964696651316,0.12387964696651316,1.0
662.3492679785785,2,0.3670279339954732,-0.4053072031472924,0.41116686219655857,0.41116686219655857,1.0
662.5,1,-0.08863935650036225,-0.7108520755840404,0.7065692799020477,0.7065692799020477,1.0
662.5492679785785,2,-0.6037438039530763,0.38290605884179474,0.7354497806615866,0.7354497806615866,1.0
662.7492679785786,2,0.8561843380347831,-0.41197023180059755,1.3202038155360767,1.3202038155360767,1.0
662.75,1,0.6851160043416797,-0.953225240947905,1.9186600976273853,1.9186600976273853,1.0
662.9492679785785,2,0.7570846283838186,0.4454573479827202,1.1155638874738585,1.1155638874738585,1.0
663.0,1,-2.1421997567508804,0.24491632964543797,6.611583454342378,6.611583454342378,1.0
663.1492679785786,2,0.8218938202741874,-1.1259812223264367,2.623923715910597,2.623923715910597,1.0
663.25,1,-0.799584015750483,0.4283149401937445,1.1620197707117308,1.1620197707117308,1.0
663.3492679785785,2,-0.4462891761905894,1.5683226230936915,3.414724686160729,3.414724686160729,1.0
663.5,1,0.8335550181246916,-0.6341623663109486,1.5418189944820517,1.5418189944820517,1.0
663.5492679785785,2,-0.7077647041107475,-0.5334759491690857,1.1159541439520697,1.1159541439520697,1.0
663.7492679785786,2,-0.2854995482809386,-0.4557932604813075,0.3858976644314976,0.3858976644314976,1.0
663.75,1,0.24138604181706214,-0.5622700467380444,0.518106476182764,0.518106476182764,1.0
663.9492679785785,2,0.8897828239338601,-0.6085752224851717,1.662800406925705,1.662800406925705,1.0
664.0,1,0.29051966606690627,-0.03523533178986593,0.12179264042702208,0.12179264042702208,1.0
664.1492679785786,2,-0.07029080290178058,-0.8814638612050008,0.9911778875346859,0.9911778875346859,1.0
664.25,1,0.6106596187924964,-0.4358070319559726,0.7919111833277426,0.7919111833277426,1.0
664.3492679785785,2,0.5693029083187078,0.9833633360303118,1.713239661561866,1.713239661561866,1.0
664.5,1,-0.23670036933023653,0.8614851071837784,1.1010586027618852,1.1010586027618852,1.0
664.5492679785785,2,-0.40407418698031705,-0.8101726855981388,1.0774409572923966,1.0774409572923966,1.0
664.7492679785786,2,0.47181971985474647,-0.21078910121030248,0.39193169066634026,0.39193169066634026,1.0
664.75,1,-2.0151858332164423,-0.04565812865340657,5.7812566649892805,5.7812566649892805,1.0
664.9492679785785,2,-0.04590956520968703,0.13446477960772718,0.026068919688931345,0.026068919688931345,1.0
665.0,1,1.6060366110991886,-1.0061882083695455,5.0633978127635535,5.0633978127635535,1.0
665.1492679785786,2,0.7191447722705568,0.6180073621284548,1.2635362444749654,1.2635362444749654,1.0
665.25,1,-0.634262071535538,1.005056947946244,1.9626103759214235,1.9626103759214235,1.0
665.3492679785785,2,-1.0944971237968026,1.7256138045307807,5.577198262434299,5.577198262434299,1.0
665.5,1,-1.154084873717892,-1.184598988268518,3.825884422245684,3.825884422245684,1.0
665.5492679785785,2,1.2503532624816351,0.043332042643925206,2.360552622202347,2.360552622202347,1.0
665.7492679785786,2,0.2600591684972713,-1.0883792383723137,1.6015609928244998,1.6015609928244998,1.0
665.75,1,-0.6959795389743455,-0.30607031126991124,0.8182016832448151,0.8182016832448151,1.0
665.9492679785785,2,-0.35308176970581684,2.2321772278506495,6.496094644193694,6.496094644193694,1.0
666.0,1,0.0467943956883623,0.5647498910420916,0.4421309469880369,0.4421309469880369,1.0
666.1492679785786,2,-1.3505409571838598,-0.4655410824372668,3.025232595362548,3.025232595362548,1.0
666.25,1,-0.329877551072407,0.5108180754648268,0.5139508382659457,0.5139508382659457,1.0
666.3492679785785,2,0.2863679583973173,-0.5693871956234551,0.5341950389947681,0.5341950389947681,1.0
666.5,1,0.09976550827024155,-1.006496716806919,1.408326904358944,1.408326904358944,1.0
666.5492679785785,2,0.5088041005927906,-0.9666122827057579,1.5736479827672878,1.5736479827672878,1.0
666.7492679785786,2,-0.37496636971430064,-1.6976007107111126,3.8602495263221117,3.8602495263221117,1.0
666.75,1,-0.013562327394151197,0.11972782854409036,0.0199949998184735,0.0199949998184735,1.0
666.9492679785785,2,-0.12311555876196323,0.12846694864236952,0.043752529518083276,0.043752529518083276,1.0
667.0,1,-0.04250849199717166,-0.1942326922151718,0.05450055223401648,0.05450055223401648,1.0
667.1492679785786,2,0.6831952721138492,-0.02335745102110831,0.7046386726187419,0.7046386726187419,1.0
667.25,1,0.8227990682150974,-0.5833995616301948,1.4315943398662436,1.4315943398662436,1.0
667.3492679785785,2,-0.19480636604856727,1.410682926041483,2.5770368433047723,2.5770368433047723,1.0
667.5,1,-0.0771972348060892,-0.06275365081039208,0.013897137899279032,0.013897137899279032,1.0
667.5492679785785,2,0.339753250307691,-0.5413562074130729,0.5452297811180613,0.5452297811180613,1.0
667.7492679785786,2,0.7415711188284746,0.4001074612913964,1.0319250781803377,1.0319250781803377,1.0
667.75,1,0.7753013221728224,0.44294168636362663,1.1254014738137008,1.1254014738137008,1.0
667.9492679785785,2,1.2473353139684527,1.4246764589238037,4.9159907026814675,4.9159907026814675,1.0
668.0,1,-0.47307726836583086,1.3871094696265995,2.966889568544196,2.966889568544196,1.0
668.1492679785786,2,0.5530781849495554,0.3555865653028176,0.6214363592936395,0.6214363592936395,1.0
668.25,1,-0.5143391379040096,-0.6929726000479146,1.0373066238888602,1.0373066238888602,1.0
668.3492679785785,2,0.15657394009129177,0.13446263935702785,0.05986985288213459,0.05986985288213459,1.0
668.5,1,-0.20017320039844932,0.3038949401285933,0.18409924731732774,0.18409924731732774,1.0
668.5492679785785,2,-0.8359221111575081,0.1278373931719905,1.0747156001136777,1.0747156001136777,1.0
668.7492679785786,2,-1.4516715723178457,-0.11426560676480868,3.1943283554793527,3.1943283554793527,1.0
668.75,1,0.281210538711516,-0.35737944095912244,0.2883465900445485,0.2883465900445485,1.0
668.9492679785785,2,0.22376117994247124,0.38729369944717806,0.26540895249761,0.26540895249761,1.0
669.0,1,0.10343460709042063,-1.5476812059577574,3.312359947737787,3.312359947737787,1.0
669.1492679785786,2,0.7404669491860432,-0.21254079694844386,0.884119752860169,0.884119752860169,1.0
669.25,1,0.29676110133809885,-0.9740111888503371,1.4310504055526168,1.4310504055526168,1.0
669.3492679785785,2,0.4365068440731861,-0.6739559245292108,0.862527386130496,0.862527386130496,1.0
669.5,1,-0.6202202542695971,-0.018360533061920314,0.5476798385824225,0.5476798385824225,1.0
669.5492679785785,2,0.27560447928980736,0.04302005121281116,0.11691902214568206,0.11691902214568206,1.0
669.7492679785786,2,-0.1929719950369453,-0.0754582969946247,0.0633621084657022,0.0633621084657022,1.0
669.75,1,1.3205737843781904,0.13889895748895142,2.5080492502936242,2.5080492502936242,1.0
669.9492679785785,2,-0.21198744031149275,1.0228757785708966,1.3923984372177671,1.3923984372177671,1.0
670.0,1,0.6538885239060797,0.8062622829016499,1.503155925892318,1.503155925892318,1.0
670.1492679785786,2,1.1201030114132067,-1.6280805197105206,5.248290354192933,5.248290354192933,1.0
670.25,1,-1.5479482030063387,0.7105308499732121,4.103816261399858,4.103816261399858,1.0
670.3492679785785,2,0.5278663719999308,-0.7640659999095503,1.1594953445183451,1.1594953445183451,1.0
670.5,1,-1.1751004585152955,-0.6422278617257939,2.5319879275842143,2.5319879275842143,1.0
670.5492679785785,2,0.07381274149521388,-0.9715969540659426,1.2036227045615546,1.2036227045615546,1.0
670.7492679785786,2,0.033245798732913556,0.35824830897218174,0.16414137734539155,0.16414137734539155,1.0
670.75,1,-1.8055491277036708,-0.48444181638264894,4.961881434472829,4.961881434472829,1.0
670.9492679785785,2,-0.11959535043803626,-0.4482186399115058,0.2759182640573789,0.2759182640573789,1.0
671.0,1,-0.5430707403986794,-0.3708823041784832,0.6089671720504319,0.6089671720504319,1.0
671.1492679785786,2,1.8491642550746974,0.20984639338196676,5.21287216518839,5.21287216518839,1.0
671.25,1,-1.1647217584159861,-0.31407594834584174,2.0657498486042387,2.0657498486042387,1.0
671.3492679785785,2,0.7523470503194112,1.3783692258175924,3.259445466204163,3.259445466204163,1.0
671.5,1,-0.6651769049839835,-0.09021846842604653,0.6406247611774764,0.6406247611774764,1.0
671.5492679785785,2,-0.6302961965975413,0.5554541203412375,0.9899488565761911,0.9899488565761911,1.0
671.7492679785786,2,1.1932878527876944,-0.13475440220692914,2.17023886689903,2.17023886689903,1.0
671.75,1,1.3641943846549474,-0.06506513246594281,2.65396815632749,2.65396815632749,1.0
671.9492679785785,2,-1.2104904782806187,-0.9065797564977114,3.2503162553822205,3.2503162553822205,1.0
672.0,1,0.2102971172293593,-0.315674390620317,0.20009261231709036,0.20009261231709036,1.0
672.1492679785786,2,-0.05741361755836749,1.7049421636536035,3.6854132986551122,3.6854132986551122,1.0
672.25,1,0.48768608169315897,-0.4276891168503596,0.5901321634934265,0.5901321634934265,1.0
672.3492679785785,2,-0.14910259631782097,-0.37188108743551496,0.20864571480219318,0.20864571480219318,1.0
672.5,1,-0.8582823849656656,0.7203474776711607,1.762060486493581,1.762060486493581,1.0
672.5492679785785,2,-0.1759298706149366,-0.7500366073095526,0.759062001849617,0.759062001849617,1.0
672.7492679785786,2,0.7913238331114094,1.3075221071581122,3.1085746965189753,3.1085746965189753,1.0
672.75,1,0.5013753790235,-0.07931007700028303,0.36635564268660736,0.36635564268660736,1.0
672.9492679785785,2,1.2397786391061025,-0.9032715166970853,3.350963603769288,3.350963603769288,1.0
673.0,1,0.7203895483520952,0.7412542643834152,1.4947161197016086,1.4947161197016086,1.0
673.1492679785786,2,0.9105750665699439,-0.6897255681892487,1.8528415836474599,1.8528415836474599,1.0
673.25,1,-0.8493652442781716,-0.035128984082386516,1.0280538672917021,1.0280538672917021,1.0
673.3492679785785,2,-0.3841828678764543,-0.49379384996997366,0.5313679108505798,0.5313679108505798,1.0
673.5,1,-0.6374341865613715,-0.9047869840358,1.7046711663928125,1.7046711663928125,1.0
673.5492679785785,2,-0.7866450071846991,0.10522158637481205,0.9474430273387713,0.9474430273387713,1.0
673.7492679785786,2,-1.9400660142523947,0.4790007232576743,5.9662455009362745,5.9662455009362745,1.0
673.75,1,-0.5952642454886679,0.6224138788231173,1.0375102514755983,1.0375102514755983,1.0
673.9492679785785,2,0.49022222851424146,-0.6607010636188813,0.9150808676369231,0.9150808676369231,1.0
674.0,1,0.5383866772392274,-1.2907267832160647,2.7056372901939167,2.7056372901939167,1.0
674.1492679785786,2,0.4852976139410927,0.26627584294141293,0.44497281748540557,0.44497281748540557,1.0
674.25,1,-0.9405880956418358,1.7242507159182905,5.350686438206472,5.350686438206472,1.0
674.3492679785785,2,-1.1354606101205356,-0.7453551278966959,2.6480708976971363,2.6480708976971363,1.0
674.5,1,-0.03003910193593029,-0.8108672756399686,0.9061785602734203,0.9061785602734203,1.0
674.5492679785785,2,-0.36834841488011705,-1.755038128208331,4.105131516301262,4.105131516301262,1.0
674.7492679785786,2,0.1593989617569953,0.15540623934857045,0.06888875817561936,0.06888875817561936,1.0
674.75,1,-0.3808175831710905,0.4342849451296038,0.46599517528333945,0.46599517528333945,1.0
674.9492679785785,2,0.09258754424753946,0.20492289279864373,0.06609354048597042,0.06609354048597042,1.0
675.0,1,1.5087886270172497,-0.003556430141646416,3.238977809603911,3.238977809603911,1.0
675.1492679785786,2,0.04982232663179431,1.370811564682609,2.3829740680350304,2.3829740680350304,1.0
675.25,1,-0.03929155804706497,0.4605949926370263,0.2941919036232456,0.2941919036232456,1.0
675.3492679785785,2,-0.6511386121895377,-0.256095054414085,0.7225379635895446,0.7225379635895446,1.0
675.5,1,0.32005194417864047,-0.10267578121310006,0.16022569502868317,0.16022569502868317,1.0
675.5492679785785,2,-0.4074949248846629,0.991525982694208,1.4954253167676583,1.4954253167676583,1.0
675.7492679785786,2,1.46423730798697,1.2711783034723485,5.278722929490749,5.278722929490749,1.0
675.75,1,-1.3212814192752163,-0.8327654762770029,3.4388471337846673,3.4388471337846673,1.0
675.9492679785785,2,1.4583570347122041,-0.7348122930821885,3.890994444897389,3.890994444897389,1.0
676.0,1,0.6846701075563537,-0.3016652041995913,0.7922422333463042,0.7922422333463042,1.0
676.1492679785786,2,0.06144111110012318,0.559138328872562,0.4015331903684157,0.4015331903684157,1.0
676.25,1,-0.8908163891342831,-0.6653113816991114,1.7382157209962266,1.7382157209962266,1.0
676.3492679785785,2,0.004200504712667197,0.49434447859329467,0.30946314066100633,0.30946314066100633,1.0
676.5,1,-0.10012018518645505,-0.6296202496280863,0.5598364325445878,0.5598364325445878,1.0
676.5492679785785,2,-0.6315120116098143,-0.5852250434363944,1.0352667557954398,1.0352667557954398,1.0
676.7492679785786,2,-0.08418786615640883,0.17001553843875872,0.04728065621386656,0.04728065621386656,1.0
676.75,1,-1.4164015315849952,0.10652757332521201,2.8703281515012202,2.8703281515012202,1.0
676.9492679785785,2,0.15128175026715596,-1.0844472736711737,1.5234168771859782,1.5234168771859782,1.0
677.0,1,-0.5082702363629998,0.45788803517785936,0.6561675425523819,0.6561675425523819,1.0
677.1492679785786,2,0.42139584159403753,0.04813420479531416,0.2707497463261842,0.2707497463261842,1.0
677.25,1,-0.9568696711460944,0.19926648069770891,1.3572610221429169,1.3572610221429169,1.0
677.3492679785785,2,0.4709273589666978,-0.06351367222800697,0.3396080595463628,0.3396080595463628,1.0
677.5,1,-0.9991425244034993,-1.5792104908731464,4.852359365320117,4.852359365320117,1.0
677.5492679785785,2,0.7271903110281812,0.921467529745513,1.8728930537601778,1.8728930537601778,1.0
677.7492679785786,2,-1.1329956514581347,0.014926505530728384,1.9360299444240265,1.9360299444240265,1.0
677.75,1,-0.3435171165942599,-1.4544000409143631,3.079860662130375,3.079860662130375,1.0
677.9492679785785,2,-0.33906632066321407,1.1436050401079854,1.8291531168875923,1.8291531168875923,1.0
678.0,1,-0.09277015366069818,-1.0984962370606715,1.6732607532115784,1.6732607532115784,1.0
678.1492679785786,2,-0.31130312801230886,-0.846254178890514,1.0528970648373297,1.0528970648373297,1.0
678.25,1,1.1546772378431065,0.5850248010790038,2.367905443318251,2.367905443318251,1.0
678.3492679785785,2,1.563639384458206,-2.727361568623942,9.261118754252006,13.10658786077675,1.4230296961288726
678.5,1,-1.2547829148515426,1.5969181295838633,5.7488112106604365,5.7488112106604365,1.0
678.5492679785785,2,0.20887639297868787,1.3674440311874605,2.4334742736201656,2.4334742736201656,1.0
678.7492679785786,2,0.6530983254248106,0.7141894127982571,1.288792959478457,1.288792959478457,1.0
678.75,1,-1.6244056507529336,0.4156074212047205,3.992099242794861,3.992099242794861,1.0
678.9492679785785,2,-0.3394694956817119,0.8416128655664252,1.070445843812914,1.070445843812914,1.0
679.0,1,-1.0691804858072693,-0.3557234470923891,1.8004921001586278,1.8004921001586278,1.0
679.1492679785786,2,0.45168898839292027,-0.6996931882110697,0.9274833130690551,0.9274833130690551,1.0
679.25,1,-0.7304827320465854,-0.4420792239787845,1.0280454238023236,1.0280454238023236,1.0
679.3492679785785,2,0.7045012574041962,-1.0978710754456777,2.274613999006494,2.274613999006494,1.0
679.5,1,-0.0732024762536021,-0.9345074704557961,1.2094017623509075,1.2094017623509075,1.0
679.5492679785785,2,1.5359381012257636,-0.6911459283954171,4.16302308014345,4.16302308014345,1.0
679.7492679785786,2,0.935060779460887,-0.194150802440463,1.3660676648050307,1.3660676648050307,1.0
679.75,1,-0.5529920108090636,-2.016928590717339,6.034745488212505,6.034745488212505,1.0
679.9492679785785,2,-0.7681517206176451,0.12419096847425237,0.9092985759824393,0.9092985759824393,1.0
680.0,1,2.6827536834253998,-0.5420807631653073,9.233357443382708,10.643854061351337,1.1556417712571008
680.1492679785786,2,0.623321776714949,-0.33959152178546503,0.731894650466296,0.731894650466296,1.0
680.25,1,-0.2270591293686266,1.1044576867893081,1.7520633478883005,1.7520633478883005,1.0
680.3492679785785,2,-0.7904909174088672,0.8886865919248752,1.942285226626933,1.942285226626933,1.0
680.5,1,0.20787381087914625,0.6283171032091115,0.604715928738129,0.604715928738129,1.0
680.5492679785785,2,-0.7739256273439565,-0.3553958509730961,1.063295403059677,1.063295403059677,1.0
680.7492679785786,2,-0.036967390287696134,0.09734760668362075,0.014056078415788015,0.014056078415788015,1.0
680.75,1,-0.6161035697188026,1.2040539147176013,2.5355923738360437,2.5355923738360437,1.0
680.9492679785785,2,-0.13998189101153713,-1.832560421507326,4.280829536007025,4.280829536007025,1.0
681.0,1,0.262810867323104,1.7166373569059061,4.1541431662415444,4.1541431662415444,1.0
681.1492679785786,2,-0.9297996601602421,0.2583788773323441,1.3882443350231959,1.3882443350231959,1.0
681.25,1,-0.25810043935883087,0.5160356703834514,0.4612432909443101,0.4612432909443101,1.0
681.3492679785785,2,-0.9065005332871579,0.16995304004482925,1.2758744277796297,1.2758744277796297,1.0
681.5,1,-1.584282351455787,-1.4061409848382356,6.291070436181743,6.291070436181743,1.0
681.5492679785785,2,-1.6581871285522567,-0.4528372224882782,4.406735433371538,4.406735433371538,1.0
681.7492679785786,2,-0.11799996677693159,-0.626888369781728,0.5184551491896929,0.5184551491896929,1.0
681.75,1,-0.5588433687232808,-1.4686982445260712,3.413550634700023,3.413550634700023,1.0
681.9492679785785,2,0.6164221341325522,-0.30923158218807334,0.6940327988690668,0.6940327988690668,1.0
682.0,1,1.8547422581083346,1.4018417934345395,7.598942924165257,7.598942924165257,1.0
682.1492679785786,2,-0.3245562412484233,-1.2277225982144575,2.067144583138865,2.067144583138865,1.0
682.25,1,0.23442229299588035,0.48088103094809576,0.39642928460070337,0.39642928460070337,1.0
682.3492679785785,2,0.052469063875324906,0.13926922033188038,0.028709681337522337,0.028709681337522337,1.0
682.5,1,1.0058068719365316,0.5923759019732291,1.9219022400385557,1.9219022400385557,1.0
682.5492679785785,2,0.9262490261575422,-2.5176640818359672,9.212318531323122,9.320136600930688,1.0119209740921822
682.7492679785786,2,-0.5560915678922385,0.6076312798822308,0.9336529237792854,0.9336529237792854,1.0
682.75,1,0.43855948652798205,0.8877866657427447,1.3585770915015631,1.3585770915015631,1.0
682.9492679785785,2,-0.2787438360671253,0.3442944537284536,0.26722907024643955,0.26722907024643955,1.0
683.0,1,-1.197503754476653,0.00830979067021076,2.0402774389992544,2.0402774389992544,1.0
683.1492679785786,2,-1.7205941190389105,-0.1714546537888948,4.501775705077323,4.501775705077323,1.0
683.25,1,0.9655131681424081,0.7365249376935479,2.072735107678466,2.072735107678466,1.0
683.3492679785785,2,0.45500178531514024,0.30206888429788314,0.42776473118806857,0.42776473118806857,1.0
683.5,1,0.5823100101499072,0.9088909343352274,1.6191467029470819,1.6191467029470819,1.0
683.5492679785785,2,-1.0100154362131768,-0.6101415599001392,2.0100535552220524,2.0100535552220524,1.0
683.7492679785786,2,0.19372154187704993,-0.38467034821934387,0.2438996762616983,0.2438996762616983,1.0
683.75,1,-1.1927214215299387,-0.6128374769690428,2.5411131158503935,2.5411131158503935,1.0
683.9492679785785,2,-0.5503263639840696,0.8101577913315934,1.287628996563023,1.287628996563023,1.0
684.0,1,-0.7071355318035835,-0.9239232939943607,1.8863726865943755,1.8863726865943755,1.0
684.1492679785786,2,-0.30619028772457924,-0.5601603406516507,0.5386519015222011,0.5386519015222011,1.0
684.25,1,-0.49098456299015325,-0.34033495760659704,0.5023529251576441,0.5023529251576441,1.0
684.3492679785785,2,0.8988559575199915,0.35291609027662574,1.3762453097329097,1.3762453097329097,1.0
684.5,1,-0.939689896489508,-0.6477476448538404,1.833476145061205,1.833476145061205,1.0
684.5492679785785,2,-0.6448588975898808,-0.5480216611839905,1.007517167664306,1.007517167664306,1.0
684.7492679785786,2,0.6036799580533128,-0.7514616047225386,1.2643561762904152,1.2643561762904152,1.0
684.75,1,0.08561983983997479,-0.6100547870901813,0.5227365977812451,0.5227365977812451,1.0
684.9492679785785,2,0.02647338376052133,0.4893146641205428,0.30416941897714594,0.30416941897714594,1.0
685.0,1,0.911210428965866,-2.2637565264339443,8.23494595030731,8.23494595030731,1.0
685.1492679785786,2,0.4171582804421483,0.9847095502115106,1.4900979168038617,1.4900979168038617,1.0
685.25,1,0.6697671037624531,-0.0571030070080667,0.642656329693628,0.642656329693628,1.0
685.3492679785785,2,-0.7940702499626511,0.8792873368737979,1.9299446837053709,1.9299446837053709,1.0
685.5,1,-1.5708494669077595,-0.5720057541435075,3.960361273819231,3.960361273819231,1.0
685.5492679785785,2,-1.838416081492852,-0.7371054985727765,5.785852109533711,5.785852109533711,1.0
685.7492679785786,2,-0.17974496090687353,1.7897037938126115,4.103447066329402,4.103447066329402,1.0
685.75,1,-0.2502784854150768,-0.8118262609921576,0.9963695966987591,0.9963695966987591,1.0
685.9492679785785,2,0.5913155297601378,0.3993302301495998,0.7291646664149402,0.7291646664149402,1.0
686.0,1,-1.427031217439989,0.5933684464768341,3.381958323001059,3.381958323001059,1.0
686.1492679785786,2,0.23378892207055557,0.5363766527227423,0.4466837773409333,0.4466837773409333,1.0
686.25,1,1.7250280639199005,-0.5636003921915353,4.670534678292698,4.670534678292698,1.0
686.3492679785785,2,2.425913181914357,0.2655242778112292,8.9653664399591,8.9653664399591,1.0
686.5,1,-0.3217110610426879,-0.736563308026482,0.8938496866866732,0.8938496866866732,1.0
686.5492679785785,2,-0.30678733664819546,-0.44183951646403585,0.38916961105864384,0.38916961105864384,1.0
686.7492679785786,2,-0.29438580184341845,-0.9809254439934421,1.3487592727077873,1.3487592727077873,1.0
686.75,1,0.5936535119685153,0.4798651876488904,0.8184499196279379,0.8184499196279379,1.0
686.9492679785785,2,0.271424997551339,0.9032382936401735,1.1439558001514576,1.1439558001514576,1.0
687.0,1,0.37288358387982967,-0.13196294621748983,0.22179508085878613,0.22179508085878613,1.0
687.1492679785786,2,0.5931102809805466,0.2530786090796422,0.6116262147417844,0.6116262147417844,1.0
687.25,1,0.9446400319290689,0.3599896206665907,1.4478499938328442,1.4478499938328442,1.0
687.3492679785785,2,0.19053186112565967,-0.42562966601319907,0.2841375186152812,0.2841375186152812,1.0
687.5,1,0.7060969275545261,-0.1327470925995229,0.7334778259521051,0.7334778259521051,1.0
687.5492679785785,2,-1.1518163750048451,-0.06817297956514246,2.0070120188645193,2.0070120188645193,1.0
687.7492679785786,2,0.9498458195463293,-1.4367225665813317,3.973540789387329,3.973540789387329,1.0
687.75,1,-0.7197619026442617,-1.5004927106947932,3.8365060978306125,3.8365060978306125,1.0
687.9492679785785,2,0.10278043455185681,-0.2895825766875868,0.1220961752939273,0.1220961752939273,1.0
688.0,1,0.05954612240010704,0.0006667114741034652,0.0050454256911297065,0.0050454256911297065,1.0
688.1492679785786,2,-0.23289208398975347,-0.27447351916188634,0.17718345022591872,0.17718345022591872,1.0
688.25,1,0.26536115229986734,0.0033201845427477394,0.10019341558035488,0.10019341558035488,1.0
688.3492679785785,2,-1.1223466013873704,-0.5266231289874348,2.2510649693265536,2.2510649693265536,1.0
688.5,1,-1.3623395025500749,0.05638615761348831,2.6445334520245747,2.6445334520245747,1.0
688.5492679785785,2,0.286936310015669,0.342144574620475,0.2724247374341622,0.2724247374341622,1.0
688.7492679785786,2,1.6118808399841669,-0.6591640654960829,4.467904120150834,4.467904120150834,1.0
688.75,1,1.4467721383191865,-0.10273239223596065,2.992911115756536,2.992911115756536,1.0
688.9492679785785,2,1.474875185170852,0.627208744331762,3.7784375368947467,3.7784375368947467,1.0
689.0,1,-0.48181437237998637,0.35848549873576907,0.5071868779073595,0.5071868779073595,1.0
689.1492679785786,2,0.13360467930192854,0.4980080341677482,0.34093262253297574,0.34093262253297574,1.0
689.25,1,0.6883071198522721,-0.3821566110436523,0.8750164284151041,0.8750164284151041,1.0
689.3492679785785,2,0.11576244212372444,-0.43220839625902663,0.2567450421548518,0.2567450421548518,1.0
689.5,1,0.9203331949119473,-0.5883950286515596,1.6813643945204406,1.6813643945204406,1.0
689.5492679785785,2,1.4748541173172782,-0.6087669702090492,3.750328167169573,3.750328167169573,1.0
689.7492679785786,2,-0.8851393718033727,-0.2617010206065311,1.2681331443442774,1.2681331443442774,1.0
689.75,1,0.192591779469236,-1.5494922444283432,3.35790235757906,3.35790235757906,1.0
689.9492679785785,2,-0.9942610798025626,0.9632898646793926,2.6655801399446077,2.6655801399446077,1.0
690.0,1,0.30666908286143624,0.7460702458114952,0.8999861512260372,0.8999861512260372,1.0
690.1492679785786,2,0.40297850679256086,0.6061746950821725,0.7101474144853062,0.7101474144853062,1.0
690.25,1,1.287883072232642,-0.9223750681748255,3.530667920285472,3.530667920285472,1.0
690.3492679785785,2,1.3800588715299256,0.7059272283811442,3.5036159894777827,3.5036159894777827,1.0
690.5,1,1.107466315997634,-0.9185125143210096,2.9057967411718466,2.9057967411718466,1.0
690.5492679785785,2,1.0107559442259664,-0.5596833993806412,1.937683678480964,1.937683678480964,1.0
690.7492679785786,2,0.31297509304028637,-0.11766458924586942,0.1652359225885757,0.1652359225885757,1.0
690.75,1,-0.7111058571488229,-0.7981997193743018,1.5966054247931796,1.5966054247931796,1.0
690.9492679785785,2,-0.17286507698505815,-2.9197864318000653,9.235537918789193,10.838185669899316,1.1767410575700432
691.0,1,-0.7616007454868559,-1.5713933091446055,4.223975492038884,4.223975492038884,1.0
691.1492679785786,2,-0.1297592886330925,0.7876544727396357,0.8108576661083667,0.8108576661083667,1.0
691.25,1,2.246160212257223,0.9442803593572098,8.404527777622995,8.404527777622995,1.0
691.3492679785785,2,-0.9928061423168728,1.3871504552334972,3.9229093928030894,3.9229093928030894,1.0
691.5,1,-0.4826810474371257,0.19221090348380798,0.38225091737475164,0.38225091737475164,1.0
691.5492679785785,2,-0.3206368732424316,-0.42957438275082893,0.38873455441333027,0.38873455441333027,1.0
691.7492679785786,2,0.41158452458756756,-0.756862287866535,0.9805894373244681,0.9805894373244681,1.0
691.75,1,-0.8428328564619143,0.8949179689247799,2.113208443544292,2.113208443544292,1.0
691.9492679785785,2,1.555661450578878,0.5345446208330475,4.011208826211685,4.011208826211685,1.0
692.0,1,-0.36949653166053764,0.36144766332064293,0.3740663416788741,0.3740663416788741,1.0
692.1492679785786,2,0.43955431758546837,-0.959251579986427,1.4563767638346632,1.4563767638346632,1.0
692.25,1,-0.05440599846210503,0.3574194576243368,0.18003247249262544,0.18003247249262544,1.0
692.3492679785785,2,-0.30512354249807316,0.019534616730654264,0.14089943721329423,0.14089943721329423,1.0
692.5,1,0.305338297521871,-1.6785708451539936,4.010164283262415,4.010164283262415,1.0
692.5492679785785,2,0.26812141554337643,0.7163669552349052,0.7582574162808663,0.7582574162808663,1.0
692.7492679785786,2,0.8504182402239522,-1.1722583657593857,2.8301148025713108,2.8301148025713108,1.0
692.75,1,-0.3108675918604149,-0.2524228285625032,0.22521652616338317,0.22521652616338317,1.0
692.9492679785785,2,-0.3223362189224943,1.1336454641568974,1.7836788691911356,1.7836788691911356,1.0
693.0,1,0.14352970431245993,0.8112622847397972,0.9352109685196437,0.9352109685196437,1.0
693.1492679785786,2,0.3693944041779318,-0.12398200774637758,0.2252487531457532,0.2252487531457532,1.0
693.25,1,-0.03547825344414335,-2.243724595095773,6.930605410442222,6.930605410442222,1.0
693.3492679785785,2,0.1245965477974309,0.06341412418795933,0.028506129764528466,0.028506129764528466,1.0
693.5,1,0.7021482957065288,-0.5689268632542728,1.1467542576737038,1.1467542576737038,1.0
693.5492679785785,2,-0.20939028806722604,0.824399440378917,0.9267376427204832,0.9267376427204832,1.0
693.7492679785786,2,-0.7622894785057888,-0.8400930447708967,1.769649334519901,1.769649334519901,1.0
693.75,1,1.6478846610644844,-0.25089951497240115,3.9505649642628606,3.9505649642628606,1.0
693.9492679785785,2,0.8174473280570922,-0.25533364532958913,1.090229775285845,1.090229775285845,1.0
694.0,1,-0.8272414890400839,-1.425818999358703,3.771917134896852,3.771917134896852,1.0
694.1492679785786,2,-0.35641493532297375,0.8014430386302802,1.004809994144329,1.004809994144329,1.0
694.25,1,0.11521993352523197,1.1683068498288574,1.8974990340758864,1.8974990340758864,1.0
694.3492679785785,2,-0.2702002174114888,0.6463155727051912,0.6390331533918043,0.6390331533918043,1.0
694.5,1,0.724700611638422,-1.1286775230723123,2.5002614331674713,2.5002614331674713,1.0
694.5492679785785,2,-0.10910258500718584,0.7450593218262505,0.7208864480517657,0.7208864480517657,1.0
694.7492679785786,2,-0.6952660130116897,0.32570549336629107,0.8632158846109906,0.8632158846109906,1.0
694.75,1,0.3931812208107992,-0.799198525082307,1.099220158815891,1.099220158815891,1.0
694.9492679785785,2,0.5755562826839729,0.23040442803052485,0.5667674275297542,0.5667674275297542,1.0
695.0,1,0.38990420084850896,-0.25753378421740436,0.3075902968085724,0.3075902968085724,1.0
695.1492679785786,2,-1.258340216494366,-0.9488048534202091,3.5278220036476013,3.5278220036476013,1.0
695.25,1,0.785123927379189,-0.8671923503927914,1.9119884143192603,1.9119884143192603,1.0
695.3492679785785,2,0.11610036785078037,1.5096985192763999,2.9062387803255336,2.9062387803255336,1.0
695.5,1,0.4470550988429558,-1.0028889939657093,1.6684848240529304,1.6684848240529304,1.0
695.5492679785785,2,0.6258688796341865,-0.36685319733524047,0.761268302407413,0.761268302407413,1.0
695.7492679785786,2,0.21232385185204095,-0.37069759662020196,0.24193931361640153,0.24193931361640153,1.0
695.75,1,-0.8283516506664608,1.4804724046287312,3.993575143304135,3.993575143304135,1.0
695.9492679785785,2,0.8426024164738948,1.775661716326514,5.06240984562286,5.06240984562286,1.0
696.0,1,-1.1936915018176766,0.38084144788268937,2.22697049428763,2.22697049428763,1.0
696.1492679785786,2,0.44537587521381994,1.2902725765555996,2.406986927489173,2.406986927489173,1.0
696.25,1,-0.1275874720115837,0.9581330189390993,1.2866737330073559,1.2866737330073559,1.0
696.3492679785785,2,0.8982007390899973,-1.2287816735094594,3.1286699169187626,3.1286699169187626,1.0
696.5,1,1.3319611801273048,-0.5049128358517585,2.874584400991245,2.874584400991245,1.0
696.5492679785785,2,-0.03878583853950701,1.8966769855650991,4.557630553698989,4.557630553698989,1.0
696.7492679785786,2,0.9542241094411317,1.2588195749026827,3.379077823316135,3.379077823316135,1.0
696.75,1,-0.3801499527743726,1.3657788324981475,2.7734785484609548,2.7734785484609548,1.0
696.9492679785785,2,0.26928955802533494,-1.0698224707711583,1.5583514447626716,1.5583514447626716,1.0
697.0,1,0.06139353385718138,0.2691675233829294,0.10509022433121405,0.10509022433121405,1.0
697.1492679785786,2,-0.13650209098537402,-0.09474454988332859,0.03946673989786732,0.03946673989786732,1.0
697.25,1,-0.39512178534420883,1.1208241545852502,1.951150545278771,1.951150545278771,1.0
697.3492679785785,2,0.46575718298576874,-0.5166354713491437,0.6651577479634381,0.6651577479634381,1.0
697.5,1,-1.19566001288662,-0.714845090327481,2.736916460574129,2.736916460574129,1.0
697.5492679785785,2,0.683898257984481,0.6175719921842759,1.1884622680256922,1.1884622680256922,1.0
697.7492679785786,2,-0.06936761338327102,-0.6945154142757612,0.6178834909708983,0.6178834909708983,1.0
697.75,1,1.0015595656714424,0.32390319434267134,1.5717941352427676,1.5717941352427676,1.0
697.9492679785785,2,0.35262217680644525,0.6269993108966716,0.685228012299703,0.685228012299703,1.0
698.0,1,0.691273517489762,-0.1510071429626194,0.7112851448710549,0.7112851448710549,1.0
698.1492679785786,2,-1.019580038324781,0.398499868227022,1.7688735701227425,1.7688735701227425,1.0
698.25,1,-0.04327961981914896,-0.6277965663145704,0.5451279829654349,0.5451279829654349,1.0
698.3492679785785,2,0.7682089701880628,-0.7176729734319824,1.5422765139588244,1.5422765139588244,1.0
698.5,1,-0.4563825675583182,1.016303536878853,1.717771968813811,1.717771968813811,1.0
698.5492679785785,2,-0.6950248906715188,0.11502819129081487,0.7454009183084753,0.7454009183084753,1.0
698.7492679785786,2,0.3342597874196791,-0.7358796675481134,0.8540146100808738,0.8540146100808738,1.0
698.75,1,0.8791017390934481,0.6887125488804138,1.7526318769351494,1.7526318769351494,1.0
698.9492679785785,2,1.380440238781297,-1.1297920485402866,4.48979565151212,4.48979565151212,1.0
699.0,1,-1.12276132361748,0.11829745250553714,1.8128377142415981,1.8128377142415981,1.0
699.1492679785786,2,1.8465325145617335,-1.0051319838620314,6.421559708627688,6.421559708627688,1.0
699.25,1,-0.27505657824345775,0.7429246762551696,0.8673007807753715,0.8673007807753715,1.0
699.3492679785785,2,0.4226048175110826,1.2691445725418529,2.308906177005117,2.308906177005117,1.0
699.5,1,0.47338904976208873,-0.8379147516869487,1.2850483779349888,1.2850483779349888,1.0
699.5492679785785,2,0.7510674713790682,-0.7606029112026853,1.5834748285101288,1.5834748285101288,1.0
699.7492679785786,2,0.04358281114651419,0.6226514852546821,0.4936648394951245,0.4936648394951245,1.0
699.75,1,-0.6578965231882847,-0.365941826405189,0.8002336477693518,0.8002336477693518,1.0
699.9492679785785,2,-1.2325580195576116,-0.7890587773380471,3.0793093031534866,3.0793093031534866,1.0
700.0,1,-0.07697656006857301,0.062272573135405906,0.013768541704863649,0.013768541704863649,1.0
700.1492679785786,2,0.6693910051122494,-0.26191595653024,0.7626485768996761,0.7626485768996761,1.0
700.25,1,0.8404158541556335,-0.284647745003614,1.1163532036923953,1.1163532036923953,1.0
700.3492679785785,2,0.8411842781138485,-0.6286626006067646,1.5676860994679647,1.5676860994679647,1.0
700.5,1,0.9254903707652886,-1.2580628161158796,3.396668400734565,3.396668400734565,1.0
700.5492679785785,2,-0.5954881677478507,0.2332476283518563,0.6037827602792378,0.6037827602792378,1.0
700.7492679785786,2,-0.25005060167317694,-0.003999006088063695,0.09430592014077295,0.09430592014077295,1.0
700.75,1,0.40422462985004337,0.5259451517013147,0.6133024983835287,0.6133024983835287,1.0
700.9492679785785,2,-0.4945219686619513,0.0731484591328968,0.3755761681858728,0.3755761681858728,1.0
701.0,1,-0.20179852587082614,0.7127836449469154,0.7572830359984933,0.7572830359984933,1.0
701.1492679785786,2,0.338951069668731,1.9131235329878251,4.807365439803237,4.807365439803237,1.0
701.25,1,0.13132905643152348,0.2442449524866479,0.10664560337392014,0.10664560337392014,1.0
701.3492679785785,2,-0.6237047181062909,-1.8801818277033195,5.062943301364951,5.062943301364951,1.0
701.5,1,-0.732712522948777,-0.19163395064367883,0.8142601342172806,0.8142601342172806,1.0
701.5492679785785,2,1.4658876393522178,-0.2874228362369067,3.3459188417582872,3.3459188417582872,1.0
701.7492679785786,2,1.3063140174670078,-0.20776899064771293,2.62792110075855,2.62792110075855,1.0
701.75,1,1.6126965010550105,0.47349792652215505,4.009409726809814,4.009409726809814,1.0
701.9492679785785,2,0.33292742584909796,-0.9451776605147213,1.2981876757119948,1.2981876757119948,1.0
702.0,1,-0.23631505284186183,-0.5681499068765099,0.5237818217314895,0.5237818217314895,1.0
702.1492679785786,2,-0.15223946609744665,-0.8736043164533687,1.0012480935126922,1.0012480935126922,1.0
702.25,1,-0.42540196009348286,0.7854929759992064,1.1066787146320918,1.1066787146320918,1.0
702.3492679785785,2,0.6951133678988928,-0.060113629810091496,0.7333588464192539,0.7333588464192539,1.0
702.5,1,0.5312959793073624,1.547155393743683,3.695863345151066,3.695863345151066,1.0
702.5492679785785,2,-0.7195526896297508,-0.23157096235855512,0.8488945168836858,0.8488945168836858,1.0
702.7492679785786,2,-0.5013804318635042,0.5629603260113285,0.7802863915536211,0.7802863915536211,1.0
702.75,1,-0.16053416582382063,1.5572965546387945,3.375216401929262,3.375216401929262,1.0
702.9492679785785,2,1.6311544735289694,0.7972344756654621,4.817159938923934,4.817159938923934,1.0
703.0,1,0.549514591566199,-0.2368194063169824,0.5068399896785916,0.5068399896785916,1.0
703.1492679785786,2,-0.05609149400650715,0.206078172012786,0.05851560205176884,0.05851560205176884,1.0
703.25,1,-0.5196662326196311,-0.9757233856626559,1.6945571711917111,1.6945571711917111,1.0
703.3492679785785,2,-0.3509168941305507,-0.8213821920410993,1.0400189457328413,1.0400189457328413,1.0
703.5,1,1.0265293285150268,-1.0598264959103094,3.0448783065050042,3.0448783065050042,1.0
703.5492679785785,2,0.07635453978559958,0.40779262344568323,0.2193761118099196,0.2193761118099196,1.0
703.7492679785786,2,1.0739596200862458,-1.3061284822969013,3.89895026607046,3.89895026607046,1.0
703.75,1,0.4222407508885677,0.5243742091447974,0.632220455673384,0.632220455673384,1.0
703.9492679785785,2,0.09720103016670834,-0.5142857035705966,0.3491039777053768,0.3491039777053768,1.0
704.0,1,0.06060481310883681,0.8180789577635199,0.9264523148194256,0.9264523148194256,1.0
704.1492679785786,2,-0.46747647226380096,0.7637369607150202,1.0681200959557822,1.0681200959557822,1.0
704.25,1,-0.3890907264420669,0.42811200340873157,0.4676439902107706,0.4676439902107706,1.0
704.3492679785785,2,0.5779893495439481,0.022967500382586437,0.5045483421973179,0.5045483421973179,1.0
704.5,1,-1.8440621934349153,-0.7996208025169569,5.717443431171183,5.717443431171183,1.0
704.5492679785785,2,-0.4972787688002587,-1.7452270676800348,4.229983885424469,4.229983885424469,1.0
704.7492679785786,2,1.0193685801084964,-0.3705728269707098,1.7407930457804657,1.7407930457804657,1.0
704.75,1,-1.1566956615964834,-0.7997478501017596,2.784305517053743,2.784305517053743,1.0
704.9492679785785,2,1.6153322617773807,-0.010769868363585289,3.9351726996417047,3.9351726996417047,1.0
705.0,1,0.35259356815985754,1.4296989013751968,2.990506734967589,2.990506734967589,1.0
705.1492679785786,2,0.9232624932496272,0.20884584815907026,1.3408258127568102,1.3408258127568102,1.0
705.25,1,-0.7901374147980871,-0.10100579586545244,0.9022472673376791,0.9022472673376791,1.0
705.3492679785785,2,0.6729639515782253,0.02238412840589632,0.6837145054264269,0.6837145054264269,1.0
705.5,1,-1.936757230084062,0.2130547003922878,5.39850288951731,5.39850288951731,1.0
705.5492679785785,2,-1.37357630808863,0.6942114266528563,3.4562162728688954,3.4562162728688954,1.0
705.7492679785786,2,0.4362798209604044,0.05494995928727597,0.2908492278314819,0.2908492278314819,1.0
705.75,1,0.49847581177885836,1.6229942465864582,3.9797513203194606,3.9797513203194606,1.0
705.9492679785785,2,0.6955208760830907,0.3837462367341562,0.9159712669831759,0.9159712669831759,1.0
706.0,1,-0.4525270620929618,0.32146791257914664,0.43361475553173034,0.43361475553173034,1.0
706.1492679785786,2,0.7224023777686241,1.9534951990486924,5.61882919375152,5.61882919375152,1.0
706.25,1,0.8597886189839876,-1.1372952891005745,2.8319603064806715,2.8319603064806715,1.0
706.3492679785785,2,1.465230120056317,0.8395850126877846,4.130738983079339,4.130738983079339,1.0
706.5,1,0.6240089130281614,-1.223443082067858,2.613915515428066,2.613915515428066,1.0
706.5492679785785,2,0.47772014399912344,-0.5125147483996617,0.6768705759930684,0.6768705759930684,1.0
706.7492679785786,2,-0.6818399648787512,-0.37118963639466074,0.8754883095196991,0.8754883095196991,1.0
706.75,1,-0.24795708723803145,0.8717602503148889,1.1336744868703317,1.1336744868703317,1.0
706.9492679785785,2,-0.4829337316498936,-0.5094352931164678,0.6802912142659605,0.6802912142659605,1.0
707.0,1,-0.5766635024636226,-0.16523838756273435,0.5107275131333723,0.5107275131333723,1.0
707.1492679785786,2,-1.0347570009053904,0.003360348241372435,1.6148669784130638,1.6148669784130638,1.0
707.25,1,-0.7507711321063546,-0.15801297266016512,0.8362714513366732,0.8362714513366732,1.0
707.3492679785785,2,-1.5288572270689826,0.6883587761764218,4.125497788681398,4.125497788681398,1.0
707.5,1,0.8531077451718616,0.025433184331721037,1.0362135364284752,1.0362135364284752,1.0
707.5492679785785,2,-1.0756311537098142,1.0411623598584132,3.1179218919280287,3.1179218919280287,1.0
707.7492679785786,2,0.05322624810170673,-0.8069804731100252,0.8286834363880909,0.8286834363880909,1.0
707.75,1,0.12887161774046696,1.3726283000348865,2.617342891200155,2.617342891200155,1.0
707.9492679785785,2,-0.04061076787011508,-0.6157257411635069,0.4824679410572318,0.4824679410572318,1.0
708.0,1,1.0598137985658251,-0.24550257598778025,1.6810769349880113,1.6810769349880113,1.0
708.1492679785786,2,0.016773323641057658,-0.7820156674988983,0.7747282510214181,0.7747282510214181,1.0
708.25,1,0.4287223365737898,-2.224286071332431,7.07104649679124,7.07104649679124,1.0
708.3492679785785,2,0.41842424562058156,1.1916823388354754,2.0622507613941323,2.0622507613941323,1.0
708.5,1,1.085882165305744,0.055419908641498594,1.6816154801818368,1.6816154801818368,1.0
708.5492679785785,2,-0.24031852201644988,1.058924981854691,1.507067442494237,1.507067442494237,1.0
708.7492679785786,2,-0.6256567591471551,0.07354488378531165,0.5971361278604945,0.5971361278604945,1.0
708.75,1,0.4603797739240658,-0.2284588396645546,0.3734435304034992,0.3734435304034992,1.0
708.9492679785785,2,0.18476188682913808,-0.36369759255452117,0.21894856880765415,0.21894856880765415,1.0
709.0,1,0.5821218022091816,-1.2182883325158809,2.525182512167909,2.525182512167909,1.0
709.1492679785786,2,1.335857981220661,-0.9298885009964195,3.7862101497244085,3.7862101497244085,1.0
709.25,1,0.7918204693112862,-1.47216797410319,3.8749857496705262,3.8749857496705262,1.0
709.3492679785785,2,0.48541299983937414,-1.8378465074820554,4.632307764681086,4.632307764681086,1.0
709.5,1,-2.4425176878407076,-1.1552061542893703,9.229019075148628,10.323405841842142,1.1208495478899594
709.5492679785785,2,1.3221631867292398,0.27848982878743733,2.734985488744691,2.734985488744691,1.0
709.7492679785786,2,-0.42782912796086947,0.690279946941482,0.8791913341204275,0.8791913341204275,1.0
709.75,1,-0.39842951918221026,-0.6995087548110863,0.8994521042408857,0.8994521042408857,1.0
709.9492679785785,2,-0.7345967913764859,0.7606924376303894,1.5463524346749287,1.5463524346749287,1.0
710.0,1,-0.31058669083001433,1.6703959175592278,3.977841767594813,3.977841767594813,1.0
710.1492679785786,2,0.624901850288655,0.0031505263289606233,0.5889434996718967,0.5889434996718967,1.0
710.25,1,-1.0064905456922837,-0.2298601885886704,1.5138833794811513,1.5138833794811513,1.0
710.3492679785785,2,-0.2471545534320878,0.21283595189334292,0.14948916416956154,0.14948916416956154,1.0
710.5,1,-0.0527294311753046,-0.25874819140142336,0.0960927869786003,0.0960927869786003,1.0
710.5492679785785,2,-0.14190768271422982,0.9379453205116732,1.1443731347607944,1.1443731347607944,1.0
710.7492679785786,2,-0.45591251197553007,-0.5533399534419576,0.7010343168179582,0.7010343168179582,1.0
710.75,1,-0.49205424726088687,-0.20355477091179353,0.40154772738115874,0.40154772738115874,1.0
710.9492679785785,2,-0.2589450375600766,0.7538149385084445,0.8205091489570757,0.8205091489570757,1.0
711.0,1,1.1194904087739008,-0.8205574373521891,2.709892804436019,2.709892804436019,1.0
711.1492679785786,2,0.9177891083260388,0.3667138144950872,1.4406306272738565,1.4406306272738565,1.0
711.25,1,-0.3820486379247612,1.1916555110814375,2.162104124853554,2.162104124853554,1.0
711.3492679785785,2,0.5172072150562936,-0.6885057359202769,1.0036904464885519,1.0036904464885519,1.0
711.5,1,-1.4053549775012524,0.11143653542722554,2.826588988661682,2.826588988661682,1.0
711.5492679785785,2,0.3707123715441316,-0.930454750289206,1.3035739197640759,1.3035739197640759,1.0
711.7492679785786,2,0.9827715559867922,-1.3632451480111278,3.8090505949337494,3.8090505949337494,1.0
711.75,1,1.4393986044663478,0.09100808626566348,2.9594862347985154,2.9594862347985154,1.0
711.9492679785785,2,-0.5058854749232591,0.03985068173912154,0.3879484671953818,0.3879484671953818,1.0
712.0,1,-0.24112573893830458,-1.027008586127014,1.5345437006251543,1.5345437006251543,1.0
712.1492679785786,2,1.1600926650689143,-0.17839349764816959,2.0699885926688917,2.0699885926688917,1.0
712.25,1,-1.113743686423895,-0.39881358728386296,1.983602816773704,1.983602816773704,1.0
712.3492679785785,2,0.6600582406721838,-0.6755991114636792,1.2350532584337095,1.2350532584337095,1.0
712.5,1,-1.2122098894674078,-0.12623330760274243,2.1122580654188834,2.1122580654188834,1.0
712.5492679785785,2,-0.37080491397641246,0.9632458264002501,1.3823157573191494,1.3823157573191494,1.0
712.7492679785786,2,1.039910153486753,0.03789739234898093,1.6325189256840975,1.6325189256840975,1.0
712.75,1,-0.08305847477932993,-0.2521332317369609,0.09732794833444279,0.09732794833444279,1.0
712.9492679785785,2,-0.8898516608304199,0.466752525032085,1.4699386221789132,1.4699386221789132,1.0
713.0,1,0.49657240498998156,-0.49654933817695657,0.6902211703587854,0.6902211703587854,1.0
713.1492679785786,2,0.5534735161747015,-0.4307003141554464,0.6968663422932604,0.6968663422932604,1.0
713.25,1,-1.0731310824976799,0.5429272911830356,2.0440530774011587,2.0440530774011587,1.0
713.3492679785785,2,-0.244740356894809,1.0261436560125592,1.4236181648716348,1.4236181648716348,1.0
713.5,1,-0.010368553260217794,0.42058399193133233,0.24359453874558898,0.24359453874558898,1.0
713.5492679785785,2,0.5319791639163665,1.9962660696835428,5.473167110798617,5.473167110798617,1.0
713.7492679785786,2,0.39608074591392217,-0.6190879052404004,0.721759065565708,0.721759065565708,1.0
713.75,1,0.34970861875565085,-1.2706877027038175,2.3967401415719207,2.3967401415719207,1.0
713.9492679785785,2,-0.17311028997564115,-0.20992089782284928,0.10098169735482146,0.10098169735482146,1.0
714.0,1,1.678353047453058,0.650388051865507,4.590076434421416,4.590076434421416,1.0
714.1492679785786,2,0.9761931391808538,0.5324168238467006,1.7961144858944234,1.7961144858944234,1.0
714.25,1,-0.40644614432441095,-0.6480227557406817,0.8129984492808878,0.8129984492808878,1.0
714.3492679785785,2,0.7503216278615188,0.39775517463969123,1.0494603762037398,1.0494603762037398,1.0
714.5,1,-0.4481694837961605,-0.7541325333523989,1.068407771011957,1.068407771011957,1.0
714.5492679785785,2,-0.35364095451934396,-2.1688152420965228,6.145017697153573,6.145017697153573,1.0
714.7492679785786,2,1.1677895846420654,-0.7765429188531723,2.819819041478247,2.819819041478247,1.0
714.75,1,-0.047633260779422315,-0.6732624494891208,0.6272188919307043,0.6272188919307043,1.0
714.9492679785785,2,-1.0529719938936513,0.04008229285730991,1.6740942107313312,1.6740942107313312,1.0
715.0,1,1.8789235184401836,0.8036070192489131,5.911886804280245,5.911886804280245,1.0
715.1492679785786,2,1.1875879787098267,0.016912044491974143,2.1274341097494576,2.1274341097494576,1.0
715.25,1,-0.4145659581091756,0.22053450188239943,0.311446339920034,0.311446339920034,1.0
715.3492679785785,2,0.7673915091998573,-1.062332154062231,2.3171961360571887,2.3171961360571887,1.0
715.5,1,-0.5711018490436413,-1.0440379988816098,1.9640873267626533,1.9640873267626533,1.0
715.5492679785785,2,1.2663919417053418,-0.2792535109651091,2.5178373135563885,2.5178373135563885,1.0
715.7492679785786,2,-0.08379643988413754,0.1750040183173791,0.049359772340680376,0.049359772340680376,1.0
715.75,1,0.1216077379219982,-0.732346466586618,0.7593612171323316,0.7593612171323316,1.0
715.9492679785785,2,0.14838226555728973,-1.682897343952436,3.6187862826111057,3.6187862826111057,1.0
716.0,1,0.22061617746822293,0.8460651303197722,1.0545740199062634,1.0545740199062634,1.0
716.1492679785786,2,-0.31549069646430894,-0.026003126948859645,0.15097139213640876,0.15097139213640876,1.0
716.25,1,0.8199319542288901,0.013739421802217322,0.9567046693312696,0.9567046693312696,1.0
716.3492679785785,2,0.3388346470312218,-1.5244914009267294,3.115943907383167,3.115943907383167,1.0
716.5,1,0.10500592390819286,0.7175066251629616,0.7241944508730468,0.7241944508730468,1.0
716.5492679785785,2,1.6732943220379664,-1.89646893978637,8.777785167330013,8.777785167330013,1.0
716.7492679785786,2,-1.2493326738619661,-1.175386866378144,4.102607736354444,4.102607736354444,1.0
716.75,1,0.9217652958594993,0.982197900720486,2.537033254973659,2.537033254973659,1.0
716.9492679785785,2,0.11740364171025419,0.2825829035851015,0.12188338985617585,0.12188338985617585,1.0
717.0,1,-0.06803593042549849,0.12315437128103035,0.027463202932924292,0.027463202932924292,1.0
717.1492679785786,2,-0.14057842643577878,0.3968129345753102,0.22916998767268307,0.22916998767268307,1.0
717.25,1,0.524306166115533,-0.01390804282035596,0.3913548540538507,0.3913548540538507,1.0
717.3492679785785,2,-0.12111198053370309,0.2302652782562138,0.08926133969498562,0.08926133969498562,1.0
717.5,1,0.5457938083764411,-0.2691277731962334,0.5234433663706164,0.5234433663706164,1.0
717.5492679785785,2,-0.0773464487718094,-2.570431934936459,8.375690043661544,8.375690043661544,1.0
717.7492679785786,2,0.8373460044996204,0.23381710062619554,1.1265121902454294,1.1265121902454294,1.0
717.75,1,-0.11673661643290068,0.009994651645465424,0.019528502801699595,0.019528502801699595,1.0
717.9492679785785,2,-0.7806737321969148,0.2518873905915644,0.9994220198638482,0.9994220198638482,1.0
718.0,1,1.281716825977707,0.2984069804388394,2.4599561798289016,2.4599561798289016,1.0
718.1492679785786,2,0.21898171574074965,0.17899279887504171,0.1128865981410172,0.1128865981410172,1.0
718.25,1,0.8256671296796494,0.9389508404512519,2.1833210550212607,2.1833210550212607,1.0
718.3492679785785,2,-0.23914324359494543,0.9905887748362083,1.3287581351279374,1.3287581351279374,1.0
718.5,1,-0.549874059283999,0.018156278317988495,0.43057656840363234,0.43057656840363234,1.0
718.5492679785785,2,-0.28909039843551376,0.4139769867239629,0.3430791883747654,0.3430791883747654,1.0
718.7492679785786,2,0.20892421889451107,1.7382556978066503,3.890923283195271,3.890923283195271,1.0
718.75,1,0.8500393286691441,-0.657134621487721,1.6226281090268582,1.6226281090268582,1.0
718.9492679785785,2,-0.15423122065914718,0.5347290951747556,0.3978780946587135,0.3978780946587135,1.0
719.0,1,0.6559257779431231,-0.060043267738510764,0.617109898284172,0.617109898284172,1.0
719.1492679785786,2,-1.3214787254104916,-0.7049991604745429,3.2630483186146155,3.2630483186146155,1.0
719.25,1,-0.895843488259624,-2.614516177411976,9.233218159227997,10.550197308578387,1.1454731185265334
719.3492679785785,2,0.3772879934775144,0.9164852580947471,1.2782002371554184,1.2782002371554184,1.0
719.5,1,0.9895676405535756,-2.6137016460067235,9.236935042074613,10.794246931028267,1.1719704696116722
719.5492679785785,2,-2.221863614339542,1.1953064209135498,9.211195188237678,9.254880941380545,1.0048359308782862
719.7492679785786,2,-0.6961637011207493,-0.3620437203250333,0.8966719083458127,0.8966719083458127,1.0
719.75,1,-1.1646902727568182,0.265844450522156,2.027332141468471,2.027332141468471,1.0
719.9492679785785,2,0.07222076804931099,1.13900500794764,1.6501887398045676,1.6501887398045676,1.0
720.0,1,-0.026154593791178016,-0.2907639401777491,0.1173358266619739,0.1173358266619739,1.0
720.1492679785786,2,-0.8841533340154779,1.2667037086998487,3.2102608683089873,3.2102608683089873,1.0
720.25,1,-0.36157704986790584,0.3403655648291384,0.34541858990287827,0.34541858990287827,1.0
720.3492679785785,2,-0.18994702204443392,-0.553095679041812,0.44173833432305887,0.44173833432305887,1.0
720.5,1,0.05976280830287806,-1.1322601431995434,1.7692876127412813,1.7692876127412813,1.0
720.5492679785785,2,0.36935809533708586,1.2639335753390402,2.228579225315278,2.228579225315278,1.0
720.7492679785786,2,-0.11917472340747715,0.035096662642688514,0.022974518493559127,0.022974518493559127,1.0
720.75,1,-0.33065924669987545,-0.6836406601776233,0.7988960050100327,0.7988960050100327,1.0
720.9492679785785,2,-0.4875387372565747,-0.18474792251661754,0.40164137417341006,0.40164137417341006,1.0
721.0,1,-0.35387665252707023,0.8091309548208621,1.0792735071805177,1.0792735071805177,1.0
721.1492679785786,2,0.2626571189909104,-1.1559688020404533,1.7958038359787996,1.7958038359787996,1.0
721.25,1,0.8952701456020868,0.83162480121754,2.092036889483941,2.092036889483941,1.0
721.3492679785785,2,-0.12745006397614667,-0.6070235880941226,0.49104109662066225,0.49104109662066225,1.0
721.5,1,0.20934220114688173,-1.4588329230755708,2.991041391218272,2.991041391218272,1.0
721.5492679785785,2,0.6487880035270681,-1.443177731038741,3.2721446121555564,3.2721446121555564,1.0
721.7492679785786,2,-0.2875276145748238,-0.0979765047081198,0.1368098357928027,0.1368098357928027,1.0
721.75,1,0.7280606321197283,-1.1668069460093928,2.6282716193984044,2.6282716193984044,1.0
721.9492679785785,2,0.0500493442973724,1.6811210610538314,3.581599123526747,3.581599123526747,1.0
722.0,1,0.7721668751758877,1.1726097717252184,2.740866645635852,2.740866645635852,1.0
722.1492679785786,2,0.041555569889570876,0.15462869242488253,0.03287575106451838,0.03287575106451838,1.0
722.25,1,1.1563827301445215,1.0830049903452714,3.516576753640004,3.516576753640004,1.0
722.3492679785785,2,-0.33064280694688186,-0.42487391862426627,0.39344781620808583,0.39344781620808583,1.0
722.5,1,-0.3642352889377243,1.9509348740021473,5.426601143874398,5.426601143874398,1.0
722.5492679785785,2,0.25298803883464593,0.29541139319365683,0.20704013645117708,0.20704013645117708,1.0
722.7492679785786,2,-1.5542406388559655,0.35394818904824277,3.8011279109034963,3.8011279109034963,1.0
722.75,1,-0.3897106826650578,0.36864000759757865,0.40316407525512826,0.40316407525512826,1.0
722.9492679785785,2,0.481098831276519,0.10436511003753424,0.3628245194923622,0.3628245194923622,1.0
723.0,1,0.44961367548240183,0.7682583220356083,1.100005162111383,1.100005162111383,1.0
723.1492679785786,2,1.3513875808860831,-0.01182737659544486,2.7543670499786477,2.7543670499786477,1.0
723.25,1,0.4114276401343133,-0.10912409950699598,0.25719932324596434,0.25719932324596434,1.0
723.3492679785785,2,0.8802602287710322,-0.9717778875456435,2.364370723824824,2.364370723824824,1.0
723.5,1,1.4174563913587868,0.18259868483326258,2.9039244023607114,2.9039244023607114,1.0
723.5492679785785,2,1.1293214912469605,-0.5537736050936495,2.3120103791604576,2.3120103791604576,1.0
723.7492679785786,2,0.025317600372943616,1.03335067751628,1.3527081394992284,1.3527081394992284,1.0
723.75,1,0.4527351111506732,0.24453505035043754,0.3739625930850708,0.3739625930850708,1.0
723.9492679785785,2,-1.2568396380884561,-0.0587203214559846,2.3864941542277873,2.3864941542277873,1.0
724.0,1,0.25558115852143004,-1.3378113703661896,2.556403112092089,2.556403112092089,1.0
724.1492679785786,2,0.11414463495271931,0.2893708187368986,0.1256656270856478,0.1256656270856478,1.0
724.25,1,0.22581094016958048,0.7014009530913778,0.7496383093745914,0.7496383093745914,1.0
724.3492679785785,2,0.8327469064297155,-0.03587061673950842,1.047547007640541,1.047547007640541,1.0
724.5,1,-0.7576413194443958,-0.11338213164060384,0.834236647544423,0.834236647544423,1.0
724.5492679785785,2,-0.42698796206643763,-0.4373327687375781,0.5171892600780592,0.5171892600780592,1.0
724.7492679785786,2,2.409948195775902,0.29421399637239,8.86731948817657,8.86731948817657,1.0
724.75,1,-0.031051157794015793,0.14513286020606486,0.030367432270282314,0.030367432270282314,1.0
724.9492679785785,2,0.3359613701748607,-0.7371861289002286,0.8582116052774744,0.8582116052774744,1.0
725.0,1,0.6375854934815148,0.511840845074671,0.9389822398230727,0.9389822398230727,1.0
725.1492679785786,2,-1.076822873549208,-1.1171008850963844,3.3287414964792603,3.3287414964792603,1.0
725.25,1,0.49919428272201394,0.4828033608522997,0.675336335413068,0.675336335413068,1.0
725.3492679785785,2,-0.3895543576858653,0.538763072412646,0.5964130587628067,0.5964130587628067,1.0
725.5,1,-0.16031833109328453,-1.9365819778335416,5.197822006959731,5.197822006959731,1.0
725.5492679785785,2,-0.8292910200849217,-0.2425946826806502,1.1118653248458388,1.1118653248458388,1.0
725.7492679785786,2,0.8992161094080586,-0.45438750410582607,1.4806650310198206,1.4806650310198206,1.0
725.75,1,1.5789470014924536,-0.7674944142620994,4.358292628374134,4.358292628374134,1.0
725.9492679785785,2,-0.3846757716174274,0.9415607894363447,1.3455184272746572,1.3455184272746572,1.0
726.0,1,-1.4640067635866645,0.1368786361710228,3.0752574919847158,3.0752574919847158,1.0
726.1492679785786,2,0.445781012631171,0.9844863518843692,1.5268268570464247,1.5268268570464247,1.0
726.25,1,-0.5034157308342895,0.2648997048274868,0.4571191865518663,0.4571191865518663,1.0
726.3492679785785,2,-1.3576907785297792,-0.5048852409823095,3.102989972645443,3.102989972645443,1.0
726.5,1,0.2192743446049672,0.07451541719143151,0.07603813024573441,0.07603813024573441,1.0
726.5492679785785,2,-0.18013982300857556,-0.06783875473515266,0.05477507135185482,0.05477507135185482,1.0
726.7492679785786,2,-0.18422813032717933,-0.9383309997109937,1.1657832270971562,1.1657832270971562,1.0
726.75,1,1.1654735525376125,-0.982390963559503,3.2613300470857505,3.2613300470857505,1.0
726.9492679785785,2,-1.0862361233009334,-1.0651016375315425,3.2155854083918602,3.2155854083918602,1.0
727.0,1,0.7111346531519995,0.06557524098914058,0.7254411185524532,0.7254411185524532,1.0
727.1492679785786,2,0.5543032150267422,-0.2859450101782084,0.5669090362604378,0.5669090362604378,1.0
727.25,1,-0.38406280016351246,-0.7606945996752188,1.006281130473878,1.006281130473878,1.0
727.3492679785785,2,1.237768757074642,-0.9654937699886208,3.4911145219627437,3.4911145219627437,1.0
727.5,1,0.6195427105016176,1.3879551036365037,3.197202868487838,3.197202868487838,1.0
727.5492679785785,2,1.7241148962376602,0.9713014407673004,5.678452938948162,5.678452938948162,1.0
727.7492679785786,2,0.49725161092114867,-2.5151459469017805,8.38109393092852,8.38109393092852,1.0
727.75,1,0.2763727963496354,0.6086086498040935,0.6185850515643895,0.6185850515643895,1.0
727.9492679785785,2,1.4030718952409007,0.8535788895433196,3.89119956805634,3.89119956805634,1.0
728.0,1,-1.8186090816323333,-0.0806741742720476,4.714626089933677,4.714626089933677,1.0
728.1492679785786,2,-0.6289251106375211,0.14043950773932323,0.6215236540113527,0.6215236540113527,1.0
728.25,1,-0.42598436485632263,0.6872159883173801,0.908166586427607,0.908166586427607,1.0
728.3492679785785,2,-1.2344370933055995,0.7501723732889847,3.0109445951632723,3.0109445951632723,1.0
728.5,1,0.18676022980162088,0.0629131875111959,0.05506439298371005,0.05506439298371005,1.0
728.5492679785785,2,0.18332564909449367,0.9503742428031234,1.1944342038324463,1.1944342038324463,1.0
728.7492679785786,2,-0.108428765064426,1.8435603485154513,4.320292929171472,4.320292929171472,1.0
728.75,1,0.22792155217326204,-0.3613721073400953,0.25368965939339766,0.25368965939339766,1.0
728.9492679785785,2,0.5406710892077076,0.12336841903604778,0.4601136366134289,0.4601136366134289,1.0
729.0,1,-1.1596369979346202,-0.665680905262775,2.5232862298573115,2.5232862298573115,1.0
729.1492679785786,2,1.1975503475887166,-1.2689989346111226,4.201827467324295,4.201827467324295,1.0
729.25,1,0.3973226030631256,-0.9466688846991946,1.458060856899911,1.458060856899911,1.0
729.3492679785785,2,0.5988812569732023,0.03910844617580267,0.5428973961830863,0.5428973961830863,1.0
729.5,1,-0.2764573649117983,-0.4634440982045209,0.4043120161140351,0.4043120161140351,1.0
729.5492679785785,2,-2.393107656641103,0.09149889633019193,8.64915847912575,8.64915847912575,1.0
729.7492679785786,2,0.399253577986979,0.09598095362277448,0.2520356922895159,0.2520356922895159,1.0
729.75,1,-1.2082100766912518,0.6512811630410411,2.6610747871080416,2.6610747871080416,1.0
729.9492679785785,2,0.8454438494927139,-0.18334653211365293,1.1204889707569654,1.1204889707569654,1.0
730.0,1,0.17437306550098697,-1.606152634952287,3.5942280432598377,3.5942280432598377,1.0
730.1492679785786,2,0.35947266049716653,0.35137280202884824,0.35120766297283057,0.35120766297283057,1.0
730.25,1,-0.20604692059552665,0.4756023350883556,0.3717308794582871,0.3717308794582871,1.0
730.3492679785785,2,1.9395328727616317,-0.696479067878391,6.288098600100295,6.288098600100295,1.0
730.5,1,-0.11224084457102546,-1.9448132839236267,5.2232833514970105,5.2232833514970105,1.0
730.5492679785785,2,0.38751066307904747,0.11281662997301112,0.2426259990066888,0.2426259990066888,1.0
730.7492679785786,2,1.8351721000997099,-0.2355953404939033,5.14886130353418,5.14886130353418,1.0
730.75,1,0.6818275891912497,0.014260245836217322,0.6617885044036649,0.6617885044036649,1.0
730.9492679785785,2,0.8754836205278389,0.08319501736120927,1.16465730193551,1.16465730193551,1.0
731.0,1,0.4176710349614723,-0.27381737756824265,0.351411618146043,0.351411618146043,1.0
731.1492679785786,2,0.917624020446512,-0.9545302554861674,2.4235491259595445,2.4235491259595445,1.0
731.25,1,0.22933193552710573,0.8225860541869849,1.0061408472542914,1.0061408472542914,1.0
731.3492679785785,2,0.34172231466627423,-0.10599943135208889,0.19035711430989705,0.19035711430989705,1.0
731.5,1,0.12461403454542452,0.2944009395632694,0.14137216752499626,0.14137216752499626,1.0
731.5492679785785,2,1.3312352775973118,-0.5994879984014769,3.128277653353481,3.128277653353481,1.0
731.7492679785786,2,0.08255122334715725,-0.9586895108318281,1.1737921511097276,1.1737921511097276,1.0
731.75,1,-1.5419057696376166,1.9822743975500163,8.792312794772226,8.792312794772226,1.0
731.9492679785785,2,-0.3563032248440319,-1.3469824656048495,2.488509848939699,2.488509848939699,1.0
732.0,1,1.3866056153701543,0.3451442221994032,2.899578657207723,2.899578657207723,1.0
732.1492679785786,2,-0.48599308546979536,-0.1909395963694447,0.4023781959966735,0.4023781959966735,1.0
732.25,1,-0.1429851212819866,0.18899442521048648,0.07824885674132315,0.07824885674132315,1.0
732.3492679785785,2,0.6835910651756612,-0.9771022736522159,1.9137245350275471,1.9137245350275471,1.0
732.5,1,0.7459844774458766,0.08719781086022138,0.8021031007006738,0.8021031007006738,1.0
732.5492679785785,2,0.6167891036991691,0.999249432857777,1.8382594231749512,1.8382594231749512,1.0
732.7492679785786,2,-0.6581129188920345,-1.2224652661650328,2.544984061769183,2.544984061769183,1.0
732.75,1,0.7827836566314721,0.4253214790395159,1.1209380026526943,1.1209380026526943,1.0
732.9492679785785,2,0.7209319030857202,0.9643056693039096,1.9610875429218688,1.9610875429218688,1.0
733.0,1,0.5889203872458824,-0.9076955526374668,1.627583051855076,1.627583051855076,1.0
733.1492679785786,2,1.318310241370816,0.37750493195932044,2.801581960305302,2.801581960305302,1.0
733.25,1,0.5658726377573098,0.027690859829714753,0.4566151950340927,0.4566151950340927,1.0
733.3492679785785,2,1.2143153367051776,0.02277639307594015,2.2247395777731094,2.2247395777731094,1.0
733.5,1,-0.08277787974945383,-0.2293484197240261,0.08213934150777806,0.08213934150777806,1.0
733.5492679785785,2,-0.16938296202171177,-0.08883222555792969,0.053269971005036276,0.053269971005036276,1.0
733.7492679785786,2,-0.6326803991530756,2.4936253492689726,8.475524054696573,8.475524054696573,1.0
733.75,1,1.3867034983240227,1.834764626196666,7.37046190936105,7.37046190936105,1.0
733.9492679785785,2,-0.8232678141335388,-0.3922640510022273,1.2169383593423764,1.2169383593423764,1.0
734.0,1,-1.5056230196789517,1.0510571992404234,4.74602887359419,4.74602887359419,1.0
734.1492679785786,2,0.8968647298597743,-0.05621288472035779,1.2171386719567552,1.2171386719567552,1.0
734.25,1,-0.14875345469333112,-0.33302763363300514,0.18413090058351889,0.18413090058351889,1.0
734.3492679785785,2,0.09998788667365854,1.0049627481991088,1.2939062905553897,1.2939062905553897,1.0
734.5,1,0.6710778567261118,0.567403374835246,1.0837200342917097,1.0837200342917097,1.0
734.5492679785785,2,0.11678022068048666,-0.9741941939211731,1.2223771450938992,1.2223771450938992,1.0
734.7492679785786,2,-0.5555446840248521,-0.09952294026778397,0.4779434080581913,0.4779434080581913,1.0
734.75,1,0.31923763851133646,-1.7165660824528004,4.201379053961373,4.201379053961373,1.0
734.9492679785785,2,0.5284233442425563,-0.4894942534062192,0.7244535176698976,0.7244535176698976,1.0
735.0,1,1.3803463484025524,0.9734284240135391,4.015292263843815,4.015292263843815,1.0
735.1492679785786,2,0.1864816204259201,1.2587395984699086,2.058547714676558,2.058547714676558,1.0
735.25,1,-0.09911163098354958,-0.2604864491652954,0.10736679808161768,0.10736679808161768,1.0
735.3492679785785,2,0.4357076590091564,-1.0793137439888874,1.7613907838533562,1.7613907838533562,1.0
735.5,1,1.193695261250979,-1.050832118714105,3.546733861497832,3.546733861497832,1.0
735.5492679785785,2,0.08170318158799894,0.14535198948736294,0.0368230892283985,0.0368230892283985,1.0
735.7492679785786,2,-0.11282160211731185,0.08735665707366991,0.028855254935482768,0.028855254935482768,1.0
735.75,1,-0.8180611248462171,1.3402189326580753,3.424948089381878,3.424948089381878,1.0
735.9492679785785,2,1.082515308785692,0.23180771140585144,1.8352596084158028,1.8352596084158028,1.0
736.0,1,-0.9225992903821938,-0.0019487919903742323,1.211091522021428,1.211091522021428,1.0
736.1492679785786,2,-0.0037391429711277624,0.016708785591378117,0.00037457110198773193,0.00037457110198773193,1.0
736.25,1,0.5752034058477973,-0.6565011957896534,1.063918657528436,1.063918657528436,1.0
736.3492679785785,2,0.24936184408127549,0.21657585173803362,0.1531809406759517,0.1531809406759517,1.0
736.5,1,-0.5487079748379173,0.8826990480927819,1.5006220273845816,1.5006220273845816,1.0
736.5492679785785,2,-0.48553130297903735,-0.8770500990767136,1.3296700851524614,1.3296700851524614,1.0
736.7492679785786,2,1.2185974969376083,-0.20156049716593216,2.29073724764909,2.29073724764909,1.0
736.75,1,-0.658338798282152,0.8093350973017586,1.5184422294902835,1.5184422294902835,1.0
736.9492679785785,2,0.7700794614217212,-1.4738206534072464,3.6443659758860005,3.6443659758860005,1.0
737.0,1,-0.4908017023902991,-0.5287458817248964,0.7275689505239038,0.7275689505239038,1.0
737.1492679785786,2,-0.7114923712769459,-0.2640556979261923,0.8517614268229419,0.8517614268229419,1.0
737.25,1,0.23307947062171852,0.6697744551904048,0.6947292878867043,0.6947292878867043,1.0
737.3492679785785,2,0.22276442016796594,0.4880819100406093,0.3764942597218751,0.3764942597218751,1.0
737.5,1,-0.7092676307465755,-0.464515163880046,1.0125913818755115,1.0125913818755115,1.0
737.5492679785785,2,-1.1080089009534397,0.12226128795516011,1.8707859865986038,1.8707859865986038,1.0
737.7492679785786,2,-0.022784757442603443,-0.7549291022702249,0.7222736630105732,0.7222736630105732,1.0
737.75,1,0.361188475344953,0.06479446475823636,0.19141319714159716,0.19141319714159716,1.0
737.9492679785785,2,-0.35823579765192193,0.7272962313663918,0.8632243896125452,0.8632243896125452,1.0
738.0,1,0.33189561861851313,-1.5167984394600156,3.323619098332721,3.323619098332721,1.0
738.1492679785786,2,-0.2699998342891421,-0.8327440918040594,0.9879667904033768,0.9879667904033768,1.0
738.25,1,0.36874146112199035,-0.5785897091957075,0.6542078224584464,0.6542078224584464,1.0
738.3492679785785,2,-1.1904256783704454,-1.3434650969788118,4.422853864377265,4.422853864377265,1.0
738.5,1,0.3299517971636403,0.23868805138935834,0.23327887505688732,0.23327887505688732,1.0
738.5492679785785,2,-0.1466236767268727,0.9210525971885986,1.1066968529940389,1.1066968529940389,1.0
738.7492679785786,2,-0.429618671890692,-0.9138378309640398,1.3355285126436114,1.3355285126436114,1.0
738.75,1,-0.19211166369505062,0.8249892612276106,0.9894589315951816,0.9894589315951816,1.0
738.9492679785785,2,-0.7099247571773519,-0.40586717306756626,0.9686164494585997,0.9686164494585997,1.0
739.0,1,0.2963259777684337,-0.2040765754735503,0.18226380678651874,0.18226380678651874,1.0
739.1492679785786,2,1.0556569810195704,0.6983069495776189,2.2981579892369277,2.2981579892369277,1.0
739.25,1,-0.05556664710857451,0.624546172367225,0.5412601837148783,0.5412601837148783,1.0
739.3492679785785,2,-0.565724136573583,-1.3380834825750396,2.7498662982553617,2.7498662982553617,1.0
739.5,1,-0.9682198931853057,0.03590574194828555,1.3353475477075623,1.3353475477075623,1.0
739.5492679785785,2,-0.14682832133426071,-0.29822719495410155,0.14514517531714946,0.14514517531714946,1.0
739.7492679785786,2,-0.019189531440193974,-0.3880953272257308,0.19123097339111794,0.19123097339111794,1.0
739.75,1,2.096184042845742,-0.5810827862115051,6.717243013578067,6.717243013578067,1.0
739.9492679785785,2,0.3835089335856292,-0.2541416084087107,0.30357866820150653,0.30357866820150653,1.0
740.0,1,0.15332391624274777,1.1283800712890475,1.786068527681321,1.786068527681321,1.0
740.1492679785786,2,0.4893158775474884,-0.05984319712478481,0.36564093201424785,0.36564093201424785,1.0
740.25,1,0.31235702816615163,1.1311823561307186,1.8999846923782238,1.8999846923782238,1.0
740.3492679785785,2,-0.15125266085361222,-3.448170736858164,9.27542680263994,15.089825329932939,1.6383569684184485
740.5,1,0.8296427495355019,0.4060284686022211,1.2058710873173464,1.2058710873173464,1.0
740.5492679785785,2,-0.2180509945784257,-0.5491694326998662,0.4535675601416826,0.4535675601416826,1.0
740.7492679785786,2,0.9424495846914809,0.5520971216609265,1.7250304334029036,1.7250304334029036,1.0
740.75,1,0.671054898367542,1.6485689250935884,4.38157205116118,4.38157205116118,1.0
740.9492679785785,2,-0.24835782396576622,0.909338143925897,1.1397725305452175,1.1397725305452175,1.0
741.0,1,0.6913686566838475,0.06961022120033,0.6866751798442561,0.6866751798442561,1.0
741.1492679785786,2,0.4146162287726973,1.669981759720807,3.7898877799021427,3.7898877799021427,1.0
741.25,1,1.4676630906793333,1.2445389750967326,5.1957192290752054,5.1957192290752054,1.0
741.3492679785785,2,0.6329095771488102,-1.1708760171070747,2.3398599610353967,2.3398599610353967,1.0
741.5,1,0.5988147542394406,0.18826764764578563,0.5588126553386692,0.5588126553386692,1.0
741.5492679785785,2,1.0557906957570147,-1.146919628671613,3.3467915472825633,3.3467915472825633,1.0
741.7492679785786,2,0.8889051425175083,-1.0137782656182548,2.4923274197197927,2.4923274197197927,1.0
741.75,1,0.791008972176547,0.7844760502205261,1.7373208671364995,1.7373208671364995,1.0
741.9492679785785,2,0.6056243427700521,-0.3908833739340274,0.7464907665069979,0.7464907665069979,1.0
742.0,1,-0.5277954108663554,1.0925342205456339,2.0391730227515534,2.0391730227515534,1.0
742.1492679785786,2,0.9600682351292935,1.1119460311212475,2.9553278807593175,2.9553278807593175,1.0
742.25,1,0.7353991223301639,0.5896760689753577,1.2478692392843171,1.2478692392843171,1.0
742.3492679785785,2,0.6178595293633178,0.3184896898979783,0.7041634783599484,0.7041634783599484,1.0
742.5,1,-0.025941298393676426,0.629012245900439,0.5454280281688544,0.5454280281688544,1.0
742.5492679785785,2,0.8659106569785955,0.369112182666683,1.3034100437245955,1.3034100437245955,1.0
742.7492679785786,2,0.5905985422709668,0.023766699378686695,0.5266520314235347,0.5266520314235347,1.0
742.75,1,0.7039162664317056,1.4396720832866077,3.558018772190525,3.558018772190525,1.0
742.9492679785785,2,0.1648722403096876,-0.01129123785178976,0.041151406703228866,0.041151406703228866,1.0
743.0,1,0.17148507206781982,-0.9339923390864495,1.2425134617695839,1.2425134617695839,1.0
743.1492679785786,2,0.3417464113141051,-0.7364349785055015,0.8627453663844545,0.8627453663844545,1.0
743.25,1,-0.9958555702466256,0.8150342169553788,2.3250232494530088,2.3250232494530088,1.0
743.3492679785785,2,-0.6897323672596798,0.27516539437927,0.81335016335447,0.81335016335447,1.0
743.5,1,0.6540109048037506,0.12628809607204516,0.6303676194540178,0.6303676194540178,1.0
743.5492679785785,2,0.4980945439164932,-1.1425509930995066,2.0271694624313916,2.0271694624313916,1.0
743.7492679785786,2,-0.47348244734956424,0.7974023248423396,1.1429383889266451,1.1429383889266451,1.0
743.75,1,1.0789274826589965,0.857488443813013,2.668446363561504,2.668446363561504,1.0
743.9492679785785,2,0.7027085314092947,-0.944427113239156,1.8737950654371027,1.8737950654371027,1.0
744.0,1,0.4127850778478841,1.662170676915487,4.045163253184462,4.045163253184462,1.0
744.1492679785786,2,0.006697054466280328,-1.1447444358013321,1.6591580796010112,1.6591580796010112,1.0
744.25,1,-1.0977505134747996,-0.10969216978698704,1.7308572295772466,1.7308572295772466,1.0
744.3492679785785,2,0.7474847847894805,-1.2231566670792438,2.7369841584061345,2.7369841584061345,1.0
744.5,1,-1.0457798576449373,0.906258527414094,2.6859302652552075,2.6859302652552075,1.0
744.5492679785785,2,0.6008457078940479,-0.9933895417584679,1.7940852399075489,1.7940852399075489,1.0
744.7492679785786,2,0.8204784900996192,-0.4828816121113011,1.310246119329864,1.310246119329864,1.0
744.75,1,0.9138660886880405,1.0259700903945976,2.6372729733024114,2.6372729733024114,1.0
744.9492679785785,2,0.7608097710391428,-0.29710820347695055,0.984620986836307,0.984620986836307,1.0
745.0,1,0.6621696862542956,-0.10241105347961188,0.6382599874833303,0.6382599874833303,1.0
745.1492679785786,2,0.2602942113303879,-0.8166606439621855,0.9465652759044246,0.9465652759044246,1.0
745.25,1,-0.5697662090026805,-1.0210857282611006,1.8967796232873846,1.8967796232873846,1.0
745.3492679785785,2,-1.6161419740762928,-1.5247714901221743,6.883078121036609,6.883078121036609,1.0
745.5,1,0.20694874857351042,0.480924885298986,0.3792166709821347,0.3792166709821347,1.0
745.5492679785785,2,0.652485379563692,-1.0462763272260656,2.0283212398974766,2.0283212398974766,1.0
745.7492679785786,2,0.7091734392351574,-1.205025344190866,2.5965476043844213,2.5965476043844213,1.0
745.75,1,-0.19332773221002775,0.2236366769526743,0.12202726010665967,0.12202726010665967,1.0
745.9492679785785,2,0.3938339924437546,0.7621168111224854,0.9692142026146272,0.9692142026146272,1.0
746.0,1,-0.8577898214346193,-1.2496865497494358,3.196469634858264,3.196469634858264,1.0
746.1492679785786,2,-1.3237483640274905,-0.8408692847781492,3.537890502820423,3.537890502820423,1.0
746.25,1,1.2123467572266522,0.20754727340241352,2.150233602344273,2.150233602344273,1.0
746.3492679785785,2,-0.08628923153145074,1.1428024257608218,1.6648558126505761,1.6648558126505761,1.0
746.5,1,-0.2899026449646236,0.103118847753505,0.13418515086384986,0.13418515086384986,1.0
746.5492679785785,2,-0.00949394908836787,-0.06593275115806385,0.005640603575893464,0.005640603575893464,1.0
746.7492679785786,2,-0.18228011336903016,-0.1415471235073209,0.07546492971259593,0.07546492971259593,1.0
746.75,1,0.004829748457419569,1.3056980746504205,2.3468791214944917,2.3468791214944917,1.0
746.9492679785785,2,0.4738434636797928,0.5914966537659367,0.7815259047808716,0.7815259047808716,1.0
747.0,1,-0.7953430880756547,-0.9665442600039587,2.1858896448263967,2.1858896448263967,1.0
747.1492679785786,2,-0.19569862841811103,-0.42394503657331306,0.2853129887389104,0.2853129887389104,1.0
747.25,1,-0.6912629332363895,0.2875652442961325,0.7936121262291245,0.7936121262291245,1.0
747.3492679785785,2,1.0764320102989613,-0.163818338726891,1.7815967448664705,1.7815967448664705,1.0
747.5,1,0.18393046775116417,-1.3364916170652377,2.506319158937982,2.506319158937982,1.0
747.5492679785785,2,-1.0275373191298227,1.1297809593493877,3.208869062171072,3.208869062171072,1.0
747.7492679785786,2,-0.619510440849627,-0.5874279639278797,1.0155614599552298,1.0155614599552298,1.0
747.75,1,-0.7843339502236932,0.4088920328547161,1.105496459543872,1.105496459543872,1.0
747.9492679785785,2,-0.2659635885374403,0.9833351725566359,1.3308401555384,1.3308401555384,1.0
748.0,1,-0.4379255340423698,0.2436756205637316,0.3545893764655281,0.3545893764655281,1.0
748.1492679785786,2,0.742982264192106,1.0718438362831488,2.287094414392296,2.287094414392296,1.0
748.25,1,2.2555970821529674,-0.4623469370992339,7.532236064476298,7.532236064476298,1.0
748.3492679785785,2,-0.1964389362973522,-1.0400632565073629,1.4278871879557928,1.4278871879557928,1.0
748.5,1,1.009147656832345,-0.8749092601667403,2.502109550361085,2.502109550361085,1.0
748.5492679785785,2,-0.24198250830579315,1.6001032942095925,3.3304471097774724,3.3304471097774724,1.0
748.7492679785786,2,0.289423969269897,1.0361988978601708,1.4855488429016086,1.4855488429016086,1.0
748.75,1,-2.025844875502772,-1.0647170451837225,7.40024319847678,7.40024319847678,1.0
748.9492679785785,2,-0.7532712148404443,0.7059720424581819,1.486670272649795,1.486670272649795,1.0
749.0,1,-0.6182748675668299,0.07143565786524064,0.5509033430968757,0.5509033430968757,1.0
749.1492679785786,2,0.8190671188675305,-0.13753289688948023,1.0357280855767521,1.0357280855767521,1.0
749.25,1,1.3240834219736675,-1.6789331601145623,6.373869270541538,6.373869270541538,1.0
749.3492679785785,2,1.588351932055064,0.027504320683204853,3.806117638023517,3.806117638023517,1.0
749.5,1,-0.5035512731319365,1.0111556223683316,1.7678038103441716,1.7678038103441716,1.0
749.5492679785785,2,-0.06847949543289467,0.4713203583435863,0.28837253622654363,0.28837253622654363,1.0
749.7492679785786,2,-0.5471178724277928,0.4509074710174321,0.7087702245943529,0.7087702245943529,1.0
749.75,1,-0.34757296349012856,-1.0983497297805567,1.8325920693617694,1.8325920693617694,1.0
749.9492679785785,2,0.09559259506421247,2.049650278067812,5.3324378476432965,5.3324378476432965,1.0
750.0,1,0.8249154156086429,-0.91683013085831,2.1252264877552465,2.1252264877552465,1.0
750.1492679785786,2,0.9154421776728587,-0.5742571988198435,1.681424754162507,1.681424754162507,1.0
750.25,1,0.6966288436912351,0.9420853764278458,1.9119565350952672,1.9119565350952672,1.0
750.3492679785785,2,1.3614374113745455,-0.19481522052231348,2.8436701086247416,2.8436701086247416,1.0
750.5,1,0.3904138889702353,0.9593406787501273,1.4834214644937334,1.4834214644937334,1.0
750.5492679785785,2,-0.5261411245557439,0.6884120783665715,1.0176753591847676,1.0176753591847676,1.0
750.7492679785786,2,-0.11587076898313597,0.4691171547857529,0.29884200033567626,0.29884200033567626,1.0
750.75,1,0.08931381580119835,-0.7788625703787275,0.8464377554094618,0.8464377554094618,1.0
750.9492679785785,2,0.543687182339724,-0.8511742389928969,1.3630126680154944,1.3630126680154944,1.0
751.0,1,0.659967409952793,0.5708512837480555,1.0682666634622198,1.0682666634622198,1.0
751.1492679785786,2,-0.21043659017310068,-0.46213638321325945,0.3371932755316475,0.3371932755316475,1.0
751.25,1,0.3518669557518517,-0.519553177707218,0.5476700083254394,0.5476700083254394,1.0
751.3492679785785,2,0.6998816266896246,0.14803078324264263,0.7665569103786544,0.7665569103786544,1.0
751.5,1,0.34522606759014574,1.0363809166422904,1.647737333966058,1.647737333966058,1.0
751.5492679785785,2,0.18697555202228955,1.0289113176898805,1.3933212000971753,1.3933212000971753,1.0
751.7492679785786,2,0.09173009343283978,0.198820978004429,0.06273099648554109,0.06273099648554109,1.0
751.75,1,0.3646686349501018,0.72072093360506,0.904292117247069,0.904292117247069,1.0
751.9492679785785,2,0.9221801422096432,1.8811451357326536,5.762611711985446,5.762611711985446,1.0
752.0,1,-0.3215779751962722,-0.7554698817101695,0.9327459174588681,0.9327459174588681,1.0
752.1492679785786,2,0.046711327374781675,-0.2798202098266245,0.10242771315355254,0.10242771315355254,1.0
752.25,1,-0.3626264066346754,0.1177169076081146,0.20615129767295812,0.20615129767295812,1.0
752.3492679785785,2,0.4722094916389765,0.07752391062087405,0.34393140803082883,0.34393140803082883,1.0
752.5,1,0.07603334988617627,0.1384386501581769,0.03459987594492589,0.03459987594492589,1.0
752.5492679785785,2,0.29348705785803864,-0.3464361187528624,0.28190599545597184,0.28190599545597184,1.0
752.7492679785786,2,1.0685288359082161,-0.4233074917007702,1.948562215657819,1.948562215657819,1.0
752.75,1,0.1028743478825862,0.7091867228107063,0.7074226971206276,0.7074226971206276,1.0
752.9492679785785,2,1.0430308804346442,0.6009381555059718,2.0978510270623847,2.0978510270623847,1.0
753.0,1,-0.8913191082598386,0.4222897580013427,1.375817487332594,1.375817487332594,1.0
753.1492679785786,2,1.122387131343602,0.006519468343352486,1.89999178893672,1.89999178893672,1.0
753.25,1,0.25832532434138367,-0.1823344196519212,0.14069664285429193,0.14069664285429193,1.0
753.3492679785785,2,2.2011498642590954,-0.9518801193903172,8.4550752613963,8.4550752613963,1.0
753.5,1,-0.9955629829911021,0.9987506170347977,2.7827606487319008,2.7827606487319008,1.0
753.5492679785785,2,-2.5055476851604324,0.7423304425947492,9.227174453453044,10.167241657903025,1.1038942370510387
753.7492679785786,2,-0.16581454766739379,-0.35872688873440595,0.20436276748554014,0.20436276748554014,1.0
753.75,1,-1.0534846751087747,0.0974912593704449,1.592254441224905,1.592254441224905,1.0
753.9492679785785,2,0.5701239303290615,-1.0479105832639348,1.8803891084708457,1.8803891084708457,1.0
754.0,1,-0.609176105871813,-0.7993399132753307,1.4074588882018877,1.4074588882018877,1.0
754.1492679785786,2,0.13614824916628576,0.5538597719937748,0.41634409315705473,0.41634409315705473,1.0
754.25,1,0.8619799019747725,-0.9669820635986319,2.343976559358068,2.343976559358068,1.0
754.3492679785785,2,0.5595595811972909,-1.256777908487524,2.47217958508037,2.47217958508037,1.0
754.5,1,0.0033605785741230854,-1.451913279664602,2.90113628863445,2.90113628863445,1.0
754.5492679785785,2,-0.03475976833101102,-0.9397201639432762,1.1200447360523655,1.1200447360523655,1.0
754.7492679785786,2,-1.0561423455327774,-0.02209182810947219,1.6826068633398688,1.6826068633398688,1.0
754.75,1,-0.7499289102161013,0.9747076900941636,2.108063410914588,2.108063410914588,1.0
754.9492679785785,2,-0.1685552879429144,-0.509113756250354,0.3709907757490045,0.3709907757490045,1.0
755.0,1,0.16114671522090918,-0.0060922484778132,0.036998089492776796,0.036998089492776796,1.0
755.1492679785786,2,-0.2445424238702807,0.48105682330954913,0.38318516900972827,0.38318516900972827,1.0
755.25,1,0.6086006116716898,-0.38705455244530995,0.7331316709744071,0.7331316709744071,1.0
755.3492679785785,2,-0.25378098588251774,-2.0049924346916645,5.187247706346553,5.187247706346553,1.0
755.5,1,-0.038242287994807,0.7990960003214322,0.8808701862977432,0.8808701862977432,1.0
755.5492679785785,2,0.6267660456945348,0.18303275267614794,0.634965113016395,0.634965113016395,1.0
755.7492679785786,2,0.2574905710480824,-0.5788798561219863,0.5241919406053595,0.5241919406053595,1.0
755.75,1,1.5455990511696567,0.2898826975458757,3.5148405913761605,3.5148405913761605,1.0
755.9492679785785,2,-0.6671424866386064,2.1207009517521787,6.364955038786809,6.364955038786809,1.0
756.0,1,0.5172799207014833,-1.3538589576066213,2.903685530166375,2.903685530166375,1.0
756.1492679785786,2,2.030132617782923,0.6082264084403821,6.684155745670198,6.684155745670198,1.0
756.25,1,-0.4447304829572025,0.5417596924662735,0.6853427522679091,0.6853427522679091,1.0
756.3492679785785,2,0.23590368093313918,-0.6625444890946346,0.6397554841082767,0.6397554841082767,1.0
756.5,1,0.07010042453972387,0.8425671823315302,0.9839991014889774,0.9839991014889774,1.0
756.5492679785785,2,-0.2626141172020011,-0.3065752694592314,0.2230445515167594,0.2230445515167594,1.0
756.7492679785786,2,0.16151378998185395,-0.10947486698644404,0.054508996936608003,0.054508996936608003,1.0
756.75,1,0.5032883347406645,0.1070142665001299,0.3761892508826945,0.3761892508826945,1.0
756.9492679785785,2,1.100527507953512,1.4536548031801644,4.501742693324704,4.501742693324704,1.0
757.0,1,0.7540595056554777,-0.042819409621854376,0.8115303414565571,0.8115303414565571,1.0
757.1492679785786,2,-1.3287940259305426,-0.49528123166521887,2.973536986650046,2.973536986650046,1.0
757.25,1,-0.22878552089878434,-0.7996666531949002,0.9545985079307847,0.9545985079307847,1.0
757.3492679785785,2,-0.7036615755786992,0.584787855753147,1.1798214268008045,1.1798214268008045,1.0
757.5,1,-0.2942591474097842,0.6555483149711527,0.714600984159711,0.714600984159711,1.0
757.5492679785785,2,-0.992416868113462,0.037176063807001114,1.4873492184390678,1.4873492184390678,1.0
757.7492679785786,2,1.0363251427109537,0.10880293119605611,1.634473126051239,1.634473126051239,1.0
757.75,1,-0.8682230384558299,-1.2939267589238357,3.3773934164408947,3.3773934164408947,1.0
757.9492679785785,2,0.2921633409222799,-0.7327407367807162,0.8084690520978354,0.8084690520978354,1.0
758.0,1,-0.35682998619496864,-0.2908353305023468,0.2975911890298302,0.2975911890298302,1.0
758.1492679785786,2,1.0466407465227265,0.07271355646471989,1.6588287720724721,1.6588287720724721,1.0
758.25,1,0.24978562937017434,-1.1378370047547461,1.8706988805264044,1.8706988805264044,1.0
758.3492679785785,2,-0.49587557766892965,0.08575771297925172,0.38018756358779066,0.38018756358779066,1.0
758.5,1,0.05182172003059993,-2.172671871828367,6.500344514191195,6.500344514191195,1.0
758.5492679785785,2,1.8016272802785631,0.8324956435979907,5.773650643922626,5.773650643922626,1.0
758.7492679785786,2,0.7503617411734504,1.3742030430579089,3.2396852125278492,3.2396852125278492,1.0
758.75,1,-0.4988119710302137,0.24551592452800897,0.43702343809320715,0.43702343809320715,1.0
758.9492679785785,2,0.5185534071426716,1.1425443859180842,2.0582028644798873,2.0582028644798873,1.0
759.0,1,0.8146987127870471,-1.4007167273921688,3.6450370953028646,3.6450370953028646,1.0
759.1492679785786,2,0.3632992839726432,0.443538176290879,0.4481382253714205,0.4481382253714205,1.0
759.25,1,2.479457746890798,0.15265880746546578,8.77823738052346,8.77823738052346,1.0
759.3492679785785,2,-0.3548778793934233,0.5048633652522803,0.512693274646664,0.512693274646664,1.0
759.5,1,-0.4702630967215904,1.4715807922639588,3.29490643800414,3.29490643800414,1.0
759.5492679785785,2,0.11473247097377115,-0.1368344503204577,0.043565816426673176,0.043565816426673176,1.0
759.7492679785786,2,-0.21795557899437945,-0.07922549140356061,0.07958074388718525,0.07958074388718525,1.0
759.75,1,-0.5108465877697236,-1.3005510246714955,2.6997839524584397,2.6997839524584397,1.0
759.9492679785785,2,-0.742081581063696,0.037771315300973995,0.8322758176152577,0.8322758176152577,1.0
760.0,1,0.04149756040957575,0.3161072632654127,0.13999423655058477,0.13999423655058477,1.0
760.1492679785786,2,-0.9431627015279289,-0.043311346978991416,1.3439839709490953,1.3439839709490953,1.0
760.25,1,-0.12152263830863808,-0.219537988729269,0.0873463146652225,0.0873463146652225,1.0
760.3492679785785,2,0.6089982062555723,0.3619909785143882,0.725315155308071,0.725315155308071,1.0
760.5,1,-0.8124269641609262,-0.8222394082391435,1.8693784316816568,1.8693784316816568,1.0
760.5492679785785,2,0.17050900088000742,0.6881093378808218,0.6434457572602076,0.6434457572602076,1.0
760.7492679785786,2,0.16664412250465754,0.48633157885409783,0.3412959683241346,0.3412959683241346,1.0
760.75,1,0.7011221264484577,0.7621402872479601,1.4990946033749217,1.4990946033749217,1.0
760.9492679785785,2,-0.4482537797806496,1.0418748693416182,1.6773069810993735,1.6773069810993735,1.0
761.0,1,1.3877088652324499,1.4453348508812738,5.615432906504621,5.615432906504621,1.0
761.1492679785786,2,-0.9712493334709627,0.3646498500535733,1.5910623526297263,1.5910623526297263,1.0
761.25,1,-0.5556999076911696,-0.45413570579330376,0.7231870084884149,0.7231870084884149,1.0
761.3492679785785,2,0.7675208398862037,-0.9455559094540256,2.0206163076324284,2.0206163076324284,1.0
761.5,1,-0.6714337744726808,0.15309903790414836,0.6735747220348159,0.6735747220348159,1.0
761.5492679785785,2,-0.7731601085811783,0.005821921974192179,0.9017323281612564,0.9017323281612564,1.0
761.7492679785786,2,-0.719767304772137,-0.3158331018874714,0.9075006612106004,0.9075006612106004,1.0
761.75,1,0.9077297940190402,-0.4049526292720804,1.3982111863212132,1.3982111863212132,1.0
761.9492679785785,2,0.671881215571188,1.0309386284313593,2.0263714479217065,2.0263714479217065,1.0
762.0,1,-0.34835837333238395,0.966715646061802,1.4590512677792575,1.4590512677792575,1.0
762.1492679785786,2,-1.9343653387668973,0.731099751094269,6.320032397104464,6.320032397104464,1.0
762.25,1,0.4322150846832594,0.016268429780534,0.2661345810852838,0.2661345810852838,1.0
762.3492679785785,2,0.748374102091066,-1.5066115958874446,3.7189151891443446,3.7189151891443446,1.0
762.5,1,0.9343608991892289,0.13253685284448036,1.2661018803579867,1.2661018803579867,1.0
762.5492679785785,2,0.3424435027729519,-0.7664162424703793,0.9207130632083783,0.9207130632083783,1.0
762.7492679785786,2,-0.9931253734833464,-0.8914511537358516,2.4933323641931473,2.4933323641931473,1.0
762.75,1,2.062349124483327,1.0075979738902232,7.449791849286596,7.449791849286596,1.0
762.9492679785785,2,-1.3228238705733923,0.14880309263332858,2.6669565796184758,2.6669565796184758,1.0
763.0,1,1.3947342690224311,0.729606857326714,3.5005152752538504,3.5005152752538504,1.0
763.1492679785786,2,-0.9457684664422573,0.18748855623569582,1.3935461315823798,1.3935461315823798,1.0
763.25,1,-0.8906587438165747,-0.6019716596292968,1.6273294128148013,1.6273294128148013,1.0
763.3492679785785,2,-0.5760894085001182,0.6379708029662812,1.0159343219071268,1.0159343219071268,1.0
763.5,1,0.9294157663999718,-0.9183547659001992,2.389511518767841,2.389511518767841,1.0
763.5492679785785,2,1.1042480564125325,1.0044841384638703,3.1169983668454604,3.1169983668454604,1.0
763.7492679785786,2,-0.9436275097670378,0.07834898541831237,1.350512329619229,1.350512329619229,1.0
763.75,1,0.17238339998518404,1.2609052845635116,2.230950640667329,2.230950640667329,1.0
763.9492679785785,2,0.20421961412787704,0.24645821976457327,0.13979680934251087,0.13979680934251087,1.0
764.0,1,-0.1618814859247214,-0.31957668284202523,0.17786637502424263,0.17786637502424263,1.0
764.1492679785786,2,1.1230123837728088,-1.33788794409283,4.168370240647972,4.168370240647972,1.0
764.25,1,1.6063665541939307,-1.6739538845014703,7.527872582405526,7.527872582405526,1.0
764.3492679785785,2,0.7348531777130813,-0.41843284218625865,1.0361937575407627,1.0361937575407627,1.0
764.5,1,0.1321867106866123,-0.5399520886707654,0.4260999854311166,0.4260999854311166,1.0
764.5492679785785,2,1.357730639539303,-0.05425190838341187,2.7843803156222178,2.7843803156222178,1.0
764.7492679785786,2,-0.0533575208417022,0.6404149684720659,0.5234998208913128,0.5234998208913128,1.0
764.75,1,-0.7404610533175853,-0.2122644225281647,0.8422006065047757,0.8422006065047757,1.0
764.9492679785785,2,0.9532602249081439,0.6530105271395641,1.9102669973547557,1.9102669973547557,1.0
765.0,1,0.10316037038958847,0.3552782259548515,0.188886968316423,0.188886968316423,1.0
765.1492679785786,2,1.518609857947954,-0.44614189594118336,3.730162632519728,3.730162632519728,1.0
765.25,1,-0.3432697803625243,-0.6042361612635956,0.6701568554827084,0.6701568554827084,1.0
765.3492679785785,2,-0.5648243922857581,-1.427688099263042,3.0621289785716588,3.0621289785716588,1.0
765.5,1,-2.1093611338374476,-1.7145199873901182,9.230045936487016,10.375101553876759,1.1264623385086328
765.5492679785785,2,-1.2470388325509554,-0.20573599412076238,2.3992419333651895,2.3992419333651895,1.0
765.7492679785786,2,1.0921866145021248,0.028632763511024173,1.799775678318754,1.799775678318754,1.0
765.75,1,-0.7605950311942996,0.9144644562881892,1.974297113104288,1.974297113104288,1.0
765.9492679785785,2,1.7055197934803366,-0.4642248062284864,4.6593515319947505,4.6593515319947505,1.0
766.0,1,0.4602821302381922,1.0178715694810627,1.7275085481403911,1.7275085481403911,1.0
766.1492679785786,2,-0.5683593255414462,0.44847117208827125,0.7418197832008364,0.7418197832008364,1.0
766.25,1,1.18336630693763,1.8403617657821831,6.65370264899245,6.65370264899245,1.0
766.3492679785785,2,0.9334717400182503,-0.19032702119181888,1.3601071410350352,1.3601071410350352,1.0
766.5,1,0.9363834884871787,0.21219961555764844,1.3092402174723803,1.3092402174723803,1.0
766.5492679785785,2,0.8047059042342207,-0.6823283325581668,1.5662843085788152,1.5662843085788152,1.0
766.7492679785786,2,0.05887452126324011,0.5841407657040589,0.43718150899935504,0.43718150899935504,1.0
766.75,1,0.2574537605410541,0.11136307183298122,0.11138530891599542,0.11138530891599542,1.0
766.9492679785785,2,0.7972288450172363,-0.24146440236236089,1.0322786956364025,1.0322786956364025,1.0
767.0,1,-1.2218348664559433,-0.25285269686956635,2.2120314630836173,2.2120314630836173,1.0
767.1492679785786,2,-0.09143826895664192,2.0683500824155185,5.429065972938658,5.429065972938658,1.0
767.25,1,0.6263361554759935,0.8007652532559595,1.4406365652024955,1.4406365652024955,1.0
767.3492679785785,2,0.140113092036356,1.391463308420878,2.4811702341295945,2.4811702341295945,1.0
767.5,1,-0.13222713618265214,0.5460302923051437,0.4351867066456385,0.4351867066456385,1.0
767.5492679785785,2,0.9615064590210538,-0.7028713765599761,2.0200600890741303,2.0200600890741303,1.0
767.7492679785786,2,0.790903992087706,0.529785959842271,1.298560777748973,1.298560777748973,1.0
767.75,1,0.6468538394439198,-0.35461883735702227,0.7684853183935314,0.7684853183935314,1.0
767.9492679785785,2,-0.3624349829686185,0.2107679237819271,0.2543348016198872,0.2543348016198872,1.0
768.0,1,0.8865888494110415,-0.12845440545588627,1.141073848034197,1.141073848034197,1.0
768.1492679785786,2,-0.5706668228163282,-1.0248077395784447,1.8208476413237666,1.8208476413237666,1.0
768.25,1,-0.00932959846562019,-1.0930969285124883,1.6446582199598514,1.6446582199598514,1.0
768.3492679785785,2,-0.4098721246018561,0.1930174348938971,0.3005543028043792,0.3005543028043792,1.0
768.5,1,1.6837165287452212,-0.8007103260973327,4.9150475005498775,4.9150475005498775,1.0
768.5492679785785,2,1.6622046186811639,-0.08202752992101026,4.176054581715377,4.176054581715377,1.0
768.7492679785786,2,1.5457625560693982,0.006350902177986839,3.6030801058627095,3.6030801058627095,1.0
768.75,1,0.26538191318890064,0.4201752944650812,0.3432460935402878,0.3432460935402878,1.0
768.9492679785785,2,2.041825757217636,-0.34598362122045145,6.438672026562147,6.438672026562147,1.0
769.0,1,1.1218894136244246,-1.4170075377799751,4.554596935425647,4.554596935425647,1.0
769.1492679785786,2,-0.03669592837612022,0.6639895612791129,0.5602363254641626,0.5602363254641626,1.0
769.25,1,0.7407692651449226,0.004043840082020189,0.7806896729147206,0.7806896729147206,1.0
769.3492679785785,2,-0.5974544422141594,0.19967122226552547,0.5888621245776746,0.5888621245776746,1.0
769.5,1,-1.1851353499369086,1.5475839809857668,5.294080907993694,5.294080907993694,1.0
769.5492679785785,2,-0.14020465613775854,-0.24235404009718664,0.10402733286325998,0.10402733286325998,1.0
769.7492679785786,2,-0.10032245506247675,-0.4053506187825633,0.22318074358778503,0.22318074358778503,1.0
769.75,1,0.03898464111795635,0.6876636043448201,0.6531300785972842,0.6531300785972842,1.0
769.9492679785785,2,-0.030584316612136342,0.890467124652071,1.005280383158301,1.005280383158301,1.0
770.0,1,-0.09623201210420024,0.24589414479610472,0.09640302041162696,0.09640302041162696,1.0
770.1492679785786,2,1.4732594457706427,0.2580143616748911,3.3577497824035674,3.3577497824035674,1.0
770.25,1,1.3424645340976649,0.40261683970430795,2.787043860971875,2.787043860971875,1.0
770.3492679785785,2,-0.1775113991340484,-0.3950963881196854,0.2451828053952632,0.2451828053952632,1.0
770.5,1,-1.5942741006655785,0.20688003424296575,3.674563962289532,3.674563962289532,1.0
770.5492679785785,2,-0.004808450700066913,2.4225323042981275,7.431525089025295,7.431525089025295,1.0
770.7492679785786,2,-0.7063559212618453,1.9702293809581324,5.666484612573239,5.666484612573239,1.0
770.75,1,1.1639088355961902,-0.3947945312262764,2.1421769528863233,2.1421769528863233,1.0
770.9492679785785,2,-0.8343165633234589,0.5938798373584309,1.4962547116242844,1.4962547116242844,1.0
771.0,1,-0.04141414294026852,-1.5452091060368227,3.2890232371961523,3.2890232371961523,1.0
771.1492679785786,2,-0.6843455173016109,-0.13739425444071074,0.7302204282348389,0.7302204282348389,1.0
771.25,1,0.5845337829895364,-0.3055910728269913,0.614628641107269,0.614628641107269,1.0
771.3492679785785,2,0.989179029785238,-1.7242037649677595,5.2401120837266895,5.2401120837266895,1.0
771.5,1,0.9119911810427508,0.9664168160821927,2.4685123702425305,2.4685123702425305,1.0
771.5492679785785,2,0.2602649846879022,1.3550934545163251,2.4274627032676372,2.4274627032676372,1.0
771.7492679785786,2,-0.8952089357747197,-0.12735870695754947,1.2290041330148145,1.2290041330148145,1.0
771.75,1,1.802624304229688,-0.004918824067895677,4.623782158639557,4.623782158639557,1.0
771.9492679785785,2,0.5031032000268543,0.1775057810732541,0.42160053184868596,0.42160053184868596,1.0
772.0,1,1.369935045240449,-1.2883746707153856,4.955041267644914,4.955041267644914,1.0
772.1492679785786,2,-1.08956808475348,-1.0447042527535997,3.1722986770995267,3.1722986770995267,1.0
772.25,1,1.4719199985966673,-0.8951859977534538,4.185242168410499,4.185242168410499,1.0
772.3492679785785,2,-0.5019019607838201,0.6295042296232616,0.8817162204563764,0.8817162204563764,1.0
772.5,1,1.6929092753472812,-0.8751401254181053,5.1309354107640095,5.1309354107640095,1.0
772.5492679785785,2,0.29758749256614436,0.517835380984387,0.47314613278025014,0.47314613278025014,1.0
772.7492679785786,2,0.5370528011395637,-0.04689727670010413,0.43771718589088715,0.43771718589088715,1.0
772.75,1,-0.04694591139839399,2.1454015518325997,6.339333456708181,6.339333456708181,1.0
772.9492679785785,2,0.4325516694540795,0.6000739948340579,0.738045491669531,0.738045491669531,1.0
773.0,1,0.47189978253527487,-0.5623562479934128,0.7521503453696166,0.7521503453696166,1.0
773.1492679785786,2,0.8010420887951452,-0.46418038232580017,1.2405544987152077,1.2405544987152077,1.0
773.25,1,-0.31231299285226266,1.0083161692813158,1.5381191171743978,1.5381191171743978,1.0
773.3492679785785,2,1.0329458916584002,-0.018940172416517242,1.6097659661926922,1.6097659661926922,1.0
773.5,1,0.5983284439785037,-1.0355679736273915,1.9851486767672017,1.9851486767672017,1.0
773.5492679785785,2,-0.5024914805727734,-0.061568678650595565,0.38566842513837435,0.38566842513837435,1.0
773.7492679785786,2,0.015777038899906004,1.4705358150654204,2.737950871747468,2.737950871747468,1.0
773.75,1,-0.5038586730210683,0.1161952834254425,0.3798322676012162,0.3798322676012162,1.0
773.9492679785785,2,-0.18523640776773864,0.23976725869968796,0.12452804879463045,0.12452804879463045,1.0
774.0,1,-0.5553762045203963,-1.2349659768250874,2.5381979859315438,2.5381979859315438,1.0
774.1492679785786,2,1.1829474171072416,0.6789225537531509,2.694100100596318,2.694100100596318,1.0
774.25,1,1.512122093672044,0.4670854884156075,3.5532480634466674,3.5532480634466674,1.0
774.3492679785785,2,1.1957209558836417,1.0681436643312052,3.6011509795397147,3.6011509795397147,1.0
774.5,1,0.9964135402756749,-0.7489504177650428,2.1843318543782493,2.1843318543782493,1.0
774.5492679785785,2,0.24883873119181998,-1.1686322356555436,1.8228065152361388,1.8228065152361388,1.0
774.7492679785786,2,0.44133748313764853,0.8275881446087432,1.160768866817807,1.160768866817807,1.0
774.75,1,1.3929698784751738,-0.7717149203809326,3.580858279698063,3.580858279698063,1.0
774.9492679785785,2,-0.8575167331082089,0.26648410858650706,1.1988445639742675,1.1988445639742675,1.0
775.0,1,-0.5214034936632723,0.8900023637530188,1.477133803762451,1.477133803762451,1.0
775.1492679785786,2,-1.2286209436205753,0.5194734268347485,2.6182868641690016,2.6182868641690016,1.0
775.25,1,1.0540497299508627,-0.4881887851775337,1.9086530337852132,1.9086530337852132,1.0
775.3492679785785,2,0.5050085116336298,-0.6138584159768454,0.8618069151542407,0.8618069151542407,1.0
775.5,1,-0.029688162010898078,-1.1471038415103871,1.8121840274916068,1.8121840274916068,1.0
775.5492679785785,2,0.870936290790346,0.6807677756073502,1.7310394913566691,1.7310394913566691,1.0
775.7492679785786,2,-0.5712262623120148,0.9359938345950365,1.6011260021468392,1.6011260021468392,1.0
775.75,1,0.024121575333232892,-0.0542567323530978,0.004880422512573685,0.004880422512573685,1.0
775.9492679785785,2,0.9564435707500437,0.1353257901465419,1.4027479907178313,1.4027479907178313,1.0
776.0,1,0.9721289805393142,-0.795572005547367,2.2158378306759103,2.2158378306759103,1.0
776.1492679785786,2,-1.1305273080517848,0.6739759011006949,2.5027331084771247,2.5027331084771247,1.0
776.25,1,-0.09695829284519109,1.3480007250944075,2.5143887199393262,2.5143887199393262,1.0
776.3492679785785,2,-0.0015799146680693932,-0.9113022532127228,1.051567380117222,1.051567380117222,1.0
776.5,1,-0.15171325132340752,-0.3576496106691476,0.20878307949199024,0.20878307949199024,1.0
776.5492679785785,2,1.5947751970042698,0.35821132539177203,3.998837981521943,3.998837981521943,1.0
776.7492679785786,2,1.1224355069113883,0.3799527650845187,2.0825846654111717,2.0825846654111717,1.0
776.75,1,-0.5577530175536746,-0.22884886894099132,0.5147572173558481,0.5147572173558481,1.0
776.9492679785785,2,0.11314028107675456,-2.004650706590054,5.107053218869618,5.107053218869618,1.0
777.0,1,0.18308043128513352,-1.291839748402741,2.3448584927603493,2.3448584927603493,1.0
777.1492679785786,2,0.12921113227110947,1.8281093797408037,4.25657931951317,4.25657931951317,1.0
777.25,1,1.59053839882607,1.9271288551959964,8.71072909425834,8.71072909425834,1.0
777.3492679785785,2,-1.552082154906083,0.7144532118981131,4.279767794639651,4.279767794639651,1.0
777.5,1,-0.38982984680241406,-0.2514799849360134,0.30321817824731223,0.30321817824731223,1.0
777.5492679785785,2,0.5624805620668587,-0.20985881704248577,0.5330072416104158,0.5330072416104158,1.0
777.7492679785786,2,-0.9986017992604862,0.09197644936115967,1.5144618845818414,1.5144618845818414,1.0
777.75,1,0.5638098459010873,-0.8631113548119034,1.4778582548036492,1.4778582548036492,1.0
777.9492679785785,2,-0.5049091903208964,-0.6295679175031559,0.8862628078976955,0.8862628078976955,1.0
778.0,1,0.10320961800627093,-2.1707713108276243,6.501560740473026,6.501560740473026,1.0
778.1492679785786,2,0.6470705218402673,0.5936238050685381,1.077651466094422,1.077651466094422,1.0
778.25,1,-0.24711931959754874,-0.7963752984188037,0.9597961081089978,0.9597961081089978,1.0
778.3492679785785,2,-0.12995346986567835,-0.7086984188341576,0.6614387377857864,0.6614387377857864,1.0
778.5,1,-0.6450476251388615,0.6549709910826538,1.1822981120235065,1.1822981120235065,1.0
778.5492679785785,2,1.1607581257960249,-0.5374504686104302,2.398153286246672,2.398153286246672,1.0
778.7492679785786,2,-1.3102643099788696,-0.32129715742451825,2.7195539043677837,2.7195539043677837,1.0
778.75,1,-0.5277032008587597,-0.07341587183185982,0.40366831718211604,0.40366831718211604,1.0
778.9492679785785,2,0.9620477533053924,-1.6691922949121683,4.923237412903508,4.923237412903508,1.0
779.0,1,-2.0847453208000317,0.8038716328958992,7.073290204368641,7.073290204368641,1.0
779.1492679785786,2,-0.8504892261979662,0.1807451865796379,1.1322851371015248,1.1322851371015248,1.0
779.25,1,-0.4425107832153159,-1.5447085302675054,3.5627883156966904,3.5627883156966904,1.0
779.3492679785785,2,1.660555673822005,-0.7359584397963124,4.844891504377124,4.844891504377124,1.0
779.5,1,-0.8018631325495627,0.5172772362329487,1.282930567189924,1.282930567189924,1.0
779.5492679785785,2,0.17500007246176397,-0.8113874008112845,0.8798757233788337,0.8798757233788337,1.0
779.7492679785786,2,-0.18984636965779345,0.4402289397616794,0.29969339802174483,0.29969339802174483,1.0
779.75,1,1.2116430456836293,-0.787705988975028,2.9431657840063603,2.9431657840063603,1.0
779.9492679785785,2,0.4232148476570714,0.8286597846423458,1.13947740326662,1.13947740326662,1.0
780.0,1,-0.715517004857195,0.11476255021081894,0.7465599869657001,0.7465599869657001,1.0
780.1492679785786,2,-1.6002291885685787,0.9954315756927086,5.1166689993312175,5.1166689993312175,1.0
780.25,1,0.22491464140749695,1.2450992369549132,2.205727248019386,2.205727248019386,1.0
780.3492679785785,2,-0.4429609935553356,-0.49780012313574673,0.6097282724105347,0.6097282724105347,1.0
780.5,1,-0.3953898702834395,0.522047415537167,0.5974671142419823,0.5974671142419823,1.0
780.5492679785785,2,0.7178389916111441,1.1915102971356824,2.575064701255223,2.575064701255223,1.0
780.7492679785786,2,0.048136557795512847,-0.21255504002128411,0.06068951944382068,0.06068951944382068,1.0
780.75,1,0.1506860408154671,0.15040557159504875,0.06345161582497774,0.06345161582497774,1.0
780.9492679785785,2,0.09762632999007503,0.1711098123664785,0.051441362492024495,0.051441362492024495,1.0
781.0,1,-1.0166222754107077,0.573591243854306,1.9233879328502113,1.9233879328502113,1.0
781.1492679785786,2,-0.045493978352409314,-1.134715494075727,1.6333732686226008,1.6333732686226008,1.0
781.25,1,-0.6909613553261695,0.12224576588420621,0.6997974161375139,0.6997974161375139,1.0
781.3492679785785,2,-1.041485587636733,1.9951437553364029,6.6763917324182,6.6763917324182,1.0
781.5,1,-0.3048533118159569,0.9854153392921186,1.46860733746021,1.46860733746021,1.0
781.5492679785785,2,0.12224638261695486,1.977048758105676,4.972234806907707,4.972234806907707,1.0
781.7492679785786,2,-0.47876378583376966,-0.7071459126118755,0.9786962308668289,0.9786962308668289,1.0
781.75,1,-0.7168255800766417,-0.5862630016803418,1.2043176613260629,1.2043176613260629,1.0
781.9492679785785,2,0.7754532799052984,0.5813855948120343,1.334785929141642,1.334785929141642,1.0
782.0,1,-1.0674345423979705,-1.3548650069871826,4.1479680912916175,4.1479680912916175,1.0
782.1492679785786,2,-0.06473137752261793,-2.1085196988374095,5.635383186359129,5.635383186359129,1.0
782.25,1,-0.15065049481178772,0.0200606540231556,0.032842539698485065,0.032842539698485065,1.0
782.3492679785785,2,0.5529696121790075,0.14920431756078933,0.48939068465539654,0.48939068465539654,1.0
782.5,1,0.6313975933918063,-0.8884864627481486,1.653545214783449,1.653545214783449,1.0
782.5492679785785,2,-1.1736163485535778,0.7858142436568958,2.8596110939208317,2.8596110939208317,1.0
782.7492679785786,2,-0.7263920838410838,0.040034088624754105,0.7977023918205358,0.7977023918205358,1.0
782.75,1,-0.3145760338464685,-0.507652182095776,0.4955834606067151,0.4955834606067151,1.0
782.9492679785785,2,0.3622191585584076,-0.050694623701747155,0.20111797784588772,0.20111797784588772,1.0
783.0,1,-0.7630053105518586,-0.20681220269830547,0.8872057571827909,0.8872057571827909,1.0
783.1492679785786,2,-0.3840257410754717,-0.8157891430011297,1.0650514918352827,1.0650514918352827,1.0
783.25,1,-1.0599278691732683,0.3456782764716575,1.762779556276434,1.762779556276434,1.0
783.3492679785785,2,-0.34892617787250835,-0.417690364199256,0.40454811909164323,0.40454811909164323,1.0
783.5,1,-0.7433566146212354,0.9366219567785867,1.9934068459395924,1.9934068459395924,1.0
783.5492679785785,2,0.14740114458428932,-0.4451306704634481,0.28368390429444074,0.28368390429444074,1.0
783.7492679785786,2,1.8809388678882661,0.15378480935615357,5.365033527976483,5.365033527976483,1.0
783.75,1,0.09030433213525235,0.8959619864000219,1.1166878874844577,1.1166878874844577,1.0
783.9492679785785,2,0.0811933709212096,2.405724998034917,7.337201855371928,7.337201855371928,1.0
784.0,1,0.05274783892949353,0.9764993449634876,1.316523916034466,1.316523916034466,1.0
784.1492679785786,2,-0.41499169357884824,-1.0441112301071538,1.640041294675707,1.640041294675707,1.0
784.25,1,0.13688191452943155,1.2755455585523485,2.2660464436412724,2.2660464436412724,1.0
784.3492679785785,2,-0.8012184720595272,-1.6878869932428646,4.575696769135246,4.575696769135246,1.0
784.5,1,0.04748547825308269,-1.2209094791968509,2.054679444056476,2.054679444056476,1.0
784.5492679785785,2,0.03694963497269921,0.6293427389117037,0.5036139508895026,0.5036139508895026,1.0
784.7492679785786,2,0.5970484172851869,-0.14395572216502384,0.5637760426544888,0.5637760426544888,1.0
784.75,1,-0.16672128315010126,0.40230061259891325,0.26235343429379465,0.26235343429379465,1.0
784.9492679785785,2,0.09999891015265083,1.3083457775302998,2.1822593760734708,2.1822593760734708,1.0
785.0,1,0.6600773396646793,0.13348328393990272,0.6444503532791119,0.6444503532791119,1.0
785.1492679785786,2,0.7554177652254321,0.4836074394455432,1.1567785398755792,1.1567785398755792,1.0
785.25,1,-0.04756440290800823,-2.0186322907810887,5.611790323926111,5.611790323926111,1.0
785.3492679785785,2,0.564225360161269,-0.8402701582878187,1.3741951267365058,1.3741951267365058,1.0
785.5,1,0.1737448823015213,0.9489087659881781,1.2821606341149427,1.2821606341149427,1.0
785.5492679785785,2,0.7254579722444428,-1.1806456810348989,2.5590180566063125,2.5590180566063125,1.0
785.7492679785786,2,1.5649135413250534,0.5975040191656271,4.144910614223233,4.144910614223233,1.0
785.75,1,-0.26480373925834333,-0.6445530746042563,0.6716962539632282,0.6716962539632282,1.0
785.9492679785785,2,0.6971184637685792,0.8210443747942815,1.5863481740795038,1.5863481740795038,1.0
786.0,1,-0.05935943506303576,-0.35860119030511406,0.18202445123058072,0.18202445123058072,1.0
786.1492679785786,2,-0.41539861574993653,-0.5593949879663569,0.6564510811173196,0.6564510811173196,1.0
786.25,1,-0.19696751923175437,-0.5440733591095093,0.4626245936879854,0.4626245936879854,1.0
786.3492679785785,2,-0.1448374947265103,0.44170246389345014,0.27868376085549895,0.27868376085549895,1.0
786.5,1,-1.0912532068809924,-0.7526137254808134,2.473573344328022,2.473573344328022,1.0
786.5492679785785,2,-1.9477349701338986,0.7687450937935152,6.470788642858359,6.470788642858359,1.0
786.7492679785786,2,0.4090417479939339,-0.7229013551640229,0.9138773546528385,0.9138773546528385,1.0
786.75,1,-0.5479795144252062,-0.20040678850109206,0.4825742136720834,0.4825742136720834,1.0
786.9492679785785,2,0.8133363816018893,-0.2623464551235779,1.0847565943260358,1.0847565943260358,1.0
787.0,1,-0.8821240040420375,2.0045699484259956,6.638356044624646,6.638356044624646,1.0
787.1492679785786,2,1.1755996595299503,0.6310754680637487,2.58862167073487,2.58862167073487,1.0
787.25,1,0.005915959820025574,-0.4292099793812456,0.25360790211754486,0.25360790211754486,1.0
787.3492679785785,2,0.13060020063184608,0.3601018635019013,0.18992247383857006,0.18992247383857006,1.0
787.5,1,0.21629783473081865,0.031170972700913957,0.06789105507994134,0.06789105507994134,1.0
787.5492679785785,2,-0.3890564114133377,-0.7380787350657618,0.9181623984145092,0.9181623984145092,1.0
787.7492679785786,2,-0.291498920594508,0.5362627608556316,0.49219531696019825,0.49219531696019825,1.0
787.75,1,0.23592366580693502,0.5673995505594895,0.5223955553670568,0.5223955553670568,1.0
787.9492679785785,2,1.7326578666587036,0.7911236163287407,5.319805275569241,5.319805275569241,1.0
788.0,1,-1.1044685738884685,0.001995417768046792,1.7356295653590856,1.7356295653590856,1.0
788.1492679785786,2,0.3558156909739476,0.6504770858169557,0.7266733379287875,0.7266733379287875,1.0
788.25,1,1.2950108881151536,-0.41145234333092784,2.61893056254852,2.61893056254852,1.0
788.3492679785785,2,0.8089143216816486,-1.1308313468916147,2.6061755448888713,2.6061755448888713,1.0
788.5,1,0.72116664134018,-0.0866702296706574,0.7501819159957702,0.7501819159957702,1.0
788.5492679785785,2,0.9234660218110635,-0.33803356818852937,1.4310590999776935,1.4310590999776935,1.0
788.7492679785786,2,-0.1548307334183021,-0.035087603186672034,0.037708474525914526,0.037708474525914526,1.0
788.75,1,0.1705900312356352,0.4354633131280554,0.3024565362443201,0.3024565362443201,1.0
788.9492679785785,2,-0.5671758822890731,0.5970030653023404,0.9363675303854386,0.9363675303854386,1.0
789.0,1,1.2049246043369073,0.9511897849005457,3.3111142091273167,3.3111142091273167,1.0
789.1492679785786,2,1.9441470278064847,0.5259436840161031,6.050762277141565,6.050762277141565,1.0
789.25,1,-0.4767639526584242,0.44464533701088893,0.5955049982932078,0.5955049982932078,1.0
789.3492679785785,2,-0.3524554998787526,-0.08964102260471307,0.19754367926759628,0.19754367926759628,1.0
789.5,1,-0.7411699099209201,1.3991086306839566,3.475480398626395,3.475480398626395,1.0
789.5492679785785,2,-1.0821901088948365,-0.03346911554800158,1.767977227975468,1.767977227975468,1.0
789.7492679785786,2,-0.6375026973666342,0.1091066960574425,0.6279240863971899,0.6279240863971899,1.0
789.75,1,0.30639157173579235,0.0804139702114739,0.14248217498064142,0.14248217498064142,1.0
789.9492679785785,2,0.5139740093891292,0.35411248159887787,0.5571455580416567,0.5571455580416567,1.0
790.0,1,0.5117928624909129,-0.9026378525243821,1.494193715218189,1.494193715218189,1.0
790.1492679785786,2,0.6796701786553068,0.49549648364440113,1.007570062288342,1.007570062288342,1.0
790.25,1,0.1532463419011565,0.18145697794717375,0.07873048837105923,0.07873048837105923,1.0
790.3492679785785,2,-0.7141937346307667,-1.3247669645198568,2.9915869355160654,2.9915869355160654,1.0
790.5,1,0.6530464257998849,0.36475116657561735,0.7897777460825086,0.7897777460825086,1.0
790.5492679785785,2,0.6121487101218497,-1.13382625972215,2.193176621819308,2.193176621819308,1.0
790.7492679785786,2,0.30145609328567824,0.3591371953634894,0.3003203252419886,0.3003203252419886,1.0
790.75,1,0.45046225346130386,-0.1721258994190853,0.3295249696056091,0.3295249696056091,1.0
790.9492679785785,2,0.5929197961801711,0.0015077421044447092,0.5301747833485176,0.5301747833485176,1.0
791.0,1,0.30730354296253104,0.2790185864610173,0.24152698296994318,0.24152698296994318,1.0
791.1492679785786,2,1.0625582504239683,1.296521205681346,3.8311314613311995,3.8311314613311995,1.0
791.25,1,0.07965833644982023,0.7907796821382904,0.8697218245295194,0.8697218245295194,1.0
791.3492679785785,2,0.08744566199944792,0.04914806050776921,0.014592231659927683,0.014592231659927683,1.0
791.5,1,-0.6967231936957989,-1.3894103969420009,3.3473464743234085,3.3473464743234085,1.0
791.5492679785785,2,1.162777138468174,-0.8678771587202188,2.9932606500138594,2.9932606500138594,1.0
791.7492679785786,2,0.1484147340451174,0.07295510784875958,0.039953947215519564,0.039953947215519564,1.0
791.75,1,-1.3179948335059528,-0.2623757477853559,2.566585647524378,2.566585647524378,1.0
791.9492679785785,2,-0.7124761831064719,-0.5110560456158773,1.0961997325910293,1.0961997325910293,1.0
792.0,1,0.20639949850803996,0.058499998036817935,0.06532379884678936,0.06532379884678936,1.0
792.1492679785786,2,0.1951184014864462,-0.7660044477532213,0.8003414435069244,0.8003414435069244,1.0
792.25,1,-0.1562218505745867,0.4884289026445101,0.3630737297842475,0.3630737297842475,1.0
792.3492679785785,2,-2.3337245402919113,-1.6640029783322494,9.248161569560125,11.720701373271158,1.2725589826118828
792.5,1,0.9835111736449551,-1.050514584948464,2.8946131024388575,2.8946131024388575,1.0
792.5492679785785,2,-1.035719468847312,0.41011914567008567,1.8309472433416385,1.8309472433416385,1.0
792.7492679785786,2,0.24807230917161283,0.15971355061189652,0.12508321798043506,0.12508321798043506,1.0
792.75,1,-0.5185912738099381,-0.010765484199231956,0.3828149425813166,0.3828149425813166,1.0
792.9492679785785,2,0.16756922465927504,0.19628690187299203,0.0911186199551077,0.0911186199551077,1.0
793.0,1,0.10683852560512541,-0.9617898450370164,1.2894717401827989,1.2894717401827989,1.0
793.1492679785786,2,1.1844335872511804,-0.6669010240832418,2.678751216226232,2.678751216226232,1.0
793.25,1,-0.6092975823038937,0.6428019200531834,1.096801157856896,1.096801157856896,1.0
793.3492679785785,2,-1.0145845733366792,-0.02057986294777603,1.5530479798413197,1.5530479798413197,1.0
793.5,1,-1.5480490611529376,-0.9042036710854973,4.5339978629347755,4.5339978629347755,1.0
793.5492679785785,2,0.5909781523819646,-0.6843960592964589,1.1198948223166856,1.1198948223166856,1.0
793.7492679785786,2,1.0745526116914483,0.013742254722894032,1.7413211163454083,1.7413211163454083,1.0
793.75,1,0.7496809463072442,0.7115983872449432,1.4967229973853895,1.4967229973853895,1.0
793.9492679785785,2,-0.9375887453642329,0.9121478677623509,2.3789397050005974,2.3789397050005974,1.0
794.0,1,-0.9468752720813032,-0.4891707399093419,1.6049460428130033,1.6049460428130033,1.0
794.1492679785786,2,1.2112888727693232,-0.8352720705321373,3.096029226124668,3.096029226124668,1.0
794.25,1,0.6022117336559276,-0.2734548290090144,0.6188372079669453,0.6188372079669453,1.0
794.3492679785785,2,-0.5063553974484067,0.3662321495179848,0.5565261010472049,0.5565261010472049,1.0
794.5,1,-0.7081600314148475,-0.3936286459127132,0.9265893521859281,0.9265893521859281,1.0
794.5492679785785,2,0.146816569880321,0.6376154469866462,0.5473149826574669,0.5473149826574669,1.0
794.7492679785786,2,0.028423226117267664,1.8189779572587348,4.189663338172745,4.189663338172745,1.0
794.75,1,-1.7257520054676818,0.10871885173807261,4.25390998957648,4.25390998957648,1.0
794.9492679785785,2,0.7794886322791792,-1.425528495282665,3.4889235449812848,3.4889235449812848,1.0
795.0,1,-0.21276656473274347,-0.34395294372551044,0.2272447815140592,0.2272447815140592,1.0
795.1492679785786,2,-0.04969077788325427,1.2613099622202313,2.0179399141360883,2.0179399141360883,1.0
795.25,1,1.888642578029195,-0.3859222909370934,5.279426101242247,5.279426101242247,1.0
795.3492679785785,2,0.21011279450470433,1.2915345237665292,2.178646472718165,2.178646472718165,1.0
795.5,1,-0.06392255231288013,0.707409018941692,0.694497724538794,0.694497724538794,1.0
795.5492679785785,2,-1.2442408645385772,-0.5198164498050684,2.6772826596909516,2.6772826596909516,1.0
795.7492679785786,2,-0.24115823467128372,1.4554992025480136,2.7694902702823896,2.7694902702823896,1.0
795.75,1,1.3622965908337292,-0.7786066349939111,3.4751883652246236,3.4751883652246236,1.0
795.9492679785785,2,0.6899383359834257,0.10252356976356225,0.7311454105474341,0.7311454105474341,1.0
796.0,1,0.7797670115463711,0.9068677556252469,1.997094845578998,1.997094845578998,1.0
796.1492679785786,2,0.13600231942368035,-0.725689809653749,0.6946527252955297,0.6946527252955297,1.0
796.25,1,0.7447375351324308,0.8876727213582853,1.8735346432756685,1.8735346432756685,1.0
796.3492679785785,2,1.001244568842109,-0.5473106733474276,1.8912867490012557,1.8912867490012557,1.0
796.5,1,1.4329763233948423,-0.007998218510349098,2.9210855591700056,2.9210855591700056,1.0
796.5492679785785,2,0.4324980139048482,-0.03371806239413111,0.28358511855831764,0.28358511855831764,1.0
796.7492679785786,2,0.23236207909780804,2.0280708251689767,5.288216303402198,5.288216303402198,1.0
796.75,1,-0.31639813134523864,0.4051420803535075,0.3683955927673379,0.3683955927673379,1.0
796.9492679785785,2,-0.38972703950658794,-1.2045695556136078,2.066013516518148,2.066013516518148,1.0
797.0,1,-0.3566658112803758,0.3984112382927467,0.39947891762132903,0.39947891762132903,1.0
797.1492679785786,2,-0.1201883454341739,-0.6838864965582707,0.6139423086468959,0.6139423086468959,1.0
797.25,1,0.7347719184793189,-0.958411835479895,2.0323087528683335,2.0323087528683335,1.0
797.3492679785785,2,-0.12025451254154618,-0.5483357464707979,0.4025206720877213,0.4025206720877213,1.0
797.5,1,-0.22273697958730043,2.165185346225971,6.522304903384458,6.522304903384458,1.0
797.5492679785785,2,1.4705388466064804,1.1421697610025725,4.913766578018183,4.913766578018183,1.0
797.7492679785786,2,-1.8412944627613315,-0.29738159395956787,5.224373957058756,5.224373957058756,1.0
797.75,1,-0.2783359951157669,0.9465919289173752,1.3437088437630589,1.3437088437630589,1.0
797.9492679785785,2,0.7783198709706671,-0.5933088683112651,1.3592002129701348,1.3592002129701348,1.0
798.0,1,0.4282466769751565,0.28135343194115103,0.36989201342939443,0.36989201342939443,1.0
798.1492679785786,2,-0.8618539144291364,-0.29549670031449926,1.2307987217697296,1.2307987217697296,1.0
798.25,1,0.1621645024131695,-2.274917022226881,7.160338981176858,7.160338981176858,1.0
798.3492679785785,2,0.829633009498969,-1.6213781286144169,4.366803009888856,4.366803009888856,1.0
798.5,1,1.1112799287302126,-0.8304794070879615,2.7059084394476542,2.7059084394476542,1.0
798.5492679785785,2,0.812015832202426,0.37289797890681164,1.1706619946245596,1.1706619946245596,1.0
798.7492679785786,2,-0.5994214941867884,-0.6641819484939346,1.1002598769748668,1.1002598769748668,1.0
798.75,1,-0.14833851544490662,-0.9399469188687575,1.247534669153929,1.247534669153929,1.0
798.9492679785785,2,2.71328824965288,0.07451115422631105,9.241495414914157,11.1091812938721,1.2061640335978705
799.0,1,0.22285288654054014,0.2697811621325519,0.1708324524383441,0.1708324524383441,1.0
799.1492679785786,2,-0.3733395066736849,0.18657290445411423,0.25426778077106016,0.25426778077106016,1.0
799.25,1,0.6717361072962409,0.9833125161333989,1.9726282493786744,1.9726282493786744,1.0
799.3492679785785,2,0.2604292819188023,-1.65129440415111,3.554769005255874,3.554769005255874,1.0
799.5,1,0.04633108646221151,-0.7109520525716309,0.6986328401431571,0.6986328401431571,1.0
799.5492679785785,2,0.6417643677306422,0.32777461203387004,0.757249265945134,0.757249265945134,1.0
799.7492679785786,2,-0.564394932541493,0.015418752540905523,0.48061513261484407,0.48061513261484407,1.0
799.75,1,-1.4439633793076654,-0.0674752666431111,2.972947876399359,2.972947876399359,1.0
799.9492679785785,2,1.5461183774281233,0.3514037928746774,3.761102878286317,3.761102878286317,1.0
800.0,1,0.8920137227088973,0.3468328931075111,1.297615145998913,1.297615145998913,1.0
800.1492679785786,2,0.9160075598976984,0.370121926264654,1.4388279918798594,1.4388279918798594,1.0
800.25,1,-0.22199251116534136,-0.32890213917300537,0.21898879083413963,0.21898879083413963,1.0
800.3492679785785,2,1.8525832036833725,-0.6166714896078855,5.6577480687028645,5.6577480687028645,1.0
800.5,1,-0.24338645708647544,-0.21021908742588336,0.14507834063677935,0.14507834063677935,1.0
800.5492679785785,2,-0.3007949016250686,1.0497507700145632,1.5318487748857423,1.5318487748857423,1.0
800.7492679785786,2,-0.675598372555493,-0.6902820942309069,1.2914258711596744,1.2914258711596744,1.0
800.75,1,-1.2446087596383162,0.4750461747646866,2.5147364716270273,2.5147364716270273,1.0
800.9492679785785,2,0.4216843994312591,-0.12347267838330023,0.2874480397864292,0.2874480397864292,1.0
801.0,1,-1.276713685929828,0.6098012528566237,2.8308959591934526,2.8308959591934526,1.0
801.1492679785786,2,1.1529332295876884,0.9810879713757785,3.22329862107419,3.22329862107419,1.0
801.25,1,-0.6619436842124662,2.506198424262557,9.2114631744985,9.267968748504007,1.0062569214817696
801.3492679785785,2,0.8614503554624406,0.4079510359232481,1.3299647688038732,1.3299647688038732,1.0
801.5,1,0.1315491809727889,1.126168046434087,1.7699655757424806,1.7699655757424806,1.0
801.5492679785785,2,0.22431470186891334,-0.5511798958782665,0.46058444908870594,0.46058444908870594,1.0
801.7492679785786,2,-0.03102145581488136,-0.1514330951566647,0.0304806200971252,0.0304806200971252,1.0
801.75,1,0.15646074370678154,1.1018702228740866,1.7061386373747753,1.7061386373747753,1.0
801.9492679785785,2,-0.39356378919084056,1.4586941013247894,2.9273403735921835,2.9273403735921835,1.0
802.0,1,-0.538752257322376,0.4583754769622166,0.7021602023888502,0.7021602023888502,1.0
802.1492679785786,2,-0.03001082742367389,0.2316950938138982,0.06932506588949142,0.06932506588949142,1.0
802.25,1,0.311427034624002,1.2194761242133043,2.1847281146823274,2.1847281146823274,1.0
802.3492679785785,2,0.5821713715802841,-1.0943673156457643,2.0276033946007614,2.0276033946007614,1.0
802.5,1,-0.7236016146293753,-1.0600916453782565,2.2913786935611826,2.2913786935611826,1.0
802.5492679785785,2,0.04735944070911913,0.731336392742759,0.6806531693641352,0.6806531693641352,1.0
802.7492679785786,2,0.39253170475103394,-0.8509457329745769,1.1489953429346569,1.1489953429346569,1.0
802.75,1,0.18163097682106377,0.5991071977693045,0.5410336831606488,0.5410336831606488,1.0
802.9492679785785,2,-0.7157375338152785,0.2961687507863697,0.8835778399073598,0.8835778399073598,1.0
803.0,1,-0.09745351185847273,0.4668989709277569,0.31357138701977105,0.31357138701977105,1.0
803.1492679785786,2,-1.3522575241128068,-0.23482806133584866,2.8275946219715253,2.8275946219715253,1.0
803.25,1,-0.8371205385377549,-0.4511078492416263,1.2770224990443306,1.2770224990443306,1.0
803.3492679785785,2,-0.29088020109398105,-0.17077093567225,0.16454047275070705,0.16454047275070705,1.0
803.5,1,0.9956601232827196,0.6557358960425765,2.001941929468066,2.001941929468066,1.0
803.5492679785785,2,1.1508972070032892,0.19826602967890006,2.047702097859664,2.047702097859664,1.0
803.7492679785786,2,0.9018710974212445,0.04571456246036565,1.2291447004335758,1.2291447004335758,1.0
803.75,1,0.09532907987885464,0.9104868687167209,1.1541005401404647,1.1541005401404647,1.0
803.9492679785785,2,0.08792455097870722,1.4913960773666632,2.827600085941894,2.827600085941894,1.0
804.0,1,0.09467152594241801,-0.38101328063108664,0.21257450735906938,0.21257450735906938,1.0
804.1492679785786,2,0.3132275965152793,-1.7950934915635697,4.227813254995533,4.227813254995533,1.0
804.25,1,0.3363243893575545,1.6701438906448276,4.000058481129999,4.000058481129999,1.0
804.3492679785785,2,0.6137287301747985,-0.23094902186723187,0.6356420054802263,0.6356420054802263,1.0
804.5,1,1.637286485529268,0.24967329315033382,3.8991413152641967,3.8991413152641967,1.0
804.5492679785785,2,-0.19237853897338208,-0.6385900954388908,0.5722144284536536,0.5722144284536536,1.0
804.7492679785786,2,-0.559392887049524,-1.2550968324202103,2.4660359593062484,2.4660359593062484,1.0
804.75,1,-0.6296718416644449,-0.32110465832646495,0.706104542839987,0.706104542839987,1.0
804.9492679785785,2,-0.11056689427634625,-0.5476295050335955,0.3981126761717228,0.3981126761717228,1.0
805.0,1,-1.2923296221169926,0.37912567389306906,2.5740646208075546,2.5740646208075546,1.0
805.1492679785786,2,1.070024826747094,-0.46530978659114464,2.000900129703254,2.000900129703254,1.0
805.25,1,-0.6035967782741309,-1.018987118762613,1.9474256847559248,1.9474256847559248,1.0
805.3492679785785,2,0.5459213986353202,-0.1564217623708073,0.4804915636385621,0.4804915636385621,1.0
805.5,1,-1.003308353829226,-0.3534720929829782,1.6039031387757083,1.6039031387757083,1.0
805.5492679785785,2,0.6090989252726018,0.6014764103332393,1.0177265507491406,1.0177265507491406,1.0
805.7492679785786,2,-0.49432670977738624,-0.8094691281489881,1.197969060356625,1.197969060356625,1.0
805.75,1,-0.799491244440329,-0.10883191998260244,0.9258172297188556,0.9258172297188556,1.0
805.9492679785785,2,1.0522392352680852,0.062037798566981994,1.6746004188471313,1.6746004188471313,1.0
806.0,1,1.3725234210261867,0.6648946371189726,3.288806300274002,3.288806300274002,1.0
806.1492679785786,2,-0.7266531351548795,-0.3347957057062594,0.9382660624877208,0.9382660624877208,1.0
806.25,1,-0.501918099617721,-0.5185823750827949,0.7285399706166167,0.7285399706166167,1.0
806.3492679785785,2,-0.8157537545332296,0.7499097559582628,1.715763061947226,1.715763061947226,1.0
806.5,1,-0.2499032872939666,0.290951346139817,0.20534136024903288,0.20534136024903288,1.0
806.5492679785785,2,-0.18028791613531903,1.6300567762116893,3.413704902128713,3.413704902128713,1.0
806.7492679785786,2,-1.2801911281882492,-0.8515204747169627,3.3892757470519457,3.3892757470519457,1.0
806.75,1,1.7210458605392176,-1.1442909308363847,6.017244966348075,6.017244966348075,1.0
806.9492679785785,2,-0.21313271717436644,0.07961796234457674,0.07652988228334559,0.07652988228334559,1.0
807.0,1,-0.39715229737290647,1.2895590438263391,2.5134604202919117,2.5134604202919117,1.0
807.1492679785786,2,-0.22606035350667053,1.0248780714703898,1.4069769908862557,1.4069769908862557,1.0
807.25,1,0.05159188644024226,1.1417978547050476,1.7981526938296153,1.7981526938296153,1.0
807.3492679785785,2,-1.6283693643284987,-1.1279944113708322,5.6104471407412415,5.6104471407412415,1.0
807.5,1,0.5690086974186499,0.7297503385927917,1.1934725489292006,1.1934725489292006,1.0
807.5492679785785,2,-0.34481252366133486,1.7965067285049643,4.266270986257064,4.266270986257064,1.0
807.7492679785786,2,1.0109161870396977,0.3806880613885033,1.7245207466963417,1.7245207466963417,1.0
807.75,1,0.017362769376377596,-0.7731358826986714,0.8232841397931243,0.8232841397931243,1.0
807.9492679785785,2,-0.6924584908477458,0.5774535508355458,1.1452786170506428,1.1452786170506428,1.0
808.0,1,0.18982316208217176,1.321995601610439,2.4569203013615413,2.4569203013615413,1.0
808.1492679785786,2,1.3532731422279607,-0.20615316459127575,2.8158092630978375,2.8158092630978375,1.0
808.25,1,-1.2626258184635115,0.09118070919891608,2.2795030267546124,2.2795030267546124,1.0
808.3492679785785,2,-0.7605018228714515,0.36991871750597394,1.045608938562217,1.045608938562217,1.0
808.5,1,-0.5193579195514642,-0.9250475377594651,1.5613751767601587,1.5613751767601587,1.0
808.5492679785785,2,-0.21688096995047923,0.2848057536642945,0.17366730707513658,0.17366730707513658,1.0
808.7492679785786,2,-0.15755918278116976,-0.24596809786574214,0.1140250737898442,0.1140250737898442,1.0
808.75,1,0.07182846429104517,0.47638194893750585,0.3197504486832729,0.3197504486832729,1.0
808.9492679785785,2,0.3579016252226963,0.24218031726874445,0.2674289780535153,0.2674289780535153,1.0
809.0,1,-0.13211493232833504,1.2598821759152599,2.2097462600792497,2.2097462600792497,1.0
809.1492679785786,2,-0.6823186051702099,1.750258126437406,4.580816069826739,4.580816069826739,1.0
809.25,1,0.5260301902490858,-0.3349725391757499,0.5481035686153733,0.5481035686153733,1.0
809.3492679785785,2,-0.17781765573766162,1.0886424840000846,1.5483449534436668,1.5483449534436668,1.0
809.5,1,0.5008866078032246,0.9511508908679107,1.601972546486857,1.601972546486857,1.0
809.5492679785785,2,-0.08573371126153795,1.0501399684743604,1.407571147161136,1.407571147161136,1.0
809.7492679785786,2,0.8408864806307903,-0.2769722021510508,1.163380827640971,1.163380827640971,1.0
809.75,1,0.27652782765133965,0.5172654576592923,0.4771421975647876,0.4771421975647876,1.0
809.9492679785785,2,-1.4294668581206422,-0.7976334102540488,3.8870412529084675,3.8870412529084675,1.0
810.0,1,-0.2996464152380911,-1.4889427295383981,3.1793752472579917,3.1793752472579917,1.0
810.1492679785786,2,0.7643243359553766,0.9336157693596401,1.984679759613302,1.984679759613302,1.0
810.25,1,-0.8725694697819897,-0.01691950811229681,1.0835904062742272,1.0835904062742272,1.0
810.3492679785785,2,-0.08813766259132683,-0.03818300877525482,0.013562913567434493,0.013562913567434493,1.0
810.5,1,-0.4333470184386372,0.9569482749454035,1.5274399709642819,1.5274399709642819,1.0
810.5492679785785,2,0.8628169095423741,-0.18840929755642088,1.1678920573630578,1.1678920573630578,1.0
810.7492679785786,2,-0.15944075315886375,0.3066066704661137,0.15734363334923357,0.15734363334923357,1.0
810.75,1,-1.8544624249437178,-0.3280452978625712,5.041689123922574,5.041689123922574,1.0
810.9492679785785,2,-0.2640340708572544,0.6516815951099417,0.6428084748793323,0.6428084748793323,1.0
811.0,1,0.1856208330463418,0.9883016069490798,1.3935043667207405,1.3935043667207405,1.0
811.1492679785786,2,-1.3809254718011252,-0.235864443374604,2.9464852455794723,2.9464852455794723,1.0
811.25,1,-0.2131693475189973,-1.3250780000933542,2.4813307682613464,2.4813307682613464,1.0
811.3492679785785,2,2.1843541927759906,0.0229664692308309,7.197375894195947,7.197375894195947,1.0
811.5,1,1.4971313494306826,1.8397346557473981,7.84660043695391,7.84660043695391,1.0
811.5492679785785,2,-0.5138756082380915,-0.863077644921989,1.341607808053376,1.341607808053376,1.0
811.7492679785786,2,1.6638031199333092,0.898308706157497,5.195988072356123,5.195988072356123,1.0
811.75,1,0.7104725160975729,0.16382319123901823,0.7552075120271782,0.7552075120271782,1.0
811.9492679785785,2,0.12086830074403965,1.5668503562004261,3.1301963139951536,3.1301963139951536,1.0
812.0,1,-1.1206031953638673,0.18906352436259466,1.8359042038806268,1.8359042038806268,1.0
812.1492679785786,2,-0.0171734889498234,-0.04548982488405873,0.0030648545557460417,0.0030648545557460417,1.0
812.25,1,-0.5285931882279198,0.6360829080634858,0.9543969126796426,0.9543969126796426,1.0
812.3492679785785,2,0.763830122650192,-0.8660637505698361,1.829753089204352,1.829753089204352,1.0
812.5,1,0.5043370148402282,-0.08594338012393354,0.37199984413696513,0.37199984413696513,1.0
812.5492679785785,2,-0.0675743565372251,-0.08827860534383247,0.01675642764331606,0.01675642764331606,1.0
812.7492679785786,2,-0.19176947032891878,0.310727264068825,0.17768602445570908,0.17768602445570908,1.0
812.75,1,0.04036351043980213,-0.5336753844715891,0.39439408861307507,0.39439408861307507,1.0
812.9492679785785,2,-0.5234196435322187,0.6948415413820979,1.0244186352979132,1.0244186352979132,1.0
813.0,1,-1.207380612485148,0.5943109473055952,2.5603224891864484,2.5603224891864484,1.0
813.1492679785786,2,1.3050343852072546,-1.2391247057849872,4.512687660284444,4.512687660284444,1.0
813.25,1,-0.5547508268837125,1.1034365518332683,2.1136678083352622,2.1136678083352622,1.0
813.3492679785785,2,-0.18046519155299867,-0.059315487460250615,0.053576937591198553,0.053576937591198553,1.0
813.5,1,-1.3345412672856392,-0.7560282944587551,3.320205176427697,3.320205176427697,1.0
813.5492679785785,2,-1.842652509262181,-1.6483476631712546,8.56227774853867,8.56227774853867,1.0
813.7492679785786,2,0.6416692505859409,-0.1695447792507725,0.6572809686678667,0.6572809686678667,1.0
813.75,1,1.8527237702449781,0.663594498165915,5.490594778251834,5.490594778251834,1.0
813.9492679785785,2,0.08315310962729638,1.2187917722164059,1.8910801364070495,1.8910801364070495,1.0
814.0,1,0.16692536071034159,0.5862617657566085,0.5127531550175137,0.5127531550175137,1.0
814.1492679785786,2,-0.6807795693446801,-0.9341702499116339,1.8039134071388743,1.8039134071388743,1.0
814.25,1,1.6862809295388594,-0.04506528616386318,4.048261951855613,4.048261951855613,1.0
814.3492679785785,2,0.5178416618798478,-0.027690306977141255,0.40543753113551895,0.40543753113551895,1.0
814.5,1,1.1761753429561694,0.724812409840907,2.690963754723551,2.690963754723551,1.0
814.5492679785785,2,-0.07008449667220829,-0.18625965798373723,0.051341121325232046,0.051341121325232046,1.0
814.7492679785786,2,-1.3292975745247495,-0.0893176160265916,2.6747309788246683,2.6747309788246683,1.0
814.75,1,-0.7639228272613066,-0.03487113902806138,0.8320749274363379,0.8320749274363379,1.0
814.9492679785785,2,-0.09556125398067516,0.030535093757008802,0.014952179438829769,0.014952179438829769,1.0
815.0,1,1.1224681540816088,0.8477143366009006,2.7818377053053234,2.7818377053053234,1.0
815.1492679785786,2,-0.15081998733316304,0.865758650526147,0.9833249610739875,0.9833249610739875,1.0
815.25,1,-0.036612662219035474,-0.8979218330799492,1.1116309817196692,1.1116309817196692,1.0
815.3492679785785,2,-0.13079310043649617,-1.19417694275958,1.831519685359109,1.831519685359109,1.0
815.5,1,0.1216101115275876,-1.7578163767295407,4.273551754504633,4.273551754504633,1.0
815.5492679785785,2,-0.6400799254183847,-0.7133498451860149,1.2623914811029526,1.2623914811029526,1.0
815.7492679785786,2,0.7499323847330619,0.8164953913748989,1.6920483526189964,1.6920483526189964,1.0
815.75,1,-1.0906188400628682,0.2112292539682099,1.7539464214519487,1.7539464214519487,1.0
815.9492679785785,2,0.3673015590056343,-0.6485943184115861,0.7360496664316143,0.7360496664316143,1.0
816.0,1,0.561344494097106,-0.19833707608115847,0.5024887300555306,0.5024887300555306,1.0
816.1492679785786,2,-0.3213024484888596,-0.398600755145337,0.3568659506446397,0.3568659506446397,1.0
816.25,1,1.280706847686349,-0.6980008918599052,3.0040820521096374,3.0040820521096374,1.0
816.3492679785785,2,0.8119825256461244,-0.31076943376849253,1.1167378697927925,1.1167378697927925,1.0
816.5,1,-0.8013690295804499,-0.16920467573727604,0.9529558997588948,0.9529558997588948,1.0
816.5492679785785,2,-0.2883302939856054,-0.03750683341122141,0.12718256566231848,0.12718256566231848,1.0
816.7492679785786,2,-0.39635421928694026,1.7605252522810477,4.160662271754628,4.160662271754628,1.0
816.75,1,-0.6512578663107451,1.320967231417824,3.005675825342494,3.005675825342494,1.0
816.9492679785785,2,0.4201827724401588,-1.0127994158448974,1.5649208066623512,1.5649208066623512,1.0
817.0,1,0.17703039148727084,0.9448815917639906,1.2735341827343383,1.2735341827343383,1.0
817.1492679785786,2,-1.7086670039482161,-1.5800653734970955,7.5642824078740265,7.5642824078740265,1.0
817.25,1,0.5156705493938134,1.4071109970183453,3.1034916847523015,3.1034916847523015,1.0
817.3492679785785,2,-0.52475687178914,1.7553615554947628,4.316967356038757,4.316967356038757,1.0
817.5,1,0.8917012242501117,-0.6990169551815374,1.8035890121378908,1.8035890121378908,1.0
817.5492679785785,2,-0.9149333514154825,0.7478684867792409,1.9709617291952166,1.9709617291952166,1.0
817.7492679785786,2,0.04948215807635803,-0.6829669534089797,0.5941894637272134,0.5941894637272134,1.0
817.75,1,0.8653412443310184,1.258387169564141,3.2454666831144894,3.2454666831144894,1.0
817.9492679785785,2,0.5694734776633636,0.6343167951376487,0.9984747069277464,0.9984747069277464,1.0
818.0,1,0.14375191341534022,-1.1019563399997225,1.7009000394308262,1.7009000394308262,1.0
818.1492679785786,2,-0.20301447946028306,-2.704425497291558,9.212346639166247,9.322589942976153,1.0121873423203238
818.25,1,-0.022944768648178293,0.20365482209365315,0.057834441788463455,0.057834441788463455,1.0
818.3492679785785,2,-1.1566446002667652,0.9758214246805066,3.223573996292544,3.223573996292544,1.0
818.5,1,1.0382758849798195,-0.4218489768208499,1.7784432498833116,1.7784432498833116,1.0
818.5492679785785,2,0.29181812818462594,1.7809205357346118,4.144800427776311,4.144800427776311,1.0
818.7492679785786,2,0.30753642165031425,0.8794721885238916,1.1217978841678262,1.1217978841678262,1.0
818.75,1,-0.7488015651068443,0.6428366687790661,1.3667226314508185,1.3667226314508185,1.0
818.9492679785785,2,-0.5160481812795261,1.3163436779336335,2.5953573482047383,2.5953573482047383,1.0
819.0,1,0.2894933954937229,-0.5849895818629547,0.5902958215940419,0.5902958215940419,1.0
819.1492679785786,2,-0.9813184596776097,1.5848467326321345,4.632560166437896,4.632560166437896,1.0
819.25,1,0.3545358698761665,1.126414488462885,1.9251807337469675,1.9251807337469675,1.0
819.3492679785785,2,1.17306271000318,-0.6316783583600281,2.580778927703536,2.580778927703536,1.0
819.5,1,-0.16656180952166633,0.4869057205002598,0.3657428862640126,0.3657428862640126,1.0
819.5492679785785,2,-0.33898442641921944,-1.1813973370422985,1.940730187964902,1.940730187964902,1.0
819.7492679785786,2,0.2572282011681688,0.1889881467754133,0.14499189466213352,0.14499189466213352,1.0
819.75,1,2.1121148237380156,1.562021757655028,9.219153857755042,9.706625861703131,1.053883512409267
819.9492679785785,2,-0.07377531290429307,1.674294974836597,3.557195920107157,3.557195920107157,1.0
820.0,1,0.1382071437151169,1.3292356180839622,2.459220317032584,2.459220317032584,1.0
820.1492679785786,2,0.2679757728210499,0.26107429848784247,0.19460049656419898,0.19460049656419898,1.0
820.25,1,1.1207687218501121,-1.9245676288868583,6.884973894003098,6.884973894003098,1.0
820.3492679785785,2,0.46948506924136524,-0.3666385199643458,0.5026559604959623,0.5026559604959623,1.0
820.5,1,0.09737414424220092,-0.5718718482129732,0.46356525050681746,0.46356525050681746,1.0
820.5492679785785,2,-0.27128813859978473,0.12812281784279578,0.13179990627641025,0.13179990627641025,1.0
820.7492679785786,2,-0.7753695122059616,0.27974126883343975,1.0056367025174766,1.0056367025174766,1.0
820.75,1,0.7816336888307498,-0.5749040693176231,1.3243227724088826,1.3243227724088826,1.0
820.9492679785785,2,0.4696007656266534,-0.6088508877030891,0.8018776777919879,0.8018776777919879,1.0
821.0,1,-0.31857176217709604,-0.5869812490053585,0.6186572233324341,0.6186572233324341,1.0
821.1492679785786,2,1.709420337961595,-0.01356964279028905,4.407270834407488,4.407270834407488,1.0
821.25,1,0.6044618611972115,1.0638251094743745,2.0774559694170085,2.0774559694170085,1.0
821.3492679785785,2,-0.1834870335951304,0.8111499812886018,0.8839000881108221,0.8839000881108221,1.0
821.5,1,0.6170450158740362,0.5233482652951505,0.918561454130079,0.918561454130079,1.0
821.5492679785785,2,-0.30946979044833944,-0.38476654235370733,0.33193081830917004,0.33193081830917004,1.0
821.7492679785786,2,0.6219257456330973,-0.2937653570566444,0.6925086355522074,0.6925086355522074,1.0
821.75,1,1.064664882000785,0.19321006625664483,1.6642921733442793,1.6642921733442793,1.0
821.9492679785785,2,0.41838289630100256,-1.0156657068609263,1.5699817886489102,1.5699817886489102,1.0
822.0,1,-0.28777498221547315,0.26228623144833196,0.2125217980568278,0.2125217980568278,1.0
822.1492679785786,2,-1.5828181140284125,1.1150265255258025,5.352585000489229,5.352585000489229,1.0
822.25,1,1.0051347398884214,0.1423167213551939,1.4651901711783275,1.4651901711783275,1.0
822.3492679785785,2,0.2435355570213944,0.6000936034901044,0.5454341679600646,0.5454341679600646,1.0
822.5,1,-1.9731963955159701,-0.5281002618925514,5.922464201896089,5.922464201896089,1.0
822.5492679785785,2,-0.3500034077638472,-1.6763488097120751,3.7432811210899266,3.7432811210899266,1.0
822.7492679785786,2,-0.09916653613049009,1.143383620344904,1.6698241988017335,1.6698241988017335,1.0
822.75,1,1.4578870004327464,0.17730841230646233,3.067622802452166,3.067622802452166,1.0
822.9492679785785,2,-0.4746864466282741,-0.933017208001593,1.441914010421799,1.441914010421799,1.0
823.0,1,-0.72349314883066,-0.7684348327094443,1.5575568006257057,1.5575568006257057,1.0
823.1492679785786,2,0.34360447119851223,1.012931947587928,1.4771426406676866,1.4771426406676866,1.0
823.25,1,-1.2241992663061232,0.17612129371219631,2.1747956971789546,2.1747956971789546,1.0
823.3492679785785,2,-1.160751834463362,0.4080645201032479,2.2430270775543035,2.2430270775543035,1.0
823.5,1,0.8326462495657526,-0.7543916946888901,1.7694716735265905,1.7694716735265905,1.0
823.5492679785785,2,0.4004478927745312,1.086579748446736,1.736957008858348,1.736957008858348,1.0
823.7492679785786,2,0.21976015394683857,-0.8276076643408911,0.9399129913518603,0.9399129913518603,1.0
823.75,1,0.2587671104800442,-0.08174526504585411,0.10447910334943204,0.10447910334943204,1.0
823.9492679785785,2,0.6215380560525627,0.16322408770845986,0.6163097632289523,0.6163097632289523,1.0
824.0,1,0.15054315344907754,-0.5543075609753605,0.4551805962615346,0.4551805962615346,1.0
824.1492679785786,2,-0.12617411466964001,-0.2235132428090193,0.08726335296889096,0.08726335296889096,1.0
824.25,1,-0.6913355718007659,0.9705716909350487,1.9765066214392273,1.9765066214392273,1.0
824.3492679785785,2,1.1495715230883135,-5.775413370401328e-05,1.9932261027203368,1.9932261027203368,1.0
824.5,1,-0.7703376950240057,-0.8703001045557553,1.886559702913808,1.886559702913808,1.0
824.5492679785785,2,-0.2811223950701225,-0.8688202059925215,1.0750805457533241,1.0750805457533241,1.0
824.7492679785786,2,-1.0139925620013248,0.1516057154615078,1.5795487794414582,1.5795487794414582,1.0
824.75,1,-0.5702079844504011,-0.3183039121967526,0.602124135833887,0.602124135833887,1.0
824.9492679785785,2,0.7631722648769521,1.0377055656038787,2.2416559936210665,2.2416559936210665,1.0
825.0,1,-0.11524043785580673,1.0758251871172955,1.6120449729744262,1.6120449729744262,1.0
825.1492679785786,2,-0.19575336881513805,-0.009779978118665156,0.05791361942542318,0.05791361942542318,1.0
825.25,1,0.3836466974592181,0.7197907217782507,0.9224897532267949,0.9224897532267949,1.0
825.3492679785785,2,-2.0106617765450916,0.77489732136888,6.85798421338812,6.85798421338812,1.0
825.5,1,0.7929268391024251,-0.9033060998674848,2.0173617629568557,2.0173617629568557,1.0
825.5492679785785,2,1.3004809770666856,-0.009167204428589815,2.5511953852966576,2.5511953852966576,1.0
825.7492679785786,2,-0.2545932801670492,-0.08329765387622073,0.10652625370004411,0.10652625370004411,1.0
825.75,1,1.3056624310484886,-0.24826515789165166,2.510608036372037,2.510608036372037,1.0
825.9492679785785,2,-0.9545672527183922,0.13907780873970943,1.3986402859358196,1.3986402859358196,1.0
826.0,1,0.16927920543497343,0.14748649823917082,0.07071301366428065,0.07071301366428065,1.0
826.1492679785786,2,1.1632172381578927,0.04581402899179837,2.0433401141075316,2.0433401141075316,1.0
826.25,1,1.2251936144933568,-0.23974040420752835,2.214686172581013,2.214686172581013,1.0
826.3492679785785,2,-0.8613936655746348,0.6429785206270598,1.6426357282110813,1.6426357282110813,1.0
826.5,1,0.9829414824405045,0.23591660172244755,1.4510236007392354,1.4510236007392354,1.0
826.5492679785785,2,-0.3927566594156713,0.09207525554224455,0.24341898688433983,0.24341898688433983,1.0
826.7492679785786,2,1.38349761113544,0.1390902920569299,2.9108277221793797,2.9108277221793797,1.0
826.75,1,-0.9609630805579965,-0.1721037131514147,1.3547887192707224,1.3547887192707224,1.0
826.9492679785785,2,-0.11366596115051153,0.29157531634988454,0.12711805400643644,0.12711805400643644,1.0
827.0,1,-0.3181486615691622,-0.28502216174260886,0.25583784903105905,0.25583784903105905,1.0
827.1492679785786,2,0.22969115278502894,0.27755133393288783,0.17710491808729928,0.17710491808729928,1.0
827.25,1,-0.7816651736127365,0.2460823568103489,0.9526052368732421,0.9526052368732421,1.0
827.3492679785785,2,-0.20185104909786045,0.09732096706202326,0.07344664443396064,0.07344664443396064,1.0
827.5,1,0.14675529320604652,0.6548518377391632,0.6208147654806737,0.6208147654806737,1.0
827.5492679785785,2,-1.3075691094505288,1.0909242749937786,4.086041789096351,4.086041789096351,1.0
827.7492679785786,2,-0.6894378572051048,0.18560165494967268,0.7603812248451703,0.7603812248451703,1.0
827.75,1,-1.0083600879464372,0.7608371282141912,2.2437208238968864,2.2437208238968864,1.0
827.9492679785785,2,1.6312887333384583,1.4659038844133725,6.733703964985706,6.733703964985706,1.0
828.0,1,0.9961947899621996,0.6500585785821189,1.9936774114580025,1.9936774114580025,1.0
828.1492679785786,2,-0.02661306217359649,0.33848290320389335,0.14612985329392653,0.14612985329392653,1.0
828.25,1,0.5432080455291464,-0.4937826901366145,0.7553861163290168,0.7553861163290168,1.0
828.3492679785785,2,0.34956451997059457,0.12433746427913761,0.20388253483382995,0.20388253483382995,1.0
828.5,1,0.14221991171861936,0.29125320038732394,0.14551816675600363,0.14551816675600363,1.0
828.5492679785785,2,0.7926300463565827,1.0989632923047532,2.4770325051172395,2.4770325051172395,1.0
828.7492679785786,2,-1.0258091421738313,-0.23664571473582688,1.6577022894134192,1.6577022894134192,1.0
828.75,1,-1.164291059506979,-0.8756424281016815,2.9844274612845005,2.9844274612845005,1.0
828.9492679785785,2,0.02403455639382579,-1.6280829394016139,3.35671107016891,3.35671107016891,1.0
829.0,1,-0.7459722544135627,-0.05593592128793297,0.7960654839300345,0.7960654839300345,1.0
829.1492679785786,2,0.07295929337113383,1.9437644898773783,4.791760691819006,4.791760691819006,1.0
829.25,1,1.4388307878624722,-1.2588716047364905,5.1265011527987205,5.1265011527987205,1.0
829.3492679785785,2,0.36717884694595326,1.7358076910400242,4.018522438630372,4.018522438630372,1.0
829.5,1,0.14730147955181605,1.0115545828283647,1.4391034463793733,1.4391034463793733,1.0
829.5492679785785,2,0.5997650607784554,1.8031487772302826,4.659837142655964,4.659837142655964,1.0
829.7492679785786,2,-0.27901577588809257,0.2958451050187082,0.22819641479266778,0.22819641479266778,1.0
829.75,1,0.09242270247903162,-0.010935217629641586,0.012319337731996768,0.012319337731996768,1.0
829.9492679785785,2,-0.28195447448963773,-1.1885872545529728,1.9084790616634533,1.9084790616634533,1.0
830.0,1,-0.31073508423540663,1.4264851899995783,2.938363565254327,2.938363565254327,1.0
830.1492679785786,2,-1.091404854107175,-0.8074011870327658,2.6218897505995398,2.6218897505995398,1.0
830.25,1,-0.18651652333329383,0.6215378683341131,0.5811992272563076,0.5811992272563076,1.0
830.3492679785785,2,-0.5490194862587405,-1.5075615178877615,3.3324408901695737,3.3324408901695737,1.0
830.5,1,1.2137195921177297,-0.35947032562130116,2.273418973083937,2.273418973083937,1.0
830.5492679785785,2,1.4339515681429025,-1.7346874207761647,6.912150750272289,6.912150750272289,1.0
830.7492679785786,2,0.5109648925127632,0.804655946375936,1.213375562350444,1.213375562350444,1.0
830.75,1,1.280991928137801,0.24515533259359745,2.417703897278336,2.417703897278336,1.0
830.9492679785785,2,0.5840016624639245,-0.7489240036337604,1.2244498804178723,1.2244498804178723,1.0
831.0,1,0.5229419853289656,0.20758672471216283,0.4484109684516402,0.4484109684516402,1.0
831.1492679785786,2,-1.247792540479872,0.9665779335050839,3.5311464337872582,3.5311464337872582,1.0
831.25,1,1.1652118999307177,0.49184005344587245,2.2645575841433554,2.2645575841433554,1.0
831.3492679785785,2,-0.6454888012487019,-0.4558591376958745,0.8915739164529228,0.8915739164529228,1.0
831.5,1,1.656697824491427,0.5387814464667583,4.303908981766545,4.303908981766545,1.0
831.5492679785785,2,-1.1066915081977617,0.5109785776724263,2.1780873729385837,2.1780873729385837,1.0
831.7492679785786,2,0.768944774281831,0.9077651909544597,1.9348184631762475,1.9348184631762475,1.0
831.75,1,0.7393061405443273,0.06396767440005202,0.7833773182603744,0.7833773182603744,1.0
831.9492679785785,2,-0.3562733346871203,0.23612222169816932,0.2620081894656483,0.2620081894656483,1.0
832.0,1,-1.0058110985509783,-0.396711030315078,1.6560319776576464,1.6560319776576464,1.0
832.1492679785786,2,0.010534322337466484,0.8190235015175327,0.8494908958555121,0.8494908958555121,1.0
832.25,1,-0.37400452411000895,1.2469849321924638,2.339230039405087,2.339230039405087,1.0
832.3492679785785,2,0.03065682536632275,0.3843319880677097,0.18845342658132544,0.18845342658132544,1.0
832.5,1,0.5071270704271782,0.2998433009002845,0.4895823278802295,0.4895823278802295,1.0
832.5492679785785,2,-0.9712538591452915,-1.252131392168761,3.408314986918999,3.408314986918999,1.0
832.7492679785786,2,0.4635625544223585,0.8269005384961046,1.1896620683501844,1.1896620683501844,1.0
832.75,1,0.0484650033158921,0.5186083637724546,0.37359196877300216,0.37359196877300216,1.0
832.9492679785785,2,0.022036957243293964,0.3994902507832509,0.20278364858979,0.20278364858979,1.0
833.0,1,-0.48560326544462146,0.7888978731391064,1.1921937839878427,1.1921937839878427,1.0
833.1492679785786,2,0.3174767656438377,-0.24839584383280167,0.23013409240886565,0.23013409240886565,1.0
833.25,1,0.18789165516912204,0.24585621346854206,0.1334208975652775,0.1334208975652775,1.0
833.3492679785785,2,0.9762358486970513,-0.23378023635889786,1.5066706000239223,1.5066706000239223,1.0
833.5,1,-1.5370208328003587,0.7223419847848018,4.078784427051348,4.078784427051348,1.0
833.5492679785785,2,-0.2541870150646251,0.8228154681646839,0.9547907346837494,0.9547907346837494,1.0
833.7492679785786,2,1.2262062508687053,-0.38420445262596914,2.4542263226140104,2.4542263226140104,1.0
833.75,1,-0.11993987916344792,-0.9336007721054114,1.220351044996553,1.220351044996553,1.0
833.9492679785785,2,-2.0261643959251208,-1.0927596546607419,7.703000708378934,7.703000708378934,1.0
834.0,1,0.4694483310389981,-0.03706972740998124,0.3154541232760016,0.3154541232760016,1.0
834.1492679785786,2,0.3892129431117267,1.075627692775087,1.693359958386711,1.693359958386711,1.0
834.25,1,0.12213465200881923,-0.1504035429477288,0.05235735184358392,0.05235735184358392,1.0
834.3492679785785,2,-1.4903032833266667,-1.0543082812797704,4.757443372037896,4.757443372037896,1.0
834.5,1,-0.6123444085119782,-0.17825460251936615,0.5771387258443426,0.5771387258443426,1.0
834.5492679785785,2,-0.856922649626884,0.8931821211313673,2.1178912569479458,2.1178912569479458,1.0
834.7492679785786,2,-1.6811060658167014,0.022270383507395075,4.262327390368009,4.262327390368009,1.0
834.75,1,-0.5216525299052995,0.8240488524431446,1.3220211061910283,1.3220211061910283,1.0
834.9492679785785,2,0.40390165849358356,0.5008582655351782,0.5636221527956522,0.5636221527956522,1.0
835.0,1,1.8732639656394805,-0.14070980619535634,5.020082948647435,5.020082948647435,1.0
835.1492679785786,2,-0.8424172494847015,1.2090420721664143,2.9211317776005665,2.9211317776005665,1.0
835.25,1,1.0283330271794642,-1.0706732219664634,3.082243610161215,3.082243610161215,1.0
835.3492679785785,2,-0.12403341500914519,1.6085990458828583,3.299686774160695,3.299686774160695,1.0
835.5,1,0.8613806351386318,0.09335678361473257,1.0674962984056018,1.0674962984056018,1.0
835.5492679785785,2,0.011644925101853151,-0.5186358670953821,0.3408234430744951,0.3408234430744951,1.0
835.7492679785786,2,-1.1626424429396718,-0.02834785924532135,2.0393968614824938,2.0393968614824938,1.0
835.75,1,0.20974763026957058,0.37716691393256235,0.25843305633353575,0.25843305633353575,1.0
835.9492679785785,2,-0.3998949159352076,0.13163897339077812,0.26310530047322683,0.26310530047322683,1.0
836.0,1,0.1990522276975175,0.17364451534597147,0.09787940290449261,0.09787940290449261,1.0
836.1492679785786,2,1.8023232214660263,-0.7595152869915975,5.629553813416933,5.629553813416933,1.0
836.25,1,-0.06430219564789558,-0.24907705325003265,0.09127212926935355,0.09127212926935355,1.0
836.3492679785785,2,-1.066826353990952,-0.4596639776335827,1.9841710963786885,1.9841710963786885,1.0
836.5,1,0.4212351229397328,-0.5966803879046836,0.7424008768510648,0.7424008768510648,1.0
836.5492679785785,2,0.701559890563768,-0.7410892768697144,1.4379014868123114,1.4379014868123114,1.0
836.7492679785786,2,-0.4887927587769251,-0.20852370743386167,0.4153282381217488,0.4153282381217488,1.0
836.75,1,0.5067392598915312,0.03977040861808023,0.36756852108945,0.36756852108945,1.0
836.9492679785785,2,0.8310920486547199,-0.6695978075848218,1.6092991305044564,1.6092991305044564,1.0
837.0,1,-1.4219290108994267,-0.9375763433749439,4.086781207423219,4.086781207423219,1.0
837.1492679785786,2,0.5602309302439484,1.689932079250213,4.089285487587352,4.089285487587352,1.0
837.25,1,0.9530998317010778,0.8568245575660058,2.302832436182781,2.302832436182781,1.0
837.3492679785785,2,0.8101813419912052,-1.370463258572892,3.368234966321377,3.368234966321377,1.0
837.5,1,-0.620902406964933,-0.5194074452536451,0.9197143405807819,0.9197143405807819,1.0
837.5492679785785,2,0.492422349139382,-0.16032277389613625,0.39830897145019317,0.39830897145019317,1.0
837.7492679785786,2,-1.2798109667005115,-0.44687493839845904,2.7227370383567777,2.7227370383567777,1.0
837.75,1,-0.38144320324533265,0.03872592089606497,0.20910188184247297,0.20910188184247297,1.0
837.9492679785785,2,-0.3495096334251784,-0.12837537724009906,0.2050874513986159,0.2050874513986159,1.0
838.0,1,0.49716323451588385,0.5542351782158585,0.7745089401501712,0.7745089401501712,1.0
838.1492679785786,2,-0.04740364653500723,-0.5624812028981542,0.4039763297107055,0.4039763297107055,1.0
838.25,1,-0.5641469620807892,-1.1856860459275733,2.38777036832886,2.38777036832886,1.0
838.3492679785785,2,0.24312156950774744,0.9826428261216092,1.3118077455390875,1.3118077455390875,1.0
838.5,1,-0.5761026907422209,0.20417320357824548,0.5295092137321729,0.5295092137321729,1.0
838.5492679785785,2,-0.3099261175431489,0.6906754940875552,0.7489661468940303,0.7489661468940303,1.0
838.7492679785786,2,-0.512948793218623,0.1820372242308811,0.4387225961615024,0.4387225961615024,1.0
838.75,1,1.6014555983194978,0.24249889087289317,3.730331178298236,3.730331178298236,1.0
838.9492679785785,2,-0.3925072779450587,-0.13963311348995366,0.25702266921703437,0.25702266921703437,1.0
839.0,1,0.9658544425140987,0.7430482856927568,2.08730591319776,2.08730591319776,1.0
839.1492679785786,2,-0.8401386396504168,1.8985922754410371,5.6285210545603395,5.6285210545603395,1.0
839.25,1,0.8087061536924287,1.2137469378591512,2.9581005252180725,2.9581005252180725,1.0
839.3492679785785,2,-0.21881508550611373,-0.7990078093693451,0.8805958016815427,0.8805958016815427,1.0
839.5,1,0.5608891474925741,1.175757647997087,2.3500735808724382,2.3500735808724382,1.0
839.5492679785785,2,-2.0228830090290795,-0.006474208626514155,6.1725743299208595,6.1725743299208595,1.0
839.7492679785786,2,0.7132448964786674,-0.3183942480607225,0.8954684817866415,0.8954684817866415,1.0
839.75,1,0.3770505876923895,1.7372800889282365,4.3571527226958455,4.3571527226958455,1.0
839.9492679785785,2,-0.5109117367350878,-0.5434903737638246,0.7676230672135854,0.7676230672135854,1.0
840.0,1,1.3255670781459146,-1.1723364902385174,4.391900201527967,4.391900201527967,1.0
840.1492679785786,2,-1.2448625488747243,-0.4211310971045392,2.5617722278822646,2.5617722278822646,1.0
840.25,1,-1.3284883536097243,-0.7723327726720524,3.3318789114389555,3.3318789114389555,1.0
840.3492679785785,2,1.620869369089168,-0.7011592831720712,4.5851531211879415,4.5851531211879415,1.0
840.5,1,0.4840357110087036,0.17274880419364302,0.3743615304524234,0.3743615304524234,1.0
840.5492679785785,2,0.43896447177302045,0.0605349335763552,0.29529676841450125,0.29529676841450125,1.0
840.7492679785786,2,1.2407398421729552,-0.2924888112569246,2.4297259591411446,2.4297259591411446,1.0
840.75,1,-1.3265103212046918,-1.3423772006620178,4.984511611621191,4.984511611621191,1.0
840.9492679785785,2,0.7558355237876868,-0.642209822922839,1.3837083367967598,1.3837083367967598,1.0
841.0,1,0.4831496261992685,-1.096711492496318,1.9877583422030387,1.9877583422030387,1.0
841.1492679785786,2,-0.8856357949816492,0.9347475012112356,2.2892446055662345,2.2892446055662345,1.0
841.25,1,0.7919562181476508,0.7827455810933288,1.7355955743100002,1.7355955743100002,1.0
841.3492679785785,2,-0.21976802405796447,0.6904721649014548,0.6765254571898627,0.6765254571898627,1.0
841.5,1,-0.0786031243107046,-0.32075067140571634,0.15037964535244516,0.15037964535244516,1.0
841.5492679785785,2,-0.22461011204669257,1.659960519975073,3.565408275228162,3.565408275228162,1.0
841.7492679785786,2,-0.05753735922371761,0.06109004032067422,0.00971674865862098,0.00971674865862098,1.0
841.75,1,1.4850398675499603,0.18180732531788757,3.1835922846488107,3.1835922846488107,1.0
841.9492679785785,2,0.3555564060327532,-0.3813678360792456,0.3747879806526393,0.3747879806526393,1.0
842.0,1,0.6677339465129364,-0.26531064984017294,0.7312812416326544,0.7312812416326544,1.0
842.1492679785786,2,0.5465604367639527,-1.6944382620094254,4.085776960369072,4.085776960369072,1.0
842.25,1,-0.49851873322800266,-1.0622179982576359,1.9065454819020689,1.9065454819020689,1.0
842.3492679785785,2,0.025520439030633613,-0.8813233340143334,0.9845021613533269,0.9845021613533269,1.0
842.5,1,-0.16237422952208025,-0.9717725963512016,1.3371614422568892,1.3371614422568892,1.0
842.5492679785785,2,0.9409118610030975,0.11819521455204529,1.3531141428784301,1.3531141428784301,1.0
842.7492679785786,2,0.2635169935734851,-0.8695922792205417,1.062019486989206,1.062019486989206,1.0
842.75,1,-1.1480789766826536,0.6858066782344823,2.5230374107195592,2.5230374107195592,1.0
842.9492679785785,2,-0.412275376333584,1.7689240980342638,4.217909027040317,4.217909027040317,1.0
843.0,1,-1.2975872309529968,1.1672447280471134,4.271074730869492,4.271074730869492,1.0
843.1492679785786,2,-1.001865763270626,-0.3118582617419594,1.6369654070369994,1.6369654070369994,1.0
843.25,1,0.20767913821104078,-0.769527933010105,0.8764162079239132,0.8764162079239132,1.0
843.3492679785785,2,-0.7602573684715699,1.492023685714088,3.690585307589594,3.690585307589594,1.0
843.5,1,-0.49154893273634936,-0.4578895573149122,0.6322677032596846,0.6322677032596846,1.0
843.5492679785785,2,-1.9247718932767155,-0.8816416217799457,6.572600943184972,6.572600943184972,1.0
843.7492679785786,2,-0.01996112280438389,1.5754898279243494,3.142916516250061,3.142916516250061,1.0
843.75,1,0.9042965664003169,0.34056479987815147,1.323286448159264,1.323286448159264,1.0
843.9492679785785,2,-0.0686623303415903,0.9042153163775781,1.0422368668135131,1.0422368668135131,1.0
844.0,1,0.5447893326059827,-0.46278350801496493,0.7170893833324754,0.7170893833324754,1.0
844.1492679785786,2,-0.3789328066905826,-0.4630820047046609,0.48807860023284344,0.48807860023284344,1.0
844.25,1,-1.46972452283733,-0.0993759755511876,3.0867227963388104,3.0867227963388104,1.0
844.3492679785785,2,0.7848949972739618,-0.005355206307763538,0.9292426797732539,0.9292426797732539,1.0
844.5,1,0.9458827739341997,-2.452198261295936,9.216727167238428,9.548552630537865,1.036720929401344
844.5492679785785,2,1.06556316444669,-0.578744326329174,2.1368138307630264,2.1368138307630264,1.0
844.7492679785786,2,-0.8844717200329413,-0.8445825308361978,2.08267603473792,2.08267603473792,1.0
844.75,1,-1.259446562997362,-1.4512810356274317,5.156499966154763,5.156499966154763,1.0
844.9492679785785,2,-0.08166165708018669,-1.0792198457410858,1.4846238913650354,1.4846238913650354,1.0
845.0,1,0.15965963657268456,0.5230010622876041,0.4127792441387024,0.4127792441387024,1.0
845.1492679785786,2,-0.4282452451930665,0.9291797287411465,1.3697301790212288,1.3697301790212288,1.0
845.25,1,0.9409152151206672,0.6477324170957255,1.836983751240824,1.836983751240824,1.0
845.3492679785785,2,-0.15425312879427966,1.1824531367588655,1.806305766774826,1.806305766774826,1.0
845.5,1,-0.7904719487463348,0.8946376834822191,1.9903774881607201,1.9903774881607201,1.0
845.5492679785785,2,-0.0039347578566519825,-0.5406372712150878,0.37015085875316805,0.37015085875316805,1.0
845.7492679785786,2,0.3419160669964405,-0.7654828306681905,0.9180867232996394,0.9180867232996394,1.0
845.75,1,-0.16819280173286288,-0.7401004828017661,0.7942907482834914,0.7942907482834914,1.0
845.9492679785785,2,-0.24419718976670146,1.4507836930628824,2.754645252935834,2.754645252935834,1.0
846.0,1,-0.12683907636250535,-0.38291147724984187,0.2247127131064818,0.2247127131064818,1.0
846.1492679785786,2,0.3194782791332995,0.04839779507848374,0.15690002448317103,0.15690002448317103,1.0
846.25,1,-1.1924550478063314,0.4752222550013767,2.3338020384311378,2.3338020384311378,1.0
846.3492679785785,2,-0.2882904575441032,-0.4140786852511318,0.34246339405079745,0.34246339405079745,1.0
846.5,1,-0.044145271391293095,1.1464149859732793,1.8115213482358548,1.8115213482358548,1.0
846.5492679785785,2,-0.2175984799354116,0.5449824649950938,0.44752313771407504,0.44752313771407504,1.0
846.7492679785786,2,-1.1410271878638714,-0.40031227824085835,2.1661428059234162,2.1661428059234162,1.0
846.75,1,-0.8673314295471792,0.8440975023478214,2.0512628012674368,2.0512628012674368,1.0
846.9492679785785,2,0.5245220484335698,1.0053051775512132,1.6944106375159662,1.6944106375159662,1.0
847.0,1,0.5924249925057063,-1.3676240127824735,3.0739414740290716,3.0739414740290716,1.0
847.1492679785786,2,0.011204324949395161,0.08055824212565565,0.008406038700096447,0.008406038700096447,1.0
847.25,1,-0.47932516693088667,0.010089108471675878,0.32700353686749306,0.32700353686749306,1.0
847.3492679785785,2,-0.4995212065340624,-0.14691665472541837,0.40368218501221415,0.40368218501221415,1.0
847.5,1,-0.2067782592869698,-0.8019900645137514,0.9460076537361553,0.9460076537361553,1.0
847.5492679785785,2,0.00882234547036953,-0.3471547071519303,0.15272879313690527,0.15272879313690527,1.0
847.7492679785786,2,-1.117687431722005,-0.8440754442719001,2.7857227136341116,2.7857227136341116,1.0
847.75,1,-0.06076733402810586,0.3101625585014087,0.1376861199360545,0.1376861199360545,1.0
847.9492679785785,2,0.2773099780543111,0.9318172539941605,1.2152522689412633,1.2152522689412633,1.0
848.0,1,-0.04637690077208889,0.29955981268956977,0.12658132086218066,0.12658132086218066,1.0
848.1492679785786,2,0.1897153078245113,1.6340655459851126,3.435065947417431,3.435065947417431,1.0
848.25,1,-0.19021328620119515,-0.18239434393161824,0.09726267634760305,0.09726267634760305,1.0
848.3492679785785,2,-0.3594872864383363,-0.03647443438234599,0.19660322153811183,0.19660322153811183,1.0
848.5,1,-1.2758697119716418,-0.38333589168244786,2.5179175919063748,2.5179175919063748,1.0
848.5492679785785,2,-0.7782003321111146,-0.03765673280575954,0.915280600788971,0.915280600788971,1.0
848.7492679785786,2,-0.33250771943367896,-1.2126258889097594,2.028251139597984,2.028251139597984,1.0
848.75,1,-0.5677883652033855,-0.5236420667797603,0.8362030952695385,0.8362030952695385,1.0
848.9492679785785,2,-1.511867716510928,-1.9979388038353367,8.500798545251467,8.500798545251467,1.0
849.0,1,-0.09505671947736039,0.6611571485517185,0.6145618688183243,0.6145618688183243,1.0
849.1492679785786,2,-1.2726416896400266,-0.7066940997740299,3.075009598291886,3.075009598291886,1.0
849.25,1,0.13330053660698704,0.8121792696493066,0.9331826236645628,0.9331826236645628,1.0
849.3492679785785,2,-0.7744672094575811,-0.05963190476562863,0.9091783774217974,0.9091783774217974,1.0
849.5,1,1.5416556080814208,-0.6757038090129297,4.00933422360202,4.00933422360202,1.0
849.5492679785785,2,0.28453370372443665,1.5592112003778917,3.200709428197106,3.200709428197106,1.0
849.7492679785786,2,0.5769462338504026,0.37240747907730665,0.6775226337623463,0.6775226337623463,1.0
849.75,1,-0.6212293811144356,1.8820658729097093,5.42537713220907,5.42537713220907,1.0
849.9492679785785,2,0.8355401949783552,-1.469511701213164,3.7868008894507814,3.7868008894507814,1.0
850.0,1,0.42683103319928195,0.08302098395087687,0.2687020074112092,0.2687020074112092,1.0
850.1492679785786,2,0.2716911055919944,-0.19754360393101944,0.16073733119267997,0.16073733119267997,1.0
850.25,1,1.4846080812135036,0.8431564437701659,4.11415615601414,4.11415615601414,1.0
850.3492679785785,2,-0.7738019736632613,0.3054198784036144,1.0212382794293717,1.0212382794293717,1.0
850.5,1,1.352869532391395,1.4173562943620208,5.36837492803031,5.36837492803031,1.0
850.5492679785785,2,-1.0010095337744924,-0.6486183103139131,2.0442040985991787,2.0442040985991787,1.0
850.7492679785786,2,-0.1799763360106752,0.9901682231925322,1.290025770562655,1.290025770562655,1.0
850.75,1,0.14174672610837336,1.1644397252666385,1.895179068175404,1.895179068175404,1.0
850.9492679785785,2,-1.2498667637154637,-0.3355741375311081,2.49843684352503,2.49843684352503,1.0
851.0,1,0.9522226040871784,-0.4727649695580365,1.597760540346602,1.597760540346602,1.0
851.1492679785786,2,-0.11621554280992985,0.6439529725113244,0.5454044822361083,0.5454044822361083,1.0
851.25,1,1.5527251669512783,0.03222778289861061,3.4314519159556824,3.4314519159556824,1.0
851.3492679785785,2,-0.5199367839053548,1.500956802213055,3.2603893566519444,3.2603893566519444,1.0
851.5,1,2.2883446205892453,0.5661897427586056,7.890402417832514,7.890402417832514,1.0
851.5492679785785,2,0.457415261540862,0.27106125404753123,0.40864471062664737,0.40864471062664737,1.0
851.7492679785786,2,-0.21174470708195114,0.301728538091556,0.18286336510047316,0.18286336510047316,1.0
851.75,1,-0.5972624596995622,-1.1607107411971447,2.3622510016871696,2.3622510016871696,1.0
851.9492679785785,2,-0.33516774123125304,-0.4553293383442911,0.43189586699433713,0.43189586699433713,1.0
852.1492679785786,2,-0.42772566793848066,-0.8833864155289413,1.2635207781548008,1.2635207781548008,1.0
852.3492679785785,2,0.9653103032889772,-0.6874526507378333,2.002417590525288,2.002417590525288,1.0
852.5492679785785,2,0.5390106526660756,0.45132409281511876,0.6954251103264052,0.6954251103264052,1.0
852.7492679785786,2,0.7777016540754884,-0.19486162938359897,0.9590730786160531,0.9590730786160531,1.0
852.9492679785785,2,-0.2308967415669536,-0.9819682941843682,1.2993406224310904,1.2993406224310904,1.0
853.1492679785786,2,-0.4341378900934241,0.25299883893279995,0.36464368301223815,0.36464368301223815,1.0
853.3492679785785,2,-1.507798957687803,-0.1400243925540623,3.446439588456309,3.446439588456309,1.0
853.5492679785785,2,-1.683250623680391,0.7113623109993283,4.902343591474356,4.902343591474356,1.0
853.7492679785786,2,0.24125995371319586,0.5999576980085777,0.5421129614234049,0.5421129614234049,1.0
853.9492679785785,2,-0.3662987980674277,0.9429256971470268,1.3242713994326605,1.3242713994326605,1.0
854.1492679785786,2,-0.8193245717075062,0.9001191963187769,2.03185331661493,2.03185331661493,1.0
854.3492679785785,2,0.3684580195468725,-0.42836281080086036,0.43559089782952026,0.43559089782952026,1.0
854.5492679785785,2,-0.34188227544478167,-0.9664288593061054,1.3538520175067728,1.3538520175067728,1.0
854.7492679785786,2,0.032399543557091626,-0.7557842582039958,0.7219708539632161,0.7219708539632161,1.0
854.9492679785785,2,-0.6642321217471636,0.9919889161130473,1.9033684966284647,1.9033684966284647,1.0
855.1492679785786,2,0.6058381854527388,0.4409257024810527,0.796183802443835,0.796183802443835,1.0
855.3492679785785,2,-1.4667167187407242,-0.7895248765869316,4.0149323441595905,4.0149323441595905,1.0
855.5492679785785,2,-0.06412876558789726,1.0299862277385374,1.3427891333477824,1.3427891333477824,1.0
855.7492679785786,2,-0.8214327020939738,1.3190834456654872,3.2041574194213425,3.2041574194213425,1.0
855.9492679785785,2,0.5976813169730195,-1.0937417294089014,2.042377308750454,2.042377308750454,1.0
856.1492679785786,2,0.10312276742703697,0.6709053271754524,0.5826622408461516,0.5826622408461516,1.0
856.3492679785785,2,1.0671737801573826,1.3319587657428396,3.94086346192871,3.94086346192871,1.0
856.5492679785785,2,0.40839086317266027,-0.4025498251093582,0.4539651819596824,0.4539651819596824,1.0
856.7492679785786,2,-0.5640700860274808,0.4129516266358366,0.6914550309109646,0.6914550309109646,1.0
856.9492679785785,2,-0.10970895152400661,-1.3990533404337522,2.4802887407168104,2.4802887407168104,1.0
857.1492679785786,2,0.32434617814629174,-0.28099057391554094,0.25691809210658456,0.25691809210658456,1.0
857.3492679785785,2,0.32559759113703013,-1.212090322396103,2.006192077677021,2.006192077677021,1.0
857.5492679785785,2,-1.1131718475872927,-1.2582386974004458,3.8462054004325488,3.8462054004325488,1.0
857.7492679785786,2,0.5898212407482424,2.159691881750835,6.383722499179861,6.383722499179861,1.0
857.9492679785785,2,1.3206838824714575,-0.2814492124191972,2.710891074271542,2.710891074271542,1.0
858.1492679785786,2,0.36042094844908856,0.23511560772377837,0.263910350254992,0.263910350254992,1.0
858.3492679785785,2,0.36341959210881125,0.2551167098274245,0.27943277840704134,0.27943277840704134,1.0
858.5492679785785,2,-2.210219116041992,-0.2882061166257812,7.414416163569479,7.414416163569479,1.0
858.7492679785786,2,-0.2509217696306747,1.2768938209036524,2.141820921256366,2.141820921256366,1.0
858.9492679785785,2,-1.2320481091616204,1.5689504025121033,5.361703096887229,5.361703096887229,1.0
859.1492679785786,2,0.42017887430210354,-0.725679096728161,0.9252105014192646,0.9252105014192646,1.0
859.3492679785785,2,-0.7131710114824847,-0.12293127173476481,0.7796181094045835,0.7796181094045835,1.0
859.5492679785785,2,-0.37702089590027477,0.535227390819216,0.572095599113355,0.572095599113355,1.0
859.7492679785786,2,-0.7684112109148198,-1.2644318233772944,2.889141899990067,2.889141899990067,1.0
859.9492679785785,2,0.5335403841541888,-1.198910012890468,2.229097033252294,2.229097033252294,1.0
860.1492679785786,2,-0.8365803234029769,-0.6218640298732683,1.53130059774141,1.53130059774141,1.0
860.3492679785785,2,0.5506419063894521,0.48634903391807427,0.7498834278436386,0.7498834278436386,1.0
860.5492679785785,2,0.3942571205052934,0.2765726101630466,0.3282330760647807,0.3282330760647807,1.0
860.7492679785786,2,-0.373040211403465,-0.7629946525710642,0.9380309027912077,0.9380309027912077,1.0
860.9492679785785,2,0.3088993361554113,-1.1995842192403492,1.9470172463920359,1.9470172463920359,1.0
861.1492679785786,2,-1.4495658004791605,0.2043493036065689,3.1915427686932647,3.1915427686932647,1.0
861.3492679785785,2,1.6278111948304668,0.21358754422745907,4.015484288521974,4.015484288521974,1.0
861.5492679785785,2,-0.09109692915566558,1.7723025492968123,3.9498967699487975,3.9498967699487975,1.0
861.7492679785786,2,-0.9188791677673649,-0.2323908910120842,1.3287618928427123,1.3287618928427123,1.0
861.9492679785785,2,0.39030338766543426,-0.545111801903599,0.5999243640780723,0.5999243640780723,1.0
862.1492679785786,2,0.22480991089858726,-0.6236684654112992,0.5629208218003621,0.5629208218003621,1.0
862.3492679785785,2,0.07825930804880521,1.3725971106818844,2.3700066578004217,2.3700066578004217,1.0
862.5492679785785,2,0.6435535770857532,-1.2283712300391496,2.509014624110578,2.509014624110578,1.0
862.7492679785786,2,-0.7097723120632544,0.3202259595041479,0.880609601498318,0.880609601498318,1.0
862.9492679785785,2,0.8914839768996741,-0.04494389306056723,1.1889939983115685,1.1889939983115685,1.0
863.1492679785786,2,-0.1868338907309548,-0.8635859245261504,0.9863523106782891,0.9863523106782891,1.0
863.3492679785785,2,-0.3593144196443694,-0.5456605113280921,0.5656796666231294,0.5656796666231294,1.0
863.5492679785785,2,-0.13001322932951442,1.9362386112285308,4.721009921121114,4.721009921121114,1.0
863.7492679785786,2,-1.284731110367777,-0.7455871079930456,3.1597245519938904,3.1597245519938904,1.0
863.9492679785785,2,-0.4700221977187846,-0.3088072127714967,0.44914507128547815,0.44914507128547815,1.0
864.1492679785786,2,-0.5464142783114854,-0.004958299556024226,0.4456108429075237,0.4456108429075237,1.0
864.3492679785785,2,-1.3142471936947562,1.868410237185802,6.949116722680994,6.949116722680994,1.0
864.5492679785785,2,-0.008263375151134511,-0.8365586682614765,0.8764120354342425,0.8764120354342425,1.0
864.7492679785786,2,0.4606742512817208,-0.1513234991411161,0.34534587845002435,0.34534587845002435,1.0
864.9492679785785,2,-0.8690507204213906,1.4788400226671277,3.865135366121013,3.865135366121013,1.0
865.1492679785786,2,-0.6616528693292105,-0.2313020759832365,0.7201913280167421,0.7201913280167421,1.0
865.3492679785785,2,0.673232142784836,0.5837189280093837,1.102821037397798,1.102821037397798,1.0
865.5492679785785,2,-0.047064256141327476,0.04299838221677277,0.0056193779095217765,0.0056193779095217765,1.0
865.7492679785786,2,-0.4275498942141889,0.0983410916523364,0.28482996033160024,0.28482996033160024,1.0
865.9492679785785,2,-0.5164610033113082,-0.8694471240802222,1.3442218145197569,1.3442218145197569,1.0
866.1492679785786,2,-0.8458619623184616,-1.7989938843196196,5.118571805849243,5.118571805849243,1.0
866.3492679785785,2,0.8219312158962806,0.653115215281836,1.541757809348773,1.541757809348773,1.0
866.5492679785785,2,-0.7948220027285826,1.2499239654185432,2.8979392591011104,2.8979392591011104,1.0
866.7492679785786,2,0.742646788634068,0.5191455935737377,1.1600666324266737,1.1600666324266737,1.0
866.9492679785785,2,0.37596741511234644,0.16536622071881402,0.24508217877514865,0.24508217877514865,1.0
867.1492679785786,2,-0.4938359068855913,0.07525714967239949,0.37087060892623513,0.37087060892623513,1.0
867.3492679785785,2,-0.1127907257890799,-1.0297188482694808,1.3460317077712305,1.3460317077712305,1.0
867.5492679785785,2,-0.09904196659707942,0.7726503042759778,0.7617827611579976,0.7617827611579976,1.0
867.7492679785786,2,-0.386388761649453,0.6155646352427087,0.6969125006328538,0.6969125006328538,1.0
867.9492679785785,2,0.7734419809785376,-0.8785555338229596,1.8582556293299108,1.8582556293299108,1.0
868.1492679785786,2,0.7744185630835032,0.19065324609766376,0.9400167447138946,0.9400167447138946,1.0
868.3492679785785,2,-0.4240588762418671,0.24717325251175248,0.34467530635769805,0.34467530635769805,1.0
868.5492679785785,2,-0.025823708061852635,-0.8119032328450997,0.8259169819131595,0.8259169819131595,1.0
868.7492679785786,2,0.46955911644377224,1.6551752922214278,3.7572185464172736,3.7572185464172736,1.0
868.9492679785785,2,0.7044213152124792,-1.2488950278312538,2.691939838574919,2.691939838574919,1.0
869.1492679785786,2,-0.8824262064679411,-1.897930927537685,5.669020560483194,5.669020560483194,1.0
869.3492679785785,2,-1.3402066326064777,-1.3915726227874212,5.102154095320891,5.102154095320891,1.0
869.5492679785785,2,-0.9574955161535312,0.9312448062006329,2.4525652584246984,2.4525652584246984,1.0
869.7492679785786,2,1.7863533322743175,0.4777519096646774,5.044941810553858,5.044941810553858,1.0
869.9492679785785,2,-0.3009148645966482,0.6998270494962981,0.747898240462172,0.747898240462172,1.0
870.1492679785786,2,-0.8814390550651927,-1.3117548106221126,3.311897858992335,3.311897858992335,1.0
870.3492679785785,2,-0.44937812830964763,0.39065294761094016,0.4921434679051726,0.4921434679051726,1.0
870.5492679785785,2,0.3076200107241185,0.2662018197932774,0.22980555602683728,0.22980555602683728,1.0
870.7492679785786,2,0.4883312024260773,1.192342702554099,2.1345989680792017,2.1345989680792017,1.0
870.9492679785785,2,-1.098316842280175,0.246671933074039,1.8752354354464393,1.8752354354464393,1.0
871.1492679785786,2,0.35577681747819057,0.48755305365028434,0.48621911127515516,0.48621911127515516,1.0
871.3492679785785,2,-0.557033486659769,1.1186057168846704,2.0284628613787996,2.0284628613787996,1.0
871.5492679785785,2,1.3705787854461722,0.8233001865410094,3.6497323351865685,3.6497323351865685,1.0
871.7492679785786,2,-0.04947449632992296,-0.47662104043521136,0.28789867009810527,0.28789867009810527,1.0
871.9492679785785,2,-0.33925578811706103,0.382499204189672,0.3547197465567034,0.3547197465567034,1.0
872.1492679785786,2,-0.21533829418226347,1.0586403330712635,1.4714730885400416,1.4714730885400416,1.0
872.3492679785785,2,0.25769698051437917,0.5277455416988,0.44753608567951564,0.44753608567951564,1.0
872.5492679785785,2,-0.028780998766338328,0.39290253539207143,0.19439532646191945,0.19439532646191945,1.0
872.7492679785786,2,0.31083152514093104,0.7398045440289147,0.8289200773907408,0.8289200773907408,1.0
872.9492679785785,2,-0.5271309096385988,0.31727541573573825,0.540366204245563,0.540366204245563,1.0
873.1492679785786,2,0.5902128624517271,0.0524683799385075,0.5229745827542657,0.5229745827542657,1.0
873.3492679785785,2,1.099197968862084,-0.15022785771403102,1.8301981795460684,1.8301981795460684,1.0
873.5492679785785,2,-0.03026140695884827,1.7997027995190602,4.05408749992347,4.05408749992347,1.0
873.7492679785786,2,-0.5721745951580441,-0.18686986282767215,0.5319531054780884,0.5319531054780884,1.0
873.9492679785785,2,-1.1300583091471523,-0.2678060036458092,1.9943002380788302,1.9943002380788302,1.0
874.1492679785786,2,-0.4282443889811951,-0.7744370865479944,1.023953814117458,1.023953814117458,1.0
874.3492679785785,2,0.6191860650187913,-0.41718012060241216,0.7895553507381884,0.7895553507381884,1.0
874.5492679785785,2,-0.19933130363557616,1.41052003633436,2.548706077052375,2.548706077052375,1.0
874.7492679785786,2,0.5338229179894665,-0.26539221397709944,0.5131279777668124,0.5131279777668124,1.0
874.9492679785785,2,-1.1129900650444018,0.9638848328414062,3.0099673915964265,3.0099673915964265,1.0
875.1492679785786,2,-2.2183554370121055,-0.7692715248856428,8.079773729112256,8.079773729112256,1.0
875.3492679785785,2,0.9836488129338878,-0.12564528800588493,1.4627754598200389,1.4627754598200389,1.0
875.5492679785785,2,0.584496230285616,-0.7700153638641161,1.2514106996018448,1.2514106996018448,1.0
875.7492679785786,2,-0.6339313640099871,0.05210891357086744,0.602742944977796,0.602742944977796,1.0
875.9492679785785,2,0.33269562187460267,-0.6289783867431202,0.660089329189224,0.660089329189224,1.0
876.1492679785786,2,0.31535015770313457,-0.04467220509747971,0.15080973330616537,0.15080973330616537,1.0
876.3492679785785,2,1.507629813710432,-0.2396085087719313,3.4616951781518885,3.4616951781518885,1.0
876.5492679785785,2,1.1725906255851442,0.6002517054802023,2.501445565543346,2.501445565543346,1.0
876.7492679785786,2,-0.2217151149683545,-0.1412435043556024,0.09827527918495729,0.09827527918495729,1.0
876.9492679785785,2,-0.38091884627545625,-1.1691312839632255,1.9266923335532204,1.9266923335532204,1.0
877.1492679785786,2,-0.2150797411615084,-0.20504609484708824,0.12159794114507562,0.12159794114507562,1.0
877.3492679785785,2,-1.7270807576596585,-0.166015193356583,4.48300442892054,4.48300442892054,1.0
877.5492679785785,2,0.8615424849147786,-0.10280035449667002,1.1202112296239926,1.1202112296239926,1.0
877.7492679785786,2,-1.0989111763881958,-0.8252936432040796,2.653237569015666,2.653237569015666,1.0
877.9492679785785,2,0.2790145231227559,0.8605017323397393,1.0426034709553917,1.0426034709553917,1.0
878.1492679785786,2,0.4081158696310556,-0.48774287997985066,0.546063912787045,0.546063912787045,1.0
878.3492679785785,2,0.12189786308182704,-0.013675621239167768,0.02239447956113112,0.02239447956113112,1.0
878.5492679785785,2,-0.9812141261007437,-0.16588731319224514,1.4702969817205622,1.4702969817205622,1.0
878.7492679785786,2,-0.9665186129442009,1.1533823801512733,3.057685384478826,3.057685384478826,1.0
878.9492679785785,2,-1.7648138201119608,0.37869784882244595,4.82440036531009,4.82440036531009,1.0
879.1492679785786,2,0.26593796379544976,-0.4844092052910214,0.3990785217036497,0.3990785217036497,1.0
879.3492679785785,2,-0.3055586327110813,0.7889998771189641,0.9181600528941728,0.9181600528941728,1.0
879.5492679785785,2,-0.4872230153419359,0.7084719851029728,0.982059563693498,0.982059563693498,1.0
879.7492679785786,2,-0.061488037945556684,-0.8629975974813515,0.937507942932658,0.937507942932658,1.0
879.9492679785785,2,-0.8836532717942571,-0.2604975761651849,1.249413199613751,1.249413199613751,1.0
880.1492679785786,2,-1.3512193942750113,0.305819633890021,2.8399011234250233,2.8399011234250233,1.0
880.3492679785785,2,-0.03380778159083775,1.264588266042309,2.0026301593174347,2.0026301593174347,1.0
880.5492679785785,2,-0.33685060738915773,1.0429995475720073,1.5303489632418406,1.5303489632418406,1.0
880.7492679785786,2,-1.937787533436671,-0.28158181487940803,5.699162194727679,5.699162194727679,1.0
880.9492679785785,2,-1.3839720202000692,0.977744192848379,4.052573818124186,4.052573818124186,1.0
881.1492679785786,2,0.21617893225680263,-0.15672788935892168,0.10042812092448083,0.10042812092448083,1.0
881.3492679785785,2,-0.39280350492349214,-0.910223321388334,1.2667261447456286,1.2667261447456286,1.0
881.5492679785785,2,0.0506804628214077,0.5851630521774731,0.43225876684758424,0.43225876684758424,1.0
881.7492679785786,2,-0.08142863833955438,0.6111546920162771,0.4772197807755579,0.4772197807755579,1.0
881.9492679785785,2,1.551569424605269,-0.0279304375526519,3.591056994715497,3.591056994715497,1.0
882.1492679785786,2,0.11316458683565678,0.876505224389847,0.9803302567381071,0.9803302567381071,1.0
882.3492679785785,2,-0.10591648364075468,-0.7472814936753274,0.7154221815396018,0.7154221815396018,1.0
882.5492679785785,2,-0.8588774346032189,-0.10907444774170516,1.1149502159156859,1.1149502159156859,1.0
882.7492679785786,2,-0.5354296815794104,0.9571453811200228,1.5737470350164953,1.5737470350164953,1.0
882.9492679785785,2,1.0267534133590441,0.2114483620762675,1.6280535963334586,1.6280535963334586,1.0
883.1492679785786,2,-0.09536625983657387,0.7811251123635636,0.7769609484572327,0.7769609484572327,1.0
883.3492679785785,2,-1.849006991781284,0.767922305899015,5.836095351770864,5.836095351770864,1.0
883.5492679785785,2,0.20123737175402034,-1.4942438921298318,2.853891416537745,2.853891416537745,1.0
883.7492679785786,2,-0.4050961673556053,0.9440203232492714,1.3596927489720707,1.3596927489720707,1.0
883.9492679785785,2,-0.3409003214022768,0.741399360530687,0.861009886389,0.861009886389,1.0
884.1492679785786,2,-0.7486642910716323,-0.5912680907001291,1.273208734581969,1.273208734581969,1.0
884.3492679785785,2,-0.77739334366224,-0.6428180889591131,1.4181716877048425,1.4181716877048425,1.0
884.5492679785785,2,-0.6557381386849297,-0.34577245374465937,0.7907817981890777,0.7907817981890777,1.0
884.7492679785786,2,0.16097889154385037,0.5832941791170874,0.46430772829967604,0.46430772829967604,1.0
884.9492679785785,2,-0.017863348205152008,-0.8095707672389678,0.8204493560754083,0.8204493560754083,1.0
885.1492679785786,2,-0.6983573376047296,-0.5136886250632737,1.0573780778120465,1.0573780778120465,1.0
885.3492679785785,2,-0.47581901962684015,0.9754249204115868,1.5279490924715302,1.5279490924715302,1.0
885.5492679785785,2,-2.140602717511694,-0.8291513800467394,7.692814430389372,7.692814430389372,1.0
885.7492679785786,2,-1.0961006764911083,-2.182582716066142,7.751174393688501,7.751174393688501,1.0
885.9492679785785,2,-0.6618470134743699,-1.469145409965324,3.3534485797331754,3.3534485797331754,1.0
886.1492679785786,2,0.21973010606204468,0.04574544671507308,0.07461135775854215,0.07461135775854215,1.0
886.3492679785785,2,0.49274172011358,0.7986672673600896,1.1600368948372406,1.1600368948372406,1.0
886.5492679785785,2,-0.31169192878702034,0.06466032498089858,0.15009410042210863,0.15009410042210863,1.0
886.7492679785786,2,-0.8098000619570467,-0.11425288665675382,0.9941554440425173,0.9941554440425173,1.0
886.9492679785785,2,-0.00449251602094769,0.2415318334911576,0.07301173211519697,0.07301173211519697,1.0
887.1492679785786,2,0.8520628666209404,-1.6773962049156452,4.6024646973462895,4.6024646973462895,1.0
887.3492679785785,2,-0.33910734983594537,-0.050680265529939206,0.1746768288656115,0.1746768288656115,1.0
887.5492679785785,2,-0.1902602515428118,-0.27215414362174517,0.14663362725891793,0.14663362725891793,1.0
887.7492679785786,2,-0.17549636823662418,1.694543476795829,3.6381152231969094,3.6381152231969094,1.0
887.9492679785785,2,0.7411969585442595,0.6744712198676472,1.3882244106450488,1.3882244106450488,1.0
888.1492679785786,2,0.5573065985460914,0.5478444173423282,0.8385603948145037,0.8385603948145037,1.0
888.3492679785785,2,-1.2947704680433265,0.9332899489161606,3.5892280326826116,3.5892280326826116,1.0
888.5492679785785,2,-0.7921595092123361,0.2640713224504334,1.022870620439741,1.022870620439741,1.0
888.7492679785786,2,0.6217413743569047,0.417091842966661,0.7939892932702187,0.7939892932702187,1.0
888.9492679785785,2,0.595545289603292,0.8167822014573178,1.3633644058055705,1.3633644058055705,1.0
889.1492679785786,2,-0.3208305253226662,-0.7941645022501422,0.9424327792451032,0.9424327792451032,1.0
889.3492679785785,2,-0.7153828441351653,0.570192874779464,1.1697441292546151,1.1697441292546151,1.0
889.5492679785785,2,-0.8920215402833342,0.5959014707956212,1.6305690343363874,1.6305690343363874,1.0
889.7492679785786,2,0.865778535792165,-0.5932276650782944,1.5578040776282054,1.5578040776282054,1.0
889.9492679785785,2,-0.024726305606849408,0.7790290544762417,0.7600686746012649,0.7600686746012649,1.0
890.1492679785786,2,-0.09557196657904043,-0.2683209279212395,0.10367804688993575,0.10367804688993575,1.0
890.3492679785785,2,-1.0591425487224093,0.7039771414714666,2.292427477652703,2.292427477652703,1.0
890.5492679785785,2,0.7508186635380554,-0.1049231435330924,0.8542495241483118,0.8542495241483118,1.0
890.7492679785786,2,-1.1224841815190878,-1.459616727677402,4.543478919139092,4.543478919139092,1.0
890.9492679785785,2,1.1783962549552083,0.6204293005342691,2.551804972363189,2.551804972363189,1.0
891.1492679785786,2,-1.7770798327859723,0.6787691603288408,5.2845958856267545,5.2845958856267545,1.0
891.3492679785785,2,0.7830851006888917,0.279952370265661,1.0122833511638258,1.0122833511638258,1.0
891.5492679785785,2,-0.37493841727005695,0.4172301403558798,0.4273353256667297,0.4273353256667297,1.0
891.7492679785786,2,1.1636058789471413,-0.508657190398857,2.34224990741312,2.34224990741312,1.0
891.9492679785785,2,1.2675648374771935,0.22578196238778503,2.459177437824799,2.459177437824799,1.0
892.1492679785786,2,0.24684776632160776,0.670433076504612,0.6530642805005052,0.6530642805005052,1.0
892.3492679785785,2,1.5181882724419467,0.27979259497142106,3.534185438435753,3.534185438435753,1.0
892.5492679785785,2,0.3825472761284292,0.25996566575518143,0.3027066192568102,0.3027066192568102,1.0
892.7492679785786,2,-0.4624914872604986,-1.3242191255544484,2.512238437345875,2.512238437345875,1.0
892.9492679785785,2,0.719207841207087,-0.7068580128475075,1.3961054217384514,1.3961054217384514,1.0
893.1492679785786,2,-1.0218905457621688,1.8387238912912962,5.785603857835891,5.785603857835891,1.0
893.3492679785785,2,-0.6406967887224209,-1.0618792460262552,2.0223341966986883,2.0223341966986883,1.0
893.5492679785785,2,0.4329023053369543,-0.8218466552749626,1.1241971884479323,1.1241971884479323,1.0
893.7492679785786,2,0.41790097746517496,-0.12849115589915483,0.28100617826194096,0.28100617826194096,1.0
893.9492679785785,2,-1.3439851906313258,0.82918868803183,3.552788655626252,3.552788655626252,1.0
894.1492679785786,2,-0.04073163892955023,-0.6054497542298196,0.4609614531592226,0.4609614531592226,1.0
894.3492679785785,2,-1.974249284320818,-0.05436892729265397,5.814271424915748,5.814271424915748,1.0
894.5492679785785,2,0.18565493628445395,-0.5049643558867394,0.3703090659711517,0.3703090659711517,1.0
894.7492679785786,2,-1.684214375737552,0.21276778617279346,4.285313502591138,4.285313502591138,1.0
894.9492679785785,2,-0.6156551454109831,0.034708275664282695,0.5665537422767638,0.5665537422767638,1.0
895.1492679785786,2,0.6299736140611039,-0.7345113618638326,1.2664069039577364,1.2664069039577364,1.0
895.3492679785785,2,-0.22338805953525842,-0.5791289400709232,0.4938703596726352,0.4938703596726352,1.0
895.5492679785785,2,-0.24056330936554104,1.5378792754411155,3.0442936127929303,3.0442936127929303,1.0
895.7492679785786,2,0.6817104774026959,0.30384139118541365,0.8082563046953221,0.8082563046953221,1.0
895.9492679785785,2,-1.148267376942993,-0.22386549219914897,2.02824363388224,2.02824363388224,1.0
896.1492679785786,2,-0.5289852118080844,-0.05331360382559858,0.4206994562154853,0.4206994562154853,1.0
896.3492679785785,2,0.8393051202946857,-0.1951530977565361,1.0977492119503574,1.0977492119503574,1.0
896.5492679785785,2,-0.30524239436375744,0.33005231710346683,0.27513749317830594,0.27513749317830594,1.0
896.7492679785786,2,-1.5863913672494157,0.13023329062578126,3.7728048079479626,3.7728048079479626,1.0
896.9492679785785,2,-0.47710601573043476,0.4218905656055085,0.5619402369052185,0.5619402369052185,1.0
897.1492679785786,2,1.0183908926038754,-0.8007223287394485,2.3479152711141325,2.3479152711141325,1.0
897.3492679785785,2,-0.7167893300192745,0.6405373548781332,1.2790353999529724,1.2790353999529724,1.0
897.5492679785785,2,0.9163374087062568,-0.4628418495109079,1.5196192861385485,1.5196192861385485,1.0
897.7492679785786,2,0.7919884841081117,0.5811806667101194,1.3574652238735736,1.3574652238735736,1.0
897.9492679785785,2,-1.5736894735748788,1.418512079330315,6.208214635200541,6.208214635200541,1.0
898.1492679785786,2,1.0505031513623901,0.6455640729731673,2.1662645760126584,2.1662645760126584,1.0
898.3492679785785,2,-0.5809197103690895,0.29874217335509456,0.6146721053292988,0.6146721053292988,1.0
898.5492679785785,2,-0.18254810485367656,-0.24603132720414056,0.12537777970090214,0.12537777970090214,1.0
898.7492679785786,2,-0.8165446847638922,-0.24586393796070372,1.0694979938454587,1.0694979938454587,1.0
898.9492679785785,2,-0.8347864395512996,0.5522924693247306,1.4202748464132675,1.4202748464132675,1.0
899.1492679785786,2,0.23043197111232594,1.8844017543995277,4.520080845288833,4.520080845288833,1.0
899.3492679785785,2,-0.43216543965652754,-0.08724315833291474,0.2879251679822726,0.2879251679822726,1.0
899.5492679785785,2,-1.7980713923130924,-0.35241430789756656,4.974707813658015,4.974707813658015,1.0
899.7492679785786,2,-0.18182376282488555,-0.6225823229196323,0.534029259747309,0.534029259747309,1.0
899.9492679785785,2,-0.5649930779762542,-1.9698068629998566,5.328378588419618,5.328378588419618,1.0
900.1492679785786,2,0.6933115458281485,0.9064547634735574,1.7440988667718544,1.7440988667718544,1.0
900.3492679785785,2,2.043072170277723,-0.6927074418107155,6.822259631569629,6.822259631569629,1.0
900.5492679785785,2,0.15942798929901691,0.8333377475689683,0.9063687571825342,0.9063687571825342,1.0
900.7492679785786,2,0.05552845266026196,0.38725972649173546,0.19214821481017316,0.19214821481017316,1.0
900.9492679785785,2,-0.35072683728312803,-0.3775888760027568,0.36166335916640735,0.36166335916640735,1.0
901.1492679785786,2,0.3429850529193317,0.7227874704340578,0.8286914974852311,0.8286914974852311,1.0
901.3492679785785,2,-0.6920011824441161,0.9313276681992386,1.7985350453123812,1.7985350453123812,1.0
901.5492679785785,2,-0.1617143732379347,-0.23334644497963364,0.1070772364623497,0.1070772364623497,1.0
901.7492679785786,2,-2.597786127086131,-0.34336917135571454,9.238335360804049,10.206928643015809,1.1082031967105033
901.9492679785785,2,0.009432778408520193,-0.3973573026702639,0.1975724348146293,0.1975724348146293,1.0
902.1492679785786,2,-0.588359518455702,-0.8422479588887191,1.4030160019866367,1.4030160019866367,1.0
902.3492679785785,2,-1.285939497161019,0.7828935698443789,3.2311716202568945,3.2311716202568945,1.0
902.5492679785785,2,-0.8173777552996686,0.7664933438634125,1.7304721780014978,1.7304721780014978,1.0
902.7492679785786,2,0.04396904105937871,1.1194433067372866,1.5699130279653561,1.5699130279653561,1.0
902.9492679785785,2,-2.261541526210415,-0.3633793587688223,7.788357454080452,7.788357454080452,1.0
903.1492679785786,2,-1.960115593168954,-0.39012125253796626,5.91688324383786,5.91688324383786,1.0
903.3492679785785,2,1.1850238256017178,-1.9782081218073828,6.98656652754031,6.98656652754031,1.0
903.5492679785785,2,-0.6053176265653217,-0.41836044124724037,0.7649984866803287,0.7649984866803287,1.0
903.7492679785786,2,-0.5881930116934502,0.08981502598757629,0.5257581804975074,0.5257581804975074,1.0
903.9492679785785,2,-1.7218952039170254,-0.9717161403979038,5.599973414019399,5.599973414019399,1.0
904.1492679785786,2,0.22864783807060007,1.393738506353933,2.50698358015571,2.50698358015571,1.0
904.3492679785785,2,1.4464720098419566,0.8356503994128617,3.9917881091562033,3.9917881091562033,1.0
904.5492679785785,2,-1.5923509908570157,0.9063645213506479,4.8065775898478655,4.8065775898478655,1.0
904.7492679785786,2,0.5025437099321906,-0.3470549250000041,0.5270461094611443,0.5270461094611443,1.0
904.9492679785785,2,0.3248375788367479,0.03442307560548885,0.1587601276461074,0.1587601276461074,1.0
905.1492679785786,2,-1.0955631739845924,0.10911448109477462,1.8038946132306934,1.8038946132306934,1.0
905.3492679785785,2,-0.14568416486265257,-0.2132453349072767,0.08849849644608745,0.08849849644608745,1.0
905.5492679785785,2,0.334309463782148,-0.9896314903659356,1.3912712391968138,1.3912712391968138,1.0
905.7492679785786,2,1.671785923284249,0.4311281617367677,4.398244955044433,4.398244955044433,1.0
905.9492679785785,2,-0.7938927711190615,0.28901887505004087,1.0438822159073704,1.0438822159073704,1.0
906.1492679785786,2,-0.7274181626236444,0.39097884049445186,0.9798480103480973,0.9798480103480973,1.0
906.3492679785785,2,1.0203314113125348,1.0838086154505064,3.0206271869849157,3.0206271869849157,1.0
906.5492679785785,2,-0.6699583311072477,0.22148734112894708,0.7303605994371606,0.7303605994371606,1.0
906.7492679785786,2,-1.3699413611174212,-0.27684008579648145,2.8931782826008505,2.8931782826008505,1.0
906.9492679785785,2,0.4857327234928537,-0.07077721317642771,0.35793523256541837,0.35793523256541837,1.0
907.1492679785786,2,-0.2120380368644792,2.588427963683607,8.445250632184349,8.445250632184349,1.0
907.3492679785785,2,-0.08005997060609182,0.3108539104205543,0.1303889292294511,0.1303889292294511,1.0
907.5492679785785,2,1.766451417256043,-0.6928184187815916,5.251236928287278,5.251236928287278,1.0
907.7492679785786,2,-0.8333080359369358,0.9413625861578256,2.1431762378910557,2.1431762378910557,1.0
907.9492679785785,2,0.15405880871746191,0.398397228783965,0.2338555730878627,0.2338555730878627,1.0
908.1492679785786,2,-1.8091021028299021,1.447992542118928,7.500217325253877,7.500217325253877,1.0
908.3492679785785,2,0.706887627810314,0.21391526180994003,0.8020330576431403,0.8020330576431403,1.0
908.5492679785785,2,1.006180462467693,-0.35286979649888717,1.6647363634095114,1.6647363634095114,1.0
908.7492679785786,2,-0.17255017375644854,-0.029358810305623706,0.04545678165625105,0.04545678165625105,1.0
908.9492679785785,2,-0.5576286142409383,0.8395239188002452,1.3448377704830132,1.3448377704830132,1.0
909.1492679785786,2,0.4047170878794617,-0.8395101208118882,1.1254696684496432,1.1254696684496432,1.0
909.3492679785785,2,-0.3884549951610161,0.129723051009337,0.24596380765057427,0.24596380765057427,1.0
909.5492679785785,2,0.4406203110059934,0.7443451244280652,0.9822251062041798,0.9822251062041798,1.0
909.7492679785786,2,-1.1925978849033019,-0.7295856109874141,2.785637186145493,2.785637186145493,1.0
909.9492679785785,2,-1.2534410044099307,-0.43300237382675766,2.576292495751138,2.576292495751138,1.0
910.1492679785786,2,-1.5564258900165502,-0.9546098789005137,4.750377249604053,4.750377249604053,1.0
910.3492679785785,2,-0.052217017939096166,-0.018662103618905856,0.004499701180289884,0.004499701180289884,1.0
910.5492679785785,2,-0.17004114364484124,1.2650262883138015,2.0442706145196805,2.0442706145196805,1.0
910.7492679785786,2,0.020617301554267442,-0.8462341973169207,0.8961361955130936,0.8961361955130936,1.0
910.9492679785785,2,0.2971749163242734,2.4602974615655477,7.701031545504037,7.701031545504037,1.0
911.1492679785786,2,0.37238771845669305,-0.557804866455053,0.5957909947333899,0.5957909947333899,1.0
911.3492679785785,2,-0.5763773056690233,0.021943443683933195,0.49578374882099113,0.49578374882099113,1.0
911.5492679785785,2,0.06468104048373036,-1.469173330695825,2.705421873250743,2.705421873250743,1.0
911.7492679785786,2,-0.09315381136314116,-0.9399625443432411,1.1177966489057778,1.1177966489057778,1.0
911.9492679785785,2,-0.3391006072687546,-0.9690251978760513,1.345640469955499,1.345640469955499,1.0
912.1492679785786,2,0.5462155214625746,-0.4433562293259692,0.6905194997773579,0.6905194997773579,1.0
912.3492679785785,2,0.33511230409711246,-1.8166263107418168,4.294242992709941,4.294242992709941,1.0
912.5492679785785,2,-0.08801260714552583,1.083952677531031,1.4808396790186515,1.4808396790186515,1.0
912.7492679785786,2,-2.8080419563979735,1.1199037246172463,9.299251967462409,13.321674742002104,1.4463824575403603
912.9492679785785,2,-0.8253923773724416,0.147638414765481,1.0424299379285575,1.0424299379285575,1.0
913.1492679785786,2,-0.5844678572740882,0.4902288766805425,0.8094814692402261,0.8094814692402261,1.0
913.3492679785785,2,0.8532073545621763,-1.6539967062584418,4.504902541840293,4.504902541840293,1.0
913.5492679785785,2,0.11878200678188477,-0.8062248221274524,0.8336479108920176,0.8336479108920176,1.0
913.7492679785786,2,0.37011795300156436,0.2786229103169653,0.3011900332046896,0.3011900332046896,1.0
913.9492679785785,2,-0.38385203643197485,0.34554727449652756,0.36884794211629424,0.36884794211629424,1.0
914.1492679785786,2,1.2862238280333962,1.0909337395593046,3.9532941544574953,3.9532941544574953,1.0
914.3492679785785,2,0.9061572332874768,0.7205054950425775,1.8726827489857456,1.8726827489857456,1.0
914.5492679785785,2,-0.5126954669683208,-0.41945148363005424,0.6116848857642231,0.6116848857642231,1.0
914.7492679785786,2,0.39843281534101394,0.4129519371142585,0.4497792068915518,0.4497792068915518,1.0
914.9492679785785,2,-0.3296753857091623,-0.9670669626769928,1.3312377281420882,1.3312377281420882,1.0
915.1492679785786,2,-1.2819138130312986,0.10732304549258043,2.463363999270433,2.463363999270433,1.0
915.3492679785785,2,-0.8749035501046656,-0.5916481170562797,1.578401176763279,1.578401176763279,1.0
915.5492679785785,2,-0.7581973550837908,0.4839928757702592,1.1495921770278574,1.1495921770278574,1.0
915.7492679785786,2,0.24741884979212614,-0.4238178438779454,0.31581055878657244,0.31581055878657244,1.0
915.9492679785785,2,-0.43738013196843184,0.08077791761747544,0.2932569947484283,0.2932569947484283,1.0
916.1492679785786,2,-2.0697937306339913,0.25422529148032846,6.465414694777392,6.465414694777392,1.0
916.3492679785785,2,0.02828401460608987,-0.3964079157923257,0.19766650389005921,0.19766650389005921,1.0
916.5492679785785,2,0.03087201091041436,-1.595494701220873,3.184256892830666,3.184256892830666,1.0
916.7492679785786,2,0.04843070712490061,0.6645069928302934,0.5556051408456685,0.5556051408456685,1.0
916.9492679785785,2,-0.16707324105603405,-0.980990126023757,1.244856385876622,1.244856385876622,1.0
917.1492679785786,2,1.2018427974111994,0.8357629053839422,3.0260928549886326,3.0260928549886326,1.0
917.3492679785785,2,-0.9278762096179918,0.10199991402033026,1.29615381506519,1.29615381506519,1.0
917.5492679785785,2,-0.740311854666384,-0.7406876856595235,1.502792849927713,1.502792849927713,1.0
917.7492679785786,2,-0.7950087133362018,-0.29254933279504214,1.0489980525918634,1.0489980525918634,1.0
917.9492679785785,2,0.279344192674575,-0.8888852047879954,1.104241464282667,1.104241464282667,1.0
918.1492679785786,2,-0.6546766750728494,-1.0035378065671199,1.8980321494644592,1.8980321494644592,1.0
918.3492679785785,2,0.8427141252874435,0.43489689527649045,1.294934335346792,1.294934335346792,1.0
918.5492679785785,2,0.7268589292826455,-0.28654503880664106,0.8900916644365215,0.8900916644365215,1.0
918.7492679785786,2,-0.15791175200771335,-1.1121012500589216,1.5836158409706458,1.5836158409706458,1.0
918.9492679785785,2,0.9359868457688272,-0.25470537644635227,1.3868452779907607,1.3868452779907607,1.0
919.1492679785786,2,0.8122560523817377,0.22464290481448068,1.046433040676983,1.046433040676983,1.0
919.3492679785785,2,0.017557304551189645,0.15170120186611502,0.029235450755099517,0.029235450755099517,1.0
919.5492679785785,2,0.059851722555514186,-0.09883022459986823,0.017552454262933316,0.017552454262933316,1.0
919.7492679785786,2,1.1260570620827828,-0.17520151008719842,1.928287834933873,1.928287834933873,1.0
919.9492679785785,2,1.8599142184209079,-0.8030638471010101,5.962338599830762,5.962338599830762,1.0
920.1492679785786,2,0.017377081900946223,1.2317921764495874,1.8977390932342029,1.8977390932342029,1.0
920.3492679785785,2,-1.0837742787864961,0.4459227286227767,1.9993033069752166,1.9993033069752166,1.0
920.5492679785785,2,-1.7230451863910439,0.7301309449655163,5.0916494904233005,5.0916494904233005,1.0
920.7492679785786,2,-0.504450328498752,-0.6521442928771068,0.9110850524330132,0.9110850524330132,1.0
920.9492679785785,2,-0.6552779634156529,-1.020443573064819,1.9420911020543765,1.9420911020543765,1.0
921.1492679785786,2,-0.03763827528980457,-0.5934850874307793,0.4425494371842236,0.4425494371842236,1.0
921.3492679785785,2,-0.6288711845648436,-0.12855758657679706,0.6101252172515789,0.6101252172515789,1.0
921.5492679785785,2,-0.9273492888445496,-0.8389493509194369,2.1619071976430844,2.1619071976430844,1.0
921.7492679785786,2,-0.21600057463362177,1.0670329121504722,1.493259551977036,1.493259551977036,1.0
921.9492679785785,2,-0.32593743889678706,0.5430552674622705,0.5271157796565566,0.5271157796565566,1.0
922.1492679785786,2,-1.0307651715797306,-1.3534029414455961,3.8741011355437953,3.8741011355437953,1.0
922.3492679785785,2,0.5934916542711228,-1.1794617190619514,2.2645651930794455,2.2645651930794455,1.0
922.5492679785785,2,-0.13592834361039863,-2.3608075714834906,6.996908978803346,6.996908978803346,1.0
922.7492679785786,2,-0.53425161418388,0.049020287146900765,0.42843558369885554,0.42843558369885554,1.0
922.9492679785785,2,-0.872231354018492,-0.6573390781244677,1.6742918170657652,1.6742918170657652,1.0
923.1492679785786,2,-0.40596585851261224,0.42848724413527395,0.4752393219419163,0.4752393219419163,1.0
923.3492679785785,2,-0.23854365225687602,0.5516839553204821,0.4654045222591895,0.4654045222591895,1.0
923.5492679785785,2,-0.34197597487938225,1.6213782911955756,3.461656290309497,3.461656290309497,1.0
923.7492679785786,2,-0.823904891852191,0.10374220153072389,1.0252591545613285,1.0252591545613285,1.0
923.9492679785785,2,0.3366644178436182,0.5175434769998141,0.5038846472617573,0.5038846472617573,1.0
924.1492679785786,2,-0.7100415677474778,0.1048679572045157,0.7652185777550214,0.7652185777550214,1.0
924.3492679785785,2,-0.7073586901170295,-0.208665957912626,0.8002475639800644,0.8002475639800644,1.0
924.5492679785785,2,0.013508227205669243,-0.5202163600237583,0.33868524316964477,0.33868524316964477,1.0
924.7492679785786,2,0.0873880291200031,-0.9710813165331771,1.190592575580048,1.190592575580048,1.0
924.9492679785785,2,1.1547928368674079,1.3878193285597917,4.396205059759477,4.396205059759477,1.0
925.1492679785786,2,-0.2231845573330986,-0.1732146493529686,0.11176488967196271,0.11176488967196271,1.0
925.3492679785785,2,-0.2547838843857697,0.09543616764386964,0.10814805226197413,0.10814805226197413,1.0
925.5492679785785,2,-0.16832251378380647,1.0282638942602444,1.3644117793530057,1.3644117793530057,1.0
925.7492679785786,2,0.9484284417955067,-0.9650749245715899,2.505445784986209,2.505445784986209,1.0
925.9492679785785,2,-0.6632238472426764,-0.5202916521877045,0.9941552804357864,0.9941552804357864,1.0
926.1492679785786,2,0.6143079944509537,1.601136018272852,3.7683162460413815,3.7683162460413815,1.0
926.3492679785785,2,0.6047029115016329,-0.1721591906668889,0.5821065389566624,0.5821065389566624,1.0
926.5492679785785,2,-2.0797469097537267,0.1471739568123881,6.474241203439281,6.474241203439281,1.0
926.7492679785786,2,-0.7055948845916866,-0.3668715242060568,0.910403537149201,0.910403537149201,1.0
926.9492679785785,2,0.675481710899934,0.18712140434531205,0.7238887579584622,0.7238887579584622,1.0
927.1492679785786,2,1.570075811140935,-0.04590886050025583,3.6770580296718367,3.6770580296718367,1.0
927.3492679785785,2,-0.4618183632546007,0.7921952562965172,1.1026815980181783,1.1026815980181783,1.0
927.5492679785785,2,0.5251023918671898,0.6456282186585273,0.9322488841083691,0.9322488841083691,1.0
927.7492679785786,2,0.7835203222883251,0.1684906352136722,0.9505591978147011,0.9505591978147011,1.0
927.9492679785785,2,0.4522176799150017,0.5903102282112325,0.7405782157246048,0.7405782157246048,1.0
928.1492679785786,2,-0.28004951473797135,-1.5036059975615772,2.9440788630572494,2.9440788630572494,1.0
928.3492679785785,2,0.09738398192886422,-0.7437772291647045,0.7059205396359876,0.7059205396359876,1.0
928.5492679785785,2,-0.47353735791820384,1.4889756353564128,3.1066681648170964,3.1066681648170964,1.0
928.7492679785786,2,-1.395209246657597,0.8347389845237032,3.772871454150607,3.772871454150607,1.0
928.9492679785785,2,-1.3064802880778963,0.7163511984303887,3.1859278276096017,3.1859278276096017,1.0
929.1492679785786,2,-1.092125467079505,0.8544162101894107,2.6907481618412983,2.6907481618412983,1.0
929.3492679785785,2,1.7324299331518738,0.5833424966602221,4.89916553395008,4.89916553395008,1.0
929.5492679785785,2,-0.33632143586449104,0.7848480129909469,0.9388945120424906,0.9388945120424906,1.0
929.7492679785786,2,0.6178981845230531,0.46614792482906675,0.8408196819344189,0.8408196819344189,1.0
929.9492679785785,2,0.18765226164697424,-0.5320649413855743,0.40649705519751483,0.40649705519751483,1.0
930.1492679785786,2,-0.4112620569225207,1.2406352494596304,2.176855543000553,2.176855543000553,1.0
930.3492679785785,2,-0.3933864317491249,0.7625441295038873,0.9578040153347547,0.9578040153347547,1.0
930.5492679785785,2,0.23594514889655827,0.9069297339079303,1.1115471184293626,1.1115471184293626,1.0
930.7492679785786,2,-0.20825457057007313,1.0740680575694526,1.5072560416318748,1.5072560416318748,1.0
930.9492679785785,2,-0.5365179372698456,-0.43022631614353657,0.6605211616822566,0.6605211616822566,1.0
931.1492679785786,2,-0.8641176041205334,-0.2871966926977172,1.2161423398591344,1.2161423398591344,1.0
931.3492679785785,2,-1.0140202424607487,-0.38747187451474163,1.7203902267196216,1.7203902267196216,1.0
931.5492679785785,2,0.8568951999656633,-1.9789249341507733,5.991626375587799,5.991626375587799,1.0
931.7492679785786,2,0.06025503570661428,1.3008457054632834,2.1215146343632116,2.1215146343632116,1.0
931.9492679785785,2,-0.17069409749671394,0.3558149126714585,0.20174870296442693,0.20174870296442693,1.0
932.1492679785786,2,1.1306254607531656,1.2763167694386066,3.942450219498305,3.942450219498305,1.0
932.3492679785785,2,-1.183667756934252,-0.27439477624913977,2.1825257437603676,2.1825257437603676,1.0
932.5492679785785,2,0.18329732758039086,1.0684733475903898,1.4776982300732018,1.4776982300732018,1.0
932.7492679785786,2,0.28734920752254567,0.11534019474108248,0.13971038686995882,0.13971038686995882,1.0
932.9492679785785,2,-1.3415870737296665,-1.1493204936525365,4.3346197228145105,4.3346197228145105,1.0
933.1492679785786,2,0.31258283524410757,-0.10931230227479705,0.1605816059462366,0.1605816059462366,1.0
933.3492679785785,2,0.6537861500968738,0.5378533177879297,0.9988698543316931,0.9988698543316931,1.0
933.5492679785785,2,-0.9320867083367439,0.5513155978699037,1.675060047344254,1.675060047344254,1.0
933.7492679785786,2,-0.21386743369774308,-0.6491550749404287,0.5951409142507706,0.5951409142507706,1.0
933.9492679785785,2,-0.8367904947122078,1.4399470242452665,3.6365599481500928,3.6365599481500928,1.0
934.1492679785786,2,-0.8819305074964241,-0.20936487540625315,1.2141676009807394,1.2141676009807394,1.0
934.3492679785785,2,-0.23304885288478516,-1.1900364970338249,1.851896157158129,1.851896157158129,1.0
934.5492679785785,2,0.06762851126060099,0.6334348521548154,0.508567296877829,0.508567296877829,1.0
934.7492679785786,2,-0.3364364405740119,-0.5813665268825562,0.5913671694244443,0.5913671694244443,1.0
934.9492679785785,2,1.5715351288547055,-1.2117862812479951,5.517510665804123,5.517510665804123,1.0
935.1492679785786,2,-0.5716397761620726,-0.7034137518133052,1.1058051744752744,1.1058051744752744,1.0
935.3492679785785,2,0.9917669452317206,0.740954429549343,2.15264697261816,2.15264697261816,1.0
935.5492679785785,2,-1.6654275631676043,-1.1912953810667877,5.9089460234454725,5.9089460234454725,1.0
935.7492679785786,2,0.7255137376617142,-0.4754422222540172,1.0672491795876433,1.0672491795876433,1.0
935.9492679785785,2,-1.0756525060050706,-0.2483675095888207,1.801744737349354,1.801744737349354,1.0
936.1492679785786,2,-0.7220384973827976,0.5210995124285488,1.116646942035167,1.116646942035167,1.0
936.3492679785785,2,0.06039411222870683,0.2973989241528454,0.11603817819968155,0.11603817819968155,1.0
936.5492679785785,2,0.3364618969726969,-0.36320742289532726,0.3337045639436118,0.3337045639436118,1.0
936.7492679785786,2,0.022168735085223545,-1.222391782991883,1.8692738268094813,1.8692738268094813,1.0
936.9492679785785,2,0.4088572183924093,-0.1830888269718659,0.2910843407384427,0.2910843407384427,1.0
937.1492679785786,2,-0.3446667804462713,-0.6604940187540793,0.7226004287885401,0.7226004287885401,1.0
937.3492679785785,2,-0.6003767990234898,0.5251080182989531,0.8820792674828568,0.8820792674828568,1.0
937.5492679785785,2,-0.23914270048054576,0.2691266376303645,0.17581520126300762,0.17581520126300762,1.0
937.7492679785786,2,-1.0260277156843216,-1.3722242838213983,3.9238208562004124,3.9238208562004124,1.0
937.9492679785785,2,0.149458556281985,-0.22830532087560296,0.09847533789882312,0.09847533789882312,1.0
938.1492679785786,2,-0.658646576970142,-0.7111935266603344,1.2791141537000947,1.2791141537000947,1.0
938.3492679785785,2,-1.3176375621313667,-0.6444477531197674,3.1071779091098497,3.1071779091098497,1.0
938.5492679785785,2,-0.06567733324675373,-1.275806686781553,2.041831544115037,2.041831544115037,1.0
938.7492679785786,2,-0.6252655066520596,-1.7073266123742488,4.22787181155984,4.22787181155984,1.0
938.9492679785785,2,1.225878867020107,-0.29196296565652513,2.3465483028716854,2.3465483028716854,1.0
939.1492679785786,2,-0.6658313170114347,-0.8767615052380553,1.6220679641125915,1.6220679641125915,1.0
939.3492679785785,2,0.24390929106940717,-0.7613525549380187,0.8135304235813915,0.8135304235813915,1.0
939.5492679785785,2,0.7631654169984614,0.8785662228395559,1.833347685578675,1.833347685578675,1.0
939.7492679785786,2,-2.0484932463329777,0.27270399485451624,6.347782295794306,6.347782295794306,1.0
939.9492679785785,2,-0.98097130663756,0.9915326019425783,2.6637532908141868,2.6637532908141868,1.0
940.1492679785786,2,0.0032255098077875743,-0.33801876697698485,0.14289205477379233,0.14289205477379233,1.0
940.3492679785785,2,0.5733210265498911,0.9683556430654598,1.6625329133054179,1.6625329133054179,1.0
940.5492679785785,2,-0.003185356477214185,0.157203784757302,0.030918437397813015,0.030918437397813015,1.0
940.7492679785786,2,-1.6144443144707807,-0.38369139961302623,4.069077617442109,4.069077617442109,1.0
940.9492679785785,2,0.12828829308791612,-1.2908052759353632,2.108063505673377,2.108063505673377,1.0
941.1492679785786,2,0.975200702083086,0.28390771841451423,1.518318549699957,1.518318549699957,1.0
941.3492679785785,2,-1.5770972177535647,-0.6158016865922147,4.181513985540484,4.181513985540484,1.0
941.5492679785785,2,-1.8057001003783277,-1.1342280029931082,6.468687006408981,6.468687006408981,1.0
941.7492679785786,2,-0.4002882162775201,0.41276175231619594,0.4518774086490783,0.4518774086490783,1.0
941.9492679785785,2,1.4330569024983077,-0.15394634114150318,3.0906772072540543,3.0906772072540543,1.0
942.1492679785786,2,0.5242096341120863,0.6100415917385023,0.8749612294775497,0.8749612294775497,1.0
942.3492679785785,2,0.922036408441194,-0.9323713921037327,2.354245855224857,2.354245855224857,1.0
942.5492679785785,2,0.45187277577214857,0.1367346878307274,0.32773029941206294,0.32773029941206294,1.0
942.7492679785786,2,0.043979957428980754,-0.11405597425411829,0.019150285246612102,0.019150285246612102,1.0
942.9492679785785,2,-0.15967501294610997,-1.8568335502955278,4.349455423572939,4.349455423572939,1.0
943.1492679785786,2,-0.4510105700181306,0.11391152648422276,0.3194163593953706,0.3194163593953706,1.0
943.3492679785785,2,-0.48812934719410705,-1.029416257165317,1.6802830014105397,1.6802830014105397,1.0
943.5492679785785,2,-2.270912436708489,0.09942095219801228,7.699106160994971,7.699106160994971,1.0
943.7492679785786,2,-1.6345641607225154,0.8664049897734385,4.921090292792904,4.921090292792904,1.0
943.9492679785785,2,0.603355876371193,-0.8931955309285267,1.54024294692631,1.54024294692631,1.0
944.1492679785786,2,0.5923956694890897,0.8066946773449788,1.3368350499814279,1.3368350499814279,1.0
944.3492679785785,2,-0.798583199838717,0.31199624543632387,1.0722889325078175,1.0722889325078175,1.0
944.5492679785785,2,-0.600959318920637,-1.712893053043092,4.207222266879353,4.207222266879353,1.0
944.7492679785786,2,-0.5483355043590734,-0.7519244964127649,1.1551707382520884,1.1551707382520884,1.0
944.9492679785785,2,0.14095588647130697,-0.7776669152746781,0.7858624009337024,0.7858624009337024,1.0
945.1492679785786,2,-1.033934645664143,-0.9233631509959315,2.6595684206451553,2.6595684206451553,1.0
945.3492679785785,2,-1.4585714943497479,-0.2046169979611019,3.2233587058315645,3.2233587058315645,1.0
945.5492679785785,2,-0.33501703890921775,0.7927195119448565,0.9530985815167663,0.9530985815167663,1.0
945.7492679785786,2,-0.655459959339403,0.6052661805377921,1.0984833210343101,1.0984833210343101,1.0
945.9492679785785,2,0.35751461924597194,-0.44864483287260404,0.44221401159106477,0.44221401159106477,1.0
946.1492679785786,2,-0.3008496619169776,-0.6290425182378077,0.6297164338401007,0.6297164338401007,1.0
946.3492679785785,2,1.4168871449496478,0.7193508780979279,3.6394246234888312,3.6394246234888312,1.0
946.5492679785785,2,-0.0990952459244383,-0.3063414996631113,0.13198813752711905,0.13198813752711905,1.0
946.7492679785786,2,0.8297628809487101,-0.2128563611617169,1.0828967477283429,1.0828967477283429,1.0
946.9492679785785,2,-0.1312557494537714,-0.32218182890741076,0.1554800507311534,0.1554800507311534,1.0
947.1492679785786,2,-0.41469287839480984,-0.21549333405663895,0.31439581656992915,0.31439581656992915,1.0
947.3492679785785,2,-1.4277723168326446,-1.6939407195242426,6.626663634796738,6.626663634796738,1.0
947.5492679785785,2,0.28387721399413124,0.7489822547079239,0.8216025194095736,0.8216025194095736,1.0
947.7492679785786,2,-0.46266384410293426,-0.3368066212791274,0.46091238224965736,0.46091238224965736,1.0
947.9492679785785,2,0.017388666282165843,-0.8078588186237525,0.816557369942638,0.816557369942638,1.0
948.1492679785786,2,0.38703865193681253,-0.5913468144307656,0.6605607616559274,0.6605607616559274,1.0
948.3492679785785,2,0.841524838419339,1.5190865672257097,3.9411724291957784,3.9411724291957784,1.0
948.5492679785785,2,-0.19009566647179454,-0.501321620629448,0.3681365816106172,0.3681365816106172,1.0
948.7492679785786,2,-1.5679262713695294,0.06738263115020837,3.6699874244741437,3.6699874244741437,1.0
948.9492679785785,2,-1.2078964377419297,-1.389433121733023,4.588781817317765,4.588781817317765,1.0
949.1492679785786,2,-0.5502117781114464,-0.5124274251353542,0.7795854633078984,0.7795854633078984,1.0
949.3492679785785,2,-0.018515342663924628,0.435889661827515,0.23810140295428642,0.23810140295428642,1.0
949.5492679785785,2,-0.4118377522067824,-0.044330351573924176,0.25526680289018305,0.25526680289018305,1.0
949.7492679785786,2,0.615200194978275,0.30412283949735386,0.6797805246971814,0.6797805246971814,1.0
949.9492679785785,2,0.944575550597726,-0.6437627268686064,1.848121408022497,1.848121408022497,1.0
950.1492679785786,2,0.22703806733933263,-0.4364132829164149,0.3149928589582241,0.3149928589582241,1.0
950.3492679785785,2,-0.2877925896955382,0.0679578819176867,0.12922760974922776,0.12922760974922776,1.0
950.5492679785785,2,-0.9759895380437769,0.003311913901025587,1.4198269936290346,1.4198269936290346,1.0
950.7492679785786,2,0.4814006351967244,-1.07703507777972,1.7959842993250468,1.7959842993250468,1.0
950.9492679785785,2,-1.2393610013067509,0.6731766072996654,2.8561530780073876,2.8561530780073876,1.0
951.1492679785786,2,0.5333785563956539,2.64979096983958,9.204133607073839,9.204133607073839,1.0
951.3492679785785,2,0.3203944612513503,-0.7023595633327624,0.769878304306523,0.769878304306523,1.0
951.5492679785785,2,-0.4067426807201606,0.463496578977578,0.5152316184935086,0.5152316184935086,1.0
