time_s,sensor,innovation_x,innovation_y,nis,pre_gate_nis,measurement_covariance_scale
445.00761939367794,2,0.0,0.0,0.0,0.0,1.0
445.20761939367793,2,2.9490479617575005,-4.95761456360742,2.000186833347252,2.000186833347252,1.0
445.4076193936779,2,3.522098401419349,2.249403191498219,1.480228509270165,1.480228509270165,1.0
445.60761939367796,2,-0.5291996007592559,-6.11336050137027,2.995442526728671,2.995442526728671,1.0
445.80761939367795,2,-6.113721257059147,3.5243276235717653,4.673705867352638,4.673705867352638,1.0
446.00761939367794,2,-1.5781662718675022,2.7448554826667686,0.8429964748685305,0.8429964748685305,1.0
446.20761939367793,2,2.374716553851016,2.398651687279332,0.9725175495908711,0.9725175495908711,1.0
446.4076193936779,2,-1.469077802267023,-5.620911226165953,2.5682066220721538,2.5682066220721538,1.0
446.60761939367796,2,2.2287103514757263,1.2774863730758281,0.5542053918829919,0.5542053918829919,1.0
446.80761939367795,2,2.58284364579832,-0.7860621901144977,0.6183740141550372,0.6183740141550372,1.0
447.00761939367794,2,-2.2618641640533994,3.853928688409457,1.4844213224206475,1.4844213224206475,1.0
447.20761939367793,2,-1.4579371010209599,1.3618299069458681,0.31090328329596917,0.31090328329596917,1.0
447.4076193936779,2,2.277104565080876,1.9145834758825289,0.6981823016022052,0.6981823016022052,1.0
447.60761939367796,2,2.250292957412235,-2.713131667632724,0.9489229155095434,0.9489229155095434,1.0
447.80761939367795,2,-2.523782512834444,0.15645724375140357,0.5465940903369712,0.5465940903369712,1.0
448.00761939367794,2,2.2325344414612758,-9.38786973747723,6.6563190261300775,6.6563190261300775,1.0
448.20761939367793,2,-4.896307061169004,2.541199476143246,2.521784177352456,2.521784177352456,1.0
448.4076193936779,2,-2.089711281250402,-1.4493639863597698,0.5263467579858041,0.5263467579858041,1.0
448.60761939367796,2,3.7962926309724025,0.9385324140619291,1.3101680278996164,1.3101680278996164,1.0
448.80761939367795,2,4.390106213264161,2.128865183887248,1.9953593171218305,1.9953593171218305,1.0
449.00761939367794,2,3.8191310479771516,-5.08048982303689,3.113392040059908,3.113392040059908,1.0
449.20761939367793,2,-6.509990050376892,-1.058970886293755,3.769387525497516,3.769387525497516,1.0
449.4076193936779,2,-1.4793741448766582,3.029652763266236,0.8488742526991275,0.8488742526991275,1.0
449.60761939367796,2,2.0528132018783154,6.233790007304684,3.1567984587532503,3.1567984587532503,1.0
449.80761939367795,2,4.986825150171697,1.968731592481442,2.4505032775207525,2.4505032775207525,1.0
450.00761939367794,2,-6.611388722554679,2.8708925818784947,4.4130071767308205,4.4130071767308205,1.0
450.20761939367793,2,-1.9239717882493252,-0.9548195589554049,0.3892965115198842,0.3892965115198842,1.0
450.4076193936779,2,1.8498602808960811,-3.9290161171281865,1.4102324953772358,1.4102324953772358,1.0
450.60761939367796,2,0.5794628039616754,-1.224154937616015,0.13725868744688155,0.13725868744688155,1.0
450.80761939367795,2,1.7151918450743935,-3.92669025294885,1.367734313077447,1.367734313077447,1.0
451.00761939367794,2,-6.071620248289477,4.844383009989628,4.9173882139515666,4.9173882139515666,1.0
451.20761939367793,2,2.9455680191464353,2.531038627476268,1.2210533100815195,1.2210533100815195,1.0
451.4076193936779,2,-0.9845462273794681,-3.590865213175691,1.0137116096460894,1.0137116096460894,1.0
451.60761939367796,2,0.7716555163520695,-2.517741974488894,0.508797093372904,0.508797093372904,1.0
451.80761939367795,2,-0.07158428059154431,3.931232668240627,1.1138324094132563,1.1138324094132563,1.0
452.00761939367794,2,3.0058386813347155,6.160353821352283,3.525233356532879,3.525233356532879,1.0
452.20761939367793,2,2.855514440224006,-1.2657762143340139,0.8294495581468315,0.8294495581468315,1.0
452.4076193936779,2,0.47952258362504807,-1.0684343682280537,0.10238089905742417,0.10238089905742417,1.0
452.60761939367796,2,-6.944340035649603,-5.341776709501132,6.278837605590828,6.278837605590828,1.0
452.80761939367795,2,-3.794832681701074,0.11192710777929227,1.2620042118528871,1.2620042118528871,1.0
453.00761939367794,2,-2.28935979078841,-6.298532818512109,3.3173014941797105,3.3173014941797105,1.0
453.20761939367793,2,3.067167609873586,-2.7375368596743668,1.3638100327838703,1.3638100327838703,1.0
453.4076193936779,2,4.761749314355839,1.0089907370952826,2.059054510724037,2.059054510724037,1.0
453.60761939367796,2,-1.2875358590113848,5.544243891517575,2.3599534410419625,2.3599534410419625,1.0
453.80761939367795,2,-1.3939953561328338,-1.5115359503301042,0.3348014668651727,0.3348014668651727,1.0
454.00761939367794,2,-0.28053100956326915,-2.011805339967343,0.2985158756905713,0.2985158756905713,1.0
454.20761939367793,2,1.005608523591782,1.7284677107096316,0.3038283005414735,0.3038283005414735,1.0
454.4076193936779,2,-3.687322644211669,1.326410440934558,1.3174989049963886,1.3174989049963886,1.0
454.60761939367796,2,2.178768782435178,3.4691619529815836,1.2829045072805838,1.2829045072805838,1.0
454.80761939367795,2,-2.1015448370229493,-0.3099580222541881,0.39370758349714924,0.39370758349714924,1.0
455.00761939367794,2,5.147983728496719,-0.7527759804399264,2.361788062240255,2.361788062240255,1.0
455.20761939367793,2,5.024346743734412,3.7230168851744465,3.2095440759591147,3.2095440759591147,1.0
455.4076193936779,2,2.2685767383691626,-2.9744689496464103,1.0882086495288,1.0882086495288,1.0
455.60761939367796,2,2.928831367739555,4.29682063832081,2.0815563714392304,2.0815563714392304,1.0
455.80761939367795,2,1.4653084243259826,-0.49752381739523394,0.20587630962398729,0.20587630962398729,1.0
456.00761939367794,2,-7.533086311652056,-4.986997034779574,6.761808506454665,6.761808506454665,1.0
456.20761939367793,2,0.7883904084343243,4.1954282445092534,1.3227043229107072,1.3227043229107072,1.0
456.4076193936779,2,-1.866144583520331,5.8057964672137565,2.733739057408399,2.733739057408399,1.0
456.60761939367796,2,3.418145290800183,-0.01097023875433667,1.0232442353466888,1.0232442353466888,1.0
456.80761939367795,2,0.11945792660908694,-4.27404847326764,1.3174993526304748,1.3174993526304748,1.0
457.00761939367794,2,-2.195920389287089,-0.30172550665613995,0.42886635768078846,0.42886635768078846,1.0
457.20761939367793,2,-0.8577553431736007,-3.967551579027718,1.1986743467438374,1.1986743467438374,1.0
457.4076193936779,2,-6.713416577750877,-7.129037071579288,7.60916101386705,7.60916101386705,1.0
457.60761939367796,2,-4.020639758718573,-0.7932769107059316,1.4610883994124249,1.4610883994124249,1.0
457.80761939367795,2,1.555022532838258,-0.3358231935570424,0.21989794126364348,0.21989794126364348,1.0
458.00761939367794,2,0.2795722960468936,-0.1920959959308426,0.009504018474224104,0.009504018474224104,1.0
458.20761939367793,2,-1.366080057164588,-0.8105227384506111,0.21077165314373292,0.21077165314373292,1.0
458.4076193936779,2,0.428221805828386,6.479618637058879,3.041291354001162,3.041291354001162,1.0
458.60761939367796,2,9.327655827868483,1.024720106092195,7.695397061624721,7.695397061624721,1.0
458.80761939367795,2,-5.2822079009592855,1.7739148818270414,2.670314855223186,2.670314855223186,1.0
459.00761939367794,2,-0.9187986899084422,0.9945350790767213,0.1452014384628753,0.1452014384628753,1.0
459.20761939367793,2,5.712753289367562,8.83384555927535,8.481043248355391,8.481043248355391,1.0
459.4076193936779,2,7.025202450809907,-5.853818663332366,6.791375374976088,6.791375374976088,1.0
459.60761939367796,2,-2.285065843566443,-0.2866732839336792,0.46321225012819106,0.46321225012819106,1.0
459.80761939367795,2,-6.044399131996059,-1.2909635587302102,3.3197254761673043,3.3197254761673043,1.0
460.00761939367794,2,2.6859099938537483,-2.7327116572159325,1.1698781627149997,1.1698781627149997,1.0
460.20761939367793,2,-6.08899463212709,-1.7827994088151833,3.476044218235162,3.476044218235162,1.0
460.4076193936779,2,-4.500278190753953,0.8551405725335203,1.8263643076484097,1.8263643076484097,1.0
460.60761939367796,2,5.541728551352854,1.5970903411414228,2.8733748104480656,2.8733748104480656,1.0
460.80761939367795,2,1.722965481063774,-3.085338198996044,0.9458921119157893,0.9458921119157893,1.0
461.00761939367794,2,5.717409287393934,-0.2985015731877715,2.869236842721425,2.869236842721425,1.0
461.20761939367793,2,-6.714570958164664,3.0223560701699674,4.606683797779513,4.606683797779513,1.0
461.4076193936779,2,-1.0211133342874774,-1.9572874497156554,0.36735326510630306,0.36735326510630306,1.0
461.60761939367796,2,4.212740710208941,-0.650049215377425,1.5847102207824675,1.5847102207824675,1.0
461.80761939367795,2,-3.095385628015002,0.2092676376716655,0.8422762611628425,0.8422762611628425,1.0
462.00761939367794,2,-1.622226901193244,-3.141429426984199,0.9415454065164881,0.9415454065164881,1.0
462.20761939367793,2,-2.0353431099326755,0.7668150964782996,0.4051707680968665,0.4051707680968665,1.0
462.4076193936779,2,-0.09251664470004073,-1.3556955883695458,0.13317894191702512,0.13317894191702512,1.0
462.60761939367796,2,-1.0628866452851398,1.751855024327915,0.3200736272128759,0.3200736272128759,1.0
462.80761939367795,2,-1.4857284299195896,-5.7826333367388365,2.6027310636625884,2.6027310636625884,1.0
463.00761939367794,2,5.585453306398293,12.14323403462736,10.361839452611422,13.357186404953707,1.4502380873561327
463.20761939367793,2,1.09012896045067,0.8989181012606202,0.15534241241453325,0.15534241241453325,1.0
463.4076193936779,2,3.6388171870602974,1.243971352687505,1.2398716059231438,1.2398716059231438,1.0
463.60761939367796,2,-2.840160598413391,1.4589183268232802,0.8487428866465698,0.8487428866465698,1.0
463.80761939367795,2,-1.9465705053533355,-2.535162807984197,0.7900845235656346,0.7900845235656346,1.0
464.00761939367794,2,1.5700421565887908,0.8510635890715506,0.2674563388464284,0.2674563388464284,1.0
464.20761939367793,2,1.5551252214182227,-0.3662102754173251,0.22133998023607074,0.22133998023607074,1.0
464.4076193936779,2,3.0005022233610106,0.7814022943593619,0.8324400866738366,0.8324400866738366,1.0
464.60761939367796,2,3.165259794054627,2.0633532858369485,1.1841175346609671,1.1841175346609671,1.0
464.80761939367795,2,-5.157653182044982,-0.8733963911449147,2.3838372163778114,2.3838372163778114,1.0
465.00761939367794,2,1.7043491941670084,0.5617610990819911,0.27696972535974596,0.27696972535974596,1.0
465.20761939367793,2,-0.5522837722375655,-2.503339250507788,0.4779319898409032,0.4779319898409032,1.0
465.4076193936779,2,-2.930896635570214,8.163543244376415,5.550062073768826,5.550062073768826,1.0
465.60761939367796,2,5.884531725000379,2.0045616161951547,3.3197145930192242,3.3197145930192242,1.0
465.80761939367795,2,4.431225886086544,-0.620633591116678,1.746353800927859,1.746353800927859,1.0
466.00761939367794,2,-4.249621397892625,-7.531328751725168,5.665838747821277,5.665838747821277,1.0
466.20761939367793,2,-7.491726452287963,-2.0418513215376435,5.214212730127823,5.214212730127823,1.0
466.4076193936779,2,2.282324432659564,-5.816524013913047,2.893289990331656,2.893289990331656,1.0
466.60761939367796,2,-3.6745287557785176,2.5052096088757083,1.6345473754975768,1.6345473754975768,1.0
466.80761939367795,2,1.5673517446851193,0.07659085120323272,0.2155590044978137,0.2155590044978137,1.0
467.00761939367794,2,4.175922616449363,0.12038419154337221,1.5282490534383093,1.5282490534383093,1.0
467.20761939367793,2,2.73811414469197,-1.5052850896782712,0.8198618599311603,0.8198618599311603,1.0
467.4076193936779,2,-3.1778497478665386,-5.177726995925852,2.816111778014701,2.816111778014701,1.0
467.60761939367796,2,3.076990878775888,-0.7818340742059036,0.8732056402102032,0.8732056402102032,1.0
467.80761939367795,2,-2.444686951479092,1.5673110184025816,0.7003887503069925,0.7003887503069925,1.0
468.00761939367794,2,-6.972677239323858,3.0215121081981624,4.915523709749621,4.915523709749621,1.0
468.20761939367793,2,-5.513099538177713,2.0570795469800554,2.966646791410662,2.966646791410662,1.0
468.4076193936779,2,8.502689812844196,-0.0006087894177411179,6.331247495474631,6.331247495474631,1.0
468.60761939367796,2,1.1274574503708905,-1.5448444546462299,0.2832754182496094,0.2832754182496094,1.0
468.80761939367795,2,-4.007620987096388,3.8321206903881313,2.46463782412554,2.46463782412554,1.0
469.00761939367794,2,1.9717711052397675,1.6141997112705813,0.528226373726401,0.528226373726401,1.0
469.05,1,-3.16664827305582,-4.192765143066921,1.338427985461141,1.338427985461141,1.0
469.20761939367793,2,-1.612161553891596,2.1634130122254813,0.5983770667019622,0.5983770667019622,1.0
469.3,1,2.1300391308267663,0.8873382592083809,0.2749295852155556,0.2749295852155556,1.0
469.4076193936779,2,-0.8078765104433927,-2.4457824038164513,0.5345786496891777,0.5345786496891777,1.0
469.55,1,-1.7113618262246106,-0.030005576841980464,0.15280115842615324,0.15280115842615324,1.0
469.60761939367796,2,-3.386626266504642,0.4311493324761011,1.136638411076828,1.136638411076828,1.0
469.8,1,-0.1939541208130393,-4.4993510372455425,0.9176087755264938,0.9176087755264938,1.0
469.80761939367795,2,2.333382106800542,7.519681539807874,5.172189097446655,5.172189097446655,1.0
470.00761939367794,2,2.961998400032293,1.2682482665778223,0.9588742208002197,0.9588742208002197,1.0
470.05,1,-5.327563326321616,6.4148689344432155,3.4724847359556965,3.4724847359556965,1.0
470.20761939367793,2,2.409651293383881,-2.876780854552095,1.212593506840904,1.212593506840904,1.0
470.3,1,0.4949114794094527,3.671071588494193,0.6412429312802692,0.6412429312802692,1.0
470.4076193936779,2,0.2667365803639683,-0.5109031867121789,0.027808015727365652,0.027808015727365652,1.0
470.55,1,-5.409639557081704,2.704423874168504,1.8679274859391721,1.8679274859391721,1.0
470.60761939367796,2,6.056705032225665,0.4098758416319799,3.6177430626193634,3.6177430626193634,1.0
470.8,1,-4.675255272917781,-2.359221127998899,1.3792272148252476,1.3792272148252476,1.0
470.80761939367795,2,-0.18146307200324685,-3.991728344255389,1.310566773373052,1.310566773373052,1.0
471.00761939367794,2,6.05682520965216,-1.1416215658556772,3.5902033174633465,3.5902033174633465,1.0
471.05,1,-4.422574838418086,8.07273810507504,4.134498887453189,4.134498887453189,1.0
471.20761939367793,2,-1.6555336754539738,-1.052191500428536,0.35139268872395085,0.35139268872395085,1.0
471.3,1,2.790849435591184,-3.8539976738616635,1.1071731353966507,1.1071731353966507,1.0
471.4076193936779,2,-3.3255226372411926,-5.53157628635762,3.532280824102709,3.532280824102709,1.0
471.55,1,-1.9474636163537866,-5.7271555487025925,1.7086775001991201,1.7086775001991201,1.0
471.60761939367796,2,-2.729577999499732,2.1460521433762434,1.1081123827419932,1.1081123827419932,1.0
471.8,1,3.4061771422527443,1.513139552425019,0.703210912409756,0.703210912409756,1.0
471.80761939367795,2,-3.614053601019357,-3.591884807765264,2.364091457463152,2.364091457463152,1.0
472.00761939367794,2,2.7383045681279228,-1.4291206840102006,0.8755758620667309,0.8755758620667309,1.0
472.05,1,-8.962458015735777,-0.2075126200254653,4.3330614063828525,4.3330614063828525,1.0
472.20761939367793,2,-1.3074271647399627,-0.6346200370213367,0.19672835435118433,0.19672835435118433,1.0
472.3,1,3.262771861958875,3.9889281615414,1.3095102946001957,1.3095102946001957,1.0
472.4076193936779,2,-3.3387014384560345,1.3930055367332022,1.242125497459777,1.242125497459777,1.0
472.55,1,5.176762979099664,-4.70978360684205,2.427343909274821,2.427343909274821,1.0
472.60761939367796,2,2.3450588967157984,2.4465504333530723,1.0289083737095432,1.0289083737095432,1.0
472.8,1,4.687008952746531,1.6549730330227193,1.2594599417801196,1.2594599417801196,1.0
472.80761939367795,2,2.0568499677847925,-0.7480692520078641,0.46827199129223485,0.46827199129223485,1.0
473.00761939367794,2,2.005641531936476,-4.748186022624299,2.1583291738009156,2.1583291738009156,1.0
473.05,1,0.6972926841927034,8.29362353314888,3.281616079532352,3.281616079532352,1.0
473.20761939367793,2,3.5789267072361355,-2.8752134276069974,1.8917607154736282,1.8917607154736282,1.0
473.3,1,7.520984533286452,2.7452227006002716,3.3613717576227256,3.3613717576227256,1.0
473.4076193936779,2,-6.267755662203797,6.150967087979826,6.869894060262185,6.869894060262185,1.0
473.55,1,2.450819946550155,3.402163462619524,0.848226793725537,0.848226793725537,1.0
473.60761939367796,2,-0.0731541334792496,-0.9106136120839762,0.06796228430690843,0.06796228430690843,1.0
473.8,1,-1.0549333899306887,-2.406330278958833,0.3204108414412131,0.3204108414412131,1.0
473.80761939367795,2,0.11272040536494643,5.710017357071871,2.6843840483844628,2.6843840483844628,1.0
474.00761939367794,2,-0.9230560907520413,-4.741699663959774,1.851353463856153,1.851353463856153,1.0
474.05,1,2.4166810358423376,2.1417993302635043,0.5320563004092822,0.5320563004092822,1.0
474.20761939367793,2,3.277800942386662,1.7428273090251019,1.277097536216651,1.277097536216651,1.0
474.3,1,-1.0198141307454236,-3.8547935149594195,0.7494370129987309,0.7494370129987309,1.0
474.4076193936779,2,1.8282278058324266,0.8494371561467404,0.38376532070266434,0.38376532070266434,1.0
474.55,1,-9.609681429482585,-5.235164132929336,6.10657776775733,6.10657776775733,1.0
474.60761939367796,2,-1.51104526268157,0.5952534974898491,0.2539641645785746,0.2539641645785746,1.0
474.8,1,-5.998747230433562,-3.3310243769813517,2.3634711934593655,2.3634711934593655,1.0
474.80761939367795,2,1.6834385142964408,0.100097085167143,0.2837134623452876,0.2837134623452876,1.0
475.00761939367794,2,1.4833925280838756,0.5118978773567502,0.23052622739687917,0.23052622739687917,1.0
475.05,1,3.271335387528822,-1.568078870179333,0.6934905883992597,0.6934905883992597,1.0
475.20761939367793,2,-5.25908442573925,5.624950341268967,5.182899816018113,5.182899816018113,1.0
475.3,1,3.7173823961423196,1.1602508578607194,0.7981523610942083,0.7981523610942083,1.0
475.4076193936779,2,0.3605358210432108,-2.2964457651600587,0.43677548806058497,0.43677548806058497,1.0
475.55,1,-6.863683954761662,-0.993855468107099,2.516707630482975,2.516707630482975,1.0
475.60761939367796,2,-0.8481150338625589,5.885578018362874,2.8885373437890642,2.8885373437890642,1.0
475.8,1,-5.807962849597782,4.107327966959339,2.5093106213826726,2.5093106213826726,1.0
475.80761939367795,2,0.6494431994536498,2.3065910800147105,0.48000327037110907,0.48000327037110907,1.0
476.00761939367794,2,4.213238914144572,-1.0502706090483258,1.780118794661596,1.780118794661596,1.0
476.05,1,3.259292538476675,2.2958245586086465,0.822348857137424,0.822348857137424,1.0
476.20761939367793,2,5.395392053317611,-3.2826436364904747,3.6631117066167773,3.6631117066167773,1.0
476.3,1,-4.900532306311231,-6.176072240044974,3.059620427309346,3.059620427309346,1.0
476.4076193936779,2,5.6049593865258736,1.0113388368712295,3.1441213977504647,3.1441213977504647,1.0
476.55,1,3.6829162777520033,0.14818684498287693,0.7125161370975912,0.7125161370975912,1.0
476.60761939367796,2,-3.0936993449017365,-2.7356723508891005,1.552536616485599,1.552536616485599,1.0
476.8,1,3.1237753587855615,-2.753138178682878,0.8484714396377947,0.8484714396377947,1.0
476.80761939367795,2,4.180909680448391,6.622871547971025,5.355070731611076,5.355070731611076,1.0
477.00761939367794,2,-5.687764790478873,-4.295030730603695,4.5384268028774795,4.5384268028774795,1.0
477.05,1,-2.530073333513812,-4.4241464333895,1.2716494108910206,1.2716494108910206,1.0
477.20761939367793,2,0.6337135132360743,-3.688951369906362,1.1212935653141465,1.1212935653141465,1.0
477.3,1,2.7110586184900036,1.3924345735787982,0.4816378140340909,0.4816378140340909,1.0
477.4076193936779,2,-3.9259698834306356,-5.510710484943726,3.9444323340347798,3.9444323340347798,1.0
477.55,1,2.791744197391761,0.6196964925171191,0.4265252953652399,0.4265252953652399,1.0
477.60761939367796,2,-3.9903827418950826,1.8242063898552856,1.8408714994890447,1.8408714994890447,1.0
477.8,1,7.958761233231513,6.426834710289058,5.149035824122116,5.149035824122116,1.0
477.80761939367795,2,4.527589345139983,1.1598438978599233,2.1570034626236176,2.1570034626236176,1.0
478.00761939367794,2,-1.6002020999778601,-2.576711338012882,0.7670562691070917,0.7670562691070917,1.0
478.05,1,7.974540256820568,4.109162407292474,4.228634936951748,4.228634936951748,1.0
478.20761939367793,2,0.9866482245418702,-1.7090766503863952,0.32620183092173494,0.32620183092173494,1.0
478.3,1,8.687800261713019,-7.3548652435544515,6.542917338696986,6.542917338696986,1.0
478.4076193936779,2,-0.05265124462752979,4.496683526251495,1.6263872216100697,1.6263872216100697,1.0
478.55,1,-2.629790669045345,-2.147588587117556,0.5752591099269435,0.5752591099269435,1.0
478.60761939367796,2,-2.7679224141487744,-1.240857376753829,0.8807380625282217,0.8807380625282217,1.0
478.8,1,-7.487011316550635,0.5115190699822756,2.9087711724907725,2.9087711724907725,1.0
478.80761939367795,2,-8.46971094540578,-5.3847777234882965,9.300333163453788,9.547474991530947,1.0366039262327968
479.00761939367794,2,-0.3723280700019487,3.7426130481246753,1.1131467837174136,1.1131467837174136,1.0
479.05,1,2.186548956950684,-1.7668510634638903,0.4052344895555515,0.4052344895555515,1.0
479.20761939367793,2,-2.546834993845007,5.337397530186442,2.8872519982550027,2.8872519982550027,1.0
479.3,1,-9.299716192189974,7.074920602317788,6.936507477957456,6.936507477957456,1.0
479.4076193936779,2,1.6606445468178528,-0.17625912524860277,0.2710797016909415,0.2710797016909415,1.0
479.55,1,0.20453985043372214,-2.535342828655393,0.29826558230259403,0.29826558230259403,1.0
479.60761939367796,2,0.5551695411582998,2.0881340470834515,0.3849470681085256,0.3849470681085256,1.0
479.8,1,5.0042257087607815,-1.3750672002945545,1.3799249717860238,1.3799249717860238,1.0
479.80761939367795,2,2.3000436413438408,-0.5777577121215971,0.5555078060110563,0.5555078060110563,1.0
480.00761939367794,2,0.3823583645091553,3.7929955002317284,1.1467563866162358,1.1467563866162358,1.0
480.05,1,-3.711300621372313,1.7025739544133944,0.8799832474744671,0.8799832474744671,1.0
480.20761939367793,2,1.6743197306338935,-5.347959766326795,2.5454842542746547,2.5454842542746547,1.0
480.3,1,-2.6122148168814654,9.932218542891782,4.971320658792046,4.971320658792046,1.0
480.4076193936779,2,3.398805937063617,-1.1548071196219105,1.2331241436831124,1.2331241436831124,1.0
480.55,1,-1.442143127784938,-0.2607595052873761,0.11222779196884415,0.11222779196884415,1.0
480.60761939367796,2,-2.6043724023654704,-1.8806034894694283,0.9565008079225851,0.9565008079225851,1.0
480.8,1,-5.929557647060564,-11.727922936266523,8.06257065133388,8.06257065133388,1.0
480.80761939367795,2,0.03830152912125939,2.1134510554709434,0.367772959859409,0.367772959859409,1.0
481.00761939367794,2,2.7619156348125316,3.4197407558193635,1.6484039349542658,1.6484039349542658,1.0
481.05,1,-0.5648092446768445,-4.604973977493435,1.020913183926112,1.020913183926112,1.0
481.20761939367793,2,-0.6077650162679333,-1.2183664155378615,0.1536861504649132,0.1536861504649132,1.0
481.3,1,0.7395128722561353,-0.2548877180762711,0.03213227142237576,0.03213227142237576,1.0
481.4076193936779,2,3.7624677598046503,-1.7672687447039388,1.6308189287017543,1.6308189287017543,1.0
481.55,1,0.8984281965956846,-2.4518450685480673,0.319290333666172,0.319290333666172,1.0
481.60761939367796,2,5.309243319731316,0.8747132762486973,2.841799156420434,2.841799156420434,1.0
481.8,1,-6.565886442313641,-5.262757217758992,3.4855590163537213,3.4855590163537213,1.0
481.80761939367795,2,-2.502014012001961,5.884659366530163,3.4750564744788806,3.4750564744788806,1.0
482.00761939367794,2,1.0954003245731698,-5.985742717077421,2.9356549954551676,2.9356549954551676,1.0
482.05,1,2.714527583721001,-6.505593953548926,2.4006137594256174,2.4006137594256174,1.0
482.20761939367793,2,0.6349480129318366,5.309011932132204,2.281095389052412,2.281095389052412,1.0
482.3,1,-8.112084156502744,6.34203041645679,5.380241609446726,5.380241609446726,1.0
482.4076193936779,2,4.009167561922251,1.0118960460141246,1.648920202985978,1.648920202985978,1.0
482.55,1,3.471514057732616,-2.125264972981511,0.8402578326716835,0.8402578326716835,1.0
482.60761939367796,2,-1.4716037438286378,2.59817595643609,0.7626412488680592,0.7626412488680592,1.0
482.8,1,-2.71806718052537,4.126479137602613,1.155018032068607,1.155018032068607,1.0
482.80761939367795,2,0.880288872740028,6.292526719934663,3.336370568079836,3.336370568079836,1.0
483.00761939367794,2,-0.4896781335518412,-0.32140182440496523,0.03100657869388098,0.03100657869388098,1.0
483.05,1,-3.868324723724111,1.2940773321451808,0.8862288584419535,0.8862288584419535,1.0
483.20761939367793,2,0.839160361621456,-2.6392510193370784,0.6220146950962364,0.6220146950962364,1.0
483.3,1,-4.833010900718591,0.5536934443240515,1.2571403772025866,1.2571403772025866,1.0
483.4076193936779,2,-0.7967377321197908,3.2255457016925972,0.8985754599419451,0.8985754599419451,1.0
483.55,1,-7.302146875155934,-2.6698358472505728,3.125412712134889,3.125412712134889,1.0
483.60761939367796,2,1.3836973209788361,-2.4379953448697416,0.6722723534709628,0.6722723534709628,1.0
483.8,1,2.0019587518426327,8.584294493391882,3.5533179201378893,3.5533179201378893,1.0
483.80761939367795,2,0.42518573129716586,-4.290513656742235,1.5331911768701256,1.5331911768701256,1.0
484.00761939367794,2,-0.8084925390406319,2.6116419968769757,0.5994217090868542,0.5994217090868542,1.0
484.05,1,-4.852943695921454,-2.7156778453960913,1.6191173411493973,1.6191173411493973,1.0
484.20761939367793,2,-1.0957099784894684,-1.466357452365891,0.2867768719544047,0.2867768719544047,1.0
484.3,1,1.3327554269386912,-4.095435618079099,0.8780173747689142,0.8780173747689142,1.0
484.4076193936779,2,0.37711897146611584,-1.5625561856924777,0.21021424348531903,0.21021424348531903,1.0
484.55,1,1.5417810127311782,0.08738240740760128,0.1250442266310517,0.1250442266310517,1.0
484.60761939367796,2,-2.236561296786931,-5.280337733042209,2.7611925613107076,2.7611925613107076,1.0
484.8,1,0.07171164622963211,-1.1338621220277911,0.05864562933561028,0.05864562933561028,1.0
484.80761939367795,2,4.588107860377086,0.1770537960200641,2.103930291627247,2.103930291627247,1.0
485.00761939367794,2,-1.5748418864847356,2.146130379163742,0.5992492479055977,0.5992492479055977,1.0
485.05,1,0.8346322572387521,-3.3867768483153267,0.580485669380699,0.580485669380699,1.0
485.20761939367793,2,-5.7251763760729455,-0.03782732207927997,3.1594954571626395,3.1594954571626395,1.0
485.3,1,0.3483514742747502,-2.5085062001176865,0.30040714641047844,0.30040714641047844,1.0
485.4076193936779,2,-1.7265439779633862,-0.14341285310351637,0.2921894041865652,0.2921894041865652,1.0
485.55,1,3.252677057384993,-4.475309006742778,1.477700211548103,1.477700211548103,1.0
485.60761939367796,2,0.16474423018344453,0.8677427381121416,0.06392369646265365,0.06392369646265365,1.0
485.8,1,3.1076308039023273,6.715118652074684,2.5467087879846013,2.5467087879846013,1.0
485.80761939367795,2,7.496839890697605,-0.9336393980697386,5.68207021828849,5.68207021828849,1.0
486.00761939367794,2,-1.1544905386745024,-2.9365928959888348,0.8061738207496183,0.8061738207496183,1.0
486.05,1,6.398881585288155,10.522550269724405,7.448969174187118,7.448969174187118,1.0
486.20761939367793,2,0.35938288534733864,1.1769591763937046,0.12264886123352536,0.12264886123352536,1.0
486.3,1,3.0929338863770646,-8.085460208433416,3.5628855288803587,3.5628855288803587,1.0
486.4076193936779,2,-1.8330474428270298,-1.7193917851064568,0.5652328869894256,0.5652328869894256,1.0
486.55,1,-5.34855365758153,1.038308474310217,1.5502779342146098,1.5502779342146098,1.0
486.60761939367796,2,0.7050259790191262,1.8082021020699242,0.3149651604666646,0.3149651604666646,1.0
486.8,1,6.2202415831889075,4.639920168294896,2.9771435895665856,2.9771435895665856,1.0
486.80761939367795,2,0.7697806691827589,2.301775122613053,0.49522753151081966,0.49522753151081966,1.0
487.00761939367794,2,-3.2925767239641046,0.18182047287320854,1.0367127384058128,1.0367127384058128,1.0
487.05,1,-1.2528022096059344,-4.986948421425682,1.2617901581805564,1.2617901581805564,1.0
487.20761939367793,2,-5.935317473682112,0.8017239699431408,3.446701163218312,3.446701163218312,1.0
487.3,1,-6.107707886965239,5.138461504623232,3.218274436093214,3.218274436093214,1.0
487.4076193936779,2,5.869708332952802,1.3332290270338072,3.500917511159604,3.500917511159604,1.0
487.55,1,2.507222850089437,2.9021060814155355,0.7177641112233981,0.7177641112233981,1.0
487.60761939367796,2,-2.0319386805615043,0.7872009021560866,0.45754723556434235,0.45754723556434235,1.0
487.8,1,-4.547903884108012,0.957482026589449,1.1105310449968764,1.1105310449968764,1.0
487.80761939367795,2,6.261200555534609,0.8567634459077191,3.973749361002766,3.973749361002766,1.0
488.00761939367794,2,2.8960398773008076,-5.036645067991595,2.79753045297005,2.79753045297005,1.0
488.05,1,5.40315252072902,1.2080904334821259,1.6434364518965676,1.6434364518965676,1.0
488.20761939367793,2,5.444566188700094,-1.6956470396628354,3.0860012984809204,3.0860012984809204,1.0
488.3,1,-6.106720411872358,-3.8015387612663147,2.6593068875307386,2.6593068875307386,1.0
488.4076193936779,2,-9.862031440116414,0.7531319845748721,9.300744508498937,9.524921222742758,1.034155181900089
488.55,1,-2.179957618589953,-1.2440106969463576,0.3200944936031765,0.3200944936031765,1.0
488.60761939367796,2,4.74651149468834,-1.5668435915470247,2.415830150477117,2.415830150477117,1.0
488.8,1,0.18520321830867686,1.1654528652486698,0.06339530145146156,0.06339530145146156,1.0
488.80761939367795,2,1.7137629391547593,-2.843300941787968,0.9574999010487033,0.9574999010487033,1.0
489.00761939367794,2,0.6025628960021355,-2.2900663370715924,0.44725208027200064,0.44725208027200064,1.0
489.05,1,-1.4736865297025656,2.969290861559313,0.5343135187315478,0.5343135187315478,1.0
489.20761939367793,2,3.5462274981009108,8.134452053778853,6.474084375292948,6.474084375292948,1.0
489.3,1,-4.54139548301242,-8.688446864745094,4.623322367987799,4.623322367987799,1.0
489.4076193936779,2,3.9649319747117664,0.5858286455278355,1.5596468305191833,1.5596468305191833,1.0
489.55,1,-5.96855507215005,-0.8502331306572662,1.9019465835926461,1.9019465835926461,1.0
489.60761939367796,2,3.2545278835290614,6.206565208575545,4.177739978110311,4.177739978110311,1.0
489.8,1,-2.237763532446647,1.5111070511513027,0.36247671171902435,0.36247671171902435,1.0
489.80761939367795,2,4.861327105907585,3.0099478079289406,3.104755095786665,3.104755095786665,1.0
490.00761939367794,2,-0.1115893066020579,1.941616783170014,0.29803228872628656,0.29803228872628656,1.0
490.05,1,2.264135209883104,-6.181294655402747,2.0849500278852986,2.0849500278852986,1.0
490.20761939367793,2,0.13814480211216162,-2.346002555290111,0.43966838587876067,0.43966838587876067,1.0
490.3,1,1.0951342223862888,-3.3710021480599206,0.5946420467881053,0.5946420467881053,1.0
490.4076193936779,2,-3.201980751405124,-0.4187967325426305,1.0133276946826124,1.0133276946826124,1.0
490.55,1,1.1486515070209533,-2.0463265735486282,0.26212267014696594,0.26212267014696594,1.0
490.60761939367796,2,-3.1871886627401094,3.281594006010428,1.8775666792979753,1.8775666792979753,1.0
490.8,1,1.3055919053875238,6.389849190633192,1.942096093129659,1.942096093129659,1.0
490.80761939367795,2,-2.8791051924388875,-3.639618204907901,1.91769090516604,1.91769090516604,1.0
491.00761939367794,2,0.7178461770572611,-4.082374177482244,1.361387605770317,1.361387605770317,1.0
491.05,1,1.8328771950619367,-1.2084082081862864,0.2502794388871235,0.2502794388871235,1.0
491.20761939367793,2,-6.629442735882139,0.36215535823621536,4.246519021885439,4.246519021885439,1.0
491.3,1,2.3946139253789855,1.286666917564661,0.3824316283475199,0.3824316283475199,1.0
491.4076193936779,2,2.211099858028838,6.123692243891502,3.492162565240314,3.492162565240314,1.0
491.55,1,-4.858103581245764,3.4670885731143155,1.7918099708284174,1.7918099708284174,1.0
491.60761939367796,2,-3.796392059771664,3.033347628421465,2.169639682669886,2.169639682669886,1.0
491.8,1,-4.717286919836652,-3.1292831632487736,1.5946627466578651,1.5946627466578651,1.0
491.80761939367795,2,-3.0068898842300404,-1.5845957564379631,1.1092024227679678,1.1092024227679678,1.0
492.00761939367794,2,-4.667365533934381,-0.3336971339620547,2.086729272715871,2.086729272715871,1.0
492.05,1,1.0355240845982019,2.334303048544445,0.31574150456004973,0.31574150456004973,1.0
492.20761939367793,2,7.759138418220087,-5.687516530696963,8.376355318431969,8.376355318431969,1.0
492.3,1,3.582526290896516,-0.40829148882256483,0.6906783791472687,0.6906783791472687,1.0
492.4076193936779,2,6.450786314520908,-4.838347829174709,5.938345176482052,5.938345176482052,1.0
492.55,1,-2.6369874726156888,5.919746403538513,1.9792349683295993,1.9792349683295993,1.0
492.60761939367796,2,-0.7183783008442821,-5.425964108533603,2.4456335381025793,2.4456335381025793,1.0
492.8,1,-0.5499710766171678,1.7058512394198573,0.14776847041572752,0.14776847041572752,1.0
492.80761939367795,2,-1.0442253811680844,-6.120511967749713,3.1921191490975196,3.1921191490975196,1.0
493.00761939367794,2,1.524009078600468,4.212591817465556,1.618892362520756,1.618892362520756,1.0
493.05,1,-7.822770227277051,-1.8317627186466066,3.458932950806753,3.458932950806753,1.0
493.20761939367793,2,-0.6405137144732,-2.5336722761846335,0.5502343702467767,0.5502343702467767,1.0
493.3,1,0.7069432220193252,3.9477721847990708,0.7546186227943674,0.7546186227943674,1.0
493.4076193936779,2,5.198043574284341,2.6864725062540806,3.213839178487947,3.213839178487947,1.0
493.55,1,-0.21687918522198624,-2.8420705287388603,0.3745961954543935,0.3745961954543935,1.0
493.60761939367796,2,-0.8581415174046068,-4.987406344169408,2.095887396123181,2.095887396123181,1.0
493.8,1,0.9501494901273209,-0.04906462961480251,0.04676432911048584,0.04676432911048584,1.0
493.80761939367795,2,4.897541543763166,-3.1577068578229053,3.21503662303695,3.21503662303695,1.0
494.00761939367794,2,1.8825712333747902,0.40165649438362827,0.35076556575789836,0.35076556575789836,1.0
494.05,1,1.2677384911285343,3.5299322028260747,0.6764560329204212,0.6764560329204212,1.0
494.20761939367793,2,-5.7802698461932085,-1.4343517014297777,3.384146099111689,3.384146099111689,1.0
494.3,1,-1.637041100846346,-3.8835545663147473,0.847125646667527,0.847125646667527,1.0
494.4076193936779,2,-3.554074651989271,0.6926431273196325,1.2696910909390784,1.2696910909390784,1.0
494.55,1,4.887917125310082,7.0375503142130444,3.5350088425434603,3.5350088425434603,1.0
494.60761939367796,2,2.403730642772398,1.5945604812430627,0.7765826742223036,0.7765826742223036,1.0
494.8,1,-7.726139039368898,-0.40670059840291195,3.092403177414246,3.092403177414246,1.0
494.80761939367795,2,-1.3713715672922624,0.3549035237369935,0.19810056109013652,0.19810056109013652,1.0
495.00761939367794,2,5.9119899785556225,2.733262399662161,3.9222312249078572,3.9222312249078572,1.0
495.05,1,0.5296157920960658,3.5152238861148657,0.6000081876309014,0.6000081876309014,1.0
495.20761939367793,2,-0.18135009405783142,-2.4952966757277544,0.49850845061292387,0.49850845061292387,1.0
495.3,1,-10.158144992919913,4.246367493529782,6.332692532046036,6.332692532046036,1.0
495.4076193936779,2,-0.6832643478755938,-3.343409034094119,0.9444733539174478,0.9444733539174478,1.0
495.55,1,-0.8415186544688074,-6.4232693458316685,1.9379471929459025,1.9379471929459025,1.0
495.60761939367796,2,0.23857002536204047,3.1091021864454227,0.7918889099474135,0.7918889099474135,1.0
495.8,1,0.8031466086731065,-4.407420219793058,0.9154232384282325,0.9154232384282325,1.0
495.80761939367795,2,1.6965117889139072,7.348279459107825,4.731651900123245,4.731651900123245,1.0
496.00761939367794,2,-0.5575684567788921,7.97191625820637,5.03380790937636,5.03380790937636,1.0
496.05,1,-1.961946108112202,2.0779886110292143,0.4119633111001879,0.4119633111001879,1.0
496.207619393678,2,-2.780633730196609,2.8026950327087654,1.3701655899258007,1.3701655899258007,1.0
496.3,1,1.9852569248294913,4.824428167209925,1.2969691569742494,1.2969691569742494,1.0
496.4076193936779,2,-3.450476828456663,-0.6040166559247204,1.1897250122949967,1.1897250122949967,1.0
496.55,1,0.3378546256517623,0.2718330775952644,0.009391936015707232,0.009391936015707232,1.0
496.60761939367796,2,0.6152063689526093,-2.606948656143606,0.5901248572812972,0.5901248572812972,1.0
496.8,1,5.8593310860543015,-6.2161720375611385,3.528878719490601,3.528878719490601,1.0
496.80761939367795,2,1.4500656741844846,2.614441415425027,0.7724902610282831,0.7724902610282831,1.0
497.00761939367794,2,1.6909773938270378,1.5000577222173952,0.4499361419517638,0.4499361419517638,1.0
497.05,1,7.983140323275051,2.1014194737887557,3.645831747956225,3.645831747956225,1.0
497.207619393678,2,-2.1980491071742803,-1.8239678525252785,0.7303547822649286,0.7303547822649286,1.0
497.3,1,-3.921079269329053,-4.147204138356745,1.6215000642183004,1.6215000642183004,1.0
497.4076193936779,2,-0.6763991686870193,-3.8871964668128527,1.25977033460706,1.25977033460706,1.0
497.55,1,-0.929622851585342,-2.942802149706086,0.4443080065856177,0.4443080065856177,1.0
497.60761939367796,2,1.4594657709630305,-4.348575390844944,1.748197044252117,1.748197044252117,1.0
497.8,1,-0.8284564856953038,-4.994093709352205,1.1680166788550024,1.1680166788550024,1.0
497.80761939367795,2,2.0540011932211937,3.6073644753234113,1.4922129482185573,1.4922129482185573,1.0
498.00761939367794,2,-0.6750143915461533,5.176000870787277,2.153032629873019,2.153032629873019,1.0
498.05,1,-5.926741389527939,7.07513813785145,4.263628536868936,4.263628536868936,1.0
498.207619393678,2,-4.442018907846068,-6.15481506087087,4.915504201560012,4.915504201560012,1.0
498.3,1,2.0507685136762364,3.52538896424344,0.8043466606371982,0.8043466606371982,1.0
498.4076193936779,2,-1.900322675764276,-2.4708670584926935,0.8429467527599372,0.8429467527599372,1.0
498.55,1,-1.024276846290165,0.7930048975885313,0.08400567219929642,0.08400567219929642,1.0
498.60761939367796,2,3.9722875093793353,-5.326144669714111,3.863431069097137,3.863431069097137,1.0
498.8,1,-0.793619448308998,0.36928986729561686,0.03874181645235726,0.03874181645235726,1.0
498.80761939367795,2,3.623606016329221,-4.516128078243593,2.989414832091332,2.989414832091332,1.0
499.00761939367794,2,2.0988186499908275,-5.285869406532271,2.6202666751621035,2.6202666751621035,1.0
499.05,1,3.2382738960574633,0.936568494988741,0.6070220894195838,0.6070220894195838,1.0
499.207619393678,2,-5.544448523633613,4.417065960894011,4.515185737058086,4.515185737058086,1.0
499.3,1,5.492913436484225,4.415513796862271,2.5161464830182103,2.5161464830182103,1.0
499.4076193936779,2,-4.051620088437163,2.5989362874138706,2.1431293598296373,2.1431293598296373,1.0
499.55,1,3.64728789431759,8.975137456026136,4.408939132655645,4.408939132655645,1.0
499.60761939367796,2,8.122462504333432,3.050751121807547,7.262830280366926,7.262830280366926,1.0
499.8,1,-1.2751055242060454,3.979042138492499,0.8029769818546802,0.8029769818546802,1.0
499.80761939367795,2,-5.459175051564199,0.05704144049335724,2.9752581873476487,2.9752581873476487,1.0
500.00761939367794,2,-4.290541502867225,-2.213069201358458,2.141629427262993,2.141629427262993,1.0
500.05,1,5.92882012676154,3.6978312621206015,2.542818381521607,2.542818381521607,1.0
500.207619393678,2,-1.0092478237555487,4.659653150517304,1.8254678762966572,1.8254678762966572,1.0
500.3,1,-0.969451071366433,-1.4381573525387878,0.146623978107302,0.146623978107302,1.0
500.4076193936779,2,2.517063810432789,-0.9040886452688248,0.6832271643012064,0.6832271643012064,1.0
500.55,1,0.901325101210647,1.832804674795785,0.19737380405763408,0.19737380405763408,1.0
500.60761939367796,2,1.0791834908109301,-0.44850219652442647,0.13120775154014833,0.13120775154014833,1.0
500.8,1,1.7652483866870197,-1.160697035766539,0.2222133232764394,0.2222133232764394,1.0
500.80761939367795,2,0.46679368334490023,-4.537848566034466,1.7166214686065597,1.7166214686065597,1.0
501.00761939367794,2,-3.3073760463044843,4.601886813420045,2.7109696943970034,2.7109696943970034,1.0
501.05,1,-0.020631325507791454,-5.689453323219375,1.532180322770696,1.532180322770696,1.0
501.207619393678,2,0.7039797354142832,-2.7259829392500343,0.6389274026976491,0.6389274026976491,1.0
501.3,1,1.695979825817477,-3.5040324252053736,0.7266049002112562,0.7266049002112562,1.0
501.4076193936779,2,-0.9459197707557785,-6.807031056101351,3.8135497322642604,3.8135497322642604,1.0
501.55,1,6.400997167523223,6.908879538893807,4.348339103805184,4.348339103805184,1.0
501.60761939367796,2,-0.45303772841603085,-3.474658658675544,1.0022800407909729,1.0022800407909729,1.0
501.8,1,-0.4278878068603492,10.125066722533209,4.664666067033476,4.664666067033476,1.0
501.80761939367795,2,-2.294867544589325,1.0470764635652756,0.6159494420709932,0.6159494420709932,1.0
502.00761939367794,2,5.007004363776945,-5.000045387094588,4.359971827342969,4.359971827342969,1.0
502.05,1,-5.016127649563395,-2.522067156378011,1.6579679499874391,1.6579679499874391,1.0
502.207619393678,2,-3.3102019166954704,3.6076676791487756,2.091575284477024,2.091575284477024,1.0
502.3,1,-7.051809997726172,-2.1264469078651764,2.8571316723539946,2.8571316723539946,1.0
502.4076193936779,2,0.9996245556997077,0.03716411295113886,0.09750180265931141,0.09750180265931141,1.0
502.55,1,3.6051787637988912,-0.2962515195739712,0.6858303828170185,0.6858303828170185,1.0
502.60761939367796,2,0.7758741918404981,-3.083305726668854,0.8326447733569535,0.8326447733569535,1.0
502.8,1,0.7342972825785258,0.21310530439343722,0.029927192596232235,0.029927192596232235,1.0
502.80761939367795,2,-0.9221005773125843,4.025146255535361,1.418397497557815,1.418397497557815,1.0
503.00761939367794,2,0.7508365127141741,-2.420885179123438,0.5152563430608444,0.5152563430608444,1.0
503.05,1,-3.18295487839589,0.2502902888107741,0.549312966480431,0.549312966480431,1.0
503.207619393678,2,2.361640784795469,0.8997639949178762,0.6019955213467919,0.6019955213467919,1.0
503.3,1,6.733732371821373,0.3791454464610027,2.419310061010893,2.419310061010893,1.0
503.4076193936779,2,-4.22349000155821,1.916307116429941,2.0338713199994896,2.0338713199994896,1.0
503.55,1,6.914164363942154,3.5421470424823696,3.085733122402585,3.085733122402585,1.0
503.60761939367796,2,3.53055699156484,2.0139379530995782,1.5590790229592613,1.5590790229592613,1.0
503.8,1,-3.9213223761513305,3.9229469457007866,1.4934817861653573,1.4934817861653573,1.0
503.80761939367795,2,-2.595638030848361,-4.340825576211358,2.2234331527586315,2.2234331527586315,1.0
504.00761939367794,2,3.4717561449625713,0.025784331743793132,1.1497753951915834,1.1497753951915834,1.0
504.05,1,2.5531800054842995,-5.160059217636842,1.6118304623321906,1.6118304623321906,1.0
504.207619393678,2,-1.6048124032443818,-0.8204589362724448,0.30179219261399753,0.30179219261399753,1.0
504.3,1,-3.8863533436304136,-1.8968999323379307,0.9717185584088156,0.9717185584088156,1.0
504.4076193936779,2,0.4214591946622961,1.2207921872624183,0.13716582241183123,0.13716582241183123,1.0
504.55,1,-4.814309462511894,-5.569617887231779,2.6449435466617066,2.6449435466617066,1.0
504.60761939367796,2,-0.7340631547718597,-4.837776028642708,1.9568286994899147,1.9568286994899147,1.0
504.8,1,-2.731993235907642,5.17926767817594,1.6038126929666592,1.6038126929666592,1.0
504.80761939367795,2,3.077935381317789,-3.1601212846168565,1.7676410854420053,1.7676410854420053,1.0
505.00761939367794,2,0.5878062179781902,0.5762901831697747,0.059109133743227335,0.059109133743227335,1.0
505.05,1,-2.280544764623158,-4.043396840466514,1.0543162365924064,1.0543162365924064,1.0
505.207619393678,2,-2.105143826459252,6.501022664349243,3.7893383368109115,3.7893383368109115,1.0
505.3,1,1.4944033772242542,-1.168775090847788,0.18263765939000093,0.18263765939000093,1.0
505.4076193936779,2,-6.502697320353835,-0.19958229097581182,4.124471423467371,4.124471423467371,1.0
505.55,1,-2.990778476659157,6.603431636027281,2.4781304571586493,2.4781304571586493,1.0
505.60761939367796,2,-2.479797401003541,-2.8232742845167493,1.2547497965576992,1.2547497965576992,1.0
505.8,1,1.773157766655078,1.8743863954464572,0.32202061707376894,0.32202061707376894,1.0
505.80761939367795,2,0.02102424302789735,3.093858510206644,0.7878829563235588,0.7878829563235588,1.0
506.00761939367794,2,-1.107692901473241,2.1477113465387774,0.4802491179991204,0.4802491179991204,1.0
506.05,1,3.361668305063472,1.1789702569620104,0.6752129738924051,0.6752129738924051,1.0
506.207619393678,2,1.41537851945445,-0.7773169408432636,0.24116217067119766,0.24116217067119766,1.0
506.3,1,-0.04419090196324005,-9.379574151380389,4.10980413754419,4.10980413754419,1.0
506.4076193936779,2,3.82639129437113,3.115808884496957,2.207739786845714,2.207739786845714,1.0
506.55,1,7.955499235774624,5.7568773433085525,4.8467944021243525,4.8467944021243525,1.0
506.60761939367796,2,-3.4088789226665384,-1.6565346099018896,1.3691090223503886,1.3691090223503886,1.0
506.8,1,-1.6582068901750362,3.046169688510794,0.5634573699887506,0.5634573699887506,1.0
506.80761939367795,2,-1.690758365982883,-6.193735262383669,3.442849395976656,3.442849395976656,1.0
507.00761939367794,2,0.8514638835861151,-3.090786389899243,0.8213725899275587,0.8213725899275587,1.0
507.05,1,9.035560380874257,0.7241013951838227,4.427510770880946,4.427510770880946,1.0
507.207619393678,2,0.25567647063028776,0.8559465200109884,0.06458516717163582,0.06458516717163582,1.0
507.3,1,-0.9898574178475893,-7.1166324822363265,2.4180150860931993,2.4180150860931993,1.0
507.4076193936779,2,-2.8620175959517424,-1.3193849967119462,0.9383352124016289,0.9383352124016289,1.0
507.55,1,4.1189479407152,4.899344784450129,1.9958145175528434,1.9958145175528434,1.0
507.60761939367796,2,-1.180519604179965,2.718776983841579,0.7386729848360587,0.7386729848360587,1.0
507.8,1,0.2170373598478228,-0.12020903782208592,0.0030905269354088816,0.0030905269354088816,1.0
507.80761939367795,2,2.641649993023595,2.2807133834972433,1.1247299794434684,1.1247299794434684,1.0
508.00761939367794,2,2.4262656737100547,-3.2222189927441107,1.3790799142358736,1.3790799142358736,1.0
508.05,1,1.9826240621159423,-4.924235305461657,1.3597075312374651,1.3597075312374651,1.0
508.207619393678,2,0.8215628442041636,3.3686878115545085,0.9678332115627183,0.9678332115627183,1.0
508.3,1,8.691110284567689,-1.21193868836027,4.0876611167640835,4.0876611167640835,1.0
508.4076193936779,2,-4.034200615199191,0.8506226582046423,1.6443920268376466,1.6443920268376466,1.0
508.55,1,1.1593776512509297,-2.5217312956038853,0.3634781808139418,0.3634781808139418,1.0
508.60761939367796,2,0.39286613042104523,1.5640765720538568,0.2142053997899683,0.2142053997899683,1.0
508.8,1,-3.4970998722073365,5.725012610227019,2.1203388077428853,2.1203388077428853,1.0
508.80761939367795,2,-0.8673978055299882,-4.344542780911667,1.6286527613130612,1.6286527613130612,1.0
509.00761939367794,2,-7.001611037843932,1.4145901327906287,4.833742591228035,4.833742591228035,1.0
509.05,1,-2.618900926941358,7.004165689860827,2.691936657151286,2.691936657151286,1.0
509.207619393678,2,-1.9591164895894995,0.03552898802691118,0.37005209721397664,0.37005209721397664,1.0
509.3,1,1.046860840983435,-5.9246856393305265,1.6980492624904973,1.6980492624904973,1.0
509.4076193936779,2,1.027395754894471,3.162176229974527,0.9070316524943328,0.9070316524943328,1.0
509.55,1,3.10419919154135,-11.769225338386804,6.886927660760869,6.886927660760869,1.0
509.60761939367796,2,-2.142385882189391,0.2071380287157467,0.4560957040701424,0.4560957040701424,1.0
509.8,1,-5.176242936067604,2.0360014753086517,1.572898265761865,1.572898265761865,1.0
509.80761939367795,2,6.1254808431270025,-0.4526618380876428,3.762382999137048,3.762382999137048,1.0
510.00761939367794,2,5.893252536666931,3.2387939133331827,4.138858268158559,4.138858268158559,1.0
510.05,1,-10.769359550696855,-7.338923690296731,8.803769305448634,8.803769305448634,1.0
510.207619393678,2,1.8607649451122288,0.12336695636172834,0.33495017599003685,0.33495017599003685,1.0
510.3,1,6.9233094391997145,-4.032314748071805,3.3098960528963266,3.3098960528963266,1.0
510.4076193936779,2,-3.100386453527185,4.2393717594918385,2.382202576803883,2.382202576803883,1.0
510.55,1,2.156919973525655,0.8073831060074994,0.27407316002529125,0.27407316002529125,1.0
510.60761939367796,2,-2.9631458561376434,-3.6407436274325917,1.9439916829188397,1.9439916829188397,1.0
510.8,1,-1.2384771576094569,-0.56613424183125,0.09382072877024884,0.09382072877024884,1.0
510.80761939367795,2,1.0110717189285205,-1.566444498488849,0.3040064082513785,0.3040064082513785,1.0
511.00761939367794,2,3.065944137089156,-3.1887974792848226,1.6973307963154611,1.6973307963154611,1.0
511.05,1,0.19945471767229306,-2.9483554884662198,0.41360000669504277,0.41360000669504277,1.0
511.207619393678,2,-4.555337059603882,1.266200211596157,2.127708289001665,2.127708289001665,1.0
511.3,1,5.984127151738318,1.251216522193495,1.9784803307370753,1.9784803307370753,1.0
511.4076193936779,2,2.406352318827893,10.405888370706862,9.227782622536326,9.272512413781694,1.0067502436711984
511.55,1,-1.5709651621545138,1.921357951191709,0.2994421970325143,0.2994421970325143,1.0
511.60761939367796,2,4.2719889756254,6.757245772838203,5.511268350424318,5.511268350424318,1.0
511.8,1,-10.745602457064564,-3.5942368022838593,6.5527358386827075,6.5527358386827075,1.0
511.80761939367795,2,-0.19090630030352163,-0.33489988702634577,0.012866530816550401,0.012866530816550401,1.0
512.0076193936779,2,3.234251685308584,0.982798673686645,1.073685283559434,1.073685283559434,1.0
512.05,1,-11.154385659975214,2.5612736051681537,7.019844967760989,7.019844967760989,1.0
512.207619393678,2,3.486230854807743,1.195983968352131,1.285194038448519,1.285194038448519,1.0
512.3,1,4.3494502261654455,-12.837436773961421,8.704804287131706,8.704804287131706,1.0
512.4076193936779,2,3.5455148397104823,-2.884002919758551,1.8940445890204067,1.8940445890204067,1.0
512.55,1,-3.210555418259942,-0.7286548185691117,0.5651575765737081,0.5651575765737081,1.0
512.607619393678,2,-3.935928124917582,-1.1796561648794324,1.6408193949880776,1.6408193949880776,1.0
512.8,1,0.9564015674040963,-0.7344922524172262,0.07176833923491648,0.07176833923491648,1.0
512.8076193936779,2,-6.417932532445484,3.34229318655872,5.031148325662766,5.031148325662766,1.0
513.0076193936779,2,0.04971456860743151,0.2535705232628942,0.005298686609235444,0.005298686609235444,1.0
513.05,1,-6.96164267475962,-5.755308173807833,4.181382729364584,4.181382729364584,1.0
513.207619393678,2,2.932160955427581,3.49792752222767,1.8020684500311912,1.8020684500311912,1.0
513.3,1,-0.8559374879899326,8.799324006329762,3.6559208781053516,3.6559208781053516,1.0
513.4076193936779,2,2.063603818813905,1.833138677686776,0.6852857879311642,0.6852857879311642,1.0
513.55,1,3.412256838134289,-3.76449988521842,1.2636530097357,1.2636530097357,1.0
513.607619393678,2,-2.6526582133496834,-0.5298163421438531,0.7167106244044328,0.7167106244044328,1.0
513.8,1,-4.314800398013617,1.6214107334620422,1.0815088802992323,1.0815088802992323,1.0
513.8076193936779,2,-2.9203881227959023,-9.012338614866962,7.536456892047141,7.536456892047141,1.0
514.0076193936779,2,2.188959696442957,-2.9011949102830386,1.1198111206049206,1.1198111206049206,1.0
514.05,1,7.261623070042232,-0.3225487455708773,2.84856294980596,2.84856294980596,1.0
514.207619393678,2,8.105535459439698,2.2002468031217646,6.717765753801704,6.717765753801704,1.0
514.3,1,1.292775958541896,0.16407961713844088,0.09018147520005367,0.09018147520005367,1.0
514.4076193936779,2,4.86362243835213,-0.4776238765245182,2.3238277478131275,2.3238277478131275,1.0
514.55,1,-6.969336022661579,-0.9686954422557221,2.591101237635006,2.591101237635006,1.0
514.607619393678,2,-3.2257416900783453,-1.9685754492818717,1.341299799610627,1.341299799610627,1.0
514.8,1,-7.834631964544041,3.981998625737404,3.892157021122752,3.892157021122752,1.0
514.8076193936779,2,-4.457435102890476,5.220169109504916,4.226232986143547,4.226232986143547,1.0
515.0076193936779,2,4.2727539332141795,-0.6821218878179707,1.7780851781657694,1.7780851781657694,1.0
515.05,1,5.050132875119092,-1.7795075653479273,1.5252380366579348,1.5252380366579348,1.0
515.207619393678,2,-1.8128284549475677,-0.6556266589493376,0.35096114029479425,0.35096114029479425,1.0
515.3,1,6.408007201695717,3.9739957662782146,2.922567310849163,2.922567310849163,1.0
515.4076193936779,2,-1.9405742684947542,-1.3096526992151567,0.504968947978419,0.504968947978419,1.0
515.55,1,-1.9166618937235023,1.5786262527744483,0.3075127809925899,0.3075127809925899,1.0
515.607619393678,2,2.570419281204497,0.03506960270519954,0.651627208913701,0.651627208913701,1.0
515.8,1,-1.3788679999419766,-1.3207650507307065,0.17746884973836918,0.17746884973836918,1.0
515.8076193936779,2,-4.44349962673864,-3.0335479371587084,2.72840020731788,2.72840020731788,1.0
516.0076193936779,2,-0.5277012160647474,-0.723977692041089,0.06783460267634991,0.06783460267634991,1.0
516.05,1,-8.198904342324933,-1.9996460141624013,3.8143625841675917,3.8143625841675917,1.0
516.207619393678,2,1.3259985442338509,0.25920273631707147,0.1748216988519181,0.1748216988519181,1.0
516.3,1,4.212132061213497,5.334199859017794,2.2731855800218446,2.2731855800218446,1.0
516.4076193936779,2,2.3036701678232756,2.770831633596451,1.1346600342265134,1.1346600342265134,1.0
516.55,1,-5.441554403583727,-5.029775030870276,2.7187724885957714,2.7187724885957714,1.0
516.607619393678,2,5.669557553157964,-5.213690697045621,5.380768449311352,5.380768449311352,1.0
516.8,1,-2.1051270839025986,-0.7334234679430622,0.2534450265795053,0.2534450265795053,1.0
516.8076193936779,2,-0.425938060102195,5.886483922001695,2.870101860898795,2.870101860898795,1.0
517.0076193936779,2,0.13784028745647392,4.334532213619092,1.481225419393846,1.481225419393846,1.0
517.05,1,-3.371276580647894,-9.642526754899357,5.013835013023199,5.013835013023199,1.0
517.207619393678,2,1.269850015787873,1.8553462635794844,0.4292746882098508,0.4292746882098508,1.0
517.3,1,-3.4638429990803146,1.734047010138184,0.77885856565446,0.77885856565446,1.0
517.4076193936779,2,3.1384801876066177,1.6809184510269048,1.1872521755766325,1.1872521755766325,1.0
517.55,1,0.27035826625330106,7.1794742394814435,2.37853809358768,2.37853809358768,1.0
517.607619393678,2,-2.641614281544549,-0.12432640981577237,0.6893760379388634,0.6893760379388634,1.0
517.8,1,9.059332158880885,-12.25077578243976,9.482553873126568,11.056448662459495,1.2004386608881874
517.8076193936779,2,-1.5853885801175687,-3.7649728593663028,1.4064785942866247,1.4064785942866247,1.0
518.0076193936779,2,-1.3291844888960838,-0.9113381682493369,0.23246674989200616,0.23246674989200616,1.0
518.05,1,3.1632664504552297,3.491261532585085,1.1144041514478613,1.1144041514478613,1.0
518.207619393678,2,-0.940797340317076,-5.318610822584951,2.32797050241593,2.32797050241593,1.0
518.3,1,0.9283460343532495,-1.135719927261995,0.10599634099339758,0.10599634099339758,1.0
518.4076193936779,2,-3.9191400064367308,2.3465675877007044,1.9368519133473365,1.9368519133473365,1.0
518.55,1,-1.1230826248213641,5.578953437417461,1.499316812620743,1.499316812620743,1.0
518.607619393678,2,0.6566569530073361,-3.3985804364400067,0.9813760305971486,0.9813760305971486,1.0
518.8,1,-7.9082663665107225,3.803999946129828,3.888557047509563,3.888557047509563,1.0
518.8076193936779,2,3.064078559649403,1.87484658532437,1.2262715155537327,1.2262715155537327,1.0
519.0076193936779,2,1.4986910964969518,-4.9329627786881005,2.130235761142844,2.130235761142844,1.0
519.05,1,-5.104608553759215,2.941896472341824,1.8148224045894643,1.8148224045894643,1.0
519.207619393678,2,-0.18911082299780219,-0.5485864097850026,0.027388418875008674,0.027388418875008674,1.0
519.3,1,1.028707047882958,-1.3475449265778465,0.1411320778716904,0.1411320778716904,1.0
519.4076193936779,2,-1.200281630927248,4.270357705127985,1.606930304076263,1.606930304076263,1.0
519.55,1,2.6310395754363394,4.33573279977881,1.2291485442166294,1.2291485442166294,1.0
519.607619393678,2,2.2247755530832913,1.5041244981419482,0.6720694180690889,0.6720694180690889,1.0
519.8,1,5.784676282263067,4.62796545092025,2.701723821967595,2.701723821967595,1.0
519.8076193936779,2,-0.43782787857031225,0.8372799868961849,0.07682970283628994,0.07682970283628994,1.0
520.0076193936779,2,-2.1709438397302403,1.0771649302416861,0.5408600312805611,0.5408600312805611,1.0
520.05,1,0.859761283056405,-2.9059722036375106,0.43955312769390076,0.43955312769390076,1.0
520.207619393678,2,0.3986828744527011,1.3081796752824602,0.15144551391585542,0.15144551391585542,1.0
520.3,1,0.03360307269563845,-0.5466656957879152,0.01401944171187765,0.01401944171187765,1.0
520.4076193936779,2,-3.604287518872775,-1.9728316654440334,1.579001609251085,1.579001609251085,1.0
520.55,1,2.3555002645808623,11.706878417304978,6.604765755385891,6.604765755385891,1.0
520.607619393678,2,-2.367224642305775,-2.5141405562390986,1.0666634566591822,1.0666634566591822,1.0
520.8,1,-3.9183656549699215,-7.512797033220686,3.3563292729466285,3.3563292729466285,1.0
520.8076193936779,2,0.5113117749022164,-1.6888051126004626,0.26083042908931864,0.26083042908931864,1.0
521.0076193936779,2,3.0866577724408524,-1.607976983392355,1.1123662291536929,1.1123662291536929,1.0
521.05,1,-1.0175893942057013,-2.597408108860904,0.3751687306474801,0.3751687306474801,1.0
521.207619393678,2,1.3860024706021703,2.062860807211905,0.5236832989547489,0.5236832989547489,1.0
521.3,1,-2.5656084902609684,-2.488443510681307,0.6394943515813603,0.6394943515813603,1.0
521.4076193936779,2,0.8723780409097904,2.067352755334319,0.41788451144607386,0.41788451144607386,1.0
521.55,1,0.8908387721925879,-4.155112069350437,0.8370346051678111,0.8370346051678111,1.0
521.607619393678,2,2.009826230184521,-0.8797253504924001,0.4612788814739371,0.4612788814739371,1.0
521.8,1,-0.12603596967773711,0.3270102391300256,0.00567677977276455,0.00567677977276455,1.0
521.8076193936779,2,1.67129818625657,0.7725086387896596,0.32794820730589946,0.32794820730589946,1.0
522.0076193936779,2,0.5071793324313274,3.0387111916443814,0.7516195612461063,0.7516195612461063,1.0
522.05,1,-3.6792931465183303,4.766683951642634,1.8054849780488134,1.8054849780488134,1.0
522.207619393678,2,-1.1000656684247407,-1.2920914397974883,0.24945731120395823,0.24945731120395823,1.0
522.3,1,7.44213501101151,5.548554808122276,4.3850576923343265,4.3850576923343265,1.0
522.4076193936779,2,-1.7666324662911923,-2.0532458248770666,0.6432199717807894,0.6432199717807894,1.0
522.55,1,4.5345631806608875,-10.409312313418617,6.070525789877954,6.070525789877954,1.0
522.607619393678,2,-4.493423429127806,-5.423982473063106,4.384010867696066,4.384010867696066,1.0
522.8,1,2.465435157975488,6.700604437202074,2.3528985416295773,2.3528985416295773,1.0
522.8076193936779,2,-2.199894334305858,-4.403932704479466,2.0793999355655957,2.0793999355655957,1.0
523.0076193936779,2,1.2373405814206957,-2.6923215279594928,0.7168030193046862,0.7168030193046862,1.0
523.05,1,1.1786545316208568,3.2412064340148135,0.5721668335506858,0.5721668335506858,1.0
523.207619393678,2,2.374894850769077,-4.286967120648072,2.005666789792298,2.005666789792298,1.0
523.3,1,-3.025513515035871,-2.005364873270871,0.6749040207362494,0.6749040207362494,1.0
523.4076193936779,2,0.06130379216831794,-2.17219956303547,0.3798251637796131,0.3798251637796131,1.0
523.55,1,-8.017830244115258,-3.280506916705484,3.867957775993417,3.867957775993417,1.0
523.607619393678,2,1.7517603437681313,7.092350989453742,4.394118194376282,4.394118194376282,1.0
523.8,1,7.730426416021592,3.2965873662998817,3.5817957333714445,3.5817957333714445,1.0
523.8076193936779,2,0.04784497814605898,3.5887244820218953,1.0602525265015175,1.0602525265015175,1.0
524.0076193936779,2,-2.465428686862672,-0.7899385437591278,0.6289362281183573,0.6289362281183573,1.0
524.05,1,-1.687600109961266,-0.271499676942895,0.1570734145951812,0.1570734145951812,1.0
524.207619393678,2,-3.0683546114276803,-1.0487205657107879,0.9949700207458497,0.9949700207458497,1.0
524.3,1,7.280603856074615,2.472060804589937,3.1058497286154987,3.1058497286154987,1.0
524.4076193936779,2,-2.147955264126306,1.7110957783604945,0.6851294452181669,0.6851294452181669,1.0
524.55,1,-3.4663708777726163,3.9645576987994247,1.354421990638114,1.354421990638114,1.0
524.607619393678,2,-2.4579437424156936,-0.48065901069495,0.6145483500650523,0.6145483500650523,1.0
524.8,1,5.399308547446998,-4.6766160193360236,2.4997075699797873,2.4997075699797873,1.0
524.8076193936779,2,3.9232861080093437,7.149462994672973,5.743600714904822,5.743600714904822,1.0
525.0076193936779,2,-1.4378202452026918,0.9299173010502244,0.2652903193560412,0.2652903193560412,1.0
525.05,1,-0.1447783181860478,3.5377276012965098,0.5935249359770586,0.5935249359770586,1.0
525.207619393678,2,-5.459667775253667,-1.9036603583351521,3.161435357145616,3.161435357145616,1.0
525.3,1,-8.725321214760662,-0.34556093072408345,4.056329103648027,4.056329103648027,1.0
525.4076193936779,2,-0.7837627076808591,-1.6128691057566726,0.26907236418770225,0.26907236418770225,1.0
525.55,1,7.800064813043459,5.209897263458856,4.441972018342251,4.441972018342251,1.0
525.607619393678,2,-0.3101002999520919,-0.540026116119634,0.03320372903586693,0.03320372903586693,1.0
525.8,1,3.814322056803585,-2.2663732294710144,0.9851235312024551,0.9851235312024551,1.0
525.8076193936779,2,3.9435314163002033,-2.995131354259904,2.2907545064693267,2.2907545064693267,1.0
526.0076193936779,2,-0.5111446021610826,-3.043562777156062,0.7543284592629171,0.7543284592629171,1.0
526.05,1,1.7792684838363861,-3.564986689947588,0.7722814819075201,0.7722814819075201,1.0
526.207619393678,2,0.2962918561206571,-0.025170559990108643,0.008512222837577852,0.008512222837577852,1.0
526.3,1,1.9130894469762927,11.690168814196454,6.578625303527287,6.578625303527287,1.0
526.4076193936779,2,-2.6602909982717877,8.225112428294452,6.130418279989211,6.130418279989211,1.0
526.55,1,9.586933004214849,4.2597152403610465,5.657152160260799,5.657152160260799,1.0
526.607619393678,2,-3.7484897810554507,-2.7852652103119695,2.016611070658034,2.016611070658034,1.0
526.8,1,11.196926840267418,-5.996036638441453,8.111639275350912,8.111639275350912,1.0
526.8076193936779,2,6.719902733312685,-2.615273122035994,5.070676648761403,5.070676648761403,1.0
527.0076193936779,2,-0.5133339711198941,-0.8308737509627235,0.07949539107577012,0.07949539107577012,1.0
527.05,1,0.9229710562174263,-0.1035881213228933,0.04644720616266867,0.04644720616266867,1.0
527.207619393678,2,-0.17424439696379102,-6.547739379425657,3.4136024287044155,3.4136024287044155,1.0
527.3,1,-2.4675422375575766,-1.5311495922802933,0.43348423029578,0.43348423029578,1.0
527.4076193936779,2,-1.395443384493913,-0.7154373499811868,0.23095110013429793,0.23095110013429793,1.0
527.55,1,-5.086514994226789,0.7722360952918805,1.3846488808764812,1.3846488808764812,1.0
527.607619393678,2,-6.2988739029632335,2.055347591230074,4.256082863686629,4.256082863686629,1.0
527.8,1,5.778352815777299,3.685548164756291,2.342336457551661,2.342336457551661,1.0
527.8076193936779,2,-5.7757509192876695,0.0661710593099798,3.3303926257014465,3.3303926257014465,1.0
528.0076193936779,2,0.8878629101078968,-0.541084091264473,0.09824798191315567,0.09824798191315567,1.0
528.05,1,-5.0093612261043425,6.517845186817453,3.364041035564016,3.364041035564016,1.0
528.207619393678,2,0.6483688929665634,1.356794786437085,0.18696881813543992,0.18696881813543992,1.0
528.3,1,-0.512180767109081,5.691997942547417,1.5274263210498658,1.5274263210498658,1.0
528.4076193936779,2,-2.6435611258454665,2.965420129503343,1.3883141721008407,1.3883141721008407,1.0
528.55,1,1.1860166939532366,1.9234606379875174,0.2442340420947943,0.2442340420947943,1.0
528.607619393678,2,-3.113019848688772,-6.108465637935673,3.990702672430929,3.990702672430929,1.0
528.8,1,-2.361099325963048,2.0866842277274955,0.48582284326110414,0.48582284326110414,1.0
528.8076193936779,2,5.586202538663729,-3.8306790895026595,4.3228295217414425,4.3228295217414425,1.0
529.0076193936779,2,-0.6382040575105208,0.2305503606425532,0.04303744738140378,0.04303744738140378,1.0
529.05,1,-1.4077231558509062,1.3809315675981324,0.19712912778232877,0.19712912778232877,1.0
529.207619393678,2,5.381152775755673,2.2135486093520598,3.1808928527335287,3.1808928527335287,1.0
529.3,1,2.0998175747024357,3.522344664996446,0.8141765035511037,0.8141765035511037,1.0
529.4076193936779,2,-4.585594573384036,-4.254069993399341,3.5048199948422285,3.5048199948422285,1.0
529.55,1,7.466481480086918,-1.1932354328472101,2.989930643804467,2.989930643804467,1.0
529.607619393678,2,-1.2916691999149208,1.7016339126427482,0.4000485082054758,0.4000485082054758,1.0
529.8,1,3.9145455572354635,-0.085415407195498,0.7922447870241418,0.7922447870241418,1.0
529.8076193936779,2,-1.429913574540528,-4.143349671367119,1.617095660874238,1.617095660874238,1.0
530.0076193936779,2,0.25192183952511904,-2.3175194400942942,0.4289676527315692,0.4289676527315692,1.0
530.05,1,1.9918358228857649,-2.3343291280958667,0.4718723490237523,0.4718723490237523,1.0
530.207619393678,2,-2.6731672372376156,1.2064452582463616,0.8045644960988569,0.8045644960988569,1.0
530.3,1,-5.181976132000759,2.30368725092184,1.6766821698815961,1.6766821698815961,1.0
530.4076193936779,2,-2.8368803118203996,1.1247654011446642,0.8861186035201345,0.8861186035201345,1.0
530.55,1,1.3570140861384772,1.3779684574988167,0.18407583140481382,0.18407583140481382,1.0
530.607619393678,2,1.0134093568079425,-4.922662942140789,2.0723586450326064,2.0723586450326064,1.0
530.8,1,-0.08051846673236973,4.9233127859985615,1.1010067681493585,1.1010067681493585,1.0
530.8076193936779,2,-0.7708335253106391,4.805969133464927,1.9603848404648407,1.9603848404648407,1.0
531.0076193936779,2,3.6012777314191506,0.47516923453918025,1.2548879881892372,1.2548879881892372,1.0
531.05,1,-4.572569185511195,0.2042180263234954,1.1295058130567628,1.1295058130567628,1.0
531.207619393678,2,6.409312007571641,0.3310743732208792,3.968283299792372,3.968283299792372,1.0
531.3,1,-0.9323303673363199,-2.858934378338752,0.4280644431815424,0.4280644431815424,1.0
531.4076193936779,2,0.4575119948466959,-0.22987753060753136,0.0246505932553103,0.0246505932553103,1.0
531.55,1,6.295617742074299,7.03293883904098,4.357839319176534,4.357839319176534,1.0
531.607619393678,2,2.6514518849678996,1.7753063866738046,0.9496145557931596,0.9496145557931596,1.0
531.8,1,0.675551227814017,-5.7227885182057605,1.510746997256859,1.510746997256859,1.0
531.8076193936779,2,-6.466691075080766,-1.8995180054473977,4.471393614601909,4.471393614601909,1.0
532.0076193936779,2,1.0737699852373286,-0.4917590818082971,0.12902280076560196,0.12902280076560196,1.0
532.05,1,-0.18608595616078283,-8.391515704900279,3.334927302429934,3.334927302429934,1.0
532.207619393678,2,6.215977943145908,-1.5268068630797416,3.90973890504728,3.90973890504728,1.0
532.3,1,2.7036085867815913,1.767007431879847,0.5347748313053989,0.5347748313053989,1.0
532.4076193936779,2,-0.5074875946428019,-0.2453157016378853,0.029940904189642282,0.029940904189642282,1.0
532.55,1,-10.24619157967095,-0.5412931886591323,5.52056166340648,5.52056166340648,1.0
532.607619393678,2,0.9503094120385978,1.1459326635733547,0.19586709603716726,0.19586709603716726,1.0
532.8,1,-1.2159736495783804,-10.231225240273403,4.82974535533949,4.82974535533949,1.0
532.8076193936779,2,0.7834919580241078,-2.2137709389007796,0.4646458193350722,0.4646458193350722,1.0
533.0076193936779,2,-0.35802298641063146,8.062312586265165,5.130511472093909,5.130511472093909,1.0
533.05,1,-5.41673958934777,-1.1591328439589645,1.645878770344539,1.645878770344539,1.0
533.207619393678,2,-2.680229138918831,0.22527811408229326,0.6964553106719841,0.6964553106719841,1.0
533.3,1,-0.7123462545995434,-5.560744176011916,1.4714734711005508,1.4714734711005508,1.0
533.4076193936779,2,-1.695629858313083,1.5306499763425876,0.468640930521221,0.468640930521221,1.0
533.55,1,1.5275571580789844,1.811438183938705,0.2735743969915837,0.2735743969915837,1.0
533.607619393678,2,0.003950538598671116,-3.931757650554225,1.2574168252702518,1.2574168252702518,1.0
533.8,1,-4.019154231103871,4.409563361491557,1.7177497015433514,1.7177497015433514,1.0
533.8076193936779,2,-3.773436658175557,1.607575567565327,1.6340708964943313,1.6340708964943313,1.0
534.0076193936779,2,0.25769013569197696,4.6685808359412775,1.7225619672932457,1.7225619672932457,1.0
534.05,1,9.2584252182933,1.787569232369215,4.773806558926774,4.773806558926774,1.0
534.207619393678,2,-5.221671746514177,2.632036024139886,3.1792243572185193,3.1792243572185193,1.0
534.3,1,6.873310862069159,-5.209331693878511,3.7813242501145874,3.7813242501145874,1.0
534.4076193936779,2,5.738256296680399,5.332625429203311,5.496162917889268,5.496162917889268,1.0
534.55,1,-6.012462793210302,-0.13807925541182442,1.8971472151691573,1.8971472151691573,1.0
534.607619393678,2,2.162833568111795,-0.8461914036450509,0.5195294253032455,0.5195294253032455,1.0
534.8,1,1.8758711083865585,-11.230338986462876,5.908873020017815,5.908873020017815,1.0
534.8076193936779,2,0.158435208763672,-2.8714799634166255,0.6811591926487736,0.6811591926487736,1.0
535.0076193936779,2,2.1167708128441642,5.433229095823236,2.751863143111312,2.751863143111312,1.0
535.05,1,5.743586018224846,-0.8583339140509736,1.8138658535527603,1.8138658535527603,1.0
535.207619393678,2,-1.9783019572986298,3.304339222116319,1.2458472396680662,1.2458472396680662,1.0
535.3,1,-5.690175905542793,0.49227593233114675,1.7340776443952872,1.7340776443952872,1.0
535.4076193936779,2,-4.6851779387485255,0.9664595295576603,2.214535928747766,2.214535928747766,1.0
535.55,1,4.004180052832904,-0.06681098338825109,0.841256585031418,0.841256585031418,1.0
535.607619393678,2,1.7434050437378072,-6.426346781138868,3.658906069080498,3.658906069080498,1.0
535.8,1,-0.13421096557592982,-3.1774465313761127,0.4593887679541764,0.4593887679541764,1.0
535.8076193936779,2,-1.5072417506109215,1.238302579194979,0.35298505647114137,0.35298505647114137,1.0
536.0076193936779,2,-7.50662323233365,2.9493713785661555,6.0600272792259595,6.0600272792259595,1.0
536.05,1,2.693022714325725,6.797183360042993,2.5779568094731147,2.5779568094731147,1.0
536.207619393678,2,1.9583242766640225,-4.23098263691292,1.7937515873794327,1.7937515873794327,1.0
536.3,1,-0.552753232657949,2.4616599606320406,0.29933083742418,0.29933083742418,1.0
536.4076193936779,2,5.103469993856711,-5.366976613784587,4.854956995513291,4.854956995513291,1.0
536.55,1,2.4259597794921,-4.145381692591386,1.1004048096560917,1.1004048096560917,1.0
536.607619393678,2,-0.06874797797882337,3.210679172106161,0.8389583578621603,0.8389583578621603,1.0
536.8,1,0.8304693459041133,-1.4464596646418215,0.13064901589283245,0.13064901589283245,1.0
536.8076193936779,2,-1.125980524830318,-4.251587323320592,1.6143389943646858,1.6143389943646858,1.0
537.0076193936779,2,-4.508135167182267,-0.042193764830265934,1.9387422399405332,1.9387422399405332,1.0
537.05,1,-3.7410368325976933,-7.456820279828555,3.3866326172449304,3.3866326172449304,1.0
537.207619393678,2,-1.0394137420919662,0.8853587131355596,0.16649470249002757,0.16649470249002757,1.0
537.3,1,0.7424970425581634,3.305497141852541,0.5397413857208764,0.5397413857208764,1.0
537.4076193936779,2,-0.04449473860695008,-0.3544819851733365,0.010298406999986081,0.010298406999986081,1.0
537.55,1,-0.873773194352438,-4.174532195932336,0.8429091408193302,0.8429091408193302,1.0
537.607619393678,2,2.309633263738583,4.120923389788416,1.907350320996778,1.907350320996778,1.0
537.8,1,-1.3116740634619148,-0.6556973351527944,0.10843648060737035,0.10843648060737035,1.0
537.8076193936779,2,1.0315712685489409,1.1468495239412704,0.2144811465234972,0.2144811465234972,1.0
538.0076193936779,2,0.3923011634403899,2.614391075653984,0.5528834593528573,0.5528834593528573,1.0
538.05,1,-7.08814191850389,-2.0020205300478366,2.899113426033852,2.899113426033852,1.0
538.207619393678,2,3.031283095025813,0.12882916521928678,0.887001639931142,0.887001639931142,1.0
538.3,1,4.891590918761821,3.451454262488184,1.8296088137464506,1.8296088137464506,1.0
538.4076193936779,2,3.3904389527366092,-0.8992761989844311,1.1853909055592247,1.1853909055592247,1.0
538.55,1,4.83221668436688,0.7888508806691377,1.2535331983965985,1.2535331983965985,1.0
538.607619393678,2,8.10296955292282,-4.564574432593531,8.16935230164015,8.16935230164015,1.0
538.8,1,-6.615258645517017,5.389921422508088,3.5807544611632394,3.5807544611632394,1.0
538.8076193936779,2,-0.5411136122361313,1.999077964538074,0.35815292247042335,0.35815292247042335,1.0
539.0076193936779,2,-2.549099440014519,0.9153497243208548,0.6857989488204328,0.6857989488204328,1.0
539.05,1,-3.25603535582826,3.9653363851566823,1.3159800754857685,1.3159800754857685,1.0
539.207619393678,2,1.6439030582119294,3.3934823320242913,1.176594181751681,1.176594181751681,1.0
539.3,1,-2.2573259649672472,0.8577385283983148,0.3054877733555078,0.3054877733555078,1.0
539.4076193936779,2,-1.2255457425272631,0.4630841801337553,0.16363306119443471,0.16363306119443471,1.0
539.55,1,2.261093346726234,4.5593464843706855,1.2258833707107748,1.2258833707107748,1.0
539.607619393678,2,3.612233939870702,5.033870209159332,3.347845736277299,3.347845736277299,1.0
539.8,1,-2.7780410271331952,-7.468244802611146,2.9315125406553477,2.9315125406553477,1.0
539.8076193936779,2,2.1560778044777997,-5.491118464251002,2.9457957757378854,2.9457957757378854,1.0
540.0076193936779,2,-5.5622556242423045,-4.161993284518779,4.315166512639277,4.315166512639277,1.0
540.05,1,0.2538157151555325,0.07685812070631215,0.003753726425475296,0.003753726425475296,1.0
540.207619393678,2,-4.23384052032538,5.059255028517953,3.7640488580756677,3.7640488580756677,1.0
540.3,1,0.25956783306052955,-4.769217840198401,1.0661075912300717,1.0661075912300717,1.0
540.4076193936779,2,3.517096400762476,3.3495341855932566,2.107894432121549,2.107894432121549,1.0
540.55,1,-6.0846439937390215,-4.201331613533419,2.7552740123195854,2.7552740123195854,1.0
540.607619393678,2,-0.13927064139131318,3.0290576990633724,0.7482245526033969,0.7482245526033969,1.0
540.8,1,-2.7765245270119863,-4.321740636170404,1.2465247926434109,1.2465247926434109,1.0
540.8076193936779,2,5.17969319320261,-0.37567574913233415,2.6897951520219436,2.6897951520219436,1.0
541.0076193936779,2,3.1533146103467082,2.628776413150959,1.4926249740046749,1.4926249740046749,1.0
541.05,1,-0.06655850569917732,-0.3619502511968875,0.006439875718127796,0.006439875718127796,1.0
541.207619393678,2,1.417550477050149,-5.4213506051970555,2.531839252544482,2.531839252544482,1.0
541.3,1,-3.655238106968305,-7.36086517617516,3.241947963123153,3.241947963123153,1.0
541.4076193936779,2,-0.47486207092612887,1.130505081372064,0.12475840645550423,0.12475840645550423,1.0
541.55,1,-8.200306271084642,-7.692940070218313,6.253925861783538,6.253925861783538,1.0
541.607619393678,2,-4.210946831226305,5.525170058066507,4.231687927692306,4.231687927692306,1.0
541.8,1,0.8878884400222056,-14.124537233450319,9.099973562129684,9.099973562129684,1.0
541.8076193936779,2,-3.348963957080933,5.355061472986421,3.4798633706583098,3.4798633706583098,1.0
542.0076193936779,2,-2.3973428187199097,1.957383388476437,0.8499075305076194,0.8499075305076194,1.0
542.05,1,3.213496350570118,4.316285465381689,1.4387082832437263,1.4387082832437263,1.0
542.207619393678,2,6.378885034319154,-3.9730516051178455,5.177816647617502,5.177816647617502,1.0
542.3,1,-2.5149027677890103,-1.247333390768567,0.4092022809171916,0.4092022809171916,1.0
542.4076193936779,2,1.352931532250203,1.1482463102338798,0.28443234865816075,0.28443234865816075,1.0
542.55,1,-3.1640201317501813,-0.27990244300234224,0.5287475846379939,0.5287475846379939,1.0
542.607619393678,2,-1.9924116979854638,3.7128837650196758,1.5127717100780558,1.5127717100780558,1.0
542.8,1,10.645691768568216,-2.8039357426156286,6.213841559144054,6.213841559144054,1.0
542.8076193936779,2,1.2957792145178217,-0.41189438929676214,0.1815714855479091,0.1815714855479091,1.0
543.0076193936779,2,-1.7383262976936535,-5.957281316007062,3.0827245150476568,3.0827245150476568,1.0
543.05,1,0.14193650482483378,-0.18552021380669004,0.0027155055617563597,0.0027155055617563597,1.0
543.207619393678,2,-7.526246737979733,2.5724918505646386,5.986318870270707,5.986318870270707,1.0
543.3,1,8.047271827020218,10.697092933467921,8.790982470247915,8.790982470247915,1.0
543.4076193936779,2,1.9283210681649088,2.3631164608069923,0.8115062363539206,0.8115062363539206,1.0
543.55,1,-0.5146716886919442,-0.033489200802193864,0.013946577025869784,0.013946577025869784,1.0
543.607619393678,2,-3.830545264524112,-1.113775688938226,1.547826580766258,1.547826580766258,1.0
543.8,1,2.5777397866483263,5.109316194617826,1.528804182892364,1.528804182892364,1.0
543.8076193936779,2,4.637182920887639,2.9865378771730633,2.8806741910823592,2.8806741910823592,1.0
544.0076193936779,2,0.06774148122509516,-3.7211675868598704,1.0907819390204416,1.0907819390204416,1.0
544.05,1,5.049840918804815,0.5647257748691672,1.390288054714903,1.390288054714903,1.0
544.207619393678,2,-3.070906725102496,2.389550770948368,1.3632322050304504,1.3632322050304504,1.0
544.3,1,7.190633712739832,8.275115403612553,5.949940524069397,5.949940524069397,1.0
544.4076193936779,2,4.02175232396425,-3.9265941414655074,2.8163652213874615,2.8163652213874615,1.0
544.55,1,0.08313374490561287,-1.990678368095196,0.18293127509856313,0.18293127509856313,1.0
544.607619393678,2,-3.4154449923011576,-6.1049083273267115,4.181863172358074,4.181863172358074,1.0
544.8,1,-5.782642023384465,5.499346186409923,3.1013940621968032,3.1013940621968032,1.0
544.8076193936779,2,2.2949351947067527,-2.5765217702095597,1.0721333757379754,1.0721333757379754,1.0
545.0076193936779,2,-4.476240764753857,-1.2697037754738787,2.0382117909862107,2.0382117909862107,1.0
545.05,1,4.160941055761093,-3.7938024137506474,1.614923748124911,1.614923748124911,1.0
545.207619393678,2,2.3294331710650056,-1.0051602185777568,0.6034044145306814,0.6034044145306814,1.0
545.3,1,-2.0095048875073083,0.23130163057127362,0.21735685993199266,0.21735685993199266,1.0
545.4076193936779,2,1.0219786389854661,-2.9189892972091585,0.7870188298878819,0.7870188298878819,1.0
545.55,1,0.735266960156693,1.9245673944803485,0.19900241105962685,0.19900241105962685,1.0
545.607619393678,2,-7.354071956036357,3.401116608091634,6.274018494726418,6.274018494726418,1.0
545.8,1,4.9380547542638205,6.023127989291048,2.907518104108277,2.907518104108277,1.0
545.8076193936779,2,1.1997775020855705,-2.772691511530624,0.7764529579044367,0.7764529579044367,1.0
546.0076193936779,2,3.4327903434454043,-1.3023791753965313,1.2576208005821625,1.2576208005821625,1.0
546.05,1,-3.454809656379023,2.133437471025033,0.8590978488991377,0.8590978488991377,1.0
546.207619393678,2,-1.286590013920101,1.247329397171903,0.28332426854796966,0.28332426854796966,1.0
546.3,1,2.408795575878191,10.092413736950611,5.066830270640017,5.066830270640017,1.0
546.4076193936779,2,3.299852723968545,-6.605085137547476,4.569808673083209,4.569808673083209,1.0
546.55,1,-6.584394746193571,-2.95761446620196,2.6771925463415864,2.6771925463415864,1.0
546.607619393678,2,2.868095678312372,-0.370977325410621,0.8223644174988414,0.8223644174988414,1.0
546.8,1,-7.838665018458254,2.0616863535425907,3.3684196224872007,3.3684196224872007,1.0
546.8076193936779,2,2.7310434326021067,1.7908874153712517,1.00852244288208,1.00852244288208,1.0
547.0076193936779,2,0.34270034990254317,-1.207998195075568,0.1261074153451263,0.1261074153451263,1.0
547.05,1,1.0278429355761247,-5.004060040236979,1.2422148209567723,1.2422148209567723,1.0
547.207619393678,2,0.16267744069690693,3.756021676991921,1.124863547912825,1.124863547912825,1.0
547.3,1,-1.9608829592418644,3.967641265137516,0.9399607910493488,0.9399607910493488,1.0
547.4076193936779,2,0.02318205867526757,5.09248334737196,2.0856308897443228,2.0856308897443228,1.0
547.55,1,3.4854898631419644,-0.05907100226767881,0.6374296991140147,0.6374296991140147,1.0
547.607619393678,2,-6.056155189846926,5.533234670983916,6.107118563733183,6.107118563733183,1.0
547.8,1,-3.2430645868264314,1.1951991388153544,0.6084003503367141,0.6084003503367141,1.0
547.8076193936779,2,-2.843456255593729,0.15388848598641403,0.8090441130853963,0.8090441130853963,1.0
548.0076193936779,2,0.5452764757985769,-4.610687422985357,1.7022884830836358,1.7022884830836358,1.0
548.05,1,6.350396022888944,-5.053222400295766,3.383398549142034,3.383398549142034,1.0
548.207619393678,2,-0.8018012024049384,-0.2419295609540839,0.06662287357135761,0.06662287357135761,1.0
548.3,1,5.6207129118491785,-2.8322096371640058,2.0556622636615254,2.0556622636615254,1.0
548.4076193936779,2,0.24410363492648557,1.1334229266306721,0.10911966595281136,0.10911966595281136,1.0
548.55,1,-5.789868724889761,1.8540525011276117,1.916828489942072,1.916828489942072,1.0
548.607619393678,2,2.5128046936212023,-1.6153891095457809,0.8349030823306001,0.8349030823306001,1.0
548.8,1,8.201438166171567,3.8305877025381676,4.142428542819054,4.142428542819054,1.0
548.8076193936779,2,-1.8930046909607476,-1.3523984570743721,0.5082510387829627,0.5082510387829627,1.0
549.0076193936779,2,3.8395498258512255,-5.0055965301565735,3.379180460968013,3.379180460968013,1.0
549.05,1,-1.1259341035994694,-0.8899898795037942,0.10585652311210236,0.10585652311210236,1.0
549.207619393678,2,-2.016825800708844,-4.797476590735869,2.2230471889300967,2.2230471889300967,1.0
549.3,1,1.8824468933785994,6.007337680704737,1.8743539100334925,1.8743539100334925,1.0
549.4076193936779,2,1.2244928398118553,-0.008004211207456535,0.14614083755933158,0.14614083755933158,1.0
549.55,1,-3.7081926798334983,1.991522062856788,0.9040297660734572,0.9040297660734572,1.0
549.607619393678,2,-3.1140914356662925,-2.757763305795848,1.5748982874601418,1.5748982874601418,1.0
549.8,1,-7.50998634904434,0.3179488612465562,2.919286937845523,2.919286937845523,1.0
549.8076193936779,2,3.6028661808146936,-1.9126990794266945,1.5968828003328144,1.5968828003328144,1.0
550.0076193936779,2,-0.8604435060302507,6.564516869570745,3.463831629872499,3.463831629872499,1.0
550.05,1,-2.2064203678898906,-1.1980782327458854,0.3304746214161698,0.3304746214161698,1.0
550.207619393678,2,-0.04727063385196573,-2.798441676680717,0.6232185126566248,0.6232185126566248,1.0
550.3,1,-0.2724622904443734,2.225142079365064,0.23524124732518065,0.23524124732518065,1.0
550.4076193936779,2,-2.916609619270851,2.7455820250933556,1.4353157668741499,1.4353157668741499,1.0
550.55,1,2.346613984219168,-2.5772125533852943,0.5948563251795999,0.5948563251795999,1.0
550.607619393678,2,0.868420135623083,-0.41367099715428424,0.0882869447251183,0.0882869447251183,1.0
550.8,1,-2.2321760684493483,-4.751521971491734,1.282696476933864,1.282696476933864,1.0
550.8076193936779,2,2.1847768498773235,2.7423506906596344,1.095469461091138,1.095469461091138,1.0
551.0076193936779,2,2.66169778024895,2.2678669805946896,1.0807771198036478,1.0807771198036478,1.0
551.05,1,2.1601453628578966,-0.48891432220323594,0.26295111974282326,0.26295111974282326,1.0
551.207619393678,2,-5.954648188570403,3.200521457812343,4.232612083129806,4.232612083129806,1.0
551.3,1,-4.031912549566798,-3.3024462026787305,1.374424020373765,1.374424020373765,1.0
551.4076193936779,2,5.671180298794436,-1.2083848463092366,3.2520914594991512,3.2520914594991512,1.0
551.55,1,1.5632541952985832,5.480365855232819,1.5118944677988913,1.5118944677988913,1.0
551.607619393678,2,-2.933665000294532,-0.4343671330325094,0.8640301744233766,0.8640301744233766,1.0
551.8,1,4.59285627661842,0.6541990511451488,1.1095701960188065,1.1095701960188065,1.0
551.8076193936779,2,3.49404357768568,2.3737043920168475,1.682431950594914,1.682431950594914,1.0
552.0076193936779,2,1.5665173157025407,-3.611112219756876,1.2608834959780832,1.2608834959780832,1.0
552.05,1,6.649397461713704,-6.024529225438108,4.102307538224775,4.102307538224775,1.0
552.207619393678,2,-4.327015164404401,-0.29542108625964403,1.8116275037661875,1.8116275037661875,1.0
552.3,1,3.3152629834875214,-2.29738345113271,0.8313550974318552,0.8313550974318552,1.0
552.4076193936779,2,-0.856772209674979,-2.920054171414435,0.7572678603692723,0.7572678603692723,1.0
552.55,1,-3.1263187925392586,-5.993363653226417,2.16757410458263,2.16757410458263,1.0
552.607619393678,2,-0.3286811031472965,7.171033695642542,4.193469250450529,4.193469250450529,1.0
552.8,1,3.1171188495475946,-4.055149723795978,1.2488546717744824,1.2488546717744824,1.0
552.8076193936779,2,-3.703658924595004,-1.7651412855656332,1.6257295881352123,1.6257295881352123,1.0
553.0076193936779,2,0.9719206966113276,4.362193811045437,1.5884628026125724,1.5884628026125724,1.0
553.05,1,3.560805718995198,-11.962818660527766,7.457514399911699,7.457514399911699,1.0
553.207619393678,2,-0.5567905295210878,2.045438638194234,0.3627181469132104,0.3627181469132104,1.0
553.3,1,2.876450809758424,-3.5266485644621284,1.0212265502796174,1.0212265502796174,1.0
553.4076193936779,2,-2.551590639809646,3.1824242763786117,1.4490356056334863,1.4490356056334863,1.0
553.55,1,-0.07734765655663978,3.22504415055802,0.47949037310521825,0.47949037310521825,1.0
553.607619393678,2,0.5342343526851536,4.184253546863118,1.4522466303751396,1.4522466303751396,1.0
553.8,1,-2.004006883627831,-0.8240877076729447,0.23838382181373513,0.23838382181373513,1.0
553.8076193936779,2,7.401008657926766,-4.369628005903792,7.039349113561693,7.039349113561693,1.0
554.0076193936779,2,0.05960170830168465,-4.51025800179935,1.6021375459244371,1.6021375459244371,1.0
554.05,1,-7.840977417746231,7.464874326991485,5.953087022864759,5.953087022864759,1.0
554.207619393678,2,3.5906364787668466,-0.900647156011928,1.3072338333894076,1.3072338333894076,1.0
554.3,1,0.977695578856121,4.852800989665354,1.15095207120079,1.15095207120079,1.0
554.4076193936779,2,-8.000967624467101,-4.338352272847651,7.752818824729939,7.752818824729939,1.0
554.55,1,-7.852248243202752,5.929676851799073,4.854214001412314,4.854214001412314,1.0
554.607619393678,2,3.0569417022940186,-3.8682325127444415,2.1386192342527046,2.1386192342527046,1.0
554.8,1,11.495105805026167,-2.4860805044779184,7.1094017585834015,7.1094017585834015,1.0
554.8076193936779,2,-5.4667385873046115,-3.1381031688594874,3.7937730414750055,3.7937730414750055,1.0
555.0076193936779,2,1.3157734658819749,3.1996246661157244,0.9712683868829541,0.9712683868829541,1.0
555.05,1,1.336754285954143,-0.014758445983389379,0.09637355064786622,0.09637355064786622,1.0
555.207619393678,2,-3.0187680311208993,2.1732812174515246,1.2541249293984464,1.2541249293984464,1.0
555.3,1,-4.114678045056962,-0.5606221620387402,0.9155152551203909,0.9155152551203909,1.0
555.4076193936779,2,-3.252034748741494,3.9888303252894914,2.3103053361191157,2.3103053361191157,1.0
555.55,1,-6.3222482843535985,0.9185352184212263,2.135579308252461,2.135579308252461,1.0
555.607619393678,2,-1.9734886458229752,1.2833886893503461,0.5180297706394985,0.5180297706394985,1.0
555.8,1,-2.375743238849914,-1.8630988246216162,0.4493062030382836,0.4493062030382836,1.0
555.8076193936779,2,-3.8449832506886636,2.0650279047266764,1.82676077800835,1.82676077800835,1.0
556.0076193936779,2,7.569635538961002,0.45367484749569087,5.481893605078091,5.481893605078091,1.0
556.05,1,2.8057946668852622,-1.041914328101086,0.47592516369717186,0.47592516369717186,1.0
556.207619393678,2,4.736866319195187,5.444369893155397,4.520801786462694,4.520801786462694,1.0
556.3,1,6.435524446865287,1.1714795647972593,2.26774789156528,2.26774789156528,1.0
556.4076193936779,2,5.37160076333376,0.9743582465541323,2.8885817986776603,2.8885817986776603,1.0
556.55,1,-7.678291770067119,-1.8007175338682941,3.2419919901959164,3.2419919901959164,1.0
556.607619393678,2,-2.124481366514331,-2.822407948070513,1.0930271891864982,1.0930271891864982,1.0
556.8,1,1.1688403485155803,-3.8648522031846184,0.7488829356629292,0.7488829356629292,1.0
556.8076193936779,2,-1.8409294761791344,-6.557570320106194,3.877643921829544,3.877643921829544,1.0
557.0076193936779,2,1.1884949019059405,-2.689524904638205,0.7043198638374656,0.7043198638374656,1.0
557.05,1,-7.405664410247674,-0.5275280339295065,2.9707505730262245,2.9707505730262245,1.0
557.207619393678,2,3.5467155745311274,3.205316471823892,2.029821267961748,2.029821267961748,1.0
557.3,1,2.284917797470527,2.119488671164035,0.48763685829791226,0.48763685829791226,1.0
557.4076193936779,2,-4.420297739345237,0.3652167078250841,1.9150770087794287,1.9150770087794287,1.0
557.55,1,4.7834379092273736,-2.074997568786827,1.3986225729370823,1.3986225729370823,1.0
557.607619393678,2,-4.259785653089573,-0.5402973315975288,1.8131148166641557,1.8131148166641557,1.0
557.8,1,2.053878783539666,-4.133043522908125,0.9936846615392854,0.9936846615392854,1.0
557.8076193936779,2,-0.7523173936706229,3.4705941257977386,1.047887189051114,1.047887189051114,1.0
558.0076193936779,2,0.5424965576919831,-0.9492274948470651,0.09902191619154815,0.09902191619154815,1.0
558.05,1,3.7514919084790677,0.4245226444364292,0.7674856954812628,0.7674856954812628,1.0
558.207619393678,2,0.5400539688942914,-2.155206625558641,0.3976304042242154,0.3976304042242154,1.0
558.3,1,1.023739361120235,-7.852632976661866,2.936307612397277,2.936307612397277,1.0
558.4076193936779,2,-1.2139629672672143,2.408528979371283,0.6101539935553816,0.6101539935553816,1.0
558.55,1,-4.429277602193373,4.5464125573038885,1.9813818452395506,1.9813818452395506,1.0
558.607619393678,2,1.1168755752670947,-2.3556043717972557,0.5743546180662484,0.5743546180662484,1.0
558.8,1,-0.5966511226960165,5.856507013126681,1.5758695229346067,1.5758695229346067,1.0
558.8076193936779,2,-1.1513400883050835,0.36969252446118617,0.14357314945312735,0.14357314945312735,1.0
559.0076193936779,2,5.219946939652111,-4.332028365525574,4.076828942530015,4.076828942530015,1.0
559.05,1,4.079140182674308,5.587827188783322,2.375226982364352,2.375226982364352,1.0
559.207619393678,2,0.5322243414747732,-1.378532462584424,0.17848230724244563,0.17848230724244563,1.0
559.3,1,3.7201197100609704,1.8754408781555867,0.90065875883271,0.90065875883271,1.0
559.4076193936779,2,3.0999762013831287,1.3739267985532848,1.0884216306110182,1.0884216306110182,1.0
559.55,1,3.409198108607626,4.7555842910887804,1.6515909620243003,1.6515909620243003,1.0
559.607619393678,2,2.9126714331450927,2.607566000816,1.3896448978381257,1.3896448978381257,1.0
559.8,1,-6.051790643076558,-6.864631934578895,4.03252566419171,4.03252566419171,1.0
559.8076193936779,2,-3.1796095488662317,4.546987951641981,2.7109086320493256,2.7109086320493256,1.0
560.0076193936779,2,-2.125232264644275,-2.2932530053817146,0.8449353570700924,0.8449353570700924,1.0
560.05,1,-1.500722190027922,6.686146304586579,2.2374452925213015,2.2374452925213015,1.0
560.207619393678,2,0.6884012132744601,-1.3109813229085319,0.1824039460299875,0.1824039460299875,1.0
560.3,1,6.559505397662086,-0.6286599334025311,2.3078260860345883,2.3078260860345883,1.0
560.4076193936779,2,1.2689835198972546,-2.632613073336934,0.7143151440771596,0.7143151440771596,1.0
560.55,1,-4.006000361635209,7.447621649404162,3.3972190093925194,3.3972190093925194,1.0
560.607619393678,2,-1.5106325070478945,0.4303298253029979,0.240093849906729,0.240093849906729,1.0
560.8,1,-6.890338965716495,2.1675105539345907,2.666893960705913,2.666893960705913,1.0
560.8076193936779,2,-3.6866906497388143,-9.225469215382368,8.361850984549376,8.361850984549376,1.0
561.0076193936779,2,1.1322244502058325,5.91247193817977,2.874882789053069,2.874882789053069,1.0
561.05,1,7.449298952575234,-1.0865073522996056,3.048409896968982,3.048409896968982,1.0
561.207619393678,2,-2.3651427181511266,-1.8194058049003416,0.8025267346515206,0.8025267346515206,1.0
561.3,1,0.5944562685483135,6.3317196941232154,1.8915845259400201,1.8915845259400201,1.0
561.4076193936779,2,-2.5158559102260014,2.6719497155021017,1.1910487832686463,1.1910487832686463,1.0
561.55,1,-1.980581898452833,7.830016508648988,3.0303213991619655,3.0303213991619655,1.0
561.607619393678,2,7.9165973103626825,-2.746556311683854,6.793784410980365,6.793784410980365,1.0
561.8,1,1.5657692193088621,-1.0510537144397105,0.17686229929629704,0.17686229929629704,1.0
561.8076193936779,2,-4.532034267837695,-2.6030778131619243,2.6080153113485434,2.6080153113485434,1.0
562.0076193936779,2,1.4847017372198295,1.1609123542056636,0.31638968781490623,0.31638968781490623,1.0
562.05,1,6.795971788278315,4.444692172715442,3.4257156525323325,3.4257156525323325,1.0
562.207619393678,2,-0.5188935448009673,-4.94254438082989,1.9693376922650834,1.9693376922650834,1.0
562.3,1,2.2606598867558674,-2.6695623008154996,0.6048290989339538,0.6048290989339538,1.0
562.4076193936779,2,-4.915912771736906,5.7149344555841,4.981906974138246,4.981906974138246,1.0
562.55,1,-7.284511329681976,-2.046648932556817,2.9765096748089035,2.9765096748089035,1.0
562.607619393678,2,0.055860054738928966,-2.0601955631145614,0.3455485280662258,0.3455485280662258,1.0
562.8,1,-0.9661622333603219,2.7810909009656193,0.3994560866239888,0.3994560866239888,1.0
562.8076193936779,2,2.5812320932320745,-1.1665515249631788,0.7771047810631682,0.7771047810631682,1.0
563.0076193936779,2,2.342201011346887,-0.5060323538898679,0.5434541533871758,0.5434541533871758,1.0
563.05,1,-2.8176284162669205,-4.044174445113558,1.2022745489465567,1.2022745489465567,1.0
563.207619393678,2,1.183077764252502,-3.1824527247524266,0.9406274887333467,0.9406274887333467,1.0
563.3,1,0.3458961615363947,5.743570786376651,1.5473844853201892,1.5473844853201892,1.0
563.4076193936779,2,-0.1434538377044987,1.2961684270676734,0.1371165472166213,0.1371165472166213,1.0
563.55,1,0.7695240453829442,6.16026025945558,1.7793884376829692,1.7793884376829692,1.0
563.607619393678,2,2.2760843386737335,-5.418350414108179,2.898887423300535,2.898887423300535,1.0
563.8,1,2.5244782461175674,10.33369570056226,5.178373990776759,5.178373990776759,1.0
563.8076193936779,2,1.2442364421667165,0.5315377080552643,0.17779311116520927,0.17779311116520927,1.0
564.0076193936779,2,0.6426564762254898,-0.6288770428749118,0.07053733497053657,0.07053733497053657,1.0
564.05,1,1.6088517773354667,-5.7979368863458305,1.7307286843687821,1.7307286843687821,1.0
564.207619393678,2,0.24027577340881834,-2.870568668948316,0.6610962721371083,0.6610962721371083,1.0
564.3,1,-6.331755623815148,-6.462401331293147,4.084033404579702,4.084033404579702,1.0
564.4076193936779,2,-2.39876834224723,-7.728726886815579,5.364597333423505,5.364597333423505,1.0
564.55,1,2.1286038108366014,3.907895991317872,0.9412504015939124,0.9412504015939124,1.0
564.607619393678,2,-9.290913450056507,0.2132664602587262,8.515892524077316,8.515892524077316,1.0
564.8,1,-6.7955845874875465,4.836146342876933,3.4485821312868303,3.4485821312868303,1.0
564.8076193936779,2,9.36940007623729,9.034154339654876,10.349009855074012,15.4806051748612,1.6807853509912865
565.0076193936779,2,0.6010784222496213,-2.0862930111962648,0.36449197266544014,0.36449197266544014,1.0
565.05,1,-0.9198591358857442,3.4102602995078364,0.5897380240139328,0.5897380240139328,1.0
565.207619393678,2,6.34349455028282,0.47022921207900126,3.82338293723014,3.82338293723014,1.0
565.3,1,2.130264077933674,3.7737436475769996,0.9014116392514369,0.9014116392514369,1.0
565.4076193936779,2,0.4062709138980125,1.9091707993593339,0.3066322328007219,0.3066322328007219,1.0
565.55,1,-2.2110212244001133,-1.8688153171619426,0.4162343104574274,0.4162343104574274,1.0
565.607619393678,2,-4.457523584545449,1.2531330419721662,2.0797869852848385,2.0797869852848385,1.0
565.8,1,-4.178852331516907,5.948482529023927,2.506959072249848,2.506959072249848,1.0
565.8076193936779,2,5.591244605383572,-7.966941341400801,8.335364614275768,8.335364614275768,1.0
566.0076193936779,2,-5.415620040841382,-0.13324826051461258,2.7983464488710785,2.7983464488710785,1.0
566.05,1,1.0249701962030713,-1.0061312131869897,0.10456305402444116,0.10456305402444116,1.0
566.207619393678,2,1.6818765637641349,3.497203571686466,1.2456206963556413,1.2456206963556413,1.0
566.3,1,-4.041198543220524,3.6128101870782103,1.4786495039705225,1.4786495039705225,1.0
566.4076193936779,2,-0.6902659156551394,-3.839769272961586,1.2320400466478856,1.2320400466478856,1.0
566.55,1,7.063794603419737,-4.43079474294364,3.5213171069001703,3.5213171069001703,1.0
566.607619393678,2,4.700694143298755,-2.510815399374348,2.690862076159546,2.690862076159546,1.0
566.8,1,-7.442758915782946,-4.1205418467755734,3.6325631509507614,3.6325631509507614,1.0
566.8076193936779,2,-2.3486300896052725,-2.155455482038036,0.9326283492424228,0.9326283492424228,1.0
567.0076193936779,2,-5.10108097255916,1.9185577069385538,2.7700539720803494,2.7700539720803494,1.0
567.05,1,-2.9043320709780573,4.1260534586254956,1.2604072523179346,1.2604072523179346,1.0
567.207619393678,2,1.5774125024637797,-7.012846253179806,4.14984813107775,4.14984813107775,1.0
567.3,1,-1.029000911756924,1.9620678748769294,0.2361125440791671,0.2361125440791671,1.0
567.4076193936779,2,4.132466613962244,2.8105415122143675,2.298538915776591,2.298538915776591,1.0
567.55,1,2.01697094189754,-4.554770423821186,1.1689040162323743,1.1689040162323743,1.0
567.607619393678,2,4.339958097308937,3.412535213461652,2.8036098842710557,2.8036098842710557,1.0
567.8,1,6.049791446205965,3.2864001777268825,2.381495916556765,2.381495916556765,1.0
567.8076193936779,2,-5.284334552841358,-1.2800530904024825,2.9217052810189235,2.9217052810189235,1.0
568.0076193936779,2,-1.7040187852566717,10.417039632165526,8.819874023485179,8.819874023485179,1.0
568.05,1,-0.8564084144046333,-0.4601995060742645,0.04957391153680909,0.04957391153680909,1.0
568.207619393678,2,-1.5025145744307835,-4.4659932482418725,1.804117415252791,1.804117415252791,1.0
568.3,1,5.246245171215087,5.462022243987942,2.857997894843547,2.857997894843547,1.0
568.4076193936779,2,3.744469379969857,3.273766067908319,2.2283850920272243,2.2283850920272243,1.0
568.55,1,-8.557570384170418,0.5922954083034817,3.857602920913083,3.857602920913083,1.0
568.607619393678,2,-3.1876272103784373,-3.7315056303325846,2.134555711007688,2.134555711007688,1.0
568.8,1,12.121206096506569,-0.6743025877287927,7.613529294086023,7.613529294086023,1.0
568.8076193936779,2,-3.2434736861120896,-0.38892907470355453,1.062602351609421,1.062602351609421,1.0
569.0076193936779,2,4.604065789149246,-1.9919541928845632,2.334408386967561,2.334408386967561,1.0
569.05,1,-0.5724906354691512,-1.1419369898711338,0.07939723175504093,0.07939723175504093,1.0
569.207619393678,2,1.012542879224199,0.6866951583898988,0.13633281061891123,0.13633281061891123,1.0
569.3,1,-1.68201184139118,-8.475288548599904,3.505977317919276,3.505977317919276,1.0
569.4076193936779,2,-1.921081051742668,-3.3568388661248854,1.2658802458772302,1.2658802458772302,1.0
569.55,1,-1.3347880344737604,5.165850641965772,1.3228830644545775,1.3228830644545775,1.0
569.607619393678,2,-0.35621210639000367,-2.2619034418069717,0.42865611840875534,0.42865611840875534,1.0
569.8,1,6.961589457203509,-0.46748128096245267,2.5144346180193065,2.5144346180193065,1.0
569.8076193936779,2,0.7792402343592144,6.145963843662049,3.169506894124839,3.169506894124839,1.0
570.0076193936779,2,-0.5723603576444418,0.8424351884977668,0.08712868821125055,0.08712868821125055,1.0
570.05,1,-3.697113848434313,-3.3959305298166793,1.2829559342762527,1.2829559342762527,1.0
570.207619393678,2,-2.3933333268398655,6.388031215168713,3.798328592644291,3.798328592644291,1.0
570.3,1,7.761541248798906,-3.205087328413125,3.685128075360652,3.685128075360652,1.0
570.4076193936779,2,0.2960641086480109,0.8274460267570944,0.06360293074605512,0.06360293074605512,1.0
570.55,1,1.166012607918475,-3.8018950161700484,0.7372336522940054,0.7372336522940054,1.0
570.607619393678,2,3.242532482498831,-2.4924854767674063,1.5420964130234323,1.5420964130234323,1.0
570.8,1,-0.9621182289739423,-0.6463415462962132,0.06680736545043398,0.06680736545043398,1.0
570.8076193936779,2,-0.7123653113142936,2.3232584181892157,0.4949051340806363,0.4949051340806363,1.0
571.0076193936779,2,-3.6879931695109676,-5.976608215129806,4.1100080040781775,4.1100080040781775,1.0
571.05,1,-8.595351239471995,1.9941522815446824,4.172364820052998,4.172364820052998,1.0
571.207619393678,2,-3.155743656195156,-2.490037845627766,1.4531506600105557,1.4531506600105557,1.0
571.3,1,-3.165837267163184,2.6975840083651565,0.8732054948875364,0.8732054948875364,1.0
571.4076193936779,2,2.0647330300490623,0.377239538846327,0.4269445418980947,0.4269445418980947,1.0
571.55,1,-1.7676723926707396,-9.27565931338355,4.127722336580505,4.127722336580505,1.0
571.607619393678,2,5.95820265363357,-2.210104870225525,3.898011837688477,3.898011837688477,1.0
571.8,1,-4.155997981679555,3.98129529393114,1.612384557900075,1.612384557900075,1.0
571.8076193936779,2,1.5383073936691574,2.6606832000284832,0.8188906149818453,0.8188906149818453,1.0
572.0076193936779,2,-3.2852465426222395,0.45498079568527494,1.0458104967987443,1.0458104967987443,1.0
572.05,1,-3.09171803908022,1.326261458402012,0.5987324030701034,0.5987324030701034,1.0
572.207619393678,2,1.4756925461587826,-1.0556312023357446,0.2985524752544731,0.2985524752544731,1.0
572.3,1,1.0846992492743652,2.6399477017256245,0.3881650625922219,0.3881650625922219,1.0
572.4076193936779,2,3.15735666551371,-1.0070219552395265,1.0531614499371809,1.0531614499371809,1.0
572.55,1,-2.397650116725103,8.012462677581498,3.2592690171442276,3.2592690171442276,1.0
572.607619393678,2,-4.00864104218617,-0.24267577350010683,1.589386744014385,1.589386744014385,1.0
572.8,1,-0.8305147589516579,6.403625282796595,1.8977099102738162,1.8977099102738162,1.0
572.8076193936779,2,7.434160202579115,0.3387060379478424,5.526341854429148,5.526341854429148,1.0
573.0076193936779,2,2.6582780026990136,-2.5920587508242967,1.2031021537301099,1.2031021537301099,1.0
573.05,1,-7.255059240398644,2.7211119822586003,3.188980757734823,3.188980757734823,1.0
573.207619393678,2,1.0693818848451002,2.2480684844634897,0.5122741261449372,0.5122741261449372,1.0
573.3,1,-9.436936197005053,-4.093573433867008,5.521228242223764,5.521228242223764,1.0
573.4076193936779,2,-4.810365852218624,-0.6021920533052567,2.2844396204100397,2.2844396204100397,1.0
573.55,1,0.4864945934796623,5.6348849471984215,1.4752462326385296,1.4752462326385296,1.0
573.607619393678,2,-9.694814515031325,0.9503199459600333,9.247562443351972,9.341831281911826,1.014276444151372
573.8,1,5.11028405406897,-1.8268968301507806,1.5001545165857657,1.5001545165857657,1.0
573.8076193936779,2,4.046100136453802,-0.13196198785621238,1.63415419547625,1.63415419547625,1.0
574.0076193936779,2,1.4670728125373458,-7.83554537544178,5.036619751476101,5.036619751476101,1.0
574.05,1,0.05585361358608054,2.9048675517004146,0.3994968896967713,0.3994968896967713,1.0
574.207619393678,2,4.342548897374634,1.5843586655622346,2.0167340473613034,2.0167340473613034,1.0
574.3,1,6.7140431793437685,-11.566185425363571,8.64688947758211,8.64688947758211,1.0
574.4076193936779,2,0.45380881426658704,5.346930466259052,2.318977086480393,2.318977086480393,1.0
574.55,1,0.8943478445522715,-2.0869693639318423,0.24260677298665972,0.24260677298665972,1.0
574.607619393678,2,3.4654782944196825,-0.1484394393845414,1.1860167860379267,1.1860167860379267,1.0
574.8,1,-5.903472987299203,-2.1642368217147503,2.0137502739831734,2.0137502739831734,1.0
574.8076193936779,2,-2.333421843379277,2.3948840743421225,1.0155845096897924,1.0155845096897924,1.0
575.0076193936779,2,-0.184919877351021,2.586330669391149,0.5299738093541304,0.5299738093541304,1.0
575.05,1,-3.449121518335133,5.426645438011192,2.0354214295120823,2.0354214295120823,1.0
575.207619393678,2,2.58231347442036,4.778747324816729,2.4594527043465133,2.4594527043465133,1.0
575.3,1,1.871493090731235,-2.426621531459867,0.4614299944205348,0.4614299944205348,1.0
575.4076193936779,2,3.3177738175346434,1.1760068129093713,1.184052439937286,1.184052439937286,1.0
575.55,1,-2.5936014454211502,-4.456684268463507,1.2679054588218692,1.2679054588218692,1.0
575.607619393678,2,6.727739169936029,-1.7654486749246576,4.716812483277975,4.716812483277975,1.0
575.8,1,1.9180844503306673,-3.892611491894792,0.8781771945727046,0.8781771945727046,1.0
575.8076193936779,2,-3.126918508592901,-0.537522657165339,0.9997965851598737,0.9997965851598737,1.0
576.0076193936779,2,2.7981041302977445,2.5476599387940095,1.2578830616842656,1.2578830616842656,1.0
576.05,1,-8.086521934262414,0.7404010938790812,3.5523233196779436,3.5523233196779436,1.0
576.207619393678,2,0.7197070584703766,1.2836558000166156,0.1810094435519112,0.1810094435519112,1.0
576.3,1,1.0806973931547645,-0.13313277788519173,0.06296892753033007,0.06296892753033007,1.0
576.4076193936779,2,-7.132465369450159,-1.3759089151050157,5.110370706784956,5.110370706784956,1.0
576.55,1,3.6527393323962656,1.4505155622708468,0.7968225345571954,0.7968225345571954,1.0
576.607619393678,2,-12.87103803449424,1.896931332986681,10.556502778214437,16.628785088358832,1.8054474011573303
576.8,1,3.82206473771987,2.3118822241104686,0.9742433692131911,0.9742433692131911,1.0
576.8076193936779,2,1.4382348057807164,-1.3121036707041096,0.337822942679213,0.337822942679213,1.0
577.0076193936779,2,-1.896282787752753,-5.002021888070179,2.2651608239603886,2.2651608239603886,1.0
577.05,1,-0.42500878091944827,-0.0045762088185643535,0.009680748291798132,0.009680748291798132,1.0
577.207619393678,2,-6.236163540269615,2.8683759525497368,4.35810402238561,4.35810402238561,1.0
577.3,1,0.37340674148657627,4.133115913611024,0.8028767267823468,0.8028767267823468,1.0
577.4076193936779,2,4.230052202683453,-6.534202072611166,5.156185769091439,5.156185769091439,1.0
577.55,1,5.164250002799527,1.5875651972501577,1.5135153457868844,1.5135153457868844,1.0
577.607619393678,2,-1.7584187626584935,-0.684234389781853,0.3425486554076692,0.3425486554076692,1.0
577.8,1,-3.525966909997919,4.524117954898946,1.5715865735903183,1.5715865735903183,1.0
577.8076193936779,2,4.297849098475858,-3.315073688945338,2.7477669404736402,2.7477669404736402,1.0
578.0076193936779,2,-2.339575890235025,-2.450328130846427,0.9948892935968325,0.9948892935968325,1.0
578.05,1,9.14554672259348,4.469241842640335,5.455934471827249,5.455934471827249,1.0
578.207619393678,2,-3.308332984239854,5.143497016093504,3.159215639799507,3.159215639799507,1.0
578.3,1,3.30555250978923,2.617570297327786,0.9013442547685236,0.9013442547685236,1.0
578.4076193936779,2,3.9241982032370615,-1.8217154201410208,1.7670695376040753,1.7670695376040753,1.0
578.55,1,4.547639551044732,-0.5213690313346779,1.0970409581248555,1.0970409581248555,1.0
578.607619393678,2,-2.697151363223213,0.838178567796704,0.7740754849200978,0.7740754849200978,1.0
578.8,1,7.965665016093176,6.5582186368375535,5.230037479744807,5.230037479744807,1.0
578.8076193936779,2,-2.8713664347888397,3.401924607732626,1.7746008574185193,1.7746008574185193,1.0
579.0076193936779,2,0.5257123914637489,-5.128384887748867,2.0958751734318555,2.0958751734318555,1.0
579.05,1,-4.945049889029804,-3.374020742708411,1.8571050010247583,1.8571050010247583,1.0
579.207619393678,2,7.382065482634395,-3.472654711823145,6.20841115975373,6.20841115975373,1.0
579.3,1,-8.508443490538433,4.579315102401995,4.830396746653994,4.830396746653994,1.0
579.4076193936779,2,-1.1485755610240886,0.6622001292478625,0.16377379564023986,0.16377379564023986,1.0
579.55,1,1.732679271035046,-3.1397566757343487,0.6115351318679396,0.6115351318679396,1.0
579.607619393678,2,-2.7173460974551205,-3.7469624239805697,1.8696214641931803,1.8696214641931803,1.0
579.8,1,4.977967277331658,-3.320558018118307,1.7811006697064093,1.7811006697064093,1.0
579.8076193936779,2,-2.0710628748918936,0.03713041069850931,0.4282244331890013,0.4282244331890013,1.0
580.0076193936779,2,-2.0960551306734843,3.5559452039725166,1.4145939602239614,1.4145939602239614,1.0
580.05,1,-3.2281402693064933,9.030479271317734,4.421780069526201,4.421780069526201,1.0
580.207619393678,2,-1.4318811483674097,0.3754751389897999,0.20883233453199665,0.20883233453199665,1.0
580.3,1,-4.003406881617721,-3.247930998720806,1.3455431174403305,1.3455431174403305,1.0
580.4076193936779,2,2.0855157594166513,0.08285102184243343,0.42445713958113673,0.42445713958113673,1.0
580.55,1,3.3872770229034614,-7.402503053948182,3.126392082207537,3.126392082207537,1.0
580.607619393678,2,-1.2661458923953433,5.691313273200551,2.7927771502456085,2.7927771502456085,1.0
580.8,1,7.502415438483538,2.051393946874791,3.0999025938887677,3.0999025938887677,1.0
580.8076193936779,2,0.5513531594866805,-3.706026024181959,1.1607990945929703,1.1607990945929703,1.0
581.0076193936779,2,-7.972448258903263,3.906556635742408,7.264431454720559,7.264431454720559,1.0
581.05,1,5.545645639319247,-4.689120515717882,2.699218141621083,2.699218141621083,1.0
581.207619393678,2,1.686779370653575,1.6848021323405282,0.5000503729186931,0.5000503729186931,1.0
581.3,1,2.413889341691373,-4.942804431035208,1.4512917337114095,1.4512917337114095,1.0
581.4076193936779,2,-0.2718008250012005,5.15762365689856,2.146418031799974,2.146418031799974,1.0
581.55,1,5.472575111250947,-2.0666519420615748,1.7677448744171742,1.7677448744171742,1.0
581.607619393678,2,-2.304043576034161,0.4462717953130433,0.5396685343719227,0.5396685343719227,1.0
581.8,1,3.2388927765672335,1.1830004597617094,0.6056723934745499,0.6056723934745499,1.0
581.8076193936779,2,-0.5129067871118735,1.711542348561765,0.26736144263008743,0.26736144263008743,1.0
582.0076193936779,2,1.8546281842724355,-6.736332157076267,3.9011253321302215,3.9011253321302215,1.0
582.05,1,-3.9888608635919383,-2.8541482483364167,1.2436037773214568,1.2436037773214568,1.0
582.207619393678,2,-3.0612774006460697,-6.819540570391377,4.602881284662308,4.602881284662308,1.0
582.3,1,3.9764269738361904,-1.1346726241334704,0.9014495702270647,0.9014495702270647,1.0
582.4076193936779,2,2.1093743409044166,3.9724347310625916,1.7026838479774304,1.7026838479774304,1.0
582.55,1,-2.6764914006303187,-5.860544064103953,1.9580971170270556,1.9580971170270556,1.0
582.607619393678,2,2.8864081448049674,-0.2837169996518316,0.8280999375536523,0.8280999375536523,1.0
582.8,1,-1.6714278355254564,-4.961317785410245,1.2620962371987838,1.2620962371987838,1.0
582.8076193936779,2,-2.7592942405165672,2.0444215086671935,1.1040316740132794,1.1040316740132794,1.0
583.0076193936779,2,-2.030694354428711,-3.565099073962248,1.394147998470891,1.394147998470891,1.0
583.05,1,0.9322603549453561,2.9301050897415273,0.45324428514908377,0.45324428514908377,1.0
583.207619393678,2,-2.4137122675896947,-2.041287388631879,0.8930436043068404,0.8930436043068404,1.0
583.3,1,-4.107414296266306,3.3812576747031535,1.4317273520806242,1.4317273520806242,1.0
583.4076193936779,2,-0.24222916788338011,1.604718556910223,0.2128112121916708,0.2128112121916708,1.0
583.55,1,-3.847072496954439,5.577280505184175,2.20942228633207,2.20942228633207,1.0
583.607619393678,2,-1.8197067231688493,-2.4349111774622187,0.8087822409102048,0.8087822409102048,1.0
583.8,1,0.348378563178116,4.427119706797983,0.8962628703894284,0.8962628703894284,1.0
583.8076193936779,2,8.047672688139507,-1.7745706973156459,6.7242462771716305,6.7242462771716305,1.0
584.0076193936779,2,-4.23312154067159,4.717278436816359,3.461509694493639,3.461509694493639,1.0
584.05,1,2.2809612898689053,3.1356169044798747,0.7459523939665942,0.7459523939665942,1.0
584.207619393678,2,4.061394479376503,-1.6209537229330273,1.7989427269478528,1.7989427269478528,1.0
584.3,1,1.7962693168424693,-0.7155991438382188,0.19559955626131426,0.19559955626131426,1.0
584.4076193936779,2,2.9484644777322018,0.3735280043320124,0.8585167166663431,0.8585167166663431,1.0
584.55,1,-1.7044159699904142,4.684585699568437,1.1634219694899681,1.1634219694899681,1.0
584.607619393678,2,0.5427678117280408,3.868761904330375,1.2464944410609209,1.2464944410609209,1.0
584.8,1,-4.432517843268677,6.064310140443732,2.6853080304242374,2.6853080304242374,1.0
584.8076193936779,2,-3.5763691320313242,-0.5932594854203082,1.3057479281772422,1.3057479281772422,1.0
585.0076193936779,2,3.6044055322377773,-7.274078215826577,5.40565569705492,5.40565569705492,1.0
585.05,1,11.3018560135151,1.755422124942914,7.0340864945010555,7.0340864945010555,1.0
585.207619393678,2,-2.823790562600628,-1.658277664595115,0.9873421436963878,0.9873421436963878,1.0
585.3,1,-2.0982620753291457,-1.4194786220203106,0.3283809600372458,0.3283809600372458,1.0
585.4076193936779,2,-7.57061273636274,1.326186165915722,5.727501841596529,5.727501841596529,1.0
585.55,1,3.344857406692583,7.775606819132703,3.372314041031225,3.372314041031225,1.0
585.607619393678,2,6.335917287570936,-4.3748313938894725,5.5153988228831015,5.5153988228831015,1.0
585.8,1,6.632623698103984,-2.3376902959100576,2.5216029869029093,2.5216029869029093,1.0
585.8076193936779,2,-0.367268099025047,2.0392872082355282,0.3557539023447468,0.3557539023447468,1.0
586.0076193936779,2,-4.66249871150886,1.9759859422018557,2.3810832721031603,2.3810832721031603,1.0
586.05,1,-1.3044483411426597,-1.2850290154570665,0.16992245671379005,0.16992245671379005,1.0
586.207619393678,2,1.8771557623711317,7.3333065647248254,4.6178079456092656,4.6178079456092656,1.0
586.3,1,3.0459308407469763,3.2590337496785935,0.9898025935153371,0.9898025935153371,1.0
586.4076193936779,2,0.8661286306205653,1.538282358722686,0.26341561854226453,0.26341561854226453,1.0
586.55,1,6.838039837079982,-5.827748693963834,4.017459788828001,4.017459788828001,1.0
586.607619393678,2,-0.8784248033915674,-8.562563966861077,6.039751467253964,6.039751467253964,1.0
586.8,1,5.422185833019469,-9.408878705663714,5.539302855483077,5.539302855483077,1.0
586.8076193936779,2,-3.7671728849029122,-2.877461025990929,2.098133765577175,2.098133765577175,1.0
587.0076193936779,2,1.07307802433791,-2.0746038735414487,0.4487423050357229,0.4487423050357229,1.0
587.05,1,-6.847108099869999,2.768008988949667,2.8909230379260262,2.8909230379260262,1.0
587.207619393678,2,3.7655570049271105,0.3712424494128861,1.3776947247879787,1.3776947247879787,1.0
587.3,1,-5.032447778948068,2.8102638757016756,1.7164327130559964,1.7164327130559964,1.0
587.4076193936779,2,-6.872063965984218,-3.355788803148336,5.508400158360829,5.508400158360829,1.0
587.55,1,2.749171439921419,1.5695918581610364,0.5099599039494389,0.5099599039494389,1.0
587.607619393678,2,-7.17391915978034,3.6047409973871076,6.131965319093648,6.131965319093648,1.0
587.8,1,-5.471483401432359,4.964020013190478,2.666072522749286,2.666072522749286,1.0
587.8076193936779,2,-0.6823824090516624,0.8708830242648276,0.10890690416551436,0.10890690416551436,1.0
588.0076193936779,2,1.2391874561704057,-3.531952574000517,1.1287558376652043,1.1287558376652043,1.0
588.05,1,7.8182658896385036,3.4337697038093786,3.8544084514680192,3.8544084514680192,1.0
588.207619393678,2,10.551958664190956,-1.5730968751844898,9.669458076762162,10.929111439162732,1.1866131975335208
588.3,1,1.316768819208633,-1.079766115452923,0.14567667184391314,0.14567667184391314,1.0
588.4076193936779,2,-9.456797612911586,4.257710017293672,9.448893181237782,10.05417049565206,1.0916176915940434
588.55,1,9.45603384357814,0.4197623579798808,4.659560465537312,4.659560465537312,1.0
588.607619393678,2,1.854998604658995,6.624222825856641,3.864341121391155,3.864341121391155,1.0
588.8,1,9.832229547082655,3.3163449060762176,5.470811072782588,5.470811072782588,1.0
588.8076193936779,2,-4.934714133638664,-3.388171302224997,3.355865996389466,3.355865996389466,1.0
589.0076193936779,2,-3.8550262094202026,1.820737501750017,1.6725427863137319,1.6725427863137319,1.0
589.05,1,-3.630348749872816,1.9020830168533251,0.8810869391445886,0.8810869391445886,1.0
589.207619393678,2,-1.2496941010994576,-1.725451234830068,0.38685617750358214,0.38685617750358214,1.0
589.3,1,-0.7503312831608966,-0.670589935844891,0.050945148418033534,0.050945148418033534,1.0
589.4076193936779,2,0.8504074766458061,-3.814725085228101,1.2403043756303993,1.2403043756303993,1.0
589.55,1,3.056941560926603,-0.9438634184591592,0.5312147031380132,0.5312147031380132,1.0
589.607619393678,2,-4.393408653342277,-1.719815799281541,2.143884317704818,2.143884317704818,1.0
589.8,1,-0.859381642901738,3.772318627768094,0.684342186244645,0.684342186244645,1.0
589.8076193936779,2,0.17983491952517028,-1.3141495848199725,0.14536758519188644,0.14536758519188644,1.0
590.0076193936779,2,2.053377384548142,4.153225817719157,1.7601668813825724,1.7601668813825724,1.0
590.05,1,0.28111275368376454,-3.8827088929937617,0.7177804307546668,0.7177804307546668,1.0
590.207619393678,2,1.4873513551205946,-1.4683428214904026,0.3846446889444546,0.3846446889444546,1.0
590.3,1,1.2981634532720747,-0.9041992827426384,0.1278407503458293,0.1278407503458293,1.0
590.4076193936779,2,3.192178349382651,-0.4552114274048762,1.00947278467896,1.00947278467896,1.0
590.55,1,-0.8417563955514922,0.5364681104596656,0.05041745769697869,0.05041745769697869,1.0
590.607619393678,2,-4.979726305126967,-1.0161138464942923,2.528476839864547,2.528476839864547,1.0
590.8,1,1.9219694297133287,-2.8772623794058916,0.56671422510858,0.56671422510858,1.0
590.8076193936779,2,3.557787255317855,-3.3427771637317463,2.1826855833744823,2.1826855833744823,1.0
591.0076193936779,2,-1.7205902634429506,4.678438427330512,2.005315061737706,2.005315061737706,1.0
591.05,1,-1.7723119609199216,3.1791557945298976,0.6477239909382915,0.6477239909382915,1.0
591.207619393678,2,2.0963408378386816,6.034192488035082,3.3195943947229347,3.3195943947229347,1.0
591.3,1,0.5501874557573032,-3.4103999158806317,0.5593825658793943,0.5593825658793943,1.0
591.4076193936779,2,-0.7523795794043053,2.3396112865761367,0.49531619957742073,0.49531619957742073,1.0
591.55,1,-1.582497435306351,2.411251918150157,0.39920818659121915,0.39920818659121915,1.0
591.607619393678,2,-2.4112384294497744,-3.3328560782219085,1.4767589407042794,1.4767589407042794,1.0
591.8,1,0.44281741779282413,-5.878270424436444,1.579162739526368,1.579162739526368,1.0
591.8076193936779,2,3.1028339779611542,0.23702582733557165,0.9656588835457561,0.9656588835457561,1.0
592.0076193936779,2,-1.194600105671249,0.03602772025672607,0.13622675165362752,0.13622675165362752,1.0
592.05,1,-7.910839036020533,-1.2717771681575698,3.451391580767701,3.451391580767701,1.0
592.207619393678,2,-0.6050574525019314,1.547960157062036,0.2259104597706281,0.2259104597706281,1.0
592.3,1,-9.997287136289138,-6.676034562038325,7.399859807624441,7.399859807624441,1.0
592.4076193936779,2,0.41415453121761914,-3.8662030550613835,1.218805500968249,1.218805500968249,1.0
592.55,1,-3.286020639225555,-0.054792559385639095,0.5665527670068414,0.5665527670068414,1.0
592.607619393678,2,2.1894354101110522,5.128047827013695,2.611686690591899,2.611686690591899,1.0
592.8,1,9.294677672614242,4.347797857223981,5.322956479706363,5.322956479706363,1.0
592.8076193936779,2,7.402226380125384,-1.4071821458440965,5.632528740291194,5.632528740291194,1.0
593.0076193936779,2,-4.919940925540821,0.747670956644285,2.352923306281203,2.352923306281203,1.0
593.05,1,3.5744053040251345,1.3058648670753925,0.7697054506852876,0.7697054506852876,1.0
593.207619393678,2,-1.9321729920258903,2.2108025440213552,0.7486600822656853,0.7486600822656853,1.0
593.3,1,1.6763060360951414,2.73768306750339,0.4996235840027579,0.4996235840027579,1.0
593.4076193936779,2,0.03783325221215961,2.187852828186884,0.3850821918739362,0.3850821918739362,1.0
593.55,1,2.228902545296563,1.5480760771027846,0.3710083007125269,0.3710083007125269,1.0
593.607619393678,2,-2.5591156963067547,-5.305112828463763,2.935020770690059,2.935020770690059,1.0
593.8,1,5.629644435893155,1.9107080419954912,1.8036245130592583,1.8036245130592583,1.0
593.8076193936779,2,-3.1516198399967763,1.286979527313413,1.1278274549011293,1.1278274549011293,1.0
594.0076193936779,2,4.554220653408748,-1.385604945010499,2.1295910544122636,2.1295910544122636,1.0
594.05,1,3.873769254686188,5.66013776159123,2.325635648246948,2.325635648246948,1.0
594.207619393678,2,-4.180777132794354,-2.4319349193324626,2.1552461279884723,2.1552461279884723,1.0
594.3,1,0.2820157906098757,-3.5863875290416942,0.6050687279008388,0.6050687279008388,1.0
594.4076193936779,2,0.03380288512990148,-1.7600600216845095,0.24923760346906357,0.24923760346906357,1.0
594.55,1,1.7336073366508131,1.4247529025910808,0.25117017659815644,0.25117017659815644,1.0
594.607619393678,2,0.133576504357805,-3.8904523127459356,1.2328891116084442,1.2328891116084442,1.0
594.8,1,-0.028132631893932114,2.3652456499581547,0.2540766025455014,0.2540766025455014,1.0
594.8076193936779,2,-3.948440641017335,1.08682128915369,1.653479624283882,1.653479624283882,1.0
595.0076193936779,2,3.2521889155022308,-4.087848589409006,2.324708451993104,2.324708451993104,1.0
595.05,1,-1.7034590916590702,-2.6839792808803935,0.497457952596554,0.497457952596554,1.0
595.207619393678,2,4.6343358055445805,-6.489805409848884,5.420725381223614,5.420725381223614,1.0
595.3,1,-1.094100227546818,-8.704124013760449,3.60280175122684,3.60280175122684,1.0
595.4076193936779,2,1.1015040132662577,4.3656219432519165,1.6509623454938578,1.6509623454938578,1.0
595.55,1,-5.274744598146732,3.951849799468235,2.1789698876004917,2.1789698876004917,1.0
595.607619393678,2,-0.8647577053066655,1.294350839854502,0.21001458221465436,0.21001458221465436,1.0
595.8,1,-2.8320531186977718,3.6789546482480375,1.0290924663708467,1.0290924663708467,1.0
595.8076193936779,2,-2.7611466904216186,3.8332011621033573,1.9704164604806342,1.9704164604806342,1.0
596.0076193936779,2,2.397944603256086,0.5368305612567497,0.5711876704229397,0.5711876704229397,1.0
596.05,1,-2.0598161929019483,3.8805371518288254,0.9415690984979006,0.9415690984979006,1.0
596.207619393678,2,4.458236281680861,-4.4378457893869125,3.4825594153237365,3.4825594153237365,1.0
596.3,1,-3.4663159577625677,6.361785102841253,2.5299156115236947,2.5299156115236947,1.0
596.4076193936779,2,0.19389025529086723,-0.9613819471988734,0.07799313389097816,0.07799313389097816,1.0
596.55,1,0.32423894994066416,4.247819180152298,0.8368116544420442,0.8368116544420442,1.0
596.607619393678,2,-0.8712307402063217,3.026295994316172,0.8198011583261042,0.8198011583261042,1.0
596.8,1,0.18522037287221593,-3.090823715153128,0.43557469470539817,0.43557469470539817,1.0
596.8076193936779,2,2.9311609454859493,-1.4904074932763578,1.0404808003212476,1.0404808003212476,1.0
597.0076193936779,2,1.4305622966027869,-3.3902266634191918,1.1002417124472537,1.1002417124472537,1.0
597.05,1,-1.8862238349388534,6.344883646489279,2.09736718407334,2.09736718407334,1.0
597.207619393678,2,-4.689426556484584,2.2093846217206803,2.507977962115494,2.507977962115494,1.0
597.3,1,8.211699067456138,-5.798107489724565,5.158308757319801,5.158308757319801,1.0
597.4076193936779,2,0.014522578397375696,3.7329488204963326,1.1206739025210102,1.1206739025210102,1.0
597.55,1,1.3488014873531569,-3.881638325443511,0.7895829560700567,0.7895829560700567,1.0
597.607619393678,2,0.309532504913939,-3.8594066852189997,1.2210117410773988,1.2210117410773988,1.0
597.8,1,-2.9988144149501963,-0.7644965028624711,0.49128401969083385,0.49128401969083385,1.0
597.8076193936779,2,-3.254650933239134,-1.4775150762510734,1.2370827633031272,1.2370827633031272,1.0
598.0076193936779,2,0.18035544753578137,-2.9315240436569994,0.6797963863162301,0.6797963863162301,1.0
598.05,1,-0.12548085906448136,-0.6608295274656655,0.021519141508210847,0.021519141508210847,1.0
598.207619393678,2,0.26527990107802424,-0.9542928137933799,0.07923027763102343,0.07923027763102343,1.0
598.3,1,0.24903389535309373,5.626350174045129,1.4820588699612545,1.4820588699612545,1.0
598.4076193936779,2,-0.9639024939907515,-3.726469455879652,1.2073211436044096,1.2073211436044096,1.0
598.55,1,2.6341891040245784,8.222994644541352,3.479177462099592,3.479177462099592,1.0
598.607619393678,2,-3.9737248211355336,0.8534698617303462,1.6163623617707323,1.6163623617707323,1.0
598.8,1,2.886365292333238,-0.9372728391376555,0.47043509098958297,0.47043509098958297,1.0
598.8076193936779,2,-1.786224323172597,1.013068227348768,0.40296787562432806,0.40296787562432806,1.0
599.0076193936779,2,2.9713221387277287,1.8777813568377724,1.119807788023913,1.119807788023913,1.0
599.05,1,-0.6227368372182269,0.7202550616792891,0.04546776529413394,0.04546776529413394,1.0
599.207619393678,2,1.0071692415811029,-0.7886350418425465,0.14725308998134437,0.14725308998134437,1.0
599.3,1,-1.4595330472789882,-6.560496222999497,2.123905653163928,2.123905653163928,1.0
599.4076193936779,2,3.9951948565205413,-0.8069556985789816,1.6080460731077642,1.6080460731077642,1.0
599.55,1,0.34270200075737023,5.663444710606029,1.4838582217349947,1.4838582217349947,1.0
599.607619393678,2,-1.9789708219616742,3.2717794683420394,1.2569016461988425,1.2569016461988425,1.0
599.8,1,-4.071822938908113,4.801778789654641,1.9038276966995968,1.9038276966995968,1.0
599.8076193936779,2,-4.051257329594328,-3.456622633619972,2.621790097595561,2.621790097595561,1.0
600.0076193936779,2,6.335817194431598,6.853074188501651,7.527207399275475,7.527207399275475,1.0
600.05,1,7.979482228525608,-0.18833704124292439,3.435341789539999,3.435341789539999,1.0
600.207619393678,2,-5.9367850668080635,-4.813922118608055,5.240800884082862,5.240800884082862,1.0
600.3,1,-3.9747511886354445,-0.048641044864787375,0.8407167426673968,0.8407167426673968,1.0
600.4076193936779,2,0.4342255116591218,-1.1503344895774603,0.12479511436278595,0.12479511436278595,1.0
600.55,1,-8.807720063238698,-0.3853106598976126,4.076162346065692,4.076162346065692,1.0
600.607619393678,2,0.362432132052966,-1.4991223151860567,0.1957545748238751,0.1957545748238751,1.0
600.8,1,1.7413864642130505,-2.453074376332772,0.42996577446658146,0.42996577446658146,1.0
600.8076193936779,2,-1.1621289808938897,-0.586134017133773,0.16309241754743167,0.16309241754743167,1.0
601.0076193936779,2,2.401533540188673,-0.5417374389201299,0.5732476980103387,0.5732476980103387,1.0
601.05,1,0.3186892467991598,2.2806223445024827,0.2516662318393683,0.2516662318393683,1.0
601.207619393678,2,0.8562192017083277,-0.8098180427322319,0.12283479370744271,0.12283479370744271,1.0
601.3,1,-3.1762234742957176,5.498104516462554,1.9488925335122838,1.9488925335122838,1.0
601.4076193936779,2,-0.229618314948695,-0.9907930413617763,0.08408530093177982,0.08408530093177982,1.0
601.55,1,2.296919689836173,0.5114158565386333,0.2887990233264126,0.2887990233264126,1.0
601.607619393678,2,3.45088215359452,7.759988379154869,6.072412925470711,6.072412925470711,1.0
601.8,1,0.8157671689800381,0.5777875286460059,0.04955051686814785,0.04955051686814785,1.0
601.8076193936779,2,0.6716960622740658,-4.4105027839397835,1.6461165242642972,1.6461165242642972,1.0
602.0076193936779,2,6.292509802801781,-4.818949090644843,5.605524601929465,5.605524601929465,1.0
602.05,1,5.374123242588002,-3.7284710974053965,2.215480476560513,2.215480476560513,1.0
602.207619393678,2,-5.1946949223494805,-0.560335960787782,2.6260031125590864,2.6260031125590864,1.0
602.3,1,-6.985600413813074,2.5955374676692387,2.911152595229699,2.911152595229699,1.0
602.4076193936779,2,-2.1466540456932037,3.3462676916533667,1.3496359591414067,1.3496359591414067,1.0
602.55,1,-0.7232713578504999,-0.7008197986609588,0.05006837454384307,0.05006837454384307,1.0
602.607619393678,2,1.8746076224590809,-2.5750486091524962,0.885890379761107,0.885890379761107,1.0
602.8,1,-1.1126725531536508,2.5300074131672474,0.35464166845753414,0.35464166845753414,1.0
602.8076193936779,2,-6.111895500535276,1.7535214608047553,3.982003060473779,3.982003060473779,1.0
603.0076193936779,2,1.6399945901845854,3.544813983633837,1.24600042678648,1.24600042678648,1.0
603.05,1,5.85868798945048,0.47329565746782976,1.8616138279766312,1.8616138279766312,1.0
603.207619393678,2,-1.2765989600835326,-0.6464810663090788,0.19033283396854428,0.19033283396854428,1.0
603.3,1,-6.265923914451484,-5.978951057315797,3.758934845565842,3.758934845565842,1.0
603.4076193936779,2,-2.1354265578924085,-0.7434885863343581,0.4888944383732066,0.4888944383732066,1.0
603.55,1,-2.8677704615925634,-1.092204480732775,0.48636186650619445,0.48636186650619445,1.0
603.607619393678,2,1.7221194651722982,0.06940560926473438,0.2928415285217194,0.2928415285217194,1.0
603.8,1,2.7586506822444754,-0.40764458052369434,0.4008317937580253,0.4008317937580253,1.0
603.8076193936779,2,3.0052037166379044,3.7957489164968976,2.087382884644812,2.087382884644812,1.0
604.0076193936779,2,-0.17899690981561633,1.5926602323035866,0.20278996955344206,0.20278996955344206,1.0
604.05,1,1.7401496707055202,-2.7102625784214496,0.5109824771488105,0.5109824771488105,1.0
604.207619393678,2,4.65991024675451,-0.3976676693825709,2.1056304164628745,2.1056304164628745,1.0
604.3,1,1.3858056289730776,2.1022836095795228,0.30863821940413716,0.30863821940413716,1.0
604.4076193936779,2,-0.35154395357945845,-1.5764804663737948,0.21191346168073918,0.21191346168073918,1.0
604.55,1,6.701871289066581,1.391931432310706,2.445325635103736,2.445325635103736,1.0
604.607619393678,2,-2.5343173229679863,-1.140581009594186,0.7391716500779456,0.7391716500779456,1.0
604.8,1,3.7887072599394926,-4.131280531850521,1.5168365674224145,1.5168365674224145,1.0
604.8076193936779,2,-3.8716297640400583,-3.59632588489184,2.5608234989134155,2.5608234989134155,1.0
605.0076193936779,2,4.351674098100467,-0.8221086354556206,1.859592048381943,1.859592048381943,1.0
605.05,1,-6.0812675647668755,-4.165760677188658,2.8157202510954837,2.8157202510954837,1.0
605.207619393678,2,-5.158309479822023,1.3040347962858831,2.6999966992632634,2.6999966992632634,1.0
605.3,1,-2.8516395125808565,3.826500645430052,1.116661577348069,1.116661577348069,1.0
605.4076193936779,2,1.8794177142563946,2.406045918327486,0.8098224839574173,0.8098224839574173,1.0
605.55,1,-2.0246726201085856,0.9769124324670599,0.25900068419366834,0.25900068419366834,1.0
605.607619393678,2,-7.296046650870675,-1.0800566899803172,5.344166342288063,5.344166342288063,1.0
605.8,1,3.3395475467214624,6.538927841276298,2.517938676695916,2.517938676695916,1.0
605.8076193936779,2,-4.927847765380022,0.173949916686027,2.426565707940325,2.426565707940325,1.0
606.0076193936779,2,4.072577367163987,-4.681341303951761,3.307720841665428,3.307720841665428,1.0
606.05,1,-0.5631929948974346,0.8823008842974644,0.053951442010593265,0.053951442010593265,1.0
606.207619393678,2,3.4681143881652474,4.084641938794917,2.486630904557562,2.486630904557562,1.0
606.3,1,1.3126450707844413,7.546664075032069,2.7521213500076915,2.7521213500076915,1.0
606.4076193936779,2,2.5478268921949585,5.4476555546816385,3.0193174913623997,3.0193174913623997,1.0
606.55,1,-2.0466965881782038,4.704951979140226,1.2395824576642251,1.2395824576642251,1.0
606.607619393678,2,0.21017363700818237,2.146275779588805,0.3790495570678021,0.3790495570678021,1.0
606.8,1,4.329101511729341,-1.1789020797832634,1.0316344610215205,1.0316344610215205,1.0
606.8076193936779,2,0.008636470386424122,-5.955774269744367,2.919537462720243,2.919537462720243,1.0
607.0076193936779,2,-1.5896046633159493,-5.460520397210729,2.5888966807032325,2.5888966807032325,1.0
607.05,1,5.852718514945906,-4.91742869036495,2.991800426418651,2.991800426418651,1.0
607.207619393678,2,-3.807684867242372,2.587568328584595,1.9301321170297778,1.9301321170297778,1.0
607.3,1,-2.798333435084448,-3.422044067118641,0.9636852120134656,0.9636852120134656,1.0
607.4076193936779,2,0.5082439146275775,0.886830073221418,0.08842427712768346,0.08842427712768346,1.0
607.55,1,-5.77164641376854,2.4590414257535116,2.0259927183252233,2.0259927183252233,1.0
607.607619393678,2,3.078033429077461,-3.283754581684633,1.8113626222769765,1.8113626222769765,1.0
607.8,1,-0.37951596082969274,4.1970712787901405,0.8073433640309732,0.8073433640309732,1.0
607.8076193936779,2,3.7280927112197446,-6.062547034203263,4.412559071117206,4.412559071117206,1.0
608.0076193936779,2,2.300393490396921,-2.388971815556097,0.9541703773413579,0.9541703773413579,1.0
608.05,1,-3.286528905703449,-2.8230455243835237,0.9597057557480198,0.9597057557480198,1.0
608.207619393678,2,-9.066117737098107,-0.5967585533689359,7.950920690455157,7.950920690455157,1.0
608.3,1,-6.830284292376927,0.22417208762784213,2.484624633642011,2.484624633642011,1.0
608.4076193936779,2,1.9343852150844825,-0.840229243070695,0.42147066740124967,0.42147066740124967,1.0
608.55,1,-0.8169793431044248,3.5554312470860623,0.6173951679660449,0.6173951679660449,1.0
608.607619393678,2,3.5442118538306637,6.530001216140342,4.7071146184253845,4.7071146184253845,1.0
608.8,1,-0.8701135691643174,0.3888685051488565,0.045992839176139985,0.045992839176139985,1.0
608.8076193936779,2,1.7625749450163397,-2.22841676649886,0.7188410410886088,0.7188410410886088,1.0
609.0076193936779,2,1.412728989676065,-0.7684579018259896,0.23687532677823003,0.23687532677823003,1.0
609.05,1,6.989054895877189,1.1103479068468758,2.692533397870556,2.692533397870556,1.0
609.207619393678,2,0.5662642872553612,-1.8416206328237763,0.3007174323325133,0.3007174323325133,1.0
609.3,1,-5.394781086088631,5.145208961589191,2.7851915441195634,2.7851915441195634,1.0
609.4076193936779,2,-0.8128925199290187,-5.0974403891499875,2.154044291215192,2.154044291215192,1.0
609.55,1,5.403727912949883,3.0494393006744076,1.960143959289524,1.960143959289524,1.0
609.607619393678,2,0.22469119485694122,-3.5403006662144207,1.0244745316415755,1.0244745316415755,1.0
609.8,1,3.6092958336956293,-1.6155808174270305,0.7917470050159026,0.7917470050159026,1.0
609.8076193936779,2,6.510594038957747,-1.1934137186967604,4.348514216161625,4.348514216161625,1.0
610.0076193936779,2,-3.3714250034342683,0.6586757037278659,1.1183933988941628,1.1183933988941628,1.0
610.05,1,10.644102216073883,3.1239105553253665,6.571702492818275,6.571702492818275,1.0
610.207619393678,2,2.3451130513954457,8.208092830341428,5.889814534911182,5.889814534911182,1.0
610.3,1,-5.6504031515647775,-5.542105763177972,3.1335653513107333,3.1335653513107333,1.0
610.4076193936779,2,3.5993695554291936,-2.72069534061486,1.8579777679529978,1.8579777679529978,1.0
610.55,1,-3.057627132207946,5.731908574675508,2.004055938988863,2.004055938988863,1.0
610.607619393678,2,-3.0840206471361444,-2.544759334481853,1.4646486168969641,1.4646486168969641,1.0
610.8,1,-3.4611250562921594,5.317942635531004,1.903276913675575,1.903276913675575,1.0
610.8076193936779,2,0.5637231641095539,-3.0096059686411323,0.777236133927496,0.777236133927496,1.0
611.0076193936779,2,7.550490991501332,1.4624705698380964,5.606489548520994,5.606489548520994,1.0
611.05,1,2.1789260614569486,2.434411687361738,0.5365426803192136,0.5365426803192136,1.0
611.207619393678,2,1.0585188863282369,0.33316711266163423,0.11682992154882019,0.11682992154882019,1.0
611.3,1,-11.67792648364847,9.636328097686103,9.497036995203988,11.593890735059293,1.258790692506372
611.4076193936779,2,-1.3108656400836924,-1.2711013671900844,0.29478307237075263,0.29478307237075263,1.0
611.55,1,-3.3967157681598152,-9.012141284568656,4.332096006319105,4.332096006319105,1.0
611.607619393678,2,-2.3955418793935355,-1.2604634740574596,0.691800532226278,0.691800532226278,1.0
611.8,1,-1.2113895715404839,-1.7851191532085764,0.22012872248486098,0.22012872248486098,1.0
611.8076193936779,2,-1.8204836838747873,1.629670281108801,0.5481198480037368,0.5481198480037368,1.0
612.0076193936779,2,-0.44246993964700954,-0.6346225662476996,0.05031280908954683,0.05031280908954683,1.0
612.05,1,-5.734199252615557,-6.451132850046392,3.741434847780935,3.741434847780935,1.0
612.207619393678,2,-1.5197587076115164,1.802065460611857,0.4807045997473063,0.4807045997473063,1.0
612.3,1,2.866949841105443,5.699053155056724,1.954265663277089,1.954265663277089,1.0
612.4076193936779,2,-8.454371999705614,-2.954975649475017,7.667629644545498,7.667629644545498,1.0
612.55,1,-3.0616614146640284,-2.5083626171946776,0.7815689974613991,0.7815689974613991,1.0
612.607619393678,2,1.1219715542606696,0.14382807134649056,0.12581507269064163,0.12581507269064163,1.0
612.8,1,2.817723802810719,10.63983031211994,5.550877333297227,5.550877333297227,1.0
612.8076193936779,2,-3.172782633019375,4.541982725539135,2.702818895839248,2.702818895839248,1.0
613.0076193936779,2,-1.0135944702310833,-0.3333171822579004,0.10674068118367476,0.10674068118367476,1.0
613.05,1,6.737603737560855,-6.142370040041243,4.233743880696844,4.233743880696844,1.0
613.207619393678,2,4.560163135107898,3.5064633317515757,2.9822114442881054,2.9822114442881054,1.0
613.3,1,0.5202461272023124,1.335346840496797,0.0976931708809543,0.0976931708809543,1.0
613.4076193936779,2,8.332494380910777,-1.9197341828142171,7.062407808810842,7.062407808810842,1.0
613.55,1,-4.057370623602247,2.8769988957539994,1.2447834927591972,1.2447834927591972,1.0
613.607619393678,2,-2.3188459085873565,3.547721012835062,1.5538137649935013,1.5538137649935013,1.0
613.8,1,0.3107452886832216,0.43579525848713985,0.013613140840507737,0.013613140840507737,1.0
613.8076193936779,2,-2.511006721457464,1.494892383174971,0.813246276028761,0.813246276028761,1.0
614.0076193936779,2,1.3653830917724337,-1.4624576251706785,0.34620144981884293,0.34620144981884293,1.0
614.05,1,1.5969133840681105,-4.7589482642803915,1.2094467195608556,1.2094467195608556,1.0
614.207619393678,2,5.903155381845528,0.11564642869895891,3.3596849315006314,3.3596849315006314,1.0
614.3,1,-2.345794591980048,-0.7249773776826061,0.31733173730799763,0.31733173730799763,1.0
614.4076193936779,2,0.5331320675018514,0.8664231269698917,0.08806857165968585,0.08806857165968585,1.0
614.55,1,3.7277015267990468,-8.955010826530618,4.42333198135996,4.42333198135996,1.0
614.607619393678,2,-0.3602725171608885,-0.9322088551804484,0.08348266962872206,0.08348266962872206,1.0
614.8,1,-3.7011411916671033,-5.804803836883039,2.2379957783495046,2.2379957783495046,1.0
614.8076193936779,2,-6.376121453239072,1.3541753292926444,4.209201611396831,4.209201611396831,1.0
615.0076193936779,2,-2.19158730953656,-5.483277100689413,2.8256133754489006,2.8256133754489006,1.0
615.05,1,-4.571911792441535,1.660841895013938,1.2577692745164313,1.2577692745164313,1.0
615.207619393678,2,1.0192871363032285,7.292693189439497,4.3310454021754,4.3310454021754,1.0
615.3,1,1.879772691846071,3.6093798786169202,0.796578948200536,0.796578948200536,1.0
615.4076193936779,2,2.0699991444632104,1.4005620621565527,0.575373432420812,0.575373432420812,1.0
615.55,1,2.9725965857249435,7.692221153236616,3.189528853584825,3.189528853584825,1.0
615.607619393678,2,-6.310288606216062,0.4858447388952456,3.945848720912684,3.945848720912684,1.0
615.8,1,0.9629073934181722,-5.967772181222649,1.6651267318374168,1.6651267318374168,1.0
615.8076193936779,2,-3.976532173524687,-4.8404669952545945,3.506935463920981,3.506935463920981,1.0
616.0076193936779,2,2.199943567050777,-7.882760967135646,5.354473509999088,5.354473509999088,1.0
616.05,1,-2.6792598038688755,-1.2325843049693788,0.4590230217847038,0.4590230217847038,1.0
616.207619393678,2,-2.817786645078842,0.6682795351878852,0.8008379069462623,0.8008379069462623,1.0
616.3,1,-0.3343130741139593,4.005487815425383,0.755414992733568,0.755414992733568,1.0
616.4076193936779,2,4.289247109429976,0.6651709403185677,1.8286747634522957,1.8286747634522957,1.0
616.55,1,3.3570301279433465,0.6256063645996051,0.609189786368608,0.609189786368608,1.0
616.607619393678,2,-1.7677174921836478,0.8142829761053036,0.3620725393907092,0.3620725393907092,1.0
616.8,1,1.002777571829938,8.301214520904722,3.1811020674949724,3.1811020674949724,1.0
616.8076193936779,2,-3.1958779759884077,-4.634991442501125,2.7877556955786202,2.7877556955786202,1.0
617.0076193936779,2,2.3914058546204693,-3.546438257342828,1.5358528495597894,1.5358528495597894,1.0
617.05,1,-0.997423025141007,9.452721768469836,4.283014588886736,4.283014588886736,1.0
617.207619393678,2,0.9220675458685292,0.31713883123367737,0.08995112550506743,0.08995112550506743,1.0
617.3,1,-4.3044102246662685,-5.082640323932608,2.1925872376405953,2.1925872376405953,1.0
617.4076193936779,2,0.2810847857449339,-0.20597470934919926,0.011112358667515511,0.011112358667515511,1.0
617.55,1,2.6394926780847534,-0.6497929634374202,0.38490896593120627,0.38490896593120627,1.0
617.607619393678,2,-1.6736437079936657,-0.2500200934210852,0.2813014591089646,0.2813014591089646,1.0
617.8,1,7.795619167679124,-0.6656640143187644,3.160746479262615,3.160746479262615,1.0
617.8076193936779,2,3.898898252855183,-1.0902602752735007,1.6152881333387212,1.6152881333387212,1.0
618.0076193936779,2,2.8346691251589355,-1.426770309020526,0.9267700503593411,0.9267700503593411,1.0
618.05,1,1.23282550281532,-0.9383249985316127,0.12363613486855171,0.12363613486855171,1.0
618.207619393678,2,-0.7527606824177973,5.577591673806289,2.5294807267918507,2.5294807267918507,1.0
618.3,1,11.67927013145449,-2.671532704755627,7.591184639258268,7.591184639258268,1.0
618.4076193936779,2,-1.1723454612593223,6.309179736234469,3.335155881319397,3.335155881319397,1.0
618.55,1,-8.188027089052685,-3.8430084754912244,4.197252426030173,4.197252426030173,1.0
618.607619393678,2,0.9797182947125656,0.06540026414412381,0.09499931032998425,0.09499931032998425,1.0
618.8,1,-0.08306545078842831,2.402388178393778,0.26243382109852637,0.26243382109852637,1.0
618.8076193936779,2,3.50757806420917,4.421827200478916,2.8374463296921073,2.8374463296921073,1.0
619.0076193936779,2,2.1360820960641327,8.516513443796043,6.14646063048108,6.14646063048108,1.0
619.05,1,2.8407591361121938,-7.577387673836128,3.1528867459884404,3.1528867459884404,1.0
619.207619393678,2,-6.196520475928679,-3.2492978217383097,4.540926952180783,4.540926952180783,1.0
619.3,1,2.448044887366855,-7.903798807153073,3.237072202533814,3.237072202533814,1.0
619.4076193936779,2,-4.4952597059151,1.1998433679304839,2.0852631446345358,2.0852631446345358,1.0
619.55,1,2.7990415965683084,-0.17960338106992424,0.4124595718719859,0.4124595718719859,1.0
619.607619393678,2,-2.2754023170224578,-1.0814575512697644,0.6056846018029095,0.6056846018029095,1.0
619.8,1,-2.4439017007312316,-0.09463967998035372,0.3090682184652594,0.3090682184652594,1.0
619.8076193936779,2,-4.749032871690176,-1.6783090446112752,2.4831795147891276,2.4831795147891276,1.0
620.0076193936779,2,3.011087521224283,0.4048117561577058,0.8777550592988496,0.8777550592988496,1.0
620.05,1,-3.743526040056846,-1.7467817627809694,0.9001597495598168,0.9001597495598168,1.0
620.207619393678,2,-1.0480199543683852,0.3931111397500118,0.11816157963194118,0.11816157963194118,1.0
620.3,1,0.9231488680868338,-9.092294106989797,3.907152985092695,3.907152985092695,1.0
620.4076193936779,2,-3.5942255248978796,3.6283213945297064,2.3177974142385764,2.3177974142385764,1.0
620.55,1,6.40888190553212,1.763595890600321,2.297857308180317,2.297857308180317,1.0
620.607619393678,2,0.26111694779426387,4.578046105617631,1.711492551211242,1.711492551211242,1.0
620.8,1,-1.4701637903476978,1.9044701930138572,0.27639740691015524,0.27639740691015524,1.0
620.8076193936779,2,3.4721696465965195,0.24474912016004424,1.208395164031807,1.208395164031807,1.0
621.0076193936779,2,-1.64758744696627,0.6935498226469292,0.29681127987168016,0.29681127987168016,1.0
621.05,1,-0.41571582942895446,0.4989154487806715,0.021101610983245377,0.021101610983245377,1.0
621.207619393678,2,-3.7627129378860573,-4.592613843123566,3.0426112864468937,3.0426112864468937,1.0
621.3,1,1.6062553144773872,6.575473724255858,2.157030048016384,2.157030048016384,1.0
621.4076193936779,2,2.055842593343691,-1.541154655164199,0.6029416780871126,0.6029416780871126,1.0
621.55,1,0.4940174864073299,-4.547162211263704,0.9653900835607545,0.9653900835607545,1.0
621.607619393678,2,-0.04000369148974414,-2.577971834858417,0.5407398193516479,0.5407398193516479,1.0
621.8,1,-2.344390117791285,0.4500306645479597,0.29323352232582417,0.29323352232582417,1.0
621.8076193936779,2,-4.449521994210755,0.7942155039273331,2.028241869895085,2.028241869895085,1.0
622.0076193936779,2,-4.551817838041508,-0.9313875183667477,2.044660297869684,2.044660297869684,1.0
622.05,1,-0.6120436729938419,-3.9055715133895816,0.7421915119850061,0.7421915119850061,1.0
622.207619393678,2,5.947574298416356,4.52038097193978,5.0351841534312465,5.0351841534312465,1.0
622.3,1,-0.9554757822667455,-8.990884219196971,3.8247203492288695,3.8247203492288695,1.0
622.4076193936779,2,-2.11269635000518,-3.378783879810044,1.3531248145661503,1.3531248145661503,1.0
622.55,1,8.663907803039294,-2.9019919849314704,4.325506295385156,4.325506295385156,1.0
622.607619393678,2,6.002727282007186,-6.012376107757106,6.493557886362579,6.493557886362579,1.0
622.8,1,10.33448601079192,1.2148127620665292,5.58642524429753,5.58642524429753,1.0
622.8076193936779,2,-1.3381856561793697,4.370608246296989,1.7510025844723291,1.7510025844723291,1.0
623.0076193936779,2,-0.7298050129146958,-0.8580576685345775,0.10877988570537686,0.10877988570537686,1.0
623.05,1,-4.030038344302056,-3.798862308189122,1.55892023582442,1.55892023582442,1.0
623.207619393678,2,-4.147606967341957,4.864093541868087,3.5403158624457776,3.5403158624457776,1.0
623.3,1,0.7523532019277397,3.7028478511046643,0.6706121571653304,0.6706121571653304,1.0
623.4076193936779,2,1.14603849764638,1.0431052579027096,0.21551262524484371,0.21551262524484371,1.0
623.55,1,-2.9262929161910947,-2.031953165478697,0.6394086381513917,0.6394086381513917,1.0
623.607619393678,2,9.878004391677898,1.6849452316456066,9.385235504680086,9.852877348759801,1.069762565858981
623.8,1,1.7239010128486854,3.1329308860689764,0.5974415117189082,0.5974415117189082,1.0
623.8076193936779,2,0.438432631267446,1.051377560180022,0.10974078716179134,0.10974078716179134,1.0
624.0076193936779,2,-3.854688220693774,3.990297500371561,2.663186745771416,2.663186745771416,1.0
624.05,1,0.011058729892788222,-2.5084992692133383,0.2975818383961792,0.2975818383961792,1.0
624.207619393678,2,-5.865053345686313,-3.613454489874954,4.348135000069668,4.348135000069668,1.0
624.3,1,-5.676318267797932,2.48016414566672,2.000878152955732,2.000878152955732,1.0
624.4076193936779,2,2.162548388270608,-4.18729426880185,1.864756032646721,1.864756032646721,1.0
624.55,1,-0.7684878060565978,0.9937239233253479,0.07646117529088875,0.07646117529088875,1.0
624.607619393678,2,-0.3692482323144759,-0.47388285451163625,0.03170515453581478,0.03170515453581478,1.0
624.8,1,2.2900873617743756,3.8065481178261393,0.9289716653123963,0.9289716653123963,1.0
624.8076193936779,2,-4.213916650057321,-2.766098593677235,2.402246434535172,2.402246434535172,1.0
625.0076193936779,2,3.011752914052863,6.219917230905239,3.911543439376601,3.911543439376601,1.0
625.05,1,-3.5713661766359195,3.419013414255815,1.2411270165881967,1.2411270165881967,1.0
625.207619393678,2,-3.676705771773449,-1.5704550740697982,1.499163931805682,1.499163931805682,1.0
625.3,1,-5.266219320841778,6.268777619209924,3.3112892132117766,3.3112892132117766,1.0
625.4076193936779,2,7.157316549368311,0.8559131864045213,5.0514229373588595,5.0514229373588595,1.0
625.55,1,-0.7003129710074134,-4.359597323676066,0.9013157366572038,0.9013157366572038,1.0
625.607619393678,2,6.483087646707396,-3.1714906278776347,4.962421833236276,4.962421833236276,1.0
625.8,1,0.23955189360531648,-3.7025487914398063,0.6254378799632703,0.6254378799632703,1.0
625.8076193936779,2,-4.101465636778364,-2.928785475193333,2.38504940285401,2.38504940285401,1.0
626.0076193936779,2,4.753359363562993,-1.6007026571902365,2.356754533424888,2.356754533424888,1.0
626.05,1,-1.7512985496722493,-0.7110008820291469,0.18931875482485236,0.18931875482485236,1.0
626.207619393678,2,-6.102798742734159,-1.6724496946973986,3.812101864373939,3.812101864373939,1.0
626.3,1,3.5705140377098417,0.9411853859715045,0.719677118106171,0.719677118106171,1.0
626.4076193936779,2,-3.818199297132608,5.447051506136759,3.806772228997921,3.806772228997921,1.0
626.55,1,4.689029999939095,-1.9069989960957336,1.3208603076246126,1.3208603076246126,1.0
626.607619393678,2,-0.26024012826356824,-2.3980559689401275,0.47442014675951744,0.47442014675951744,1.0
626.8,1,0.0020697620985785647,0.13572533259872444,0.0008367032637196032,0.0008367032637196032,1.0
626.8076193936779,2,-0.7286084882401553,-1.1235294642421891,0.15688719963434208,0.15688719963434208,1.0
627.0076193936779,2,3.5850611035353452,7.446318989879632,5.591948623599265,5.591948623599265,1.0
627.05,1,1.1516105174010178,0.5729805884486154,0.08705802295497152,0.08705802295497152,1.0
627.207619393678,2,3.91935534893792,-3.7173503295925023,2.5799615763272725,2.5799615763272725,1.0
627.3,1,7.907222266548722,-7.025697983815586,5.63255213108885,5.63255213108885,1.0
627.4076193936779,2,-6.9311559292926574,-1.6883248556136259,4.911486125752704,4.911486125752704,1.0
627.55,1,-2.173677979814947,7.355585688750072,2.740482736466186,2.740482736466186,1.0
627.607619393678,2,0.1722549830788509,-1.9787435225774175,0.3214074547556146,0.3214074547556146,1.0
627.8,1,0.6065264899150336,-0.027001340787982997,0.01904451719231818,0.01904451719231818,1.0
627.8076193936779,2,-0.08741083440345676,5.2853278667494905,2.2999813840595222,2.2999813840595222,1.0
628.0076193936779,2,2.2336312010056005,-3.4875219959444337,1.4336206624296572,1.4336206624296572,1.0
628.05,1,4.3702094055044824,-5.028245555255321,2.2266674620149978,2.2266674620149978,1.0
628.207619393678,2,-2.859207906202016,2.8093137897201537,1.4158296410994409,1.4158296410994409,1.0
628.3,1,-2.224036232435168,6.475156653661276,2.2217726826311455,2.2217726826311455,1.0
628.4076193936779,2,-2.883169585876111,-1.3726061018846352,0.9616966273617881,0.9616966273617881,1.0
628.55,1,-8.799179446017149,-0.3422007033809109,4.066818234597569,4.066818234597569,1.0
628.607619393678,2,-0.04002878257170295,-2.175144802312385,0.38499763885493266,0.38499763885493266,1.0
628.8,1,-3.9209341389249204,2.4255995044880976,1.061663112886805,1.061663112886805,1.0
628.8076193936779,2,-2.7406533705302323,1.3215857422321342,0.8935428180595153,0.8935428180595153,1.0
629.0076193936779,2,-0.979796835224036,-2.1824231194810366,0.46661533009556044,0.46661533009556044,1.0
629.05,1,0.656231268389277,-8.335858805604378,3.312210781191207,3.312210781191207,1.0
629.207619393678,2,-0.2290174280219972,-2.8245326693486135,0.639727219100929,0.639727219100929,1.0
629.3,1,-4.154127642546577,1.3892361045454926,1.0083445251190226,1.0083445251190226,1.0
629.4076193936779,2,3.0152695779193195,7.498201068723281,5.407600461214208,5.407600461214208,1.0
629.55,1,0.4195616664299351,-2.4774486100161717,0.29200366307049397,0.29200366307049397,1.0
629.607619393678,2,0.5882170470597643,2.005991126582737,0.36143157017393085,0.36143157017393085,1.0
629.8,1,0.8715001236586986,4.871722691080759,1.1169750989590896,1.1169750989590896,1.0
629.8076193936779,2,2.4334419587752905,1.0469452402336188,0.6813326243352915,0.6813326243352915,1.0
630.0076193936779,2,-3.5290502901214538,-1.3983026607636848,1.341942760819511,1.341942760819511,1.0
630.05,1,6.789256110734904,3.449097076567126,3.0488056444447817,3.0488056444447817,1.0
630.207619393678,2,1.8357694181673025,7.452255502585723,4.74290710380314,4.74290710380314,1.0
630.3,1,5.010758827943889,-5.507129462788183,2.7526714820880986,2.7526714820880986,1.0
630.4076193936779,2,-0.547746027003619,-3.139324603821718,0.8218153878827901,0.8218153878827901,1.0
630.55,1,3.780217924192918,-1.9476560280960573,0.9243613049648156,0.9243613049648156,1.0
630.607619393678,2,0.6524282006583775,-3.0788321046299663,0.8130155309907461,0.8130155309907461,1.0
630.8,1,-0.6218160015229017,10.18287343127038,4.72849356192179,4.72849356192179,1.0
630.8076193936779,2,1.1292426165020402,-4.258723610521603,1.620072026821677,1.620072026821677,1.0
631.0076193936779,2,-3.586328787106659,-5.615458761266841,3.7098538275411244,3.7098538275411244,1.0
631.05,1,6.659412324726162,3.571528253999587,2.9953216492429986,2.9953216492429986,1.0
631.207619393678,2,5.019529069634352,4.772622084731482,4.240625406692865,4.240625406692865,1.0
631.3,1,5.077384096994784,-7.337834051902637,3.8869210862831283,3.8869210862831283,1.0
631.4076193936779,2,-1.2262324986465032,3.445057784695763,1.1010168467587504,1.1010168467587504,1.0
631.55,1,2.7237196913195874,-1.2597937367364873,0.4622703616485361,0.4622703616485361,1.0
631.607619393678,2,0.25600100918046564,-1.176044707300346,0.11896270271000575,0.11896270271000575,1.0
631.8,1,0.0128638545163966,-7.422048993828095,2.5014512291317494,2.5014512291317494,1.0
631.8076193936779,2,-1.4382044096000328,-5.751809107833037,2.9294632802504883,2.9294632802504883,1.0
632.0076193936779,2,-6.141160076341322,3.795155381998552,4.731590495284284,4.731590495284284,1.0
632.05,1,-6.76545880924526,2.1663476320645123,2.6904629552780555,2.6904629552780555,1.0
632.207619393678,2,0.04076255222860681,-0.6635087725899769,0.03518296853225331,0.03518296853225331,1.0
632.3,1,-6.078530702111038,-1.1748286844548597,2.0304136987630352,2.0304136987630352,1.0
632.4076193936779,2,4.326664399836268,-3.106816596196425,2.6007709299978505,2.6007709299978505,1.0
632.55,1,6.973802983252746,0.5828175012098014,2.5667899731766632,2.5667899731766632,1.0
632.607619393678,2,3.875718031697602,-0.8413042438844185,1.5388240449043094,1.5388240449043094,1.0
632.8,1,-5.356968791067921,2.647053545097872,1.8012180757897869,1.8012180757897869,1.0
632.8076193936779,2,3.7119670441735337,4.347895531599869,2.9313804832925694,2.9313804832925694,1.0
633.0076193936779,2,-0.19448814787938318,-4.0449223231312335,1.2919333758163731,1.2919333758163731,1.0
633.05,1,-3.1559087720571384,-4.382827988056336,1.4463269478931098,1.4463269478931098,1.0
633.207619393678,2,-2.0321891257737548,-1.2069460479487653,0.5139504870570019,0.5139504870570019,1.0
633.3,1,-0.7579383656652823,-2.3827523984032775,0.29578335951467155,0.29578335951467155,1.0
633.4076193936779,2,-1.0966340282325433,3.024163674608583,0.8527025802916127,0.8527025802916127,1.0
633.55,1,-5.222656523056351,0.08803351715949237,1.431154085052158,1.431154085052158,1.0
633.607619393678,2,-5.38618456543405,0.09269578679432211,2.8614962562006636,2.8614962562006636,1.0
633.8,1,0.15727047636877955,-2.536361046312956,0.2934007936443117,0.2934007936443117,1.0
633.8076193936779,2,-1.913090002327543,4.617271209414827,2.120061991441827,2.120061991441827,1.0
634.0076193936779,2,-0.041214192913692216,2.5061804827865233,0.4947343976610018,0.4947343976610018,1.0
634.05,1,5.620579062836235,1.9868111551001633,1.8904530816544207,1.8904530816544207,1.0
634.207619393678,2,1.4165303718646598,2.8726214555067244,0.8498782466274812,0.8498782466274812,1.0
634.3,1,-1.827396073198294,6.34018961256062,2.0554757461764672,2.0554757461764672,1.0
634.4076193936779,2,4.056134366835522,-6.221277942171187,4.71612104604443,4.71612104604443,1.0
634.55,1,0.1988558335672579,-1.3432485692200018,0.08520032289197477,0.08520032289197477,1.0
634.607619393678,2,-2.920084852466779,3.468942682029132,1.819656765780759,1.819656765780759,1.0
634.8,1,0.386314738369137,-3.7742046175014092,0.6545480246853507,0.6545480246853507,1.0
634.8076193936779,2,-2.613740336454825,2.3488458120977285,1.1360498065322469,1.1360498065322469,1.0
635.0076193936779,2,1.659309673092956,2.122088979869387,0.6172280279686522,0.6172280279686522,1.0
635.05,1,0.14662404256127104,2.321719685309196,0.25630130669263324,0.25630130669263324,1.0
635.207619393678,2,2.6320843261877087,-3.4532789939059345,1.6164484856682861,1.6164484856682861,1.0
635.3,1,3.509089204742608,-3.2582534283300397,1.1511036264237358,1.1511036264237358,1.0
635.4076193936779,2,1.9506619650092176,3.981304115072522,1.645587567463687,1.645587567463687,1.0
635.55,1,2.432899319781775,0.46665042164609005,0.3205194318357393,0.3205194318357393,1.0
635.607619393678,2,0.2719846065420626,-5.253789499818126,2.2524718274207673,2.2524718274207673,1.0
635.8,1,0.9937237481799812,5.373510382898338,1.3622028459309108,1.3622028459309108,1.0
635.8076193936779,2,0.0407170315883576,2.7224645084829113,0.6102091846579438,0.6102091846579438,1.0
636.0076193936779,2,-0.40664531269605675,-3.8875028772584272,1.205772474187425,1.205772474187425,1.0
636.05,1,-0.47347164019340937,1.235250205334136,0.0843116027613308,0.0843116027613308,1.0
636.207619393678,2,-3.4457302170042894,1.5025687320282088,1.324032473041051,1.324032473041051,1.0
636.3,1,-1.6216133747967234,-8.21637929833673,3.2935033156740867,3.2935033156740867,1.0
636.4076193936779,2,-2.787787487977319,-4.23288896890994,2.1983898974198692,2.1983898974198692,1.0
636.55,1,3.4163628833652737,1.3092307142015436,0.6912109570986928,0.6912109570986928,1.0
636.607619393678,2,-1.6563283826497752,3.620568392677569,1.3367806169955603,1.3367806169955603,1.0
636.8,1,-4.534909302338541,2.345378311917802,1.3125881086347069,1.3125881086347069,1.0
636.8076193936779,2,2.378804859494501,-0.9932518952314489,0.6460707071282684,0.6460707071282684,1.0
637.0076193936779,2,0.3992354801715976,-1.0711837325349975,0.10555486082995352,0.10555486082995352,1.0
637.05,1,-5.334893324944517,1.3555924135912356,1.6218082096480677,1.6218082096480677,1.0
637.207619393678,2,0.4358163402699802,-3.1306411862170584,0.798001794476995,0.798001794476995,1.0
637.3,1,3.621144443954144,5.041665550897054,1.8850791776479243,1.8850791776479243,1.0
637.4076193936779,2,2.2407030696949164,-4.764181000057491,2.314682075476195,2.314682075476195,1.0
637.55,1,4.887781700835511,0.6698963879511233,1.2738698668828399,1.2738698668828399,1.0
637.607619393678,2,0.8764222046240917,1.2588337302683925,0.20464130638570577,0.20464130638570577,1.0
637.8,1,-0.7059877019614191,-4.628446530876168,0.998535192054066,0.998535192054066,1.0
637.8076193936779,2,-0.6625922989144968,2.1532629562437045,0.425444797373276,0.425444797373276,1.0
638.0076193936779,2,-1.257631406415534,2.2946609201473507,0.5654818568892166,0.5654818568892166,1.0
638.05,1,5.7348670427571875,-1.7368417249541572,1.916382022972031,1.916382022972031,1.0
638.207619393678,2,0.9841947124816315,-1.327296201367627,0.23351562325441702,0.23351562325441702,1.0
638.3,1,0.33489218247690644,-7.5472171708749585,2.666800235135862,2.666800235135862,1.0
638.4076193936779,2,-2.761354469656858,4.9064225065716975,2.679133519351041,2.679133519351041,1.0
638.55,1,-2.8227424366910654,-6.933268082682087,2.632587842835491,2.632587842835491,1.0
638.607619393678,2,4.770293462115539,5.282891672551603,4.514077742833629,4.514077742833629,1.0
638.8,1,-1.4451791853251308,5.394733540873695,1.4294820645712965,1.4294820645712965,1.0
638.8076193936779,2,-0.6021890148023274,-1.3242615283077015,0.180538156894837,0.180538156894837,1.0
639.0076193936779,2,2.777065160258317,-0.5468738026042246,0.7591921116698979,0.7591921116698979,1.0
639.05,1,-4.863544043259964,5.259050533864986,2.584710851327414,2.584710851327414,1.0
639.207619393678,2,-0.5168393360731898,-2.7818170724448237,0.6413705442939741,0.6413705442939741,1.0
639.3,1,-4.713938091137834,-0.9893368735504282,1.228057493650409,1.228057493650409,1.0
639.4076193936779,2,-0.8838047793285924,-0.5384006687706631,0.09944205649164344,0.09944205649164344,1.0
639.55,1,-6.769334203253663,-4.212964819723297,3.221448467742826,3.221448467742826,1.0
639.607619393678,2,-0.9907791374474826,-6.778630689888551,3.834369515669679,3.834369515669679,1.0
639.8,1,-4.867130575269783,4.40037517935702,2.1034946302496533,2.1034946302496533,1.0
639.8076193936779,2,3.3208367921392465,5.381967058116423,3.4849136058091985,3.4849136058091985,1.0
640.0076193936779,2,1.620602461442516,-0.4964184786242285,0.26992754952162756,0.26992754952162756,1.0
640.05,1,1.2977248752355948,1.212152810575951,0.1603651072084866,0.1603651072084866,1.0
640.207619393678,2,6.639677804026995,1.3986642820533675,4.404937638721934,4.404937638721934,1.0
640.3,1,-0.3832260479651808,0.052895305768515755,0.007944868802809618,0.007944868802809618,1.0
640.4076193936779,2,-9.729340767181782,1.0012270409796926,9.238445600021866,9.30655773755902,1.0104466677339738
640.55,1,-5.456220522099549,-2.6701260267853186,1.88920604810173,1.88920604810173,1.0
640.607619393678,2,3.7812783085198802,5.103444330242965,3.526082418878664,3.526082418878664,1.0
640.8,1,4.96670436430631,-0.5655506259764778,1.2889982753952964,1.2889982753952964,1.0
640.8076193936779,2,4.235829687514489,1.0921512707908434,1.8885321095561585,1.8885321095561585,1.0
641.0076193936779,2,0.30305894005629597,1.4042228498375806,0.16398886800597215,0.16398886800597215,1.0
641.05,1,-2.2990959265368005,-2.0738313508835873,0.4885847557750306,0.4885847557750306,1.0
641.207619393678,2,8.191434965677907,-5.0510958762388185,8.496467192108437,8.496467192108437,1.0
641.3,1,-4.362959961575868,1.3495868777637696,1.097881965932926,1.097881965932926,1.0
641.4076193936779,2,-3.583383064398973,-1.2203589620951831,1.3712246029777655,1.3712246029777655,1.0
641.55,1,-3.5553106815699778,-2.2367722584492995,0.8935493188337594,0.8935493188337594,1.0
641.607619393678,2,0.853602280359631,-1.2790945911083327,0.20492955868551588,0.20492955868551588,1.0
641.8,1,5.211051506689223,-2.7181507683512223,1.7388473008247916,1.7388473008247916,1.0
641.8076193936779,2,-1.332920393025347,1.9340160879594777,0.48521594466286555,0.48521594466286555,1.0
642.0076193936779,2,-1.6551645686786216,1.8329352881924805,0.5258660124086911,0.5258660124086911,1.0
642.05,1,1.8755247310373164,-3.663083497612341,0.8248131781483575,0.8248131781483575,1.0
642.207619393678,2,2.2679173194427946,1.4374497006997515,0.6601401884152485,0.6601401884152485,1.0
642.3,1,0.5128097836344097,0.3105456089519123,0.01849708378878613,0.01849708378878613,1.0
642.4076193936779,2,-5.9708920088795026,-1.2076972958720162,3.5919871678188304,3.5919871678188304,1.0
642.55,1,-0.5293257587545952,-8.384876225761097,3.2537222355081146,3.2537222355081146,1.0
642.607619393678,2,3.0923044222290557,3.79644187331823,2.115277015055757,2.115277015055757,1.0
642.8,1,-2.888054416974633,5.631799270376284,1.8712791960065136,1.8712791960065136,1.0
642.8076193936779,2,-2.455403113450785,1.2220039615234413,0.7247340215663627,0.7247340215663627,1.0
643.0076193936779,2,2.8640473934817976,-1.4213863065385155,0.9415195238028452,0.9415195238028452,1.0
643.05,1,-11.778808950703795,-2.881486344475526,7.8748521089366,7.8748521089366,1.0
643.207619393678,2,-0.5038690359832358,4.730632639530221,1.8047651969791862,1.8047651969791862,1.0
643.3,1,1.3647070354413344,-3.18873068435186,0.5740773447840612,0.5740773447840612,1.0
643.4076193936779,2,7.423231164774172,0.5994885452587013,5.3995540297175815,5.3995540297175815,1.0
643.55,1,-0.06707155128868436,4.68245777617345,1.0103507153398088,1.0103507153398088,1.0
643.607619393678,2,0.05860269698012388,-1.6811747188917465,0.23023347660201712,0.23023347660201712,1.0
643.8,1,-6.091704540203388,2.323446773782031,2.162887211086622,2.162887211086622,1.0
643.8076193936779,2,-0.8026363572225605,-1.3821773411701557,0.22154854711860017,0.22154854711860017,1.0
644.0076193936779,2,-9.755924659428935,0.14325229876719447,9.080476857110195,9.080476857110195,1.0
644.05,1,-1.1325498532938738,-1.6865441768000622,0.2038056803789212,0.2038056803789212,1.0
644.207619393678,2,-0.8709482913778359,-2.4593700709475144,0.5542929716407996,0.5542929716407996,1.0
644.3,1,3.7811921672741917,10.985217709374282,6.3979004346326525,6.3979004346326525,1.0
644.4076193936779,2,-1.4053302733949735,-1.0442255678415293,0.28017782158874277,0.28017782158874277,1.0
644.55,1,2.8254762405636242,-11.194283853813594,6.191976052899192,6.191976052899192,1.0
644.607619393678,2,-3.864222477564951,0.2499115812620687,1.4775581651804681,1.4775581651804681,1.0
644.8,1,4.383585654095864,0.8890067124198708,1.0289447416336903,1.0289447416336903,1.0
644.8076193936779,2,2.1742743152647996,-5.064175191459654,2.5827438468789894,2.5827438468789894,1.0
645.0076193936779,2,4.503377768156792,-1.3787353452903517,2.0841923200831602,2.0841923200831602,1.0
645.05,1,0.3855817744177443,-0.0004759054775149707,0.008017550352687164,0.008017550352687164,1.0
645.207619393678,2,1.9215620011488994,-2.6625844001608314,0.9198846905974875,0.9198846905974875,1.0
645.3,1,-2.4005712786376705,1.3826007152524582,0.39591799495221824,0.39591799495221824,1.0
645.4076193936779,2,3.218706439897094,3.7954877507354254,2.16824850585504,2.16824850585504,1.0
645.55,1,1.2881270312502195,6.729000727523108,2.173090975637827,2.173090975637827,1.0
645.607619393678,2,1.4793693643271837,5.691758244589707,2.850917517028945,2.850917517028945,1.0
645.8,1,5.287607633892616,-1.3747400843362172,1.5307041415127576,1.5307041415127576,1.0
645.8076193936779,2,-1.092774030937548,-4.128705471442807,1.5222248857307772,1.5222248857307772,1.0
646.0076193936779,2,-6.422339299099896,-0.2547911838836896,3.9395346895997534,3.9395346895997534,1.0
646.05,1,4.583544239429219,-4.76069281888028,2.205710528232994,2.205710528232994,1.0
646.207619393678,2,-1.4941152097029473,-3.217313847756472,1.0386388150434178,1.0386388150434178,1.0
646.3,1,5.944932096863933,1.9309191039613154,2.0546395658541337,2.0546395658541337,1.0
646.4076193936779,2,2.047247186446281,5.254911702932283,2.6292341146612905,2.6292341146612905,1.0
646.55,1,-1.5049026730244996,0.07891742697862014,0.11908568080692937,0.11908568080692937,1.0
646.607619393678,2,-3.547006405634807,-0.6702259254004375,1.2771860441767868,1.2771860441767868,1.0
646.8,1,5.143316310818086,8.94528952289265,5.000658564203318,5.000658564203318,1.0
646.8076193936779,2,-3.149906777256817,1.0653382492866115,1.083850984114781,1.083850984114781,1.0
647.0076193936779,2,1.2932433319957006,0.09184263971773277,0.16019893967961837,0.16019893967961837,1.0
647.05,1,7.5229793682319155,-8.072097045945526,6.136170890585406,6.136170890585406,1.0
647.207619393678,2,2.0739321093029943,4.89353601581287,2.3196213367892144,2.3196213367892144,1.0
647.3,1,9.118157756515906,-2.4348001586662065,4.700642976876513,4.700642976876513,1.0
647.4076193936779,2,-2.7957104447971233,-0.8314139497433217,0.8173682010690877,0.8173682010690877,1.0
647.55,1,-3.2788968841008383,-5.680953738062577,2.0508115483699765,2.0508115483699765,1.0
647.607619393678,2,3.0316123120575043,-1.5673535899341076,1.1061200701152103,1.1061200701152103,1.0
647.8,1,-5.0025821949616684,4.487593705460931,2.2077837422653555,2.2077837422653555,1.0
647.8076193936779,2,-1.1074299803169083,0.5132683829858209,0.14410660512713178,0.14410660512713178,1.0
648.0076193936779,2,-5.28701303361607,-2.3853252866838446,3.114363316093299,3.114363316093299,1.0
648.05,1,2.7782891788530026,-6.864062869250759,2.6463608835816235,2.6463608835816235,1.0
648.207619393678,2,-1.9378859679307379,1.0812124350420902,0.4549762619591191,0.4549762619591191,1.0
648.3,1,-0.7859843743981667,-4.161728222475034,0.8419498115656686,0.8419498115656686,1.0
648.4076193936779,2,-3.004725787815712,0.6721695051773295,0.9162757904063549,0.9162757904063549,1.0
648.55,1,-0.07956218339647769,3.225434298565709,0.479624539271561,0.479624539271561,1.0
648.607619393678,2,5.0546548944796115,-3.5666423979623403,3.554184683876975,3.554184683876975,1.0
648.8,1,-4.511245604972558,3.776336391759216,1.6993053820479038,1.6993053820479038,1.0
648.8076193936779,2,-0.5761092678899544,-0.6029850212167887,0.06305757002693786,0.06305757002693786,1.0
649.0076193936779,2,1.1824787117272653,-1.0227464623378282,0.215741861210892,0.215741861210892,1.0
649.05,1,-0.8389867696476792,-1.799749638311809,0.19127497061551604,0.19127497061551604,1.0
649.207619393678,2,-1.0808714767380243,2.7508687726344547,0.7146101956685789,0.7146101956685789,1.0
649.3,1,7.724057327651876,5.256644784621649,4.4652213856552105,4.4652213856552105,1.0
649.4076193936779,2,-1.6125503162239845,0.20982152940352705,0.25697770245186596,0.25697770245186596,1.0
649.55,1,-3.975188276253542,-5.223919307355935,2.0861529409289403,2.0861529409289403,1.0
649.607619393678,2,3.3943102334488957,-2.29485634744497,1.564496384496568,1.564496384496568,1.0
649.8,1,0.5425514194098051,6.119215039178506,1.7155469263776517,1.7155469263776517,1.0
649.8076193936779,2,2.0225390261460943,-0.580327741553532,0.4360625735726769,0.4360625735726769,1.0
650.0076193936779,2,5.932828530153127,-1.2856689503526084,3.4876742001850403,3.4876742001850403,1.0
650.05,1,2.974350305727496,1.9235932446998945,0.6522227594158267,0.6522227594158267,1.0
650.207619393678,2,1.5121804676026258,0.2176908854386994,0.22418019250423704,0.22418019250423704,1.0
650.3,1,-2.823260253890996,-7.239363055979254,2.872293278704527,2.872293278704527,1.0
650.4076193936779,2,-3.3304286810399315,3.087711019326484,1.8477724358708667,1.8477724358708667,1.0
650.55,1,1.652590169664859,-4.530990385589192,1.0890845437280445,1.0890845437280445,1.0
650.607619393678,2,6.364340863070937,-3.591998634475125,5.0437037664697515,5.0437037664697515,1.0
650.8,1,10.466596160191774,7.125501160656931,7.966973770701179,7.966973770701179,1.0
650.8076193936779,2,0.19247832773703344,3.581981204753909,1.0597448633186815,1.0597448633186815,1.0
651.0076193936779,2,0.36213286445803483,-4.705850697872904,1.7562481162241894,1.7562481162241894,1.0
651.05,1,-3.430275669727261,6.4365036410672545,2.5954817248081765,2.5954817248081765,1.0
651.207619393678,2,-8.57813538239293,0.37528046138987037,7.103882365428401,7.103882365428401,1.0
651.3,1,7.344279970907514,-1.7515578328533152,3.013244402751348,3.013244402751348,1.0
651.4076193936779,2,-2.9926780860510416,-2.4942788060206667,1.373229452854011,1.373229452854011,1.0
651.55,1,3.9910577109501935,2.955475334963964,1.2379668475038264,1.2379668475038264,1.0
651.607619393678,2,-5.462410764625552,-0.3172550637587648,2.9505302451022346,2.9505302451022346,1.0
651.8,1,0.8952278145033521,4.0861129044355735,0.7995822422309228,0.7995822422309228,1.0
651.8076193936779,2,-5.640536468940688,2.8365788172574824,3.8381968862067493,3.8381968862067493,1.0
652.0076193936779,2,1.3152933126325674,1.9430480206487744,0.462305787463176,0.462305787463176,1.0
652.05,1,-2.1881852537386584,0.5675174714109943,0.27345675444030937,0.27345675444030937,1.0
652.207619393678,2,3.927452109733675,1.280743447170316,1.6172699430754898,1.6172699430754898,1.0
652.3,1,-2.3712728780141137,4.608267459977121,1.2911995398525355,1.2911995398525355,1.0
652.4076193936779,2,2.84396501046593,4.215917775776525,2.21769410650467,2.21769410650467,1.0
652.55,1,-2.59708245297307,2.0194980248440686,0.5417003414186574,0.5417003414186574,1.0
652.607619393678,2,0.6807937671665494,2.277367900742476,0.4675673663342056,0.4675673663342056,1.0
652.8,1,2.080244114599589,-1.5412032962072288,0.33149758710976773,0.33149758710976773,1.0
652.8076193936779,2,1.229929939235073,-2.1162209648172023,0.5196080279616926,0.5196080279616926,1.0
653.0076193936779,2,-0.5760994255529486,-1.9940916523442525,0.34476734031711187,0.34476734031711187,1.0
653.05,1,-7.888137349625245,-1.2806737809677031,3.4331310678773117,3.4331310678773117,1.0
653.207619393678,2,-1.3172241863459684,3.2941146708421627,1.030488546125448,1.030488546125448,1.0
653.3,1,2.955765611042313,4.078820777399386,1.2420146904792824,1.2420146904792824,1.0
653.4076193936779,2,-5.153995868373301,-5.691264976226321,5.193862380801797,5.193862380801797,1.0
653.55,1,2.841891236686103,-10.628740726498656,5.628258643771673,5.628258643771673,1.0
653.607619393678,2,-4.754618608014496,-2.5233898942050246,2.7471692336918823,2.7471692336918823,1.0
653.8,1,6.555165805694926,-6.822877749871402,4.334530997218179,4.334530997218179,1.0
653.8076193936779,2,-4.766805801052178,-1.3829340595647182,2.4256392045918727,2.4256392045918727,1.0
654.0076193936779,2,1.186487204451975,-7.446052401153274,4.500017658555332,4.500017658555332,1.0
654.05,1,1.651102947132606,-0.9930475233914748,0.19369020678559862,0.19369020678559862,1.0
654.207619393678,2,-4.836015856460201,1.1764574785142656,2.3643445509199488,2.3643445509199488,1.0
654.3,1,3.9501434363156465,6.113294802457482,2.5760303973041077,2.5760303973041077,1.0
654.4076193936779,2,2.2306747658018953,-1.2429182686526516,0.6092090079719685,0.6092090079719685,1.0
654.55,1,-1.5228957916820676,-0.1490061909999909,0.12267944397180046,0.12267944397180046,1.0
654.607619393678,2,3.661181586300967,-1.3273634053962837,1.4651171143866404,1.4651171143866404,1.0
654.8,1,-10.012253926684375,-2.0445683812984825,5.370406221305152,5.370406221305152,1.0
654.8076193936779,2,-0.5722859550566797,8.351566038680701,5.7734920120113475,5.7734920120113475,1.0
655.0076193936779,2,-0.3460581137155643,3.6538340177752886,1.0626655501809945,1.0626655501809945,1.0
655.05,1,6.153738233463423,-3.6508614706914813,2.673032611057412,2.673032611057412,1.0
655.207619393678,2,3.1873686393877736,-1.081776993358588,1.0723362960960585,1.0723362960960585,1.0
655.3,1,-1.995425065648546,-11.018939232526094,5.883690926992195,5.883690926992195,1.0
655.4076193936779,2,-3.0120569937313917,0.960899685026078,0.9584945957656592,0.9584945957656592,1.0
655.55,1,-3.4895431668507007,0.5632633966946585,0.6533686040160034,0.6533686040160034,1.0
655.607619393678,2,-3.2866813481066135,2.648128411057513,1.635626290974206,1.635626290974206,1.0
655.8,1,-5.720194323137146,8.965015999273824,5.340571238687787,5.340571238687787,1.0
655.8076193936779,2,-2.2862960670497694,2.583439727959707,1.0711206498818489,1.0711206498818489,1.0
656.0076193936779,2,-0.23345521140551106,-3.910362257943781,1.2092338883608609,1.2092338883608609,1.0
656.05,1,-0.8207127949762638,8.231447147401859,3.24343986621183,3.24343986621183,1.0
656.207619393678,2,5.339955424440134,-2.6603634813394805,3.311565865163181,3.311565865163181,1.0
656.3,1,3.8259264943049693,-6.865345844293081,2.980589614037555,2.980589614037555,1.0
656.4076193936779,2,6.3875634150122504,2.6326628408995703,4.53400949203125,4.53400949203125,1.0
656.55,1,4.4542801992012455,5.518837819799678,2.443958705068976,2.443958705068976,1.0
656.607619393678,2,1.0284218093819146,3.8526360655000076,1.3116126394600132,1.3116126394600132,1.0
656.8,1,-0.0023115374124031973,0.3644198724524088,0.0060306891268462936,0.0060306891268462936,1.0
656.8076193936779,2,4.026229861767112,0.07896159045289153,1.6186999889959952,1.6186999889959952,1.0
657.0076193936779,2,-0.8585580039899225,2.0990237442474537,0.41724116186037735,0.41724116186037735,1.0
657.05,1,2.208707494036901,5.731179627921868,1.8177914488760072,1.8177914488760072,1.0
657.207619393678,2,-3.5603562555179566,-3.5485103165664995,2.2235598052344505,2.2235598052344505,1.0
657.3,1,-1.0947846298751385,7.163384633536197,2.4608405059390144,2.4608405059390144,1.0
657.4076193936779,2,2.887205178946112,-4.76242075711324,2.6364461501811967,2.6364461501811967,1.0
657.55,1,-7.121344756134796,5.031423677580769,3.826518158449293,3.826518158449293,1.0
657.607619393678,2,0.33624731375295536,-0.14905444099718324,0.012956317057250874,0.012956317057250874,1.0
657.8,1,-4.548564669709961,-4.242912052106071,1.886680378643197,1.886680378643197,1.0
657.8076193936779,2,-1.8311477405543837,-0.7278242412599738,0.3783177098559237,0.3783177098559237,1.0
658.0076193936779,2,3.612251842658673,-3.7095997635340012,2.3282360872892163,2.3282360872892163,1.0
658.05,1,0.8176950506584681,3.348839911977066,0.5668817503210846,0.5668817503210846,1.0
658.207619393678,2,0.6825041501933509,3.0556345310894173,0.7876793938007569,0.7876793938007569,1.0
658.3,1,3.127081124169389,-2.942933633917555,0.9248770153616033,0.9248770153616033,1.0
658.4076193936779,2,-3.7792332858799877,-1.8148179996159044,1.6569087163007001,1.6569087163007001,1.0
658.55,1,-3.8403156764943027,0.590759125825258,0.78970073919292,0.78970073919292,1.0
658.607619393678,2,1.5528794358138658,-1.1632150387590343,0.34785249722571276,0.34785249722571276,1.0
658.8,1,-4.27087926233934,-4.570375825289872,1.8911687945310374,1.8911687945310374,1.0
658.8076193936779,2,-1.0082343055161953,-4.186256450785365,1.5438820050270092,1.5438820050270092,1.0
659.0076193936779,2,0.19020779506647045,0.18869892129132637,0.006254831861345343,0.006254831861345343,1.0
659.05,1,0.4514875147630004,-0.5347586883847129,0.02452819717628006,0.02452819717628006,1.0
659.207619393678,2,-5.918492452150932,5.698118656434026,5.959321781830079,5.959321781830079,1.0
659.3,1,2.5471559434406483,5.515826337565969,1.7664426291727267,1.7664426291727267,1.0
659.4076193936779,2,4.700634490544768,0.6789954263757565,2.1906355540238263,2.1906355540238263,1.0
659.55,1,-2.1012547503715417,2.4710878641409906,0.5129274422813939,0.5129274422813939,1.0
659.607619393678,2,-3.4253562783442533,-0.5382149018385363,1.1805696320390577,1.1805696320390577,1.0
659.8,1,6.7821178218083915,-5.020546014486001,3.5216669894773487,3.5216669894773487,1.0
659.8076193936779,2,-0.49373579170772786,-1.8976692677497056,0.32073395266796406,0.32073395266796406,1.0
660.0076193936779,2,6.118088504893583,-2.263746986874203,3.97399383111728,3.97399383111728,1.0
660.05,1,1.5110521654207183,-0.07768398508737562,0.12341656938235833,0.12341656938235833,1.0
660.207619393678,2,-0.17964127664233942,1.711085553990742,0.23602753151023778,0.23602753151023778,1.0
660.3,1,-1.9444291894917,3.2959149954421108,0.7086202031533981,0.7086202031533981,1.0
660.4076193936779,2,3.158190282214761,-2.055084456738477,1.3117672121187312,1.3117672121187312,1.0
660.55,1,4.816257569632512,-1.2236373390339637,1.2857678956642555,1.2857678956642555,1.0
660.607619393678,2,1.5000834459620336,-1.9539746081124534,0.5324573239022271,0.5324573239022271,1.0
660.8,1,6.9568781527079295,2.145026113682597,2.7101071005480137,2.7101071005480137,1.0
660.8076193936779,2,5.907159471938417,5.311842921728392,5.805630306361703,5.805630306361703,1.0
661.0076193936779,2,2.59812787403213,0.2777697673936288,0.6499715932294872,0.6499715932294872,1.0
661.05,1,0.7826149483391962,0.7151211644960398,0.05723560870999218,0.05723560870999218,1.0
661.207619393678,2,-2.094059518703018,-2.843320436594226,1.065816698662277,1.065816698662277,1.0
661.3,1,-4.294708585806145,0.445676331356907,0.9906651711694464,0.9906651711694464,1.0
661.4076193936779,2,-4.974234793182164,0.3255088889577493,2.420071444744139,2.420071444744139,1.0
661.55,1,-3.2616990357743987,-2.0885655216037478,0.7590275471280277,0.7590275471280277,1.0
661.607619393678,2,-0.961973405442162,-3.1432489917211726,0.8948961265762954,0.8948961265762954,1.0
661.8,1,7.7752441906360765,-1.5001727470591817,3.226424853743551,3.226424853743551,1.0
661.8076193936779,2,-3.2223115740896624,1.7710565877179576,1.2946608897001273,1.2946608897001273,1.0
662.0076193936779,2,-2.045697975469224,0.39110992658081045,0.4112332246524806,0.4112332246524806,1.0
662.05,1,-13.586811781084258,-9.321327249522561,9.660700822679818,14.067660370325598,1.5273768180303662
662.207619393678,2,-0.8282892845462264,0.48073620103978953,0.08331913529043751,0.08331913529043751,1.0
662.3,1,-7.735534280264378,-2.303500609632991,3.4159045603155893,3.4159045603155893,1.0
662.4076193936779,2,1.208816460228423,-1.0682730366117497,0.2324429396275102,0.2324429396275102,1.0
662.55,1,-5.760043729144318,-1.071988968087048,1.7888582854956427,1.7888582854956427,1.0
662.607619393678,2,-4.713145228510097,3.5223658514929994,3.188152793552276,3.188152793552276,1.0
662.8,1,-0.8462012512619133,-0.002635104571830027,0.03696402119829239,0.03696402119829239,1.0
662.8076193936779,2,3.3561256258336414,0.335204844338449,1.1319192930239832,1.1319192930239832,1.0
663.0076193936779,2,-3.089774006746172,-1.1106104020191054,1.0070605079671018,1.0070605079671018,1.0
663.05,1,-3.1231893262957335,2.3862161768594774,0.7953863133129094,0.7953863133129094,1.0
663.207619393678,2,-3.6351297926210044,2.7677760550078077,1.882824968001342,1.882824968001342,1.0
663.3,1,2.6424982347320096,5.5979054887931525,1.8353292655441902,1.8353292655441902,1.0
663.4076193936779,2,-1.7696397889012196,4.214874911439793,1.7338924943116965,1.7338924943116965,1.0
663.55,1,4.470662762801467,-0.44880257763625053,1.0576978798950982,1.0576978798950982,1.0
663.607619393678,2,3.7278668067180867,-2.6378153521756147,1.9363065099018555,1.9363065099018555,1.0
663.8,1,8.912738440459442,2.541357824650021,4.398186132425785,4.398186132425785,1.0
663.8076193936779,2,-0.04611911288303361,1.4355444016747967,0.16981569926717063,0.16981569926717063,1.0
664.0076193936779,2,-0.9098518440057006,-4.55376545891184,1.7114843776296018,1.7114843776296018,1.0
664.05,1,1.6914149794434437,-1.5353043747915578,0.2658303124896206,0.2658303124896206,1.0
664.207619393678,2,4.369287391168946,1.0663117763137322,1.9301019587214518,1.9301019587214518,1.0
664.3,1,2.9049617194935884,-4.206072685975691,1.2752825970320796,1.2752825970320796,1.0
664.4076193936779,2,1.3883743140254197,-0.7822718270325169,0.23702935922473348,0.23702935922473348,1.0
664.55,1,-2.8586406273686293,-3.350351790623293,0.9456865046385814,0.9456865046385814,1.0
664.607619393678,2,4.504857780048489,-0.6978456637778763,2.040420573797734,2.040420573797734,1.0
664.8,1,-2.879765364080587,0.5664350619931469,0.44310396173699,0.44310396173699,1.0
664.8076193936779,2,-2.4098619086583604,3.560561689384272,1.6229448715888641,1.6229448715888641,1.0
665.0076193936779,2,1.0138808775859829,-6.423423397716704,3.34650579595378,3.34650579595378,1.0
665.05,1,5.631871726460414,7.390326481230524,4.295454622801979,4.295454622801979,1.0
665.207619393678,2,4.967582636449631,1.3991579985058493,2.534125602278989,2.534125602278989,1.0
665.3,1,3.4050209605218456,5.5419722241446365,2.051577209585565,2.051577209585565,1.0
665.4076193936779,2,1.1514550639057504,-0.2534564158841732,0.13438418784121364,0.13438418784121364,1.0
665.55,1,7.1724530699319295,1.3113434072487493,2.7777485929464625,2.7777485929464625,1.0
665.607619393678,2,-2.2785190802538615,-0.21179898343799408,0.5155955270270549,0.5155955270270549,1.0
665.8,1,-9.151372685634758,-0.8508256359370066,4.360866137295881,4.360866137295881,1.0
665.8076193936779,2,3.42489351937175,-2.028293043836584,1.5095193416071755,1.5095193416071755,1.0
666.0076193936779,2,-2.7517329624752165,-1.3921608043197722,0.8748931601814112,0.8748931601814112,1.0
666.05,1,-2.4334067197805567,1.7511086846768862,0.46446889371492445,0.46446889371492445,1.0
666.207619393678,2,-3.8697777050194198,2.1762444886101306,1.820197162281742,1.820197162281742,1.0
666.3,1,-6.879397869182004,3.132741475099124,2.9765505254560543,2.9765505254560543,1.0
666.4076193936779,2,-3.804984057460917,7.624763926250026,6.086467451226641,6.086467451226641,1.0
666.55,1,-3.0208981630635066,-10.310693070515683,5.376475094289772,5.376475094289772,1.0
666.607619393678,2,1.2378130461493555,-1.700932668970836,0.3864182662443213,0.3864182662443213,1.0
666.8,1,-2.49016597211709,4.484906061881411,1.23382663758287,1.23382663758287,1.0
666.8076193936779,2,-3.533868723127057,-4.623326857529598,3.0059123037319146,3.0059123037319146,1.0
667.0076193936779,2,-4.475750318528696,-3.907370686050953,3.113001054469593,3.113001054469593,1.0
667.05,1,-1.5203019355073053,1.17241334737232,0.18970357444530572,0.18970357444530572,1.0
667.207619393678,2,4.4835908805968785,-0.3520189556021265,1.9474878864427692,1.9474878864427692,1.0
667.3,1,11.031247938552163,0.3074454680169012,6.479116879353115,6.479116879353115,1.0
667.4076193936779,2,0.90559735156382,-0.01717773172735093,0.07995365855014436,0.07995365855014436,1.0
667.55,1,4.846627629617856,5.945732792729935,2.8608417813460285,2.8608417813460285,1.0
667.607619393678,2,2.36646015586685,6.59806091433947,4.093293469251716,4.093293469251716,1.0
667.8,1,0.09474114511619902,-0.11130468379982261,0.0010264219795053492,0.0010264219795053492,1.0
667.8076193936779,2,2.9359095419271526,-5.836471496762243,3.6641446709509644,3.6641446709509644,1.0
668.0076193936779,2,-3.3166933563171597,3.174425809825543,1.8427823588513847,1.8427823588513847,1.0
668.05,1,-0.4452481491942244,2.862948567973916,0.39865210580565535,0.39865210580565535,1.0
668.207619393678,2,-2.7609302652063263,0.5013669106344096,0.7547377864114067,0.7547377864114067,1.0
668.3,1,1.7225296374240813,-6.2877851694958835,2.004751731277325,2.004751731277325,1.0
668.4076193936779,2,1.5695443770176176,5.198769633733697,2.4136373560164284,2.4136373560164284,1.0
668.55,1,4.170958058200021,-3.796275502299139,1.5765266654715608,1.5765266654715608,1.0
668.607619393678,2,-2.257065843889791,1.8534641816839894,0.7817874372734608,0.7817874372734608,1.0
668.8,1,-7.806638756057573,-5.979340410671192,4.772999945332715,4.772999945332715,1.0
668.8076193936779,2,-3.3229806382472695,-1.6212872575876176,1.3186173027653267,1.3186173027653267,1.0
669.0076193936779,2,-0.10482771262740087,-2.423377895643469,0.4634796290313916,0.4634796290313916,1.0
669.05,1,0.5078339218101462,-1.3077483702449726,0.0948564247257733,0.0948564247257733,1.0
669.207619393678,2,-0.34443806283143985,4.226962581671664,1.4328293565148056,1.4328293565148056,1.0
669.3,1,-6.11573581133122,-4.112166856901197,2.7800022352299565,2.7800022352299565,1.0
669.4076193936779,2,0.8028802865796791,-1.4148702245837228,0.2238174579119436,0.2238174579119436,1.0
669.55,1,-0.5962181153708173,2.008015532879618,0.20440947637131324,0.20440947637131324,1.0
669.607619393678,2,4.187258718951686,0.5573497485710632,1.75422426067379,1.75422426067379,1.0
669.8,1,0.4602326120273901,-2.7145645910147067,0.34555971512665,0.34555971512665,1.0
669.8076193936779,2,4.96934725127862,-3.8182737090168786,3.6650453665985925,3.6650453665985925,1.0
670.0076193936779,2,-2.29274693246645,-1.8391398085783806,0.7677649358256798,0.7677649358256798,1.0
670.05,1,-0.5354547718150968,-0.9220600055403878,0.05570367507972873,0.05570367507972873,1.0
670.207619393678,2,-1.2118020099315245,-7.029599672387455,4.072685099591264,4.072685099591264,1.0
670.3,1,0.19446278455438915,0.5405531694228358,0.015661705553938733,0.015661705553938733,1.0
670.4076193936779,2,-1.259381669769958,0.9329345280804375,0.22457721705849498,0.22457721705849498,1.0
670.55,1,5.565355647091568,3.4076746511494846,2.159712378920722,2.159712378920722,1.0
670.607619393678,2,-1.2564184972481982,-0.970171745226871,0.23222587366129438,0.23222587366129438,1.0
670.8,1,3.157775595588305,-0.006017687593306675,0.5153222644982318,0.5153222644982318,1.0
670.8076193936779,2,-5.832527824909548,2.1351265256915894,3.7710414093849995,3.7710414093849995,1.0
671.0076193936779,2,2.0274974088982347,6.753908060827861,3.9839433226750387,3.9839433226750387,1.0
671.05,1,7.626852957221512,9.475308343260352,7.38649655823507,7.38649655823507,1.0
671.207619393678,2,-1.1585179440873574,3.55109900701585,1.1325589615409455,1.1325589615409455,1.0
671.3,1,-4.1090973199123155,-4.140548285130087,1.6992568228592515,1.6992568228592515,1.0
671.4076193936779,2,-1.9561160997894333,-1.8763963522323337,0.6560848032106391,0.6560848032106391,1.0
671.55,1,0.31575684801175896,6.92748420995985,2.2161615422701306,2.2161615422701306,1.0
671.607619393678,2,0.051634158385923,-2.249146765483893,0.41173541395254987,0.41173541395254987,1.0
671.8,1,-6.035408390516956,-3.3390950665142967,2.3887626469343575,2.3887626469343575,1.0
671.8076193936779,2,2.2761174960288386,2.0795729831950425,0.873101746196798,0.873101746196798,1.0
672.0076193936779,2,2.5739141006209962,-4.839544358880644,2.47617613789592,2.47617613789592,1.0
672.05,1,1.8990854928144785,6.821951079964862,2.3973124563940176,2.3973124563940176,1.0
672.207619393678,2,-3.286388931788352,-1.0508538131299758,1.1288780814367503,1.1288780814367503,1.0
672.3,1,4.927980859671706,-2.5192858787522994,1.5886257705370987,1.5886257705370987,1.0
672.4076193936779,2,-0.3044135666254917,1.647536701333351,0.22732358887132695,0.22732358887132695,1.0
672.55,1,-5.308589649776934,-6.491515413121185,3.419675004090511,3.419675004090511,1.0
672.607619393678,2,-1.0140838048307188,-0.9443659914929867,0.1739494245913152,0.1739494245913152,1.0
672.8,1,-5.606196221255345,-4.685009033547836,2.620943854704983,2.620943854704983,1.0
672.8076193936779,2,5.976611596819609,1.0077139137156408,3.649255295328601,3.649255295328601,1.0
673.0076193936779,2,-3.2159105875247107,2.7833756335976503,1.5965394727373283,1.5965394727373283,1.0
673.05,1,-5.277928113980153,7.184856754426157,3.945647878741689,3.945647878741689,1.0
673.207619393678,2,6.006119341530059,-1.6025046145371107,3.6813559640541706,3.6813559640541706,1.0
673.3,1,-2.1461401762995393,-8.305572297007494,3.4674958281282247,3.4674958281282247,1.0
673.4076193936779,2,5.871550599222033,-6.907357739533566,7.197072998801648,7.197072998801648,1.0
673.55,1,9.708113587201176,-10.08568649061143,9.274718771660892,9.630199126508394,1.0455855850680282
673.607619393678,2,-4.871554102769174,5.1115791579374275,4.456820453776192,4.456820453776192,1.0
673.8,1,6.428083614054948,6.994675470458127,4.353464660595158,4.353464660595158,1.0
673.8076193936779,2,4.514422805914961,-0.2559357417818049,2.037595357301982,2.037595357301982,1.0
674.0076193936779,2,4.641960515941122,5.745355308637791,4.651010380417744,4.651010380417744,1.0
674.05,1,0.1369281522506114,3.621908010658572,0.6217802984810483,0.6217802984810483,1.0
674.207619393678,2,-2.3934093899601336,-1.6225534843441949,0.7613210550047974,0.7613210550047974,1.0
674.3,1,0.7868625093548758,1.211701426289281,0.10151837010694478,0.10151837010694478,1.0
674.4076193936779,2,-2.0294389147659615,3.8967022767954163,1.6223136906036153,1.6223136906036153,1.0
674.55,1,0.00544906840217152,2.516571466032836,0.2917615333280315,0.2917615333280315,1.0
674.607619393678,2,0.6863044374353606,-1.0600136693767652,0.1378375116753683,0.1378375116753683,1.0
674.8,1,-2.941175095400027,-4.740467822760216,1.4674782746467518,1.4674782746467518,1.0
674.8076193936779,2,-4.6113142409844485,2.5765516820074126,2.669054675853611,2.669054675853611,1.0
675.0076193936779,2,-6.7846843085354465,1.867274311464321,4.6654510516311465,4.6654510516311465,1.0
675.05,1,3.0273580180449073,3.334471648851789,1.0205163725747308,1.0205163725747308,1.0
675.207619393678,2,2.9274511661533964,-7.501745335207374,5.3029543860770225,5.3029543860770225,1.0
675.3,1,0.04787280616534417,2.1453687054252555,0.21512530622989467,0.21512530622989467,1.0
675.4076193936779,2,5.077987242068197,2.40692411566981,2.9790401859933535,2.9790401859933535,1.0
675.55,1,-9.728009080803965,5.113053909458728,6.168484235899893,6.168484235899893,1.0
675.607619393678,2,0.717384013603926,-0.023226965938270894,0.050791664626627604,0.050791664626627604,1.0
675.8,1,4.567762618344723,0.6631828892330631,1.0982080866923467,1.0982080866923467,1.0
675.8076193936779,2,-3.3771828750781125,2.540856377689508,1.6698484693175062,1.6698484693175062,1.0
676.0076193936779,2,1.1297613950551337,-1.2364202980574746,0.24211771805123253,0.24211771805123253,1.0
676.05,1,1.8510652149111593,-4.445232273616341,1.1200671008068255,1.1200671008068255,1.0
676.207619393678,2,-3.3320643921518,0.5719058968026332,1.0961605670820849,1.0961605670820849,1.0
676.3,1,6.350550872194162,0.8324780745413207,2.1781856156422346,2.1781856156422346,1.0
676.4076193936779,2,1.8765996026099927,-3.9729861843550083,1.6126113457183378,1.6126113457183378,1.0
676.55,1,3.415580459786149,5.263971037818585,1.888536594730898,1.888536594730898,1.0
676.607619393678,2,-3.1059365060434345,0.49151823231282066,0.970924623221268,0.970924623221268,1.0
676.8,1,0.7877085974763389,-6.599313887375203,2.0096648512650432,2.0096648512650432,1.0
676.8076193936779,2,1.6348550338377237,-1.5313975515376015,0.45982440688260895,0.45982440688260895,1.0
677.0076193936779,2,-2.354135226347559,1.5959028319524506,0.72918242886081,0.72918242886081,1.0
677.05,1,1.0469480558435151,6.703689924735727,2.1862175084436366,2.1862175084436366,1.0
677.207619393678,2,3.048755109141098,6.0323223620520565,3.7907696060795266,3.7907696060795266,1.0
677.3,1,5.898770148199304,-10.267160132990078,6.775678617477537,6.775678617477537,1.0
677.4076193936779,2,-3.734165800068574,-2.164256928223878,1.7357265210659218,1.7357265210659218,1.0
677.55,1,-3.085621022128194,-0.5899120583641775,0.5154688998495828,0.5154688998495828,1.0
677.607619393678,2,-0.020948876997231025,-8.132083461124878,5.379134467828761,5.379134467828761,1.0
677.8,1,-3.2845825610844344,-13.647177236564037,9.014777541671716,9.014777541671716,1.0
677.8076193936779,2,-2.143570859185644,3.1956150145512865,1.2991918537454679,1.2991918537454679,1.0
678.0076193936779,2,-1.0280183505546248,2.6942934310500632,0.6724114967905523,0.6724114967905523,1.0
678.05,1,2.216775506289679,0.7166791367854728,0.2893149277965248,0.2893149277965248,1.0
678.207619393678,2,-4.268298154541704,0.8442796071118437,1.812741986313602,1.812741986313602,1.0
678.3,1,-4.223490617847908,0.6058199655456136,0.9662524331683039,0.9662524331683039,1.0
678.4076193936779,2,0.11812499625851558,5.114933309435671,2.1053645549733457,2.1053645549733457,1.0
678.55,1,2.6057269874060296,2.561540611320062,0.6584578744317657,0.6584578744317657,1.0
678.607619393678,2,-2.0476655834097883,-1.1202457664716405,0.5155459465971903,0.5155459465971903,1.0
678.8,1,0.08256124718245417,-3.6343525114171626,0.6001386623026129,0.6001386623026129,1.0
678.8076193936779,2,6.533064332576174,-1.4154646692863366,4.425447134604697,4.425447134604697,1.0
679.0076193936779,2,-0.32869447701877874,1.9879217638287017,0.3214795667615263,0.3214795667615263,1.0
679.05,1,2.1676184037553767,0.060433833528108494,0.2535536683899684,0.2535536683899684,1.0
679.207619393678,2,-2.4925721940318084,0.5437688672991996,0.6223746673214754,0.6223746673214754,1.0
679.3,1,-2.9537860430788285,6.048063818624961,2.1729689093718787,2.1729689093718787,1.0
679.4076193936779,2,2.432292262510664,-1.3768270841384052,0.7290498829177114,0.7290498829177114,1.0
679.55,1,-9.62509928925111,1.154028405136728,4.921010840101577,4.921010840101577,1.0
679.607619393678,2,6.605870050652008,0.574174985966664,4.329946342143852,4.329946342143852,1.0
679.8,1,-8.408541575609064,3.991599195583973,4.377394058675313,4.377394058675313,1.0
679.8076193936779,2,8.689627862686272,2.65297292082856,8.116910022970307,8.116910022970307,1.0
680.0076193936779,2,-4.678353477225691,-0.10911695737100757,2.088698691592883,2.088698691592883,1.0
680.05,1,2.787621203706138,8.456059619863318,3.8035892426814035,3.8035892426814035,1.0
680.207619393678,2,1.4313825851939512,-1.646350464143488,0.41311236744552415,0.41311236744552415,1.0
680.3,1,6.301877277889631,7.46703474272379,4.7176588215237505,4.7176588215237505,1.0
680.4076193936779,2,-0.6449252015142548,-4.396408589725098,1.5949401408458737,1.5949401408458737,1.0
680.55,1,2.312028956348101,1.509632168483904,0.3853968341423916,0.3853968341423916,1.0
680.607619393678,2,0.26648308106149443,-3.865768117786395,1.222563930752841,1.222563930752841,1.0
680.8,1,4.712070308949585,-5.101051891950611,2.3290407659812997,2.3290407659812997,1.0
680.8076193936779,2,-0.23361630073817707,-5.0053001244601845,2.0674863360926983,2.0674863360926983,1.0
681.0076193936779,2,-1.0071891554537302,4.518661665411585,1.704537981472019,1.704537981472019,1.0
681.05,1,-4.8780440292193035,-3.2613266314221363,1.7866593525274792,1.7866593525274792,1.0
681.207619393678,2,-4.244953129808472,-1.7985820047766978,1.9942282623827365,1.9942282623827365,1.0
681.3,1,-6.137943071858558,-0.5730946338747458,2.0198995192374345,2.0198995192374345,1.0
681.4076193936779,2,1.5413642166380654,0.8335000317476258,0.28742506153466174,0.28742506153466174,1.0
681.55,1,-1.8710379217881226,4.31420908220926,1.0411221603894334,1.0411221603894334,1.0
681.607619393678,2,0.7401608902218868,-3.6791375678615204,1.1550480670718752,1.1550480670718752,1.0
681.8,1,0.6571649554890655,-1.9431546734996061,0.1937764121948557,0.1937764121948557,1.0
681.8076193936779,2,2.992446288710177,3.296570298833764,1.7883508114516644,1.7883508114516644,1.0
682.0076193936779,2,2.6368393784835362,-0.47747325705287125,0.6811785261583524,0.6811785261583524,1.0
682.05,1,2.5356097483221802,-2.33948040296978,0.6057757822072383,0.6057757822072383,1.0
682.207619393678,2,-3.929869071653272,1.3098825149623927,1.6251057428416273,1.6251057428416273,1.0
682.3,1,4.865533422881512,5.1970036613926425,2.5212849112173323,2.5212849112173323,1.0
682.4076193936779,2,-4.988313740140583,2.9521365379993227,3.1260952211319584,3.1260952211319584,1.0
682.55,1,-2.121589633830034,-1.192498726248374,0.3016267948398687,0.3016267948398687,1.0
682.607619393678,2,0.02313394058934648,-1.2907180636922178,0.13556173778213515,0.13556173778213515,1.0
682.8,1,2.591017162926761,-0.3952261244789099,0.35403406233940177,0.35403406233940177,1.0
682.8076193936779,2,4.7959475424548685,-6.583999674559081,5.863972881468655,5.863972881468655,1.0
683.0076193936779,2,2.668955981766871,3.9984231247736624,1.9383566396899377,1.9383566396899377,1.0
683.05,1,-7.773495880468566,-1.3922895223286922,3.350427669386467,3.350427669386467,1.0
683.207619393678,2,-1.8762568506228376,-2.8582682013720095,0.9892453181087407,0.9892453181087407,1.0
683.3,1,7.097892109498453,-0.8995308225516254,2.7183954052866257,2.7183954052866257,1.0
683.4076193936779,2,5.21557804423599,0.44326768304424746,2.667039304856397,2.667039304856397,1.0
683.55,1,-5.883704163987765,-4.983089150463556,2.959908386186135,2.959908386186135,1.0
683.607619393678,2,-2.295261220717599,2.8004137831655314,1.157399657960033,1.157399657960033,1.0
683.8,1,-4.750406022889322,-2.5209465871536523,1.4547919663275302,1.4547919663275302,1.0
683.8076193936779,2,-1.8873684379974378,-5.938794587796398,3.2584930158534693,3.2584930158534693,1.0
684.0076193936779,2,-3.117616918384762,1.1527824915948273,1.031769831647291,1.031769831647291,1.0
684.05,1,6.5337404433456925,9.81798323156271,6.864683269603926,6.864683269603926,1.0
684.207619393678,2,3.52718279411188,4.078391555703718,2.5223996943144065,2.5223996943144065,1.0
684.3,1,-2.087361052856572,-1.4345381971626452,0.3279610853135686,0.3279610853135686,1.0
684.4076193936779,2,-1.9475312174913455,-2.775330303343722,0.9891049785121344,0.9891049785121344,1.0
684.55,1,0.6964481171440724,-1.6510804809799708,0.15103488726263656,0.15103488726263656,1.0
684.607619393678,2,-1.2927791202079177,-2.9446231748204035,0.8700911976182055,0.8700911976182055,1.0
684.8,1,3.373445471239002,5.651658996405317,2.038538813834375,2.038538813834375,1.0
684.8076193936779,2,-0.8992236140921293,1.1900291302173116,0.197277929064128,0.197277929064128,1.0
685.0076193936779,2,0.716165417455187,1.4775115832353194,0.2208204159950081,0.2208204159950081,1.0
685.05,1,-5.9137722156852135,4.900861265817404,3.0228417660964357,3.0228417660964357,1.0
685.207619393678,2,-9.8932599177351,-4.43302491354785,9.682823578221793,10.99751834667418,1.1940403831475928
685.3,1,-1.6528539080064064,0.7888881267707966,0.17314440562700936,0.17314440562700936,1.0
685.4076193936779,2,7.293033226033252,2.866446100055853,5.773217459453818,5.773217459453818,1.0
685.55,1,3.4335672626932237,5.3164803341182285,1.9122777926886778,1.9122777926886778,1.0
685.607619393678,2,-5.434801283988527,-2.9859621760052306,3.6150660316636594,3.6150660316636594,1.0
685.8,1,-4.9382308744359875,-8.725148382869726,4.706496579727786,4.706496579727786,1.0
685.8076193936779,2,4.546020726802027,-4.0948108903856415,3.4330052905513515,3.4330052905513515,1.0
686.0076193936779,2,3.1047221556170044,3.8125811270789924,2.0605923261792376,2.0605923261792376,1.0
686.05,1,2.8583146491179647,7.129064960855377,2.8448129469317105,2.8448129469317105,1.0
686.207619393678,2,-1.0432216550561009,-5.0651867241175665,2.1447224790550776,2.1447224790550776,1.0
686.3,1,4.250405395921639,-0.2734427134086772,0.9646330647620652,0.9646330647620652,1.0
686.4076193936779,2,3.0787125025510846,-2.2591933783361817,1.3341479088286305,1.3341479088286305,1.0
686.55,1,2.43970681578746,2.910642877093675,0.7025266833378765,0.7025266833378765,1.0
686.607619393678,2,-1.279043926660151,1.4735486377578937,0.3379401268755492,0.3379401268755492,1.0
686.8,1,0.4430964062488343,-1.202355571912335,0.07579086274948615,0.07579086274948615,1.0
686.8076193936779,2,4.708490642028792,1.7708566159427122,2.4710670767464618,2.4710670767464618,1.0
687.0076193936779,2,1.4434377610954243,2.780936464729489,0.8075938722655147,0.8075938722655147,1.0
687.05,1,-0.7303354329218834,-1.173263624373007,0.093914977629672,0.093914977629672,1.0
687.207619393678,2,-5.300851243986145,-1.5898923611521667,2.908855207626609,2.908855207626609,1.0
687.3,1,-4.871851484205038,-4.902993132284028,2.3856004533191175,2.3856004533191175,1.0
687.4076193936779,2,-2.126584699187397,-1.661091668237523,0.6625118192289647,0.6625118192289647,1.0
687.55,1,-5.186655173928209,7.837507867234134,4.240565393532396,4.240565393532396,1.0
687.607619393678,2,-3.7776360277731484,-0.04725943100709884,1.4071065205433906,1.4071065205433906,1.0
687.8,1,8.78728926348785,3.206234920597243,4.4567273172649395,4.4567273172649395,1.0
687.8076193936779,2,-4.701340261674183,-2.030901990130605,2.545403984437352,2.545403984437352,1.0
688.0076193936779,2,-5.605997938130827,2.0569433023545898,3.330386367025352,3.330386367025352,1.0
688.05,1,-1.8820600917897252,-3.658927313345403,0.8246512470301708,0.8246512470301708,1.0
688.207619393678,2,6.435732419023012,-1.4792355151306875,4.165904521256865,4.165904521256865,1.0
688.3,1,8.235290755488677,8.344878853414079,6.861261861205637,6.861261861205637,1.0
688.4076193936779,2,6.643314877894312,-1.2444239868464262,4.425714316597988,4.425714316597988,1.0
688.55,1,10.836965891438645,-0.25466760004376354,6.163293289686382,6.163293289686382,1.0
688.607619393678,2,4.900201255467032,-5.591275650916801,4.9105736750495455,4.9105736750495455,1.0
688.8,1,-3.7372704283227307,11.171685103110397,6.389092871844411,6.389092871844411,1.0
688.8076193936779,2,-3.0885781020004615,1.4030081917636181,1.1142496111955795,1.1142496111955795,1.0
689.0076193936779,2,2.584079566467757,7.660833168601641,5.2581493182279235,5.2581493182279235,1.0
689.05,1,-3.899126299718233,5.999624790840064,2.5236312785715347,2.5236312785715347,1.0
689.207619393678,2,-2.0232219062570707,-2.267726210520845,0.8036673213580583,0.8036673213580583,1.0
689.3,1,2.687449153492153,-3.604771782967534,0.9912996939613911,0.9912996939613911,1.0
689.4076193936779,2,-9.412096330358281,-4.77333078577119,9.544882196568079,10.466424789789878,1.136377632865287
689.55,1,0.48767423311370095,-2.2276086341143095,0.23975620767962919,0.23975620767962919,1.0
689.607619393678,2,-0.5314389821480319,1.6699265640261878,0.2527042912616725,0.2527042912616725,1.0
689.8,1,0.33145245121558276,3.289758208219631,0.49551234267555383,0.49551234267555383,1.0
689.8076193936779,2,0.3976847425311263,-4.1517898313224,1.428746646041181,1.428746646041181,1.0
690.0076193936779,2,1.1004706137309128,-3.4093701594877155,1.0279536849051998,1.0279536849051998,1.0
690.05,1,9.300061993599797,-4.839050186794972,5.7679300337624495,5.7679300337624495,1.0
690.207619393678,2,-0.42759689982002413,-1.3683986418674001,0.16639313910239445,0.16639313910239445,1.0
690.3,1,0.5447245197683017,4.852127773271652,1.115191397871137,1.115191397871137,1.0
690.4076193936779,2,2.0093934757904393,1.3294611693739729,0.5354650004317918,0.5354650004317918,1.0
690.55,1,-0.4217024292740845,-5.008575620130131,1.1649471240692284,1.1649471240692284,1.0
690.607619393678,2,-3.503512373133674,4.1503686276184295,2.6113322654400237,2.6113322654400237,1.0
690.8,1,-2.886804536691379,2.694767134263002,0.7604207493556633,0.7604207493556633,1.0
690.8076193936779,2,-2.705428274529325,-4.185393951994184,2.1724352302054,2.1724352302054,1.0
691.0076193936779,2,-1.474183290664918,2.5296916263571774,0.7111658796397948,0.7111658796397948,1.0
691.05,1,-4.394778354389693,7.517094164584182,3.716105316332591,3.716105316332591,1.0
691.207619393678,2,-3.290878382906797,-4.59169998137899,2.7208734541925477,2.7208734541925477,1.0
691.3,1,0.32809067961775895,2.5536264327030542,0.310330641679534,0.310330641679534,1.0
691.4076193936779,2,2.4688106963358507,3.7313281222388888,1.713480897519648,1.713480897519648,1.0
691.55,1,2.84667152610141,-6.633455282347156,2.452092565269202,2.452092565269202,1.0
691.607619393678,2,-2.2591736436031624,0.40185875911499025,0.5163460556453349,0.5163460556453349,1.0
691.8,1,-4.282428182838586,-4.607866301050454,1.9116943282801444,1.9116943282801444,1.0
691.8076193936779,2,1.0415959701477249,6.529874476565508,3.617313416992122,3.617313416992122,1.0
692.0076193936779,2,4.260843448170988,-2.04181083581399,2.0596924663666325,2.0596924663666325,1.0
692.05,1,1.3011801402269327,-1.4533546996765487,0.19127058275948672,0.19127058275948672,1.0
692.207619393678,2,2.7545886581840335,0.9914624288372669,0.8094777100584059,0.8094777100584059,1.0
692.3,1,-4.1113411808000535,-1.4005270875595528,0.9909591270048057,0.9909591270048057,1.0
692.4076193936779,2,-0.8942565313397068,4.809641745253914,1.9381286227124062,1.9381286227124062,1.0
692.55,1,3.776171096398812,-3.825640938742903,1.4222196223661987,1.4222196223661987,1.0
692.607619393678,2,1.4102167942048283,1.4894072232376319,0.37653172673725066,0.37653172673725066,1.0
692.8,1,14.214747225061267,-0.058033931925456805,9.398623784869367,10.442239896987285,1.13375179149289
692.8076193936779,2,-5.209187467535045,-3.873404557753399,3.9215186971851157,3.9215186971851157,1.0
693.0076193936779,2,0.5615510262602612,-0.3470887202248294,0.03939199034698929,0.03939199034698929,1.0
693.05,1,-0.632247383753409,2.1737988322230817,0.2448789912474773,0.2448789912474773,1.0
693.207619393678,2,-0.2260036116250177,2.06915612480454,0.3447172910646019,0.3447172910646019,1.0
693.3,1,3.293710482215346,5.304774117761443,1.8903285405410495,1.8903285405410495,1.0
693.4076193936779,2,-1.804645216752121,3.118722625246466,1.098400100727256,1.098400100727256,1.0
693.55,1,1.5772983919659325,0.37555465269462207,0.1369576849320394,0.1369576849320394,1.0
693.607619393678,2,1.9354427897727717,-4.629674682970432,2.111846092366024,2.111846092366024,1.0
693.8,1,-0.9867702118682047,-4.596571159688342,1.00961659509574,1.00961659509574,1.0
693.8076193936779,2,4.179281014749741,-3.2684950783887254,2.622464583464903,2.622464583464903,1.0
694.0076193936779,2,-2.661101486250608,-0.3075704379458464,0.6829117311477754,0.6829117311477754,1.0
694.05,1,0.06430037961241908,6.717345942086517,2.1359841567289557,2.1359841567289557,1.0
694.207619393678,2,0.8153770043428423,-0.2547823734008161,0.06924623040894236,0.06924623040894236,1.0
694.3,1,-0.018768697883935204,2.701787388898322,0.34101060632785246,0.34101060632785246,1.0
694.4076193936779,2,-3.257656176887437,2.2648312224634886,1.4467939594471335,1.4467939594471335,1.0
694.55,1,-9.073609410488558,-9.142762010330861,8.169565999006174,8.169565999006174,1.0
694.607619393678,2,0.17999702889985514,2.469592881955658,0.4992573626992086,0.4992573626992086,1.0
694.8,1,-0.5668957765030314,-5.1138710527760525,1.204076028447892,1.204076028447892,1.0
694.8076193936779,2,-1.0365803197579382,-0.928426728215324,0.17819509289177005,0.17819509289177005,1.0
695.0076193936779,2,0.601547919481483,2.152666421009444,0.3993672195480549,0.3993672195480549,1.0
695.05,1,-2.467376041229592,-4.832673716591057,1.433703099134171,1.433703099134171,1.0
695.207619393678,2,-2.86918211230833,-6.376732506373497,4.027990321373002,4.027990321373002,1.0
695.3,1,-0.23439520378182266,-1.5262067823977152,0.11172951581884139,0.11172951581884139,1.0
695.4076193936779,2,-3.086617983018556,3.1474333792684,1.7251143823859363,1.7251143823859363,1.0
695.55,1,0.9916686247047863,4.065407027519104,0.8129916132746554,0.8129916132746554,1.0
695.607619393678,2,-0.5844478868422556,-1.6445789239547826,0.2536663797678611,0.2536663797678611,1.0
695.8,1,-7.116720968695759,0.013886744323111433,2.6173829692988284,2.6173829692988284,1.0
695.8076193936779,2,3.598037960524998,-2.225162978047075,1.69977890438052,1.69977890438052,1.0
696.0076193936779,2,4.182318410536489,-5.207231753757064,3.803518136468158,3.803518136468158,1.0
696.05,1,2.735743209170657,-0.3068830715485087,0.4080623280543023,0.4080623280543023,1.0
696.207619393678,2,1.5422434233893298,-3.1409189832743425,1.0140694795632477,1.0140694795632477,1.0
696.3,1,2.82210246405009,4.759284364548478,1.4818535315650085,1.4818535315650085,1.0
696.4076193936779,2,0.3947842902801568,2.0632374224205288,0.35753448514054975,0.35753448514054975,1.0
696.55,1,4.781602387607165,9.185520483704039,5.086486915636171,5.086486915636171,1.0
696.607619393678,2,0.04609307406357033,3.8325766713451546,1.194984883012735,1.194984883012735,1.0
696.8,1,2.8224349959555397,4.76047049977943,1.440747631870396,1.440747631870396,1.0
696.8076193936779,2,-3.21749660388879,1.0531254402908794,1.124682562547846,1.124682562547846,1.0
697.0076193936779,2,-7.665942254867673,-4.383179462385191,7.118449860806647,7.118449860806647,1.0
697.05,1,3.275221931449906,-3.1591359998497994,1.0508695232283278,1.0508695232283278,1.0
697.207619393678,2,1.2184921533141306,0.7141140684574023,0.183678452025246,0.183678452025246,1.0
697.3,1,-8.59728944785003,-0.26422859142332644,3.9360013771688815,3.9360013771688815,1.0
697.4076193936779,2,0.9192392523493851,-2.130530135616339,0.44739770806711937,0.44739770806711937,1.0
697.55,1,0.6350246061894751,2.7988872774727294,0.3820592425286672,0.3820592425286672,1.0
697.607619393678,2,9.509317165464623,-0.05073456758288408,8.917267413704291,8.917267413704291,1.0
697.8,1,-4.446394701775759,-2.372308967229997,1.2772701458121016,1.2772701458121016,1.0
697.8076193936779,2,2.414924631701844,0.42657605491269823,0.5971299691374703,0.5971299691374703,1.0
698.0076193936779,2,7.067030148775132,0.30506933446047935,4.771272390128349,4.771272390128349,1.0
698.05,1,-5.275420603085671,1.7029590525379898,1.6380644969554012,1.6380644969554012,1.0
698.207619393678,2,-0.7724666053601226,2.6960139474728617,0.6357444874974285,0.6357444874974285,1.0
698.3,1,-6.919437897903435,1.1815720577467816,2.6127145288314364,2.6127145288314364,1.0
698.4076193936779,2,-1.3492890688680035,-1.2016107696908591,0.29355678573703653,0.29355678573703653,1.0
698.55,1,-1.267679238774761,1.7720927396084276,0.22897320060795906,0.22897320060795906,1.0
698.607619393678,2,-0.07840061693394773,-1.386826857554583,0.15704642906132554,0.15704642906132554,1.0
698.8,1,5.535108673658279,-2.0189957735869104,1.7684165566978887,1.7684165566978887,1.0
698.8076193936779,2,0.2881581612732518,4.268832239168213,1.5081598770751201,1.5081598770751201,1.0
699.0076193936779,2,-5.815807622605476,-0.6503313760847504,3.25967451967152,3.25967451967152,1.0
699.05,1,2.2093489990266164,-0.10068976935742846,0.2637107141698417,0.2637107141698417,1.0
699.207619393678,2,-0.9417048798978271,-4.19580889824673,1.4859960573076296,1.4859960573076296,1.0
699.3,1,11.401653917021605,3.0909989265568125,7.363164991600234,7.363164991600234,1.0
699.4076193936779,2,0.4075313863164354,4.115678759728596,1.3784158010910548,1.3784158010910548,1.0
699.55,1,4.567940474186088,7.249343827170531,3.515700141307565,3.515700141307565,1.0
699.607619393678,2,-2.637283665863791,-4.924103423157518,2.65810333053502,2.65810333053502,1.0
699.8,1,9.714005299125454,-0.3748855363079695,4.882920844897519,4.882920844897519,1.0
699.8076193936779,2,-0.4566576444711572,-3.754448746644538,1.1810059736644767,1.1810059736644767,1.0
700.0076193936779,2,-0.5253878684813174,1.718630626429551,0.25890911315967496,0.25890911315967496,1.0
700.05,1,-6.514212788939389,-0.17642973863543787,2.289874233742874,2.289874233742874,1.0
700.207619393678,2,-2.472045125716079,0.8717426754293545,0.6494850681177058,0.6494850681177058,1.0
700.3,1,-4.6011537787691665,-3.981103897460031,1.8668087373309552,1.8668087373309552,1.0
700.4076193936779,2,-1.742370536030549,-0.8503797697805222,0.3540420649588519,0.3540420649588519,1.0
700.55,1,2.3500027032187845,2.1875863080114666,0.51016145824158,0.51016145824158,1.0
700.607619393678,2,0.34844500273517554,-0.33102399524934967,0.020885732463655184,0.020885732463655184,1.0
700.8,1,-6.129336461216468,5.520941239102304,3.3256257389184185,3.3256257389184185,1.0
700.8076193936779,2,0.5708180491948482,-0.24803411917742046,0.03758931613374567,0.03758931613374567,1.0
701.0076193936779,2,-2.9609834133229924,2.5718023954187057,1.3571200733577486,1.3571200733577486,1.0
701.05,1,-2.1170641124716667,-3.9056433263225063,0.9637167917804423,0.9637167917804423,1.0
701.207619393678,2,2.829199815077004,1.8177337831359104,1.0343841753102683,1.0343841753102683,1.0
701.3,1,-7.601320029680785,-5.463159119956298,4.46855257859197,4.46855257859197,1.0
701.4076193936779,2,5.4242631847100995,-4.875508665339392,4.779288638511386,4.779288638511386,1.0
701.55,1,5.176399945681474,-1.3484407234561893,1.4893342528879114,1.4893342528879114,1.0
701.607619393678,2,3.9416658096318784,-1.5785300920110608,1.7347697869385663,1.7347697869385663,1.0
701.8,1,1.2376634468177272,-1.0150196419095643,0.12594602479214145,0.12594602479214145,1.0
701.8076193936779,2,0.3119943538181218,2.701087229290696,0.6102177667882982,0.6102177667882982,1.0
702.0076193936779,2,0.67422736410753,0.03916762062615575,0.043482622645540495,0.043482622645540495,1.0
702.05,1,-1.2724236774206616,-3.6350738159331364,0.7127560240164106,0.7127560240164106,1.0
702.207619393678,2,-6.19588587949174,-2.911232140112908,4.374487055193341,4.374487055193341,1.0
702.3,1,-1.827282206015198,-5.99707773642211,1.8577117200551365,1.8577117200551365,1.0
702.4076193936779,2,2.251209806393909,1.8981571558429735,0.7836971983247519,0.7836971983247519,1.0
702.55,1,-5.324552455187316,-3.6775853129206233,2.1102609217997323,2.1102609217997323,1.0
702.607619393678,2,-3.2372066482656408,-2.732929308468975,1.6409149643304377,1.6409149643304377,1.0
702.8,1,-0.43284591807000794,15.649874326865849,9.494183397903111,11.131215509311613,1.2085563681424825
702.8076193936779,2,1.2177460395960793,1.4321963143419154,0.3142628766212068,0.3142628766212068,1.0
703.0076193936779,2,3.842219494649555,0.1460244003247375,1.4007766151246162,1.4007766151246162,1.0
703.05,1,-2.623701092351155,-4.537258550952036,1.3429320694473756,1.3429320694473756,1.0
703.207619393678,2,1.989582111374233,0.8614754019285122,0.4391028225450789,0.4391028225450789,1.0
703.3,1,0.3814699797505696,-2.6758767120765654,0.34183161908852167,0.34183161908852167,1.0
703.4076193936779,2,4.033962249533175,3.6888916319561638,2.6760719717374473,2.6760719717374473,1.0
703.55,1,-6.19437885810148,-6.767448139079576,4.1206327498212,4.1206327498212,1.0
703.607619393678,2,1.3818376843268467,4.692088341252919,1.977702533113998,1.977702533113998,1.0
703.8,1,4.852380571018685,0.20659102286440856,1.2185743705612446,1.2185743705612446,1.0
703.8076193936779,2,-3.840667884772472,9.885479681759513,9.289228939916358,9.513595940719323,1.0329255550278948
704.0076193936779,2,-0.5081024063474331,3.72467212694238,1.1142205955593316,1.1142205955593316,1.0
704.05,1,-14.543945726371348,-1.8200440872843444,9.468595328817308,11.554674900216472,1.2545328873375057
704.207619393678,2,-3.2768577635647773,-0.6368342989688145,1.0569471355461775,1.0569471355461775,1.0
704.3,1,3.958884334254037,0.5031769903075514,0.8431011565670824,0.8431011565670824,1.0
704.4076193936779,2,2.3965840304014847,-3.9081752581574882,1.779098085444414,1.779098085444414,1.0
704.55,1,9.957144770631302,4.194490661227771,6.001036884380514,6.001036884380514,1.0
704.607619393678,2,2.0492595735467845,0.1625423079707815,0.41525293456251017,0.41525293456251017,1.0
704.8,1,5.9477372750471105,-5.933708070709706,3.424130464650835,3.424130464650835,1.0
704.8076193936779,2,-1.5192994659677197,-2.2279831219561963,0.6382893612632883,0.6382893612632883,1.0
705.0076193936779,2,-1.2576158248441942,4.499307208681756,1.7438262569650822,1.7438262569650822,1.0
705.05,1,-3.1621631973325535,0.541690294040901,0.5530405004450625,0.5530405004450625,1.0
705.207619393678,2,-5.771685632861441,4.291085382000492,4.674800350686143,4.674800350686143,1.0
705.3,1,6.118098742797173,0.4070711026129423,1.999241946406531,1.999241946406531,1.0
705.4076193936779,2,-2.1182668619046225,-4.971151782135863,2.424443626658011,2.424443626658011,1.0
705.55,1,-1.9604029717614537,4.324712776669134,1.063199046944836,1.063199046944836,1.0
705.607619393678,2,-3.8732931893110987,-10.44508367698231,9.498356865212823,10.352510360034444,1.1240095308023017
705.8,1,-0.5426986636912972,6.205182708517466,1.7542822723611162,1.7542822723611162,1.0
705.8076193936779,2,-1.0203263594095375,2.3690767859754445,0.5620365973886179,0.5620365973886179,1.0
706.0076193936779,2,2.842384752588046,-2.1585103834544235,1.1314972288703393,1.1314972288703393,1.0
706.05,1,-3.542565179487376,-4.439913847253848,1.6072724961890565,1.6072724961890565,1.0
706.207619393678,2,7.105854452717779,6.416155315909307,8.120575730773112,8.120575730773112,1.0
706.3,1,-8.59678612770957,1.6884947287810164,4.062235271736445,4.062235271736445,1.0
706.4076193936779,2,-0.2683070109638237,-2.288727786026012,0.42777912356203984,0.42777912356203984,1.0
706.55,1,0.7043327745948957,2.122446161775642,0.23347409713502007,0.23347409713502007,1.0
706.607619393678,2,2.387782626002206,-9.999818495441481,8.691845304777978,8.691845304777978,1.0
706.8,1,5.3647554974683445,5.6680589000506885,2.945845733843286,2.945845733843286,1.0
706.8076193936779,2,0.4548574872749711,-1.5692268650986883,0.22329393307731982,0.22329393307731982,1.0
707.0076193936779,2,1.257349905201167,3.5770888352739973,1.158235627107246,1.158235627107246,1.0
707.05,1,-2.5213457112978404,-6.788674783669002,2.524130170358001,2.524130170358001,1.0
707.207619393678,2,1.8222006929551426,0.5270266167554318,0.34211521931872374,0.34211521931872374,1.0
707.3,1,-9.172264776394243,0.35906392873495463,4.4821839569806015,4.4821839569806015,1.0
707.4076193936779,2,0.2923097405178794,3.589245972177192,1.0442483886078517,1.0442483886078517,1.0
707.55,1,0.5147398076766407,-0.9815492446613163,0.05828036885808158,0.05828036885808158,1.0
707.607619393678,2,-4.719674221383542,-1.3760038680078175,2.3502533310769302,2.3502533310769302,1.0
707.8,1,0.8401225055017036,1.1202100367018133,0.09344824111040588,0.09344824111040588,1.0
707.8076193936779,2,6.307734658637216,-1.3740438998704931,4.126507973518923,4.126507973518923,1.0
708.0076193936779,2,1.6211950966747821,0.9488546099240764,0.32154134124193556,0.32154134124193556,1.0
708.05,1,11.60138594724188,9.328679139493005,9.454051280047603,11.376600770801593,1.2351987343938537
708.207619393678,2,-6.019295603609983,-1.3044007855704862,3.599230313144196,3.599230313144196,1.0
708.3,1,-1.5908320126182502,-1.1375231794581175,0.19458877402691352,0.19458877402691352,1.0
708.4076193936779,2,-9.974054580844914,-0.6360850701527134,9.34727179533257,9.687737796052641,1.0518327667378085
708.55,1,1.1424396127427414,-6.43420180299433,1.9681747149760058,1.9681747149760058,1.0
708.607619393678,2,1.6831404346722039,2.4046675114399,0.7456987563279338,0.7456987563279338,1.0
708.8,1,-4.505215768351597,-2.773054606852174,1.3953221223367098,1.3953221223367098,1.0
708.8076193936779,2,4.984386731065477,-5.886047632494439,5.317642730330871,5.317642730330871,1.0
709.0076193936779,2,1.6736091446112837,0.16495389840137875,0.26889630384338203,0.26889630384338203,1.0
709.05,1,14.84681595602477,-5.840071875874244,9.621575361315546,13.495535385609259,1.465259137075044
709.207619393678,2,-5.033117924235036,-6.6344814579518925,5.862802810786315,5.862802810786315,1.0
709.3,1,-0.8372470319978405,5.879361499248372,1.644201779959248,1.644201779959248,1.0
709.4076193936779,2,4.075892024059719,-1.4100350552366265,1.7665662143103564,1.7665662143103564,1.0
709.55,1,-2.838082035619223,1.6366297669934866,0.5446219441899837,0.5446219441899837,1.0
709.607619393678,2,4.2139055744884,3.0122503208686027,2.4807100713949506,2.4807100713949506,1.0
709.8,1,2.1495627208049655,-0.572057401811719,0.2533756129746396,0.2533756129746396,1.0
709.8076193936779,2,-0.4174258621059934,2.2802858913898447,0.444687499931453,0.444687499931453,1.0
710.0076193936779,2,1.7064140282011238,0.20988255834188152,0.2810058523961675,0.2810058523961675,1.0
710.05,1,-0.554095456814629,4.7574091856222225,1.0875597620593156,1.0875597620593156,1.0
710.207619393678,2,-2.1153549020857625,1.5312444913534975,0.6176410613664333,0.6176410613664333,1.0
710.3,1,-3.7287218323947187,-0.8667137674131951,0.7747749809586288,0.7747749809586288,1.0
710.4076193936779,2,-3.146121733680694,-1.8329410324932525,1.2346470472185458,1.2346470472185458,1.0
710.55,1,3.6939827252449007,-11.446536971370946,6.7513484838575275,6.7513484838575275,1.0
710.607619393678,2,-6.391908192253538,0.10092414966524643,4.028872366045921,4.028872366045921,1.0
710.8,1,1.8773471233226502,-0.7726051146640884,0.20920942445724594,0.20920942445724594,1.0
710.8076193936779,2,2.085676209679889,0.020160718649634646,0.4341662419392442,0.4341662419392442,1.0
711.0076193936779,2,2.718375067395506,-2.2569617083320566,1.1056049274287614,1.1056049274287614,1.0
711.05,1,3.245471843313858,-1.5981096920469895,0.6888264251342997,0.6888264251342997,1.0
711.207619393678,2,-1.092356968936997,2.8432007499967256,0.7578654743847875,0.7578654743847875,1.0
711.3,1,-5.691757929788707,3.090623038841457,2.1696383937968324,2.1696383937968324,1.0
711.4076193936779,2,0.777711934034329,4.117122140770348,1.4217475719721366,1.4217475719721366,1.0
711.55,1,0.30676158497093553,6.133810930084401,1.7380397098459668,1.7380397098459668,1.0
711.607619393678,2,3.057944816403051,-2.209872610155678,1.3190766545091261,1.3190766545091261,1.0
711.8,1,-2.470642159772858,5.18134087655757,1.5343456287835204,1.5343456287835204,1.0
711.8076193936779,2,4.1261217801994405,-0.6893923935107225,1.7383662928048598,1.7383662928048598,1.0
712.0076193936779,2,0.361887079349664,0.3070432150264537,0.01991324758851243,0.01991324758851243,1.0
712.05,1,-5.066812354931528,7.333596858046647,3.929925773283473,3.929925773283473,1.0
712.207619393678,2,1.987993727182733,0.4725482765079647,0.3986765922080456,0.3986765922080456,1.0
712.3,1,-10.885170268483193,-3.889549845503865,7.0109533866830125,7.0109533866830125,1.0
712.4076193936779,2,-0.5446003820267578,-1.4523444688396978,0.19852983766875515,0.19852983766875515,1.0
712.55,1,3.584825728633085,1.747728838875581,0.8148263031905465,0.8148263031905465,1.0
712.607619393678,2,0.24535902105122176,-3.2615989918380848,0.8712166568680448,0.8712166568680448,1.0
712.8,1,2.178988422410086,-8.357860674690123,3.4173423820770537,3.4173423820770537,1.0
712.8076193936779,2,4.190235421589705,0.7428778178856135,1.798108974211148,1.798108974211148,1.0
713.0076193936779,2,4.816505448114384,1.734187135300715,2.449666555628082,2.449666555628082,1.0
713.05,1,-4.986267150484011,-3.8054784460364814,2.026235754929977,2.026235754929977,1.0
713.207619393678,2,-0.8499892551288042,-2.2590503728587947,0.4756181821851355,0.4756181821851355,1.0
713.3,1,0.08927450363227507,1.1089181658420415,0.057867510782066256,0.057867510782066256,1.0
713.4076193936779,2,-0.17588327877550114,2.2138101659819966,0.3971478429058731,0.3971478429058731,1.0
713.55,1,-1.7944598297737215,3.556567843542453,0.7516620236601088,0.7516620236601088,1.0
713.607619393678,2,1.0918857572877982,2.9731688334820703,0.836578995317862,0.836578995317862,1.0
713.8,1,0.39585411911972557,-4.457528848661475,0.9103471141918715,0.9103471141918715,1.0
713.8076193936779,2,-1.9894697486291477,-0.03227356079152344,0.39517902469838534,0.39517902469838534,1.0
714.0076193936779,2,-0.3242641937137094,7.229809229338088,4.125793835342781,4.125793835342781,1.0
714.05,1,2.7259466568593744,1.5385866065562084,0.5127670685809865,0.5127670685809865,1.0
714.207619393678,2,4.424673036345638,0.5078026319542488,1.9075488343185436,1.9075488343185436,1.0
714.3,1,-3.6496184243417424,-3.402207282689993,1.2494114322147125,1.2494114322147125,1.0
714.4076193936779,2,-0.49694697369255536,0.7140297849335226,0.06506997846202331,0.06506997846202331,1.0
714.55,1,2.1210419837335976,-0.044023338277092705,0.23607804441594316,0.23607804441594316,1.0
714.607619393678,2,-1.6982850855941862,0.5265515596802359,0.3069600453230547,0.3069600453230547,1.0
714.8,1,-4.279463737733529,7.448249871564876,3.465557483606679,3.465557483606679,1.0
714.8076193936779,2,-0.5352760824285987,5.009859001857215,2.0943820032873686,2.0943820032873686,1.0
715.0076193936779,2,-5.7738229251458115,-1.3479138351080522,3.323007806803273,3.323007806803273,1.0
715.05,1,-0.566246943316866,-4.754385132101234,1.0872077333039472,1.0872077333039472,1.0
715.207619393678,2,-1.4706101467295412,2.3525823235445884,0.6487546541656019,0.6487546541656019,1.0
715.3,1,-0.531387171312506,-5.050414396582326,1.2065330512814227,1.2065330512814227,1.0
715.4076193936779,2,0.2000981332471241,2.8262028304355553,0.6462540772849042,0.6462540772849042,1.0
715.55,1,-6.661289550430478,-6.447610332181611,4.242848980700575,4.242848980700575,1.0
715.607619393678,2,-2.612012117674091,-0.12469887548531489,0.6740473710285395,0.6740473710285395,1.0
715.8,1,1.6652069444215911,-4.717551882688355,1.1538942984000773,1.1538942984000773,1.0
715.8076193936779,2,-2.024615142269294,-2.4432267783287145,0.9005010900387873,0.9005010900387873,1.0
716.0076193936779,2,4.11894004445999,-1.079008750379046,1.7100004320121658,1.7100004320121658,1.0
716.05,1,-1.7407289755863289,1.9058851067275882,0.3353385307440597,0.3353385307440597,1.0
716.207619393678,2,1.3859472928418342,0.8214388369251608,0.23882692447509338,0.23882692447509338,1.0
716.3,1,-1.250454689467393,1.801353665396519,0.2347771473848138,0.2347771473848138,1.0
716.4076193936779,2,-1.6346712993838288,-2.5906083599953504,0.8001608568768113,0.8001608568768113,1.0
716.55,1,5.677143710703401,0.5219824311119581,1.7032068966952636,1.7032068966952636,1.0
716.607619393678,2,4.679028012708313,-5.9300750714191395,5.01930787472093,5.01930787472093,1.0
716.8,1,-5.84777473707244,0.5307055452263825,1.7800321037116498,1.7800321037116498,1.0
716.8076193936779,2,2.353168499634176,7.110169717958776,4.713747367572348,4.713747367572348,1.0
717.0076193936779,2,0.8112231136316712,-2.6644197835404384,0.6217713607885221,0.6217713607885221,1.0
717.05,1,11.766198198594736,-0.23157839037047268,7.46840940602337,7.46840940602337,1.0
717.207619393678,2,-5.056898579255641,-0.7735107890981752,2.5124612409467977,2.5124612409467977,1.0
717.3,1,0.7428063324701704,-2.3742840822853566,0.2926931835921326,0.2926931835921326,1.0
717.4076193936779,2,-4.163864116404627,4.297152983023167,3.174813544567233,3.174813544567233,1.0
717.55,1,1.7678976399567645,5.431875415926903,1.5232755592545573,1.5232755592545573,1.0
717.607619393678,2,0.42329683814653407,1.7847549456784293,0.27676606416767785,0.27676606416767785,1.0
717.8,1,-9.59056135414956,1.3418717946410865,4.835150144396748,4.835150144396748,1.0
717.8076193936779,2,-0.025353643124669034,-2.18665859097748,0.39361274940478813,0.39361274940478813,1.0
718.0076193936779,2,-1.2895895622324698,0.8964700152609169,0.2219160240990738,0.2219160240990738,1.0
718.05,1,4.420442923102951,4.883106423120331,2.182393269392474,2.182393269392474,1.0
718.207619393678,2,5.453009605384304,-0.5485116333840168,2.890071954542292,2.890071954542292,1.0
718.3,1,0.7174400665342038,-6.680001901432433,2.111863699803496,2.111863699803496,1.0
718.4076193936779,2,0.8340981757325405,-0.349624513694593,0.07763795456437855,0.07763795456437855,1.0
718.55,1,5.7699488544207105,2.2458750332603756,1.9787593141928874,1.9787593141928874,1.0
718.607619393678,2,4.381085858802255,0.508888061936652,1.9137921934263582,1.9137921934263582,1.0
718.8,1,-1.9891597611983873,-0.7119328394776829,0.22749719304670696,0.22749719304670696,1.0
718.8076193936779,2,2.1323108973720974,3.120011658849151,1.25508584941403,1.25508584941403,1.0
719.0076193936779,2,1.7306481551973154,-0.9588585971189048,0.35809735734290976,0.35809735734290976,1.0
719.05,1,-4.972529518501828,1.8988406395690234,1.5040707066336494,1.5040707066336494,1.0
719.207619393678,2,-2.026910725485015,-5.027772872739824,2.4069844757891667,2.4069844757891667,1.0
719.3,1,-4.153923896140593,-3.1239260695620104,1.3739741501749483,1.3739741501749483,1.0
719.4076193936779,2,1.0312140594244146,-3.311121368207125,0.9853365761142853,0.9853365761142853,1.0
719.55,1,-8.68661123426428,-4.820969656235128,5.028945201244895,5.028945201244895,1.0
719.607619393678,2,2.5519967077618357,0.25653226677069796,0.6475744104274961,0.6475744104274961,1.0
719.8,1,-5.431416962787793,4.024495713376389,2.2600203469086106,2.2600203469086106,1.0
719.8076193936779,2,1.0096223157431545,-3.221435172383117,0.9559057339798177,0.9559057339798177,1.0
720.0076193936779,2,0.18886919908177724,-1.367212502166197,0.15059227400581776,0.15059227400581776,1.0
720.05,1,3.502845985715294,2.1351194568479457,0.8774612548000924,0.8774612548000924,1.0
720.207619393678,2,-9.541032418330499,-2.3239302142034433,9.20399450459927,9.20399450459927,1.0
720.3,1,-4.0789245477448235,-3.1958693823532514,1.3623599099082764,1.3623599099082764,1.0
720.4076193936779,2,4.663846969993709,10.705202156424448,9.727683173418308,11.336292392699535,1.2308223078478053
720.55,1,-3.398714400052471,0.7184930806412098,0.6240683774686596,0.6240683774686596,1.0
720.607619393678,2,-5.45110320754363,0.2883327762092236,2.897677203922444,2.897677203922444,1.0
720.8,1,6.671491043889755,-1.3506513102634656,2.370817729950998,2.370817729950998,1.0
720.8076193936779,2,-3.6493968459185897,3.4176289147847143,2.2755990834561812,2.2755990834561812,1.0
721.0076193936779,2,1.8863690973431417,-6.276487300255468,3.426541398546698,3.426541398546698,1.0
721.05,1,8.854001230445466,-1.7085013891537244,4.360242948927296,4.360242948927296,1.0
721.207619393678,2,4.104192301296592,5.089639154677187,3.6776879841796095,3.6776879841796095,1.0
721.3,1,2.52351855068072,0.6341963093619682,0.35745239910640414,0.35745239910640414,1.0
721.4076193936779,2,-5.580971803789058,-0.10093497492484715,3.0348497103096133,3.0348497103096133,1.0
721.55,1,8.527441498215165,0.40293280697517275,3.821573075630192,3.821573075630192,1.0
721.607619393678,2,1.7485880585792746,-0.6465916561056915,0.33548357748299634,0.33548357748299634,1.0
721.8,1,4.573592884767432,1.6959598531317397,1.2116198434389829,1.2116198434389829,1.0
721.8076193936779,2,1.4466428976192667,2.2253930236776185,0.6165215893840522,0.6165215893840522,1.0
722.0076193936779,2,-3.7746364005486317,3.6674586363620065,2.418034327401478,2.418034327401478,1.0
722.05,1,-8.976788501745842,-3.7870862459324,5.024294802577603,5.024294802577603,1.0
722.207619393678,2,0.9252012518207238,0.09478634805725505,0.0832080164916309,0.0832080164916309,1.0
722.3,1,8.204664180984967,8.313543869193651,6.809751536153303,6.809751536153303,1.0
722.4076193936779,2,0.9138917765410746,-2.4433102330290453,0.5613756645941034,0.5613756645941034,1.0
722.55,1,-8.303858022655746,-3.1020492967536057,4.0597855251945205,4.0597855251945205,1.0
722.607619393678,2,1.4114158930247065,-5.9042057505252075,3.0312351104748543,3.0312351104748543,1.0
722.8,1,0.9227830268586281,2.1829638087457397,0.26035236807481466,0.26035236807481466,1.0
722.8076193936779,2,3.488874276991705,1.650369123869197,1.4389254346363773,1.4389254346363773,1.0
723.0076193936779,2,3.8209796773295004,-1.985202442579805,1.7025480497153462,1.7025480497153462,1.0
723.05,1,-5.802731842938211,-0.6494259030557714,1.83563666433554,1.83563666433554,1.0
723.207619393678,2,-3.3291771121479243,-1.6686325600466674,1.2895789174855359,1.2895789174855359,1.0
723.3,1,3.1278702997362657,-3.351366871735152,1.045158569807946,1.045158569807946,1.0
723.4076193936779,2,2.7077044821633827,1.6142663244508313,0.9240284496116186,0.9240284496116186,1.0
723.55,1,0.5076553558740464,5.956910061937606,1.6482377173067324,1.6482377173067324,1.0
723.607619393678,2,-4.557584737812199,0.7751741213026477,2.097046637578426,2.097046637578426,1.0
723.8,1,0.80232729928343,-4.598544631055752,0.9934860066261308,0.9934860066261308,1.0
723.8076193936779,2,-6.6624233768917875,-1.3329686601046475,4.577051149731833,4.577051149731833,1.0
724.0076193936779,2,0.6220205762776736,7.249922666743565,4.175589185031068,4.175589185031068,1.0
724.05,1,3.0728942182265087,-7.0542944304696675,2.864626596052915,2.864626596052915,1.0
724.207619393678,2,1.2377922803438324,0.14109518526369413,0.14926284578811863,0.14926284578811863,1.0
724.3,1,2.361050850414969,-2.115073834140631,0.5055833819642592,0.5055833819642592,1.0
724.4076193936779,2,-3.958530051496318,-0.8214118446327134,1.5815164181012171,1.5815164181012171,1.0
724.55,1,-3.3090727641590156,2.256160564707386,0.808902125721584,0.808902125721584,1.0
724.607619393678,2,-2.287780714722924,-7.215426226589898,4.750883679639437,4.750883679639437,1.0
724.8,1,-1.7564793786316812,-0.3704807033410802,0.16567337894429135,0.16567337894429135,1.0
724.8076193936779,2,0.13154575159084914,3.919517374566837,1.2661734229462571,1.2661734229462571,1.0
725.0076193936779,2,1.0299082236595822,3.9165781034521885,1.3090336191612466,1.3090336191612466,1.0
725.05,1,4.62111454993299,4.36461805723485,2.0532766003575107,2.0532766003575107,1.0
725.207619393678,2,3.3133591877303203,4.483903238893397,2.6575983146917856,2.6575983146917856,1.0
725.3,1,2.7426810702383335,-5.3992671709843165,1.7620324900340103,1.7620324900340103,1.0
725.4076193936779,2,1.6768426718705314,-0.9688931688509967,0.3495391782191929,0.3495391782191929,1.0
725.55,1,-1.028220204410708,-2.949641862659,0.45628724628023154,0.45628724628023154,1.0
725.607619393678,2,-0.17521910177998734,1.090447786561512,0.09974598924188952,0.09974598924188952,1.0
725.8,1,6.796746824967336,3.4566904640311833,2.929913171325326,2.929913171325326,1.0
725.8076193936779,2,-3.801023138532294,0.3923395677025283,1.4548774094318138,1.4548774094318138,1.0
726.0076193936779,2,2.641643871205993,-1.723545615474336,0.8995467771529381,0.8995467771529381,1.0
726.05,1,-8.018718591715327,3.466827453252513,4.036387032965663,4.036387032965663,1.0
726.207619393678,2,-7.6465337898703325,-2.179280898349937,6.013547881729018,6.013547881729018,1.0
726.3,1,-5.159878539387364,-3.650585315988387,2.039150623099994,2.039150623099994,1.0
726.4076193936779,2,0.8311575847335888,-6.441335659514657,3.40402426808306,3.40402426808306,1.0
726.55,1,1.1902481348234843,1.034797198913573,0.12364631982282011,0.12364631982282011,1.0
726.607619393678,2,-0.11764446401225825,1.6595994248465331,0.22539680306349738,0.22539680306349738,1.0
726.8,1,-0.10448447082518442,-7.520863636943247,2.5690525459714815,2.5690525459714815,1.0
726.8076193936779,2,3.6533676738806165,7.5191681879948575,5.985798685085758,5.985798685085758,1.0
727.0076193936779,2,7.251948189159748,-3.30621016386862,5.877262259170782,5.877262259170782,1.0
727.05,1,1.113800630112209,0.3434840396160581,0.07248391253161895,0.07248391253161895,1.0
727.207619393678,2,2.0020958126681094,-2.05726853299182,0.7230588517133364,0.7230588517133364,1.0
727.3,1,-8.883458296690137,5.521645956457135,5.623145172462598,5.623145172462598,1.0
727.4076193936779,2,-3.759045324462022,0.04660500452030192,1.377380656582783,1.377380656582783,1.0
727.55,1,1.634929306822734,-1.5567823729924655,0.2518700182256262,0.2518700182256262,1.0
727.607619393678,2,4.6745360953993185,6.315331038418904,5.398897976449691,5.398897976449691,1.0
727.8,1,-2.670597425365365,-7.179593729172225,2.709263552423678,2.709263552423678,1.0
727.8076193936779,2,1.298945869490197,-0.4284744428660403,0.18353848813313345,0.18353848813313345,1.0
728.0076193936779,2,-2.467324426040875,0.7791410798650986,0.6284948733606831,0.6284948733606831,1.0
728.05,1,2.837098286006281,-9.539622512308839,4.741560933789541,4.741560933789541,1.0
728.207619393678,2,-3.6505758866534066,2.57510555384205,1.8120690598866098,1.8120690598866098,1.0
728.3,1,3.007817937073874,1.694731853391545,0.6155333906666217,0.6155333906666217,1.0
728.4076193936779,2,-0.7306790171201314,0.3236538770851496,0.06045936345780258,0.06045936345780258,1.0
728.55,1,7.39767955890359,-2.3724011138439423,3.129987118798528,3.129987118798528,1.0
728.607619393678,2,-5.652309704849692,-0.6987823258717469,3.190195698169746,3.190195698169746,1.0
728.8,1,0.5657376081065308,8.61910772652259,3.389937545845116,3.389937545845116,1.0
728.8076193936779,2,2.9227786218482947,1.0141607235075867,0.9374074745924483,0.9374074745924483,1.0
729.0076193936779,2,2.496045629737445,-2.2381073783753607,0.9887189864906378,0.9887189864906378,1.0
729.05,1,-1.346294864685575,-5.812204220375882,1.696727133186834,1.696727133186834,1.0
729.207619393678,2,4.1762016112773495,-1.8283720017987406,1.947017705284301,1.947017705284301,1.0
729.3,1,1.1052603328043276,-7.894055331902507,2.9760115647264804,2.9760115647264804,1.0
729.4076193936779,2,1.267036802629434,-3.5088275232590647,1.1465946228363275,1.1465946228363275,1.0
729.55,1,-1.0427238136726587,0.8380048193451088,0.08938717672198285,0.08938717672198285,1.0
729.607619393678,2,-0.7884896506222177,5.146020079647009,2.215320089396267,2.215320089396267,1.0
729.8,1,4.404727202004935,2.9151993480976266,1.388562690401502,1.388562690401502,1.0
729.8076193936779,2,-5.7978929968332125,-1.1643435524854269,3.467196441426389,3.467196441426389,1.0
730.0076193936779,2,-2.587535776336395,-4.77388175632457,2.433177404165323,2.433177404165323,1.0
730.05,1,-3.024449476952192,-1.1080122803872783,0.5513984645529185,0.5513984645529185,1.0
730.207619393678,2,2.715976035873517,8.244501927240503,6.11838674630004,6.11838674630004,1.0
730.3,1,9.001650893264824,3.4945610885869165,4.88185249970338,4.88185249970338,1.0
730.4076193936779,2,-2.376514508155303,5.945415085106308,3.3931628389508313,3.3931628389508313,1.0
730.55,1,-6.597852326616632,5.9845585881432655,3.9335133568033323,3.9335133568033323,1.0
730.607619393678,2,-4.881232523005025,4.9967362546624265,4.380395435146458,4.380395435146458,1.0
730.8,1,-1.6034888253062434,-3.0849181109611266,0.5650218490725144,0.5650218490725144,1.0
730.8076193936779,2,3.0481849211089624,-4.9127937775771215,2.9140232903584975,2.9140232903584975,1.0
731.0076193936779,2,1.637672215426825,-0.14780752828860244,0.2575486853644357,0.2575486853644357,1.0
731.05,1,3.5252680621898023,9.504055649879763,4.945615935151698,4.945615935151698,1.0
731.207619393678,2,-4.913686561823489,3.529142254703334,3.318053272681451,3.318053272681451,1.0
731.3,1,5.9071955044833615,-4.919166648950352,2.987059399008851,2.987059399008851,1.0
731.4076193936779,2,-3.548434116038983,-2.9209081458130584,1.913330212217215,1.913330212217215,1.0
731.55,1,-5.441515186264134,-13.270973661381955,9.280760234897116,9.667129236763122,1.0495952208429549
731.607619393678,2,-3.459133186323193,-2.3002856555733047,1.6069200214233121,1.6069200214233121,1.0
731.8,1,4.775782779900339,-1.218002851667272,1.2449878524096951,1.2449878524096951,1.0
731.8076193936779,2,-6.309052315656288,-2.0500331845256845,4.314248519750907,4.314248519750907,1.0
732.0076193936779,2,1.0885364400857256,2.48594227387372,0.599138906401004,0.599138906401004,1.0
732.05,1,3.582963845538771,5.07150896238873,1.9092200511321307,1.9092200511321307,1.0
732.207619393678,2,2.2848559741601235,-4.688189119978636,2.250825050929784,2.250825050929784,1.0
732.3,1,-1.4226269061926544,-4.210414883033366,0.9356907734760813,0.9356907734760813,1.0
732.4076193936779,2,5.094712249862091,0.13502286818751585,2.5308849952578383,2.5308849952578383,1.0
732.55,1,6.314576008453884,-2.876353451586821,2.4726992264020193,2.4726992264020193,1.0
732.607619393678,2,-0.8260418772041973,-1.0518237685972913,0.15726900324162651,0.15726900324162651,1.0
732.8,1,2.2391916482831533,-3.177361327279641,0.7175474514306027,0.7175474514306027,1.0
732.8076193936779,2,-3.263809191849795,-1.887802223015381,1.3566802131126647,1.3566802131126647,1.0
733.0076193936779,2,-0.849815827362697,5.261317562746596,2.24857503597921,2.24857503597921,1.0
733.05,1,7.646874787279437,-0.9006796092593383,3.1917736032956765,3.1917736032956765,1.0
733.207619393678,2,0.5915161970635623,-2.5963782577634404,0.570003273881469,0.570003273881469,1.0
733.3,1,3.531026861601461,-7.976607662606019,3.635591264208072,3.635591264208072,1.0
733.4076193936779,2,1.165840098808971,1.684756504498015,0.36073034294873907,0.36073034294873907,1.0
733.55,1,-5.82714168570039,5.6293642261861185,3.2410927735735813,3.2410927735735813,1.0
733.607619393678,2,-4.292149887944973,11.850412788107924,10.050545380065998,13.239118428254878,1.437419019663687
733.8,1,-2.7189141431094015,4.414829940248707,1.2477891913406831,1.2477891913406831,1.0
733.8076193936779,2,-0.721455787132335,-1.397560957516812,0.20864995287245097,0.20864995287245097,1.0
734.0076193936779,2,4.647020786702001,1.1001629668091404,2.1234752813692546,2.1234752813692546,1.0
734.05,1,3.8867808022944246,5.254510377954961,2.112401902139212,2.112401902139212,1.0
734.207619393678,2,1.3523446540744146,-3.168460020663508,0.9683865689970514,0.9683865689970514,1.0
734.3,1,4.9587859388858675,2.7236497278042373,1.6515278891184246,1.6515278891184246,1.0
734.4076193936779,2,-4.011277715752136,1.3448684037552079,1.708881346281026,1.708881346281026,1.0
734.55,1,3.7891657769610845,-1.4545381483601585,0.8500170829469365,0.8500170829469365,1.0
734.607619393678,2,-5.67098814550328,-3.0363662365040973,3.917782439555238,3.917782439555238,1.0
734.8,1,2.111511496953206,5.307223759225165,1.509192046659296,1.509192046659296,1.0
734.8076193936779,2,2.6173817861398803,1.4877022598026919,0.8658862669816106,0.8658862669816106,1.0
735.0076193936779,2,-2.1895949774809793,-1.8331500638722424,0.7219252617886049,0.7219252617886049,1.0
735.05,1,9.692179379751096,0.2962130572995316,5.069965252034758,5.069965252034758,1.0
735.207619393678,2,-0.12707361092893166,0.6970254513743264,0.040204127326273376,0.040204127326273376,1.0
735.3,1,-4.354109216259516,-1.5311485099269513,1.118144968232278,1.118144968232278,1.0
735.4076193936779,2,-3.679874000741485,-1.6281989563190171,1.532593780243245,1.532593780243245,1.0
735.55,1,-2.455154234835497,-9.856231191905877,4.790894103242915,4.790894103242915,1.0
735.607619393678,2,4.0226559563488635,-2.7761898954754836,2.2218105129745536,2.2218105129745536,1.0
735.8,1,1.9402927431457186,3.537391108624597,0.7625618405264968,0.7625618405264968,1.0
735.8076193936779,2,1.0891312948312049,-1.1488270369525457,0.22695630498833944,0.22695630498833944,1.0
736.0076193936779,2,-2.2510287729795806,0.675438984783364,0.5190126153758807,0.5190126153758807,1.0
736.05,1,-5.51073013517459,-1.5011813301072303,1.744057245694386,1.744057245694386,1.0
736.207619393678,2,-3.4544336228696366,3.9605349842395494,2.3971349345722803,2.3971349345722803,1.0
736.3,1,-5.541352122292558,7.714131322111715,4.412957808866582,4.412957808866582,1.0
736.4076193936779,2,5.552875621632211,-2.770025113833901,3.6212904626599896,3.6212904626599896,1.0
736.55,1,1.7436064017533326,-5.587513133249672,1.5976057364720821,1.5976057364720821,1.0
736.607619393678,2,-4.020980048469141,-2.0343943880631716,1.9306681416657527,1.9306681416657527,1.0
736.8,1,1.8891043889068015,-3.231819831074988,0.6586542819937607,0.6586542819937607,1.0
736.8076193936779,2,-0.083165007022032,2.304503221007055,0.4377507244041302,0.4377507244041302,1.0
737.0076193936779,2,-1.4617375538598054,-4.456321470275235,1.7673873400119364,1.7673873400119364,1.0
737.05,1,-5.554890400921622,0.7340145867295949,1.6894952308797704,1.6894952308797704,1.0
737.207619393678,2,-0.1326275006854445,-2.2250855530577365,0.3955497889226338,0.3955497889226338,1.0
737.3,1,7.289187112859025,0.8776005231791064,2.86299750268799,2.86299750268799,1.0
737.4076193936779,2,0.9973315637058491,-2.07366525223223,0.44275604374109423,0.44275604374109423,1.0
737.55,1,0.5067037389198887,5.513846906671841,1.414128630621984,1.414128630621984,1.0
737.607619393678,2,0.1253395407361353,5.144301739095148,2.1541204713856454,2.1541204713856454,1.0
737.8,1,3.1390024085538997,0.258538335106266,0.5122454553718283,0.5122454553718283,1.0
737.8076193936779,2,-0.3395296454022443,-0.9322932272046174,0.08304630564657024,0.08304630564657024,1.0
738.0076193936779,2,-1.7855627558774856,-4.510748706765936,1.906251774115048,1.906251774115048,1.0
738.05,1,6.3332990514070175,4.422951270262391,3.0889923224729308,3.0889923224729308,1.0
738.207619393678,2,2.869768103539883,2.3562437394474713,1.2354612604878366,1.2354612604878366,1.0
738.3,1,11.273896787420668,-1.3987581943313678,6.854042074239101,6.854042074239101,1.0
738.4076193936779,2,0.6043669143857713,2.958415814264434,0.7394451971089939,0.7394451971089939,1.0
738.55,1,0.20561158290975357,-4.197746225230816,0.8140220734112915,0.8140220734112915,1.0
738.607619393678,2,-0.6194225659276356,-0.5874269722088243,0.06590211219673342,0.06590211219673342,1.0
738.8,1,-3.531625328760491,3.835137782009536,1.3124320940712748,1.3124320940712748,1.0
738.8076193936779,2,-1.9328901742479871,0.2017024806335641,0.37628694080618114,0.37628694080618114,1.0
739.0076193936779,2,1.7987574288415757,-0.09368602044074947,0.3093153773742049,0.3093153773742049,1.0
739.05,1,-0.39810743462521003,-4.979433863044864,1.1821429131975767,1.1821429131975767,1.0
739.207619393678,2,-1.437636526754524,3.9837933232027467,1.4617458957847043,1.4617458957847043,1.0
739.3,1,-2.863033241959222,7.470885915881222,3.0433988971513237,3.0433988971513237,1.0
739.4076193936779,2,-0.5614773188907378,-4.970349713068238,2.0174385238228876,2.0174385238228876,1.0
739.55,1,-2.811801874834714,-3.777215193147189,1.0720289354048766,1.0720289354048766,1.0
739.607619393678,2,2.0302957090048537,-2.9411689517293134,1.1101053271610164,1.1101053271610164,1.0
739.8,1,1.4408062688986973,-12.732071178378455,7.468318240861756,7.468318240861756,1.0
739.8076193936779,2,-3.5477905487879156,4.983056192849787,3.3001902329444426,3.3001902329444426,1.0
740.0076193936779,2,1.4758562402127495,-2.9264573608930533,0.8821226831359156,0.8821226831359156,1.0
740.05,1,5.227841306734547,3.446987842182903,2.0362424788987386,2.0362424788987386,1.0
740.207619393678,2,-2.436536130447294,-1.7107811102895987,0.8050623026604764,0.8050623026604764,1.0
740.3,1,2.124890776100351,5.929312532356157,1.8825393283581544,1.8825393283581544,1.0
740.4076193936779,2,3.034228856632936,-3.962925537779288,2.1602919089503283,2.1602919089503283,1.0
740.55,1,6.289657503053803,2.92116298270491,2.4682775734950275,2.4682775734950275,1.0
740.607619393678,2,-0.0034526988064484954,2.812525961876382,0.6434265808916544,0.6434265808916544,1.0
740.8,1,7.503945203222159,2.900490214459154,3.292028717398637,3.292028717398637,1.0
740.8076193936779,2,-8.949923547596157,-1.8928603393352006,8.290850890068176,8.290850890068176,1.0
741.0076193936779,2,-0.1750031186733878,-3.331145919535622,0.8766819796991763,0.8766819796991763,1.0
741.05,1,-7.779106345017041,3.4524869639796023,3.827570986685883,3.827570986685883,1.0
741.207619393678,2,-7.771844943538277,-3.7121605958057415,6.918258717846367,6.918258717846367,1.0
741.3,1,2.6988177685582357,0.27652199808397526,0.3911147907411843,0.3911147907411843,1.0
741.4076193936779,2,4.178655165154581,-2.787270069771761,2.3266091109888105,2.3266091109888105,1.0
741.55,1,1.204555187409916,-0.586647301711956,0.09196660565968072,0.09196660565968072,1.0
741.607619393678,2,1.5239167216047846,2.378629998848826,0.6892189816767412,0.6892189816767412,1.0
741.8,1,3.2681137529056485,-0.6680543427121073,0.5722279656741844,0.5722279656741844,1.0
741.8076193936779,2,-1.3447396590122906,7.016335829826037,4.232396972513259,4.232396972513259,1.0
742.0076193936779,2,4.300248885745056,7.3977470964710115,6.073203245026587,6.073203245026587,1.0
742.05,1,-2.3930700754051344,5.549026647655385,1.766286895656288,1.766286895656288,1.0
742.207619393678,2,2.6255791972608336,1.919958184867724,0.9577207381050183,0.9577207381050183,1.0
742.3,1,-2.530422544519837,0.4130016626328157,0.34865744964280143,0.34865744964280143,1.0
742.4076193936779,2,0.32689242036494903,4.65743751999095,1.7548756311022815,1.7548756311022815,1.0
742.55,1,-4.6188241206359635,1.1573242451915107,1.180778638241058,1.180778638241058,1.0
742.607619393678,2,3.1858236360476937,-0.19528208913039435,1.0039496383373159,1.0039496383373159,1.0
742.8,1,0.11653254086292719,-9.259920908867233,3.894356547372093,3.894356547372093,1.0
742.8076193936779,2,-2.1898587092882664,0.08294269921614017,0.4792664934361404,0.4792664934361404,1.0
743.0076193936779,2,-2.165239929104004,-2.7893092837054567,1.0598354339489864,1.0598354339489864,1.0
743.05,1,3.5229621740369765,4.812202057484257,1.7654046743038205,1.7654046743038205,1.0
743.207619393678,2,7.969018082871884,-1.137379999671552,6.224077724296225,6.224077724296225,1.0
743.3,1,-5.329742736954103,0.15771833260246382,1.512582106895271,1.512582106895271,1.0
743.4076193936779,2,-3.2648805225853863,-1.9167261133247209,1.334363366007759,1.334363366007759,1.0
743.55,1,-1.7123745031781894,-0.19144144209555947,0.1555013272903657,0.1555013272903657,1.0
743.607619393678,2,-0.958381910507498,4.521620877556039,1.7535785830855226,1.7535785830855226,1.0
743.8,1,-4.190861821442255,2.909970856066849,1.292178066121231,1.292178066121231,1.0
743.8076193936779,2,-4.209499247999993,-0.6193550950563989,1.800428674702232,1.800428674702232,1.0
744.0076193936779,2,-3.7596642190233283,-1.6553050184066649,1.564075022868387,1.564075022868387,1.0
744.05,1,0.8813688855933748,-3.6200959604901826,0.6621922553176843,0.6621922553176843,1.0
744.207619393678,2,1.9389341254147467,3.534379382560509,1.3561344038387624,1.3561344038387624,1.0
744.3,1,5.031963436397831,-6.162534802081055,3.1212853284413953,3.1212853284413953,1.0
744.4076193936779,2,-1.02796745942333,-0.19002618649470548,0.10589575084114018,0.10589575084114018,1.0
744.55,1,-7.063264365535154,0.019988543539362524,2.6170322736822538,2.6170322736822538,1.0
744.607619393678,2,-1.7240882011769187,-2.050301520192079,0.635051504430947,0.635051504430947,1.0
744.8,1,2.0509910988698365,-4.471560562378251,1.1253399455198285,1.1253399455198285,1.0
744.8076193936779,2,0.2358129320338307,-1.6094415888904479,0.21875080562284116,0.21875080562284116,1.0
745.0076193936779,2,1.3603724165988993,-0.9695876659059195,0.25055186895478176,0.25055186895478176,1.0
745.05,1,-0.9974299563365818,-3.0509955582252175,0.49425137531879604,0.49425137531879604,1.0
745.207619393678,2,4.370430188509999,0.623673932357562,1.8720245467663845,1.8720245467663845,1.0
745.3,1,0.2839521260006421,3.8400271457649353,0.6931207467121059,0.6931207467121059,1.0
745.4076193936779,2,-0.08171841409573233,3.7796885099699864,1.149543168211192,1.149543168211192,1.0
745.55,1,9.279931135295108,2.59648297518104,4.827954555593937,4.827954555593937,1.0
745.607619393678,2,-1.3448717913994201,0.4326472556966223,0.19358101118459287,0.19358101118459287,1.0
745.8,1,3.6369859153351882,-1.670204102243865,0.8102664663106475,0.8102664663106475,1.0
745.8076193936779,2,-2.936846189898226,0.5742194313079665,0.8881206162062939,0.8881206162062939,1.0
746.0076193936779,2,-0.3588075938079882,0.6970335743577394,0.050537701790845185,0.050537701790845185,1.0
746.05,1,-3.9214548578446653,0.05514932648178217,0.8294267786607552,0.8294267786607552,1.0
746.207619393678,2,6.726727470697604,-1.3167320045970143,4.4993905389207125,4.4993905389207125,1.0
746.3,1,-4.576825567131273,-1.9299682722310862,1.2885527926153733,1.2885527926153733,1.0
746.4076193936779,2,2.689374932702293,-1.1406775772007975,0.8095696868119681,0.8095696868119681,1.0
746.55,1,0.3561564023128909,-2.2457529883773475,0.239006858504105,0.239006858504105,1.0
746.607619393678,2,-4.651841234215439,4.0474002257770465,3.4663720105864693,3.4663720105864693,1.0
746.8,1,0.4651150285992145,-3.753635283210933,0.6509840612957917,0.6509840612957917,1.0
746.8076193936779,2,-4.457475040725747,1.7306152482837263,2.2299073946162706,2.2299073946162706,1.0
747.0076193936779,2,2.0760607694022397,0.09229682613831613,0.411796769751035,0.411796769751035,1.0
747.05,1,2.0235027771877583,-4.016374717129878,0.9843466830988035,0.9843466830988035,1.0
747.207619393678,2,2.519626746019476,-7.00554580424177,4.51620953243601,4.51620953243601,1.0
747.3,1,0.07691919563541916,0.9036035268481584,0.038456478299535295,0.038456478299535295,1.0
747.4076193936779,2,-1.6872447658025393,-2.2960160022412026,0.7014121607591003,0.7014121607591003,1.0
747.55,1,4.086966517803539,-5.0568655774887645,2.0543011824175856,2.0543011824175856,1.0
747.607619393678,2,-1.7578738051966383,0.32754444931121185,0.3134459543731503,0.3134459543731503,1.0
747.8,1,-4.614936993792995,1.7950423086339455,1.2469594641688915,1.2469594641688915,1.0
747.8076193936779,2,-0.5200254380565923,-2.4271697446681912,0.5118776446541451,0.5118776446541451,1.0
748.0076193936779,2,0.8057944435429008,4.636491951747239,1.754652356608424,1.754652356608424,1.0
748.05,1,9.308677801411406,2.7543425934654095,5.031961440459215,5.031961440459215,1.0
748.207619393678,2,-1.2708769079382378,-1.8411570888711566,0.4253537097654049,0.4253537097654049,1.0
748.3,1,5.216105389171197,7.794798103836051,4.285925740934687,4.285925740934687,1.0
748.4076193936779,2,-1.277109680114016,2.7148170491580004,0.7516829567635539,0.7516829567635539,1.0
748.55,1,-0.6582357615653791,1.8621716143943416,0.1824862071453073,0.1824862071453073,1.0
748.607619393678,2,-6.235275181943621,1.448867523331181,4.004607491322098,4.004607491322098,1.0
748.8,1,-4.389507475823905,-2.7046131506013893,1.3279060756948424,1.3279060756948424,1.0
748.8076193936779,2,-3.2190472080188997,-0.16156248198441148,1.0365429466687444,1.0365429466687444,1.0
749.0076193936779,2,8.84508308231527,-2.3746545571021613,7.906769310625083,7.906769310625083,1.0
749.05,1,5.789493078739682,-3.851207404457824,2.509576494886863,2.509576494886863,1.0
749.207619393678,2,-4.7996430079267896,6.133537458705511,5.21327110644858,5.21327110644858,1.0
749.3,1,0.20624724310928855,1.8261685475591847,0.1580483291299125,0.1580483291299125,1.0
749.4076193936779,2,-3.1009716459753776,-1.5208334717306684,1.1232228782294598,1.1232228782294598,1.0
749.55,1,1.18034832288469,1.2978354622355113,0.15068316810766913,0.15068316810766913,1.0
749.607619393678,2,-1.1414008162035003,2.125939856896899,0.49609661543985917,0.49609661543985917,1.0
749.8,1,3.014622283116914,-1.9070553707738682,0.6348036232763424,0.6348036232763424,1.0
749.8076193936779,2,4.829159738456191,2.84756546943332,2.9953519636359207,2.9953519636359207,1.0
750.0076193936779,2,-1.7937527478473072,-4.201256298940123,1.6967521826069045,1.6967521826069045,1.0
750.05,1,-2.7090349745637496,3.4304895819763175,0.9527898292751877,0.9527898292751877,1.0
750.207619393678,2,0.6252507268647207,3.5817977631846105,1.0582919371467452,1.0582919371467452,1.0
750.3,1,2.948982924087865,-7.7328021364510064,3.256019631792614,3.256019631792614,1.0
750.4076193936779,2,2.1112147818847475,-0.6745178410904273,0.471008112349906,0.471008112349906,1.0
750.55,1,-3.5170428469359933,8.213127530786537,3.756575375193909,3.756575375193909,1.0
750.607619393678,2,2.793830076883175,-3.611462931344228,1.8305985173796546,1.8305985173796546,1.0
750.8,1,4.219902953588232,-1.5535289165811719,1.0298726641775384,1.0298726641775384,1.0
750.8076193936779,2,2.7123152662619674,-3.085607139439958,1.5180068969092737,1.5180068969092737,1.0
751.0076193936779,2,2.137434074066043,-2.1993674548882396,0.8166840536767872,0.8166840536767872,1.0
751.05,1,1.049134834364473,0.5322489866664313,0.07276571346601808,0.07276571346601808,1.0
751.207619393678,2,-0.9705173310495283,5.372848067951942,2.3872905554385033,2.3872905554385033,1.0
751.3,1,-6.816733183749285,-2.74417170223289,2.8242135589483848,2.8242135589483848,1.0
751.4076193936779,2,-3.9727441371230228,1.0092889055932233,1.6201646618221073,1.6201646618221073,1.0
751.55,1,2.2543746049109643,-6.230143847062585,2.054809729507393,2.054809729507393,1.0
751.607619393678,2,-5.564421712949873,3.4905813994458796,4.044328374133263,4.044328374133263,1.0
751.8,1,-5.351528780837768,-5.36628133884448,2.787675766925593,2.787675766925593,1.0
751.8076193936779,2,4.2089449979447835,-4.457516646933051,3.4037840318094226,3.4037840318094226,1.0
752.0076193936779,2,1.3909988955070887,1.5500067586738382,0.37374333756968847,0.37374333756968847,1.0
752.05,1,-2.673555416915157,2.259165503082251,0.627045034206769,0.627045034206769,1.0
752.207619393678,2,0.5692394185608478,1.9652921662127056,0.3384972462467543,0.3384972462467543,1.0
752.3,1,-5.895047645655929,-7.860193110851192,4.735137504458396,4.735137504458396,1.0
752.4076193936779,2,0.6692154424616703,-0.290331487904119,0.05042798288368093,0.05042798288368093,1.0
752.55,1,0.898233078824795,5.76266391101624,1.5722500296430555,1.5722500296430555,1.0
752.607619393678,2,0.15870913107958273,5.416282077011175,2.3886891504752525,2.3886891504752525,1.0
752.8,1,-3.190479859722558,3.7940316243776167,1.1796994027758434,1.1796994027758434,1.0
752.8076193936779,2,2.0467976235559178,2.656574779089482,0.9990695851738718,0.9990695851738718,1.0
753.0076193936779,2,-1.8274874971562554,-2.276680647340676,0.7267093142394381,0.7267093142394381,1.0
753.05,1,3.948960134981398,-5.331006992005086,2.1861381146727377,2.1861381146727377,1.0
753.207619393678,2,0.7074449555895299,3.814466925001966,1.2057520488510542,1.2057520488510542,1.0
753.3,1,-1.2873821844032989,3.8271690366022,0.7724089723684237,0.7724089723684237,1.0
753.4076193936779,2,-1.3195203569808953,-3.3613545148195314,1.0783462733943878,1.0783462733943878,1.0
753.55,1,-5.4754522617949135,-7.492790924918893,4.159154801312515,4.159154801312515,1.0
753.607619393678,2,-2.959940981886348,-2.1583284355827956,1.2428679391564765,1.2428679391564765,1.0
753.8,1,0.21671596569801466,1.8011228712819047,0.1497362711308281,0.1497362711308281,1.0
753.8076193936779,2,3.9769594604592555,5.019415003750055,3.6525090549051775,3.6525090549051775,1.0
754.0076193936779,2,3.026714904263521,-1.9735106679558143,1.1805309708278267,1.1805309708278267,1.0
754.05,1,-4.366973341543115,-0.09803965998195707,1.0288720998909622,1.0288720998909622,1.0
754.207619393678,2,3.3353315463100373,-1.6085914086600965,1.2781151249961489,1.2781151249961489,1.0
754.3,1,3.420060684718287,-2.619788064920435,0.9429674527325969,0.9429674527325969,1.0
754.4076193936779,2,-2.308760827523919,4.987083814700071,2.519660422413061,2.519660422413061,1.0
754.55,1,-6.3012332483731335,-1.0551908261144831,2.134089835742162,2.134089835742162,1.0
754.607619393678,2,-0.672577839844962,-9.250205249934453,7.004587715940376,7.004587715940376,1.0
754.8,1,8.243746267292103,1.1117668129606457,3.5682057715110806,3.5682057715110806,1.0
754.8076193936779,2,0.2788913117564249,-2.652442752567815,0.5868308977143584,0.5868308977143584,1.0
755.0076193936779,2,-2.333648916123817,3.936010649007315,1.739358067363331,1.739358067363331,1.0
755.05,1,1.063697556014258,3.0279056028947977,0.4949733762658787,0.4949733762658787,1.0
755.207619393678,2,4.862424387272437,-1.0823321516594575,2.3721179282365803,2.3721179282365803,1.0
755.3,1,-5.392084390372332,3.4591593147952935,2.1059504043176944,2.1059504043176944,1.0
755.4076193936779,2,-7.201390983861479,-1.3201072947230017,5.1946285562693255,5.1946285562693255,1.0
755.55,1,-2.7793416729079254,1.8804128850293083,0.5681124990318442,0.5681124990318442,1.0
755.607619393678,2,3.5040857431685914,0.8721616172914821,1.2726773686368895,1.2726773686368895,1.0
755.8,1,6.275142190322988,-2.819510066209318,2.39597544959276,2.39597544959276,1.0
755.8076193936779,2,3.370397862203916,0.37420522387663624,1.1454753048869015,1.1454753048869015,1.0
756.0076193936779,2,-6.570263269427194,-2.8146078415042055,4.741547243477196,4.741547243477196,1.0
756.05,1,3.004991443112228,1.6776399311590495,0.6201786384923935,0.6201786384923935,1.0
756.207619393678,2,0.6277741251493651,3.8467103068497934,1.215149863286055,1.215149863286055,1.0
756.3,1,8.345408351440444,1.0872469109761624,3.760900279778614,3.760900279778614,1.0
756.4076193936779,2,-3.2407398462071413,-1.3958995973564967,1.1803067483157366,1.1803067483157366,1.0
756.55,1,7.459921727589482,9.33333226737382,6.932462155551354,6.932462155551354,1.0
756.607619393678,2,4.426701451005112,-2.8333373225322234,2.585329827297408,2.585329827297408,1.0
756.8,1,-4.596439949758384,10.086401933323472,5.711556327852532,5.711556327852532,1.0
756.8076193936779,2,4.0311322707765065,-0.8352072326405775,1.6795448243439182,1.6795448243439182,1.0
757.0076193936779,2,-4.541037447807064,-1.0314607925904085,2.050777059114407,2.050777059114407,1.0
757.05,1,-6.469239199504347,-1.529138849810522,2.367588793889765,2.367588793889765,1.0
757.207619393678,2,-2.9803807992186684,1.547630759753794,1.0467284901807508,1.0467284901807508,1.0
757.3,1,0.5005817304990288,-3.1141196821976536,0.4663498426870645,0.4663498426870645,1.0
757.4076193936779,2,-1.8722493502163076,1.973165637089508,0.6547500897496812,0.6547500897496812,1.0
757.55,1,8.155668352450746,1.160025564211054,3.5511018235396485,3.5511018235396485,1.0
757.607619393678,2,2.662706462404362,-1.083431325264094,0.7946304117957976,0.7946304117957976,1.0
757.8,1,0.5387204457899699,3.911696758916122,0.7098199001869302,0.7098199001869302,1.0
757.8076193936779,2,1.091829832766141,-0.6798264589232801,0.15703779534838208,0.15703779534838208,1.0
758.0076193936779,2,-0.8289615893051803,-4.319459385151312,1.5346912345133077,1.5346912345133077,1.0
758.05,1,-0.45474863673380383,0.8452234745779421,0.04496664478099756,0.04496664478099756,1.0
758.207619393678,2,2.2813295878327615,-3.1123289001021277,1.2722491123222819,1.2722491123222819,1.0
758.3,1,-8.093392637223442,0.09459814880462858,3.4856679400685135,3.4856679400685135,1.0
758.4076193936779,2,-0.056706605009971156,1.5149472431140154,0.18488392489735028,0.18488392489735028,1.0
758.55,1,-3.284722702396593,-1.4921187928970454,0.6685413695567368,0.6685413695567368,1.0
758.607619393678,2,1.2423106629984062,1.619037259830698,0.36540521128803916,0.36540521128803916,1.0
758.8,1,-2.017251469299353,-7.348503971799339,2.6624129037277604,2.6624129037277604,1.0
758.8076193936779,2,-5.916632692661317,-1.2577445747233398,3.624668511914927,3.624668511914927,1.0
759.0076193936779,2,-4.037022929587707,0.46564017687729375,1.5716677668925103,1.5716677668925103,1.0
759.05,1,-4.283749101905883,2.9613195614285672,1.4046732324494775,1.4046732324494775,1.0
759.207619393678,2,-2.8719020656025194,4.844158374918095,2.6617791002658207,2.6617791002658207,1.0
759.3,1,0.3357354491961999,-2.582982444811165,0.31766157949136775,0.31766157949136775,1.0
759.4076193936779,2,-0.5089773210446431,-2.4469230458787905,0.5067616992553303,0.5067616992553303,1.0
759.55,1,4.467778289688777,-5.072712374010528,2.2325848824747494,2.2325848824747494,1.0
759.607619393678,2,-0.17254842769196976,-3.958839647678829,1.2777330656533996,1.2777330656533996,1.0
759.8,1,10.700261814384003,5.487142515466282,7.284241685772775,7.284241685772775,1.0
759.8076193936779,2,-0.11788455311591228,-2.4837684149483934,0.5091474552425572,0.5091474552425572,1.0
760.0076193936779,2,8.248508284075916,-0.5122608768946222,6.510676825722164,6.510676825722164,1.0
760.05,1,6.72537010439606,-4.01894543784374,3.2036776686496573,3.2036776686496573,1.0
760.207619393678,2,-1.645550062170356,2.498509628993027,0.7576186303552499,0.7576186303552499,1.0
760.3,1,-4.391340394227569,2.208258838031682,1.2538410118364982,1.2538410118364982,1.0
760.4076193936779,2,5.040211122317885,-1.8312415093559835,2.745632487251623,2.745632487251623,1.0
760.55,1,-6.436312814587152,1.9273997591737597,2.344194780801011,2.344194780801011,1.0
760.607619393678,2,-2.4197781768838347,-1.9289100593799375,0.8800406298447432,0.8800406298447432,1.0
760.8,1,-2.043415245997604,7.0866875607996604,2.4962856004121305,2.4962856004121305,1.0
760.8076193936779,2,6.5483084305046315,-0.24125432971249694,4.285244025561055,4.285244025561055,1.0
761.0076193936779,2,3.3266376414971734,-5.27296906425363,3.244967704404452,3.244967704404452,1.0
761.05,1,3.6326069424660794,7.842512165387319,3.6228193185087814,3.6228193185087814,1.0
761.207619393678,2,0.21904381390761252,6.025479416320856,2.892915578359838,2.892915578359838,1.0
761.3,1,-4.806914458824826,-3.8720683467393755,1.9298086368989287,1.9298086368989287,1.0
761.4076193936779,2,-1.1329053822680173,3.304389776315425,1.0032043096826437,1.0032043096826437,1.0
761.55,1,-2.311492159612442,1.9162715270470727,0.4494479864245924,0.4494479864245924,1.0
761.607619393678,2,-3.262151031340167,-2.104895568841634,1.4097646583900603,1.4097646583900603,1.0
761.8,1,-0.7498706471051975,3.0563918543873214,0.4532500534854639,0.4532500534854639,1.0
761.8076193936779,2,2.92854774653515,0.8416404363791159,0.91442579424876,0.91442579424876,1.0
762.0076193936779,2,-2.237151047851764,3.253586055980925,1.3109496711255983,1.3109496711255983,1.0
762.05,1,1.8105790737948801,1.0386118419243644,0.22784270004685575,0.22784270004685575,1.0
762.207619393678,2,-5.29077589253797,-2.925319575253006,3.378908286322579,3.378908286322579,1.0
762.3,1,-1.740146340361612,-6.1521422807168875,1.9291766260531857,1.9291766260531857,1.0
762.4076193936779,2,-3.9281662585282486,-2.357986438531782,1.9510623125525814,1.9510623125525814,1.0
762.55,1,0.5239651478982035,-2.40360938855148,0.2805668911748343,0.2805668911748343,1.0
762.607619393678,2,2.3923742517668067,-1.5281123865203199,0.754334370026688,0.754334370026688,1.0
762.8,1,2.5055969691137925,0.46581267236073387,0.3342952316406826,0.3342952316406826,1.0
762.8076193936779,2,2.7816306822299373,-6.300406526943078,4.039563296963357,4.039563296963357,1.0
763.0076193936779,2,10.808262291378696,2.673445235971087,9.859322308697328,11.705905476629576,1.2709525385453204
763.05,1,-0.3799390974617456,-4.063936893101989,0.7822366081809855,0.7822366081809855,1.0
763.207619393678,2,1.450516503049709,4.030196357720683,1.4708523407506264,1.4708523407506264,1.0
763.3,1,-5.008860947860013,10.645317562853421,6.591467600277389,6.591467600277389,1.0
763.4076193936779,2,0.9435006176135872,3.5714604926789946,1.1031882044660772,1.1031882044660772,1.0
763.55,1,-1.0143431630277409,1.9810634191510843,0.23407350691914316,0.23407350691914316,1.0
763.607619393678,2,1.0710432897283688,-6.937070863744388,4.011239204850368,4.011239204850368,1.0
763.8,1,2.2755984888818244,-6.980232955284471,2.476753761306509,2.476753761306509,1.0
763.8076193936779,2,0.5343233692384963,-3.8845538522251175,1.2683440256100358,1.2683440256100358,1.0
764.0076193936779,2,-1.017381258886731,1.1660698012255253,0.2056428372756795,0.2056428372756795,1.0
764.05,1,5.799894416111817,3.970331136699386,2.559696462274207,2.559696462274207,1.0
764.207619393678,2,-2.153584596746404,2.6678511942040117,1.013113105256815,1.013113105256815,1.0
764.3,1,-1.2310352611349114,3.8677594472445236,0.7794332150351952,0.7794332150351952,1.0
764.4076193936779,2,-4.084336669413705,-5.938055110838825,4.4615383716934485,4.4615383716934485,1.0
764.55,1,-1.9061807466230825,3.2580062372703082,0.6796111453259397,0.6796111453259397,1.0
764.607619393678,2,-6.867390922254957,-1.4316339961004942,4.81697759863735,4.81697759863735,1.0
764.8,1,-5.473934246820843,7.835295107462073,4.3358245225472345,4.3358245225472345,1.0
764.8076193936779,2,1.2371830512397066,2.9160374249580556,0.8525605992946457,0.8525605992946457,1.0
765.0076193936779,2,3.217943247845935,-6.500080854224208,4.3135035334012,4.3135035334012,1.0
765.05,1,-3.2120088287949224,-2.902548276313773,0.9550345531103057,0.9550345531103057,1.0
765.207619393678,2,-2.7971173021643425,-1.7748808993314498,1.004407630649794,1.004407630649794,1.0
765.3,1,3.474734553769384,2.006624110498997,0.8303915620244908,0.8303915620244908,1.0
765.4076193936779,2,4.3274893361200775,2.21092918374908,2.217666058679524,2.217666058679524,1.0
765.55,1,-3.3480989628775673,0.825679218895722,0.6193372683631928,0.6193372683631928,1.0
765.607619393678,2,-0.3550216059917055,0.8131841360514471,0.06620111517915353,0.06620111517915353,1.0
765.8,1,0.0797294921079299,-1.9786491660423593,0.1780834619142207,0.1780834619142207,1.0
765.8076193936779,2,-3.4159222683833947,6.652766684893081,4.80681634892715,4.80681634892715,1.0
766.0076193936779,2,0.843279225424987,-0.659633016234416,0.10207866917663794,0.10207866917663794,1.0
766.05,1,-1.2929232016645624,2.749058700934306,0.4478336001302616,0.4478336001302616,1.0
766.207619393678,2,-4.013103314783852,0.24428565050394013,1.556953534869367,1.556953534869367,1.0
766.3,1,-3.704281030310018,0.2949855802534813,0.7341432848040296,0.7341432848040296,1.0
766.4076193936779,2,1.71085721823997,-1.7329278803154295,0.5267633202995203,0.5267633202995203,1.0
766.55,1,-0.24469465529946488,4.212668893446718,0.8207233959357771,0.8207233959357771,1.0
766.607619393678,2,0.08021553086884525,-0.7388453978616525,0.045036586373253445,0.045036586373253445,1.0
766.8,1,2.902835025909495,2.3252947657542293,0.6809964586850101,0.6809964586850101,1.0
766.8076193936779,2,4.267436246889255,0.1313892115038371,1.8192988297106334,1.8192988297106334,1.0
767.0076193936779,2,3.5000673011952976,3.507697081845407,2.1373840048931565,2.1373840048931565,1.0
767.05,1,2.3707457593323245,-5.033031825598776,1.502101295196086,1.502101295196086,1.0
767.207619393678,2,-0.14060546862460788,-2.911430829614595,0.676232242177374,0.676232242177374,1.0
767.3,1,3.6370200967851223,3.86974726363443,1.4033559908225441,1.4033559908225441,1.0
767.4076193936779,2,-0.5550052407019765,4.477373702606897,1.6421964646233393,1.6421964646233393,1.0
767.55,1,6.352289462206729,-7.67786219941177,4.832501340993021,4.832501340993021,1.0
767.607619393678,2,-2.0714885979861615,-3.8423312678673724,1.623997521155548,1.623997521155548,1.0
767.8,1,-4.3476926995896905,-2.3252493737770976,1.2223664254476323,1.2223664254476323,1.0
767.8076193936779,2,-5.393614396644384,-5.227633696435667,5.153197588775244,5.153197588775244,1.0
768.0076193936779,2,1.46488693463098,3.740176134465351,1.3061828577857075,1.3061828577857075,1.0
768.05,1,5.119985473350779,4.546910983519766,2.392224683965355,2.392224683965355,1.0
768.207619393678,2,-0.21113445392755203,-2.2395848996796985,0.4033084493053555,0.4033084493053555,1.0
768.3,1,-1.1122251744506766,-1.7190466892136556,0.2038631122229164,0.2038631122229164,1.0
768.4076193936779,2,2.981263941831961,0.5242870816930107,0.8883459552530903,0.8883459552530903,1.0
768.55,1,-5.0690647297034435,1.448676684287875,1.4445559568963298,1.4445559568963298,1.0
768.607619393678,2,4.346083640500306,-2.2259720108627974,2.265617633615032,2.265617633615032,1.0
768.8,1,-1.1100881849861004,2.750109312619749,0.40711500062278305,0.40711500062278305,1.0
768.8076193936779,2,-4.557820900539838,-2.9296831366468368,2.7801237953556184,2.7801237953556184,1.0
769.0076193936779,2,3.0492090386101967,-2.0730100785721035,1.225263130891764,1.225263130891764,1.0
769.05,1,-2.5086668546646487,3.853980262593325,1.0424256543605137,1.0424256543605137,1.0
769.3,1,4.504705658247564,6.846432596584592,3.081191253041802,3.081191253041802,1.0
769.55,1,5.1128814031185685,3.2526542817195363,1.6382232892601702,1.6382232892601702,1.0
769.8,1,-5.591533623970504,-2.946630335742931,1.6762224348832429,1.6762224348832429,1.0
770.05,1,-4.907349383363346,3.7545288880529526,1.5000637251322937,1.5000637251322937,1.0
770.3,1,-2.4697169576195295,1.4220177811652235,0.31487015349015823,0.31487015349015823,1.0
770.55,1,2.965972047498606,0.39565106180357645,0.35182947642711543,0.35182947642711543,1.0
770.8,1,-0.14600104535049852,-0.9954153112187356,0.03543088962281425,0.03543088962281425,1.0
771.05,1,-1.4714735388349025,-3.1693706321364914,0.4353014342606887,0.4353014342606887,1.0
771.3,1,3.413975458501821,-4.194156721347326,1.0704267340311517,1.0704267340311517,1.0
771.55,1,3.0319124603782455,3.033607989493575,0.6808334783634795,0.6808334783634795,1.0
771.8,1,9.7726860379485,6.363820164804821,5.143334908544225,5.143334908544225,1.0
772.05,1,-0.36659260788822445,-0.8583795407254939,0.030838014336667368,0.030838014336667368,1.0
772.3,1,-9.892261183793842,-17.40156642254866,10.61017566792331,14.29840354691985,1.552429440113294
772.55,1,4.4048442861208965,-0.7934959623044548,0.7328842264519719,0.7328842264519719,1.0
772.8,1,-6.555077210519587,1.963197726995645,1.743084903400703,1.743084903400703,1.0
773.05,1,-2.4521115076241027,8.890647859973654,2.910341849318197,2.910341849318197,1.0
773.3,1,-5.1296723332817775,-5.6285180408639945,2.0911320780505007,2.0911320780505007,1.0
773.55,1,5.400238738488098,-0.931077439028158,1.1517938818093114,1.1517938818093114,1.0
773.8,1,0.627276949570025,-0.5630243853241979,0.02604461680381144,0.02604461680381144,1.0
774.05,1,-7.067342866354504,-2.8369534754165215,2.2014476491073403,2.2014476491073403,1.0
774.3,1,-0.37775345478016714,-1.9509637961161133,0.1361960356918858,0.1361960356918858,1.0
774.55,1,-0.7718929257678265,4.279560124981238,0.6516105120054395,0.6516105120054395,1.0
774.8,1,6.316508907381198,1.2649364412726385,1.5912024535297111,1.5912024535297111,1.0
775.05,1,-3.779617620184368,-7.011689343990298,2.236678837033799,2.236678837033799,1.0
775.3,1,-5.803958931918985,2.7754701030810125,1.5609983555778173,1.5609983555778173,1.0
775.55,1,-3.6453539852344465,2.101883831996588,0.663105976815656,0.663105976815656,1.0
775.8,1,7.112276681122175,6.287150054691878,3.3034539664017784,3.3034539664017784,1.0
776.05,1,5.188769830626322,3.6747199987235746,1.4998351322954804,1.4998351322954804,1.0
776.3,1,3.4564015860201462,-6.022905884262563,1.7045999853514076,1.7045999853514076,1.0
776.55,1,0.7147739146316111,1.364329535163094,0.08353886940798319,0.08353886940798319,1.0
776.8,1,-0.23262112543833935,-3.17637557182141,0.34827019131281134,0.34827019131281134,1.0
777.05,1,-10.138023794872058,-2.7098880958407463,4.209285428472669,4.209285428472669,1.0
777.3,1,4.398677977974206,9.792471811854341,4.03513431839087,4.03513431839087,1.0
777.55,1,4.152211302945793,-0.9129489402567046,0.6923915449265651,0.6923915449265651,1.0
777.8,1,-2.8934439497425495,1.5616916462605843,0.40600291650724873,0.40600291650724873,1.0
778.05,1,4.284971104760009,0.630125866465761,0.7205161865879139,0.7205161865879139,1.0
778.3,1,-2.843957342165977,1.9277178911898716,0.43888007219979086,0.43888007219979086,1.0
778.55,1,1.077245202446146,7.952751093922657,2.214541338218953,2.214541338218953,1.0
778.8,1,-7.005580837333523,-11.674636929528454,6.565580618679127,6.565580618679127,1.0
779.05,1,6.59018685756639,1.2156534075664212,1.722755439436523,1.722755439436523,1.0
779.3,1,-2.2386592298524555,-4.325221069097211,0.8347715609137523,0.8347715609137523,1.0
779.55,1,1.0640391173659005,0.730942018575,0.06191913662367419,0.06191913662367419,1.0
779.8,1,6.104060386828959,-0.5083557870744642,1.4433645932320822,1.4433645932320822,1.0
780.05,1,-4.543747253421788,-3.3838468051908706,1.1877156863602383,1.1877156863602383,1.0
780.3,1,-1.8973720553821904,-2.946381043366422,0.4364451089055039,0.4364451089055039,1.0
780.55,1,-2.4496040792264577,2.1748345420275967,0.39330342152531683,0.39330342152531683,1.0
780.8,1,0.518402688079888,7.203414758205817,1.7906231760898954,1.7906231760898954,1.0
781.05,1,0.16030672686422154,-2.0130442011822964,0.14002220654647163,0.14002220654647163,1.0
781.3,1,-1.8282669296496252,-0.37406195895203354,0.13349068673729655,0.13349068673729655,1.0
781.55,1,5.9358244155038555,1.7623649628309082,1.4630865297930402,1.4630865297930402,1.0
781.8,1,3.9692532915058694,4.256412407514681,1.228153629502799,1.228153629502799,1.0
782.05,1,2.953034309602034,-1.5837738321235406,0.4217983475211003,0.4217983475211003,1.0
782.3,1,-2.743988919026347,-6.930371376194074,1.9377574162228512,1.9377574162228512,1.0
782.55,1,-6.121563729347024,0.8547577630633327,1.46781283455405,1.46781283455405,1.0
782.8,1,3.264347542475631,0.6814523615721413,0.4261912793352292,0.4261912793352292,1.0
783.05,1,-5.223236164553439,3.823489576974808,1.5519433557696662,1.5519433557696662,1.0
783.3,1,-4.67405570337102,-2.6702251411104783,1.0857383105949543,1.0857383105949543,1.0
783.55,1,5.712718697815143,-12.30008676254429,6.4471712861804695,6.4471712861804695,1.0
783.8,1,-2.3087328919987042,-3.862654780863423,0.7171128107513215,0.7171128107513215,1.0
784.05,1,4.955993078532634,3.2144819387630648,1.3001550781844116,1.3001550781844116,1.0
784.3,1,-5.1926378894450735,3.988841659488209,1.5839937793738135,1.5839937793738135,1.0
784.55,1,-4.4669103639097605,7.75228703214507,2.830120251843651,2.830120251843651,1.0
784.8,1,-1.0196613586921333,0.7222378933849782,0.05792584896225861,0.05792584896225861,1.0
785.05,1,7.492225914157942,-2.543994899674125,2.3832072069492467,2.3832072069492467,1.0
785.3,1,0.12454050472877544,3.5633746493371845,0.4362424572209379,0.4362424572209379,1.0
785.55,1,-1.1584305595476785,5.391575377702949,1.0490019023569659,1.0490019023569659,1.0
785.8,1,2.806975291618808,-3.0490373097778942,0.6223085427389571,0.6223085427389571,1.0
786.05,1,1.9619698777059962,-1.6217203003302387,0.23843294259049422,0.23843294259049422,1.0
786.3,1,-7.096827339042029,5.200110991865685,2.8668312231630018,2.8668312231630018,1.0
786.55,1,2.723840387671918,-6.407548820718844,1.6942665521172482,1.6942665521172482,1.0
786.8,1,-0.0006991952552988234,-1.3807346299131211,0.06540796039510997,0.06540796039510997,1.0
787.05,1,7.3678757269337565,-9.681483766688117,5.305854096699181,5.305854096699181,1.0
787.3,1,-1.6187896980393204,-3.188536320562875,0.4497026834024694,0.4497026834024694,1.0
787.55,1,-5.976007838806923,9.463258173091603,4.447449504485277,4.447449504485277,1.0
787.8,1,2.566469936536715,-2.606171437827939,0.4866255745685989,0.4866255745685989,1.0
788.05,1,-2.0825942951257965,-0.7315038025086693,0.18534273850020072,0.18534273850020072,1.0
788.3,1,1.6641302046019344,6.3404983588965464,1.4859143296483073,1.4859143296483073,1.0
788.55,1,2.0730810163348004,3.625816834070264,0.6165088806555816,0.6165088806555816,1.0
788.8,1,4.292077454975396,0.7599466198760751,0.7290661861017511,0.7290661861017511,1.0
789.05,1,-9.17172425871917,-7.200016558956641,5.017270488998182,5.017270488998182,1.0
789.3,1,-0.36419026409009403,11.138876490247192,4.262000433393677,4.262000433393677,1.0
789.55,1,-1.0902732532329193,4.085350696032165,0.6183882235054986,0.6183882235054986,1.0
789.8,1,0.9080874316605985,-0.550655885351901,0.04215161159557597,0.04215161159557597,1.0
790.05,1,5.088574141048758,-4.350555325880485,1.6462947696548385,1.6462947696548385,1.0
790.3,1,-3.8259355067424967,-6.6483627982529825,2.080050509126557,2.080050509126557,1.0
790.55,1,-1.7353872712152574,1.6617673583143358,0.2106904057041138,0.2106904057041138,1.0
790.8,1,-0.011198126304547085,7.541146076459299,1.9511283303704245,1.9511283303704245,1.0
791.05,1,-2.948541836308528,-4.1171754960732585,0.9162978901301195,0.9162978901301195,1.0
791.3,1,6.106698070658891,-5.850989179717779,2.6102907249777116,2.6102907249777116,1.0
791.55,1,-6.327354572169419,-4.384015973187047,2.200788476273253,2.200788476273253,1.0
791.8,1,8.404252798539268,-1.9754610228902578,2.8532307181519387,2.8532307181519387,1.0
792.05,1,-5.345541890939049,0.29094784612291846,1.1030467924092702,1.1030467924092702,1.0
792.3,1,8.571980136140958,-4.30106099081172,3.463655753150395,3.463655753150395,1.0
792.55,1,5.845321701010524,5.364787466480621,2.3029240649967835,2.3029240649967835,1.0
792.8,1,-0.6668798213422016,3.924885661974045,0.5456454623198719,0.5456454623198719,1.0
793.05,1,4.224267808499939,-2.7404387207469796,0.9446803016470042,0.9446803016470042,1.0
793.3,1,-5.875644755179439,8.352881706918751,3.7229293811561046,3.7229293811561046,1.0
793.55,1,-12.976632010834775,-5.583363385708061,7.552752246419248,7.552752246419248,1.0
793.8,1,2.8119136546920678,-6.224831318754369,1.6338466151044446,1.6338466151044446,1.0
794.05,1,-1.3452877217582562,2.6590394254287872,0.31226060167076847,0.31226060167076847,1.0
794.3,1,0.5619219552873054,-1.9717773711913935,0.14554752892188177,0.14554752892188177,1.0
794.55,1,2.4534692456806115,-0.620613093142083,0.244968251128522,0.244968251128522,1.0
794.8,1,2.058551268931863,-3.2949554682789355,0.5356359753874089,0.5356359753874089,1.0
795.05,1,2.3808414517733585,9.669738346442394,3.426273975696072,3.426273975696072,1.0
795.3,1,0.9730953912902509,-7.255696772951836,1.842666862559827,1.842666862559827,1.0
795.55,1,-5.789454077732346,2.756594451551017,1.5511574230368266,1.5511574230368266,1.0
795.8,1,-5.415059254490879,9.91654764355605,4.502833774670258,4.502833774670258,1.0
796.05,1,5.673591825849001,4.904871010375643,2.0647162873778795,2.0647162873778795,1.0
796.3,1,-9.537483239539537,4.57064902595863,4.218883154220626,4.218883154220626,1.0
796.55,1,2.0793177533148075,-1.4828215563449447,0.24189656058204093,0.24189656058204093,1.0
796.8,1,1.278712258463694,2.5228769623041103,0.28132686765002346,0.28132686765002346,1.0
797.05,1,5.6296876305339065,-7.4600181235950345,3.1295773382247245,3.1295773382247245,1.0
797.3,1,2.721997028140242,2.2775962245769534,0.46323677588175427,0.46323677588175427,1.0
797.55,1,2.6915073808381598,-5.154209546601166,1.1903580297956045,1.1903580297956045,1.0
797.8,1,-4.104121802525682,-5.211497088965302,1.5803204728465152,1.5803204728465152,1.0
798.05,1,6.614804045977815,3.0015132822674246,1.9937042459861798,1.9937042459861798,1.0
798.3,1,-3.2796083820825555,-1.4724133916265174,0.48848631133592424,0.48848631133592424,1.0
798.55,1,-3.373205240308633,-11.803286234934703,5.21794586573943,5.21794586573943,1.0
798.8,1,-4.152242794810438,-7.871034106103764,2.7893517091850564,2.7893517091850564,1.0
799.05,1,7.068351065131169,2.418423462063359,2.1242085184413595,2.1242085184413595,1.0
799.3,1,-5.440002137107806,8.060654463663369,3.3685752850070534,3.3685752850070534,1.0
799.55,1,-2.1011327710606964,0.021210244625521568,0.16998550770455018,0.16998550770455018,1.0
799.8,1,1.0261660261622092,1.6990737311555577,0.13958703008421863,0.13958703008421863,1.0
800.05,1,-0.12065081032345448,9.99163702238858,3.4257400514391914,3.4257400514391914,1.0
800.3,1,-3.0453037397764167,3.9208870535072435,0.884494945732762,0.884494945732762,1.0
800.55,1,1.1289153047452332,3.9742034876491488,0.5909557498706983,0.5909557498706983,1.0
800.8,1,3.8226729124229086,0.6017818342457701,0.5750247891097122,0.5750247891097122,1.0
801.05,1,11.2627748145038,0.9169920733115191,4.912631693524141,4.912631693524141,1.0
801.3,1,-5.537341288961942,-1.4693878677364864,1.254582524927257,1.254582524927257,1.0
801.55,1,-0.9433569137673666,-2.0787215266644665,0.18251510467109494,0.18251510467109494,1.0
801.8,1,3.505231412898602,-16.364975062208472,9.374772426777634,9.661459194699274,1.0489796038478327
802.05,1,0.4851895088722946,-5.696995299629549,1.1153268062193868,1.1153268062193868,1.0
802.3,1,-0.7266620531309598,-2.0045225764487284,0.1576092826866962,0.1576092826866962,1.0
802.55,1,-6.532028474548711,-3.5460256749531354,2.0702561833032918,2.0702561833032918,1.0
802.8,1,1.2919675433939652,9.131157622989754,2.9224610983238026,2.9224610983238026,1.0
803.05,1,-7.189308331015296,5.991058316707644,3.2205021288698097,3.2205021288698097,1.0
803.3,1,1.7341645144663265,-6.5455562540088295,1.5856434797712504,1.5856434797712504,1.0
803.55,1,9.672196861980527,10.187134237158645,7.162292062313822,7.162292062313822,1.0
803.8,1,-11.284452559584542,-0.4048171792255104,4.908072891833759,4.908072891833759,1.0
804.05,1,2.2529697391518746,-5.711380593060241,1.314492541364248,1.314492541364248,1.0
804.3,1,-6.640910467589995,0.20113400384426683,1.699124647062345,1.699124647062345,1.0
804.55,1,7.209459729203327,12.740740057029932,7.569438284333854,7.569438284333854,1.0
804.8,1,7.189775682411458,5.5941929791829,3.0635191284748817,3.0635191284748817,1.0
805.05,1,-0.43011592294595147,5.723676726898219,1.130984840460419,1.130984840460419,1.0
805.3,1,-7.95390787195625,-1.453362772274474,2.5079842175438443,2.5079842175438443,1.0
805.55,1,-4.950968572727969,-8.250185759941985,3.2788091027385193,3.2788091027385193,1.0
805.8,1,3.9950814283070724,-3.4589400064495806,1.0249421710946973,1.0249421710946973,1.0
806.05,1,-4.616779570129982,-6.012139702420029,2.0607191684315005,2.0607191684315005,1.0
806.3,1,4.813659707364683,-9.626622421867275,4.071568343160125,4.071568343160125,1.0
806.55,1,0.6665862200454735,2.2854506906293324,0.19631328834259687,0.19631328834259687,1.0
806.8,1,13.777333566036386,6.224234138274831,8.637127878814468,8.637127878814468,1.0
807.05,1,2.693165456577366,-2.9004349986863787,0.5678749717328657,0.5678749717328657,1.0
807.3,1,-0.07828696969797289,-0.6571036501840481,0.015050113889541536,0.015050113889541536,1.0
807.55,1,-8.772135841939146,0.14409285878967637,2.9633178340534463,2.9633178340534463,1.0
807.8,1,-0.07642863990164717,0.40209380295640074,0.005771944721101204,0.005771944721101204,1.0
808.05,1,2.345426288537383,-0.7458523036045221,0.2308761661782701,0.2308761661782701,1.0
808.3,1,0.07056877155760954,-3.2383305228864856,0.3599820649429111,0.3599820649429111,1.0
808.55,1,-5.590278870685303,-0.7472089384782663,1.2223334438088895,1.2223334438088895,1.0
808.8,1,-6.725384962998975,5.014985036806522,2.604270348718166,2.604270348718166,1.0
809.05,1,-4.550778003107525,0.7376041123384738,0.815991014946126,0.815991014946126,1.0
809.3,1,2.16733753867408,0.9190866792781733,0.2098311791847086,0.2098311791847086,1.0
809.55,1,4.867408687236544,3.8260959126389125,1.414389095075593,1.414389095075593,1.0
809.8,1,1.8899359196753205,-0.38830634893129456,0.14269112017774518,0.14269112017774518,1.0
810.05,1,2.362389228185861,-4.1168877106442565,0.7963637950496412,0.7963637950496412,1.0
810.3,1,-4.8369146238578935,-0.626529327963425,0.9142135443172322,0.9142135443172322,1.0
810.55,1,7.45442170331822,8.535535931454433,4.63901322307696,4.63901322307696,1.0
810.8,1,-1.5335879261078238,1.358436080218496,0.15386118118787304,0.15386118118787304,1.0
811.05,1,4.195016078633314,0.19270257090119713,0.6788105544389571,0.6788105544389571,1.0
811.3,1,-0.8402812540585276,-2.3601963623629842,0.21830415901726108,0.21830415901726108,1.0
811.55,1,-6.612456287141393,2.0883795582821776,1.8330478874448404,1.8330478874448404,1.0
811.8,1,-1.6764109210918186,4.42249828506089,0.7792350274825572,0.7792350274825572,1.0
812.05,1,-7.784828277943989,0.9798559455826847,2.366202623729225,2.366202623729225,1.0
812.3,1,0.13014010694889855,-7.528197207634548,1.9450804832046822,1.9450804832046822,1.0
812.55,1,5.324167912872295,5.913586916401869,2.291170770726862,2.291170770726862,1.0
812.8,1,4.745070046092268,-8.313547397722118,3.238143010231264,3.238143010231264,1.0
813.05,1,6.248519576607254,-1.5123443839114685,1.581681594761891,1.581681594761891,1.0
813.3,1,-0.1768802659438793,-4.076878055298643,0.571454782514371,0.571454782514371,1.0
813.55,1,-1.9080615543376251,0.48424988144735437,0.14821386084792623,0.14821386084792623,1.0
813.8,1,-3.4892147803904527,-3.069341786796933,0.791949701479346,0.791949701479346,1.0
814.05,1,1.1845612650587773,-2.6085084327209316,0.2874735827308371,0.2874735827308371,1.0
