time_s,x,y,vx,vy,speed,ax,ay,acceleration,x_std,y_std
445.00761939367794,53.499631706504175,0.18794883729041478,-0.5249729316408541,0.2819879246743372,0.5959142292458979,-0.018717887647842126,0.011607017844910762,0.022024581295664116,1.2935844878258849,1.398825728201556
445.10761939367796,53.447040823901844,0.2162056648470795,-0.5268447204056388,0.28314862645882855,0.5981124510364393,-0.018717887647842126,0.011607017844910762,0.022024581295664116,1.2081851687993252,1.312039297514495
445.207619393678,53.394272506419455,0.24457378812731084,-0.5284139479142963,0.2841419285033453,0.5999649455459651,-0.01247395491746717,0.007909999241539695,0.014770498951767404,1.1319879450696901,1.2341424045892708
445.307619393678,53.34136874185342,0.27302753097385957,-0.5296613434060433,0.28493292842749945,0.6014382033101697,-0.01247395491746717,0.007909999241539695,0.014770498951767404,1.0646279284025517,1.1647693399088543
445.40761939367803,53.288485923111075,0.30146662558608067,-0.5285401182867152,0.28419507423125395,0.6001012388387836,0.014878304138661591,-0.009804351056722758,0.017818227568587603,1.0057787561391922,1.103598101480987
445.50761939367806,53.23570630280308,0.3298371112539289,-0.5270522878728486,0.2832146391255814,0.5983265379097249,0.014878304138661591,-0.009804351056722758,0.017818227568587603,0.9549456962294084,1.0501678451387417
445.6076193936781,53.18336336363391,0.3579197398050906,-0.5211065662013775,0.2792606364072874,0.5912178586483952,0.062027132658747125,-0.042126169544114855,0.07497985960459864,0.9116636578186563,1.0040635323287928
445.7076193936781,53.13156284267705,0.38563517259810504,-0.5149038529355014,0.27504801945287494,0.5837614159678366,0.062027132658747125,-0.042126169544114855,0.07497985960459864,0.8753051939112356,0.9647272904685233
445.8076193936781,53.08075009873435,0.41263569275045076,-0.5031717850464971,0.26632979432482734,0.5693095859126062,0.11737053262144492,-0.08898322564006428,0.14728834432212298,0.8452678021585506,0.9316410819828831
445.90761939367815,53.0310197728928,0.43882375605473906,-0.4914347317843499,0.2574314717608189,0.5547783866165815,0.11737053262144492,-0.08898322564006428,0.14728834432212298,0.8208367851775281,0.9041775375911382
446.00761939367817,52.98280920677513,0.46377620158008737,-0.4745817814073008,0.24333661356186856,0.5333297054763453,0.16700098465905833,-0.14101204025143715,0.2185720118701568,0.80133382188972,0.8817483587190348
446.1076193936782,52.93618603355769,0.48740480273502224,-0.45788168294139114,0.22923540953672164,0.5120590869799199,0.16700098465905833,-0.14101204025143715,0.2185720118701568,0.786043827452842,0.8637146357471499
446.2076193936782,52.89151680606779,0.5092863465929808,-0.43699217158131837,0.21011847004603332,0.4848834184397753,0.20757428800677308,-0.19036007865023452,0.28164524598374147,0.7743051897424843,0.849480229794987
446.30761939367824,52.84885546034968,0.5293463932043373,-0.4162347427806363,0.19108246218100552,0.45799985638733326,0.20757428800677308,-0.19036007865023452,0.28164524598374147,0.7654902803338061,0.8384612655563473
446.40761939367826,52.808506430028466,0.5472003192912017,-0.3919794953562332,0.16754594264520573,0.4262857816965021,0.241523851416394,-0.23468911098177714,0.33676809471270475,0.7590307170657369,0.8301160932781247
446.5076193936783,52.77051609974991,0.5627814680008166,-0.36782711021458836,0.14407703154702267,0.39503793998579007,0.241523851416394,-0.23468911098177714,0.33676809471270475,0.7544384438418452,0.8239644691738067
446.6076193936783,52.73513712341053,0.5757376556671718,-0.3407702644859033,0.1164832219439192,0.3601287466340737,0.2699103936167165,-0.27486635020233685,0.38523126957177883,0.7512731953154795,0.8195580934362889
446.7076193936783,52.702409648930015,0.5860116461105541,-0.3137792251242255,0.08899658692367926,0.3261560893247639,0.2699103936167165,-0.27486635020233685,0.38523126957177883,0.7491958505621723,0.8165392552146971
446.80761939367835,52.672558426888955,0.5933163883052194,-0.28413834879381983,0.058319116788024254,0.29006158076900435,0.2962793245962973,-0.30428015555893384,0.424697364308053,0.7478918116378608,0.8145636643186167
446.9076193936784,52.645625988632545,0.5976268992062278,-0.25451041633418336,0.027891101232123953,0.25603411013093536,0.2962793245962973,-0.30428015555893384,0.424697364308053,0.7471520188634249,0.8133902380489346
447.0076193936784,52.62182752490984,0.5987886938320169,-0.22233923826432198,-0.003926729130687938,0.2223739105057622,0.32110933160106614,-0.31399907051303866,0.44911760055060823,0.7467648520402748,0.8127693594544037
447.1076193936784,52.601199147741404,0.5968260255663822,-0.19022830510420807,-0.035326636181998945,0.19348069486838987,0.32110933160106614,-0.31399907051303866,0.44911760055060823,0.7466216165237779,0.8125572769058771
447.20761939367844,52.583919369548845,0.5918020244691055,-0.15611854990024512,-0.06527429314096274,0.16921505538221965,0.339795311692503,-0.2939632198244604,0.4493052731248202,0.7465854193683361,0.8125803856925168
447.30761939367846,52.570006491117276,0.5838047790558848,-0.12213901873098709,-0.09467061512341546,0.15453305557198524,0.339795311692503,-0.2939632198244604,0.4493052731248202,0.7466185771002912,0.8127692312431051
447.4076193936785,52.55957616384306,0.5731717195205512,-0.08694896823148536,-0.11922387683596014,0.14756170195655796,0.35079851226287906,-0.2398483638244695,0.4249550962573862,0.7466331240905545,0.8130058401934426
447.5076193936785,52.55263525958122,0.5600500900178296,-0.05186911700518948,-0.14320871321841255,0.1523126417621714,0.35079851226287906,-0.2398483638244695,0.4249550962573862,0.7466381504828841,0.8132737554960032
447.60761939367853,52.54924802041347,0.5450546660738941,-0.01614441747524299,-0.15908664800011804,0.15990373287552856,0.3564299207943744,-0.1542469084394651,0.3883740429027367,0.7465742211207039,0.813492438059757
447.70761939367856,52.54941572826991,0.528374766731681,0.01949857460420256,-0.17451133884406805,0.17559727160962607,0.3564299207943744,-0.1542469084394651,0.3883740429027367,0.7464790823835821,0.8136810187972247
447.8076193936786,52.553157254025486,0.5108382337045422,0.05521423735471835,-0.1795140320141004,0.18781347048766933,0.355620715149416,-0.047549832589302565,0.35878556217140734,0.7463071551408649,0.8137817920868519
447.9076193936786,52.56045678133671,0.4926490813401814,0.09077630886966803,-0.18426901527303174,0.2054152093728558,0.355620715149416,-0.047549832589302565,0.35878556217140734,0.7461122252999697,0.8138362777426053
448.0076193936786,52.57124912532692,0.4747456584114529,0.1252695461190037,-0.1776019141882168,0.2173359130658804,0.3425340691612698,0.0664087272499021,0.3489121774761229,0.7458528787543466,0.8137987315673552
448.10761939367865,52.58548875028463,0.45731751062887677,0.15952295303513847,-0.17096104146322508,0.23382739412490053,0.3425340691612698,0.0664087272499021,0.3489121774761229,0.745590723697302,0.8137236122371395
448.20761939367867,52.60298807135137,0.44127661096947335,0.19112987415109975,-0.15357702271900275,0.24518672619097534,0.31267181017122436,0.17171864233966494,0.3567225154132101,0.7452827638974318,0.813569588065487
448.3076193936787,52.62366441781734,0.4267775019092683,0.22239705516822927,-0.13640515848503237,0.2608961812844857,0.31267181017122436,0.17171864233966494,0.3567225154132101,0.7449935009662363,0.8133976614582291
448.4076193936787,52.64715455387985,0.41462850562955894,0.24877514259678915,-0.10987928738783422,0.27196052906793483,0.2599523989613033,0.26233714777271344,0.3693183299367351,0.7446755172201078,0.8131661043206383
448.50761939367874,52.673331830134345,0.4049522626296371,0.2747703824929254,-0.0836455726105569,0.2872200287456578,0.2599523989613033,0.26233714777271344,0.3693183299367351,0.7443935995233444,0.8129384269813325
448.60761939367876,52.70165400175021,0.3984043083838814,0.29382799340649923,-0.050027556040172824,0.2980564477957865,0.18848468287553988,0.33232886433545117,0.3820588302201423,0.7440950548955946,0.8126698273303411
448.7076193936788,52.73197922450524,0.395063197101541,0.3126764616940575,-0.016794669606620148,0.3131271796326709,0.18848468287553988,0.33232886433545117,0.3820588302201423,0.7438438773230422,0.8124240278018074
448.8076193936788,52.76367689504543,0.39538975390840625,0.3238433286600273,0.021380670552389125,0.3245483547807264,0.1119604283901453,0.37721297074970644,0.39347777933083306,0.7435824620088651,0.8121520330776716
448.90761939367883,52.79662103005339,0.39941388581739506,0.33503937149904434,0.05910196762736834,0.3402123205174985,0.1119604283901453,0.37721297074970644,0.39347777933083306,0.7433738461890346,0.8119166973420102
449.00761939367885,52.83020101272195,0.40736385385694485,0.3390511339924634,0.09885290099149979,0.3531679026978678,0.04159132024789325,0.3918400294247826,0.39404117371104413,0.7431564952823309,0.8116647629868131
449.1076193936789,52.864314082722444,0.41920834410322183,0.3432102660172537,0.13803690393398696,0.36992901149722607,0.04159132024789325,0.3918400294247826,0.39404117371104413,0.7429927874071616,0.8114579225566344
449.2076193936789,52.89841664585563,0.4348878447050183,0.3410128957904237,0.17566590734756493,0.3835991476784244,-0.021387550262356503,0.37029122784319335,0.37090837241001257,0.7428184295440713,0.8112392109896062
449.3076193936789,52.93241099768338,0.4543058915789956,0.33887414076418754,0.21269503013189267,0.4000935629593072,-0.021387550262356503,0.37029122784319335,0.37090837241001257,0.7426955926385892,0.8110693176885022
449.40761939367894,52.96577244757588,0.47711508105677924,0.3304341755627723,0.24481708117437995,0.4112446323231368,-0.08467925229155197,0.3168517931063759,0.32797200271270405,0.7425583124680333,0.8108884151778402
449.50761939367897,52.998392468870705,0.5031810481397554,0.3219662503336152,0.27650226048502474,0.4244004788018231,-0.08467925229155197,0.3168517931063759,0.32797200271270405,0.7424689742374458,0.8107565536346644
449.607619393679,53.02974101110846,0.5319535337598108,0.30714911578127774,0.30115120443276416,0.43015419009527883,-0.1476200700298655,0.24462323856812151,0.2857135172216717,0.742360802567236,0.810611939381314
449.707619393679,53.05971782233645,0.5632917703959353,0.29238710877828783,0.3256135282895819,0.4376235724740118,-0.1476200700298655,0.24462323856812151,0.2857135172216717,0.7422966978910331,0.8105143865758815
449.80761939367903,53.087827245067224,0.5965622686851904,0.2718280998297156,0.34235746960721103,0.43714889094321885,-0.204119410297666,0.1673620644403666,0.26395983458474953,0.7422096613722796,0.8104009318350179
449.90761939367906,53.11398945799872,0.6316348259681215,0.25141615879994433,0.35909367605125153,0.4383587036728255,-0.204119410297666,0.1673620644403666,0.26395983458474953,0.7421632655426841,0.810331497830634
450.0076193936791,53.1377776593233,0.6678726488786554,0.22605101196111785,0.36823329120340076,0.43208195606751965,-0.2531106932243399,0.09200998485593748,0.2693155404682317,0.742090622645542,0.8102425717192779
450.1076193936791,53.1591172070533,0.7051560279232837,0.2007399426386781,0.3774342896889966,0.4274963948428305,-0.2531106932243399,0.09200998485593748,0.2693155404682317,0.7420560066654026,0.8101944257507476
450.2076193936791,53.1775952694206,0.742876824136541,0.17044051419424064,0.37941539490510606,0.41593991245105916,-0.30364609507639617,0.02011732440002212,0.3043117772879642,0.7419927759920487,0.8101234213760262
450.30761939367915,53.19312109036464,0.7809189502490604,0.14007590468659412,0.3814271273451087,0.4063347296854031,-0.30364609507639617,0.02011732440002212,0.3043117772879642,0.7419658436062099,0.8100903105863673
450.40761939367917,53.20525635465387,0.8186812646948464,0.10438980713395793,0.3761892350258143,0.3904043703428181,-0.3569516383132983,-0.053200935771697655,0.3608944605581139,0.7419088146988116,0.8100315735034684
450.5076193936792,53.2139105771757,0.8560341835185777,0.06869464330261998,0.37086914144864336,0.3771775100630047,-0.3569516383132983,-0.053200935771697655,0.3608944605581139,0.7418871267530414,0.8100084764436589
450.6076193936792,53.21864733879123,0.8923310618286938,0.02781284261513372,0.35761456732125885,0.3586944841710078,-0.40812005001616136,-0.13403433015685448,0.4295662660007077,0.7418345588844484,0.8099577205940088
450.70761939367924,53.21938802280266,0.9274223469100433,-0.012999162386491694,0.3442111343055704,0.34445650407951045,-0.40812005001616136,-0.13403433015685448,0.4295662660007077,0.7418169411906615,0.8099410516821763
450.80761939367926,53.21573159900905,0.9605899378811652,-0.05849972504650316,0.32198982729839787,0.32726085423430734,-0.45398798923420447,-0.22352081358072917,0.5060302841458278,0.7417681284650518,0.8098953965504351
450.9076193936793,53.207611686558224,0.9916713165431081,-0.10389852396993393,0.29963774594031983,0.3171398462434618,-0.45398798923420447,-0.22352081358072917,0.5060302841458278,0.7417542192861463,0.809882904045437
451.0076193936793,53.1946760460238,1.0198903237635069,-0.15339975719184898,0.26787332870644615,0.30868690568080465,-0.49440527613775165,-0.3174950108592307,0.5875709820892703,0.7417090529527944,0.8098406750805305
451.10761939367933,53.17686404392392,1.0450901815798608,-0.20284028480563537,0.23612382762051587,0.31128546883880454,-0.49440527613775165,-0.3174950108592307,0.5875709820892703,0.7416988949422187,0.8098311686120532
451.20761939367935,53.153852259492865,1.0665159996657765,-0.25607374595079496,0.19548072452743426,0.32215908651944447,-0.5312877309226578,-0.40445837238077886,0.667722418387952,0.7416575024995159,0.809791585587063
451.3076193936794,53.125588446243164,1.0840417802566196,-0.30920251904307283,0.15503488728934717,0.3458930673769025,-0.5312877309226578,-0.40445837238077886,0.667722418387952,0.7416512347388535,0.8097846038135987
451.4076193936794,53.09181461353405,1.0970125139855234,-0.36517163249536716,0.10706314064774647,0.38054281922628713,-0.5572664076066037,-0.4770819545166609,0.7335891495736606,0.7416137305114283,0.8097474514763117
451.5076193936794,53.052511118246464,1.105333418277716,-0.4208982732560402,0.05935494519606953,0.4250627788328974,-0.5572664076066037,-0.4770819545166609,0.7335891495736606,0.7416113967557558,0.8097429473373173
451.60761939367944,53.00754502582527,1.108482544536155,-0.47779936235833176,0.00579687255498774,0.4778345261714009,-0.565364496037108,-0.5321455490645934,0.7764121964321212,0.7415777452837796,0.8097082891452413
451.70761939367947,52.95693826710924,1.1064015040463295,-0.5343358119620554,-0.047417682351483706,0.5364356406361673,-0.565364496037108,-0.5321455490645934,0.7764121964321212,0.741579207602457,0.8097063775174977
451.8076193936795,52.90074908586611,1.0987527516607944,-0.5895541029071696,-0.10406122057691483,0.598667501942969,-0.5470432598977197,-0.5608540758656912,0.7834625853317327,0.7415491805649249,0.809674342913378
451.9076193936795,52.83905845927588,1.0855423592237707,-0.6442584288969541,-0.1601466281634967,0.6638643428569642,-0.5470432598977197,-0.5608540758656912,0.7834625853317327,0.7415541129486676,0.809675128182691
452.00761939367953,52.77218890268012,1.0667265162726849,-0.6942650552262162,-0.2158019010076744,0.727031242373247,-0.4934011646582561,-0.5487085922652193,0.7379199336728899,0.7415273110464944,0.8096457802459364
452.10761939367956,52.700295391334194,1.0424027832105853,-0.7436051716920531,-0.27067276023420883,0.7913358291521831,-0.4934011646582561,-0.5487085922652193,0.7379199336728899,0.7415352429957563,0.8096492615893555
452.2076193936796,52.62403894192438,1.0129197804076828,-0.7840052949471201,-0.3202172481118804,0.846878614969977,-0.3965226247735143,-0.48738834067802594,0.6283132869724758,0.7415111534865857,0.8096225361450062
452.3076193936796,52.54365579930578,0.9784611138930962,-0.8236575574244805,-0.3689560821796941,0.902518898682931,-0.3965226247735143,-0.48738834067802594,0.6283132869724758,0.7415215360301445,0.8096285764129725
452.4076193936796,52.46017304423189,0.9397644155871556,-0.8499981737464269,-0.40782725713736095,0.9427724895415883,-0.2570908564089216,-0.3823212192290215,0.46072250121069436,0.7414996012914397,0.8096042753036893
452.50761939367965,52.37388777257518,0.8970700837772642,-0.875707259387325,-0.4460593790602718,0.98276760925017,-0.2570908564089216,-0.3823212192290215,0.46072250121069436,0.7415118742288969,0.8096126142370804
452.60761939367967,52.28612264611569,0.8514212616177447,-0.8848780830925949,-0.47105471471864957,1.0024478870227087,-0.0886838276468701,-0.24614306452419615,0.2616318587241668,0.7414915539656975,0.8095904330225541
452.7076193936797,52.197191418668176,0.8030850748232474,-0.8937464658572839,-0.49566902117107475,1.0219934069166379,-0.0886838276468701,-0.24614306452419615,0.2616318587241668,0.7415052008099687,0.8096007254270546
452.8076193936797,52.10854673012681,0.7532794247415465,-0.8850159144604732,-0.5053350800839417,1.0191254643132766,0.08703719831708567,-0.09550863238088424,0.1292183142985335,0.7414860181046145,0.8095802974388734
452.90761939367974,52.02048032467232,0.7022683735712363,-0.8763121946287626,-0.5148859433220323,1.016381127867739,0.08703719831708567,-0.09550863238088424,0.1292183142985335,0.7415006023904034,0.8095921600066096
453.00761939367976,51.934426508175314,0.6513161019704352,-0.8505642975351533,-0.5092904850230993,0.9913810681955413,0.25561142115311153,0.05440340552266609,0.2613368117131167,0.7414821702753053,0.8095731026619778
453.1076193936798,51.85064813552755,0.6006590704957272,-0.8250031554198363,-0.5038501444708314,0.9666929060130545,0.25561142115311153,0.05440340552266609,0.2613368117131167,0.74149735253749,0.8095861577052791
453.2076193936798,51.77048787169474,0.5514699319503484,-0.7836133740380489,-0.4847342667705765,0.9214213093655386,0.4119402100480052,0.18738522254525147,0.45255713261722885,0.7414793824444208,0.8095681117739923
453.30761939367983,51.694186235341164,0.5039334313860064,-0.742419353033239,-0.4659957445160471,0.8765492169098996,0.4119402100480052,0.18738522254525147,0.45255713261722885,0.7414949208558188,0.8095820209245879
453.40761939367985,51.62299287311659,0.4590338209286477,-0.6864757115933426,-0.4360294705525781,0.8132469500698712,0.557754325603407,0.2953190093826159,0.6311126722163333,0.7414772170167288,0.8095646779768632
453.5076193936799,51.55713407358526,0.41690746892029373,-0.6307002790329892,-0.40649756961430983,0.7503486630058263,0.557754325603407,0.2953190093826159,0.6311126722163333,0.7414929564879176,0.8095791630547157
453.6076193936799,51.497768575557366,0.37832549923315156,-0.5613237905803758,-0.3683028662344496,0.6713653246541949,0.6908185724237594,0.3778901920976445,0.7874206609488956,0.7414754013757525,0.8095622799567496
453.7076193936799,51.44509028936144,0.3433846635701873,-0.4922419333379842,-0.33051384702467657,0.5929093725109832,0.6908185724237594,0.3778901920976445,0.7874206609488956,0.741491256229143,0.8095771312910539
453.80761939367994,51.400094523309264,0.31265263100527346,-0.4117961131983794,-0.28649395379258746,0.5016520949871551,0.799218389190963,0.4357160797986822,0.9102738795637988,0.7414737918772489,0.8095605331020169
453.90761939367997,51.362911003935366,0.2861818160250026,-0.3318742742792649,-0.24292234581270933,0.4112806827745965,0.799218389190963,0.4357160797986822,0.9102738795637988,0.7414897265033414,0.8095756074919636
454.00761939368,51.3342637462161,0.26430717622777206,-0.24413959185386447,-0.19603390267913595,0.31310290849844313,0.8702221343151059,0.4634581037229957,0.9859411630307627,0.7414723355270159,0.8095591814774301
454.10761939368,51.314200897702285,0.24702107647847008,-0.1571173784223341,-0.14968809230682584,0.21700782377777014,0.8702221343151059,0.4634581037229957,0.9859411630307627,0.7414883461992262,0.8095743928423077
454.20761939368003,51.30308435218106,0.2343883305603452,-0.06685323271578064,-0.10333159792792118,0.12307223023447608,0.8941381069510954,0.4582222220926886,1.0047141678714646,0.7414710350150026,0.8095580767576329
454.30761939368006,51.300869719444236,0.2263462818780152,0.02256057797934924,-0.0575093757186419,0.06177627355474119,0.8941381069510954,0.4582222220926886,1.0047141678714646,0.7414871346866424,0.8095733826021174
454.4076193936801,51.307488507216995,0.22269937587621008,0.10987535615284504,-0.0147234073600239,0.11085744275421361,0.8634298921800263,0.42334954995179697,0.9616319567040192,0.741469920132753,0.8095571502011188
454.5076193936801,51.32279319229318,0.2233437828899673,0.1962183453708673,0.02761154763516542,0.19815154963534845,0.8634298921800263,0.42334954995179697,0.9616319567040192,0.7414861268551884,0.8095725366104793
454.6076193936801,51.3462282159484,0.22786383360845908,0.2745121668708347,0.06439945524521473,0.28196492618054714,0.7732803818574951,0.3644109963547546,0.8548438004863452,0.7414690263892918,0.8095563827919843
454.70761939368015,51.37754583454478,0.2361258341147566,0.35184020505660174,0.10084055488069849,0.36600593902683976,0.7732803818574951,0.3644109963547546,0.8548438004863452,0.7414853551430023,0.8095718500483937
454.80761939368017,51.41572053629452,0.24754552024013285,0.41561949152741273,0.1298488605279545,0.43543115221342776,0.6297120065980455,0.28739269397976935,0.6921934496993497,0.7414683801447487,0.8095557774117099
454.9076193936802,51.46043104548026,0.26196736976283075,0.4785906921872316,0.15858812992593796,0.504181758497528,0.6297120065980455,0.28739269397976935,0.6921934496993497,0.7414848374280346,0.8095713276985516
455.0076193936802,51.51026307629192,0.27867387331472326,0.5236595516968607,0.17838042921482178,0.5532078303948899,0.4457772251172305,0.19585090484811268,0.4869033901741109,0.7414679888827567,0.8095553357100627
455.10761939368024,51.5648579175872,0.29749117076045056,0.5682372742085938,0.1979655196996375,0.601734116358679,0.4457772251172305,0.19585090484811268,0.4869033901741109,0.7414845693364831,0.8095709638755312
455.20761939368026,51.622583053684025,0.31760498730217374,0.5928522678209341,0.20757182876560443,0.6281400127022017,0.24554369848868762,0.09525100818147292,0.26337133941849206,0.7414678352714738,0.8095550414401536
455.3076193936803,51.68309599895858,0.33883842521964647,0.6174066376698085,0.21709692958375387,0.6544631640309725,0.24554369848868762,0.09525100818147292,0.26337133941849206,0.7414845198542238,0.8095707294698454
455.4076193936803,51.74475062724446,0.3603444278619383,0.6223813078456177,0.2164359167861429,0.6589408155750255,0.052557127597645525,-0.006288639067874566,0.052932019068246315,0.7414678742418043,0.8095548514578426
455.50761939368033,51.80725154366702,0.3819565763452182,0.6276370206053835,0.2158070528793553,0.663702428582927,0.052557127597645525,-0.006288639067874566,0.052932019068246315,0.7414846298915752,0.8095705671289019
455.60761939368035,51.869103079802564,0.40284764497359243,0.6155198100057356,0.20537720005144217,0.6488793653757738,-0.11593874435551932,-0.10265626710483222,0.15485509878151613,0.7414680331928468,0.8095546952724582
455.7076193936804,51.93007536708137,0.42287208364321693,0.603925935570181,0.1951115733409566,0.6346613756216003,-0.11593874435551932,-0.10265626710483222,0.15485509878151613,0.7414848143794163,0.8095703953438198
455.8076193936804,51.98893986496131,0.4412950135937972,0.5784263533485721,0.1763672384818998,0.6047168337807858,-0.24855407394448426,-0.1844718500104594,0.3095302749662488,0.7414682163348898,0.8095544837833596
455.9076193936804,52.04553972992645,0.45800937819193843,0.5535709459541179,0.15792005348084967,0.5756557439094405,-0.24855407394448426,-0.1844718500104594,0.3095302749662488,0.7414849692715433,0.80957012189989
456.00761939368044,52.098963262141346,0.4724291607160638,0.5186557213796613,0.1329016991758799,0.5354125689257705,-0.34325525500707443,-0.24658411901752833,0.4226439374244262,0.7414683147983567,0.8095541274046696
456.10761939368047,52.14911255800428,0.4844864100385666,0.4843301958789461,0.10824328727412147,0.4962784983051818,-0.34325525500707443,-0.24658411901752833,0.4226439374244262,0.7414849851951585,0.8095696665357399
456.2076193936805,52.19536533115169,0.49378254030079705,0.44332873749023693,0.07940671008247713,0.4503840528824372,-0.40421800559163334,-0.28307023130844255,0.49347842090358207,0.7414682241858407,0.8095535629358934
456.3076193936805,52.23767711487276,0.5003078601525037,0.4029069369310644,0.05109968695162644,0.40613443320374465,-0.40421800559163334,-0.28307023130844255,0.49347842090358207,0.7414847691601478,0.8095689915366018
456.40761939368053,52.27572565249897,0.5039439562604554,0.3595010821207308,0.02227745058501651,0.3601906618036401,-0.4273645173716557,-0.28082539993384525,0.5113739687902703,0.7414678704833543,0.8095527871148496
456.50761939368056,52.3095389381242,0.5047675743192876,0.3167646303835555,-0.0058050894083744,0.3168178185094231,-0.4273645173716557,-0.28082539993384525,0.5113739687902703,0.7414842745095716,0.8095681372554783
456.6076193936806,52.33913177728671,0.5030290440202825,0.27519547881654893,-0.02981835095027974,0.27680622394459214,-0.4082011658202602,-0.23272050968758662,0.4698798010196541,0.741467243534765,0.8095518927652648
456.7076193936806,52.36461031933927,0.49888360637681534,0.23437536223451363,-0.0530904019190437,0.24031313155648626,-0.4082011658202602,-0.23272050968758662,0.4698798010196541,0.7414835370993602,0.8095672572774942
456.8076193936806,52.386365388472605,0.49293650515087684,0.19930792670469027,-0.06820123448308527,0.21065388207279487,-0.34331189326325395,-0.14583174629817042,0.37300127919938,0.7414664346389809,0.8095511009896983
456.90761939368065,52.40457962167676,0.48538722297107556,0.16497673737835708,-0.08278440911290563,0.1845821829651506,-0.34331189326325395,-0.14583174629817042,0.37300127919938,0.7414827126606296,0.8095666453975396
457.00761939368067,52.41999785421152,0.4770880889918216,0.14048250105367402,-0.08660122613282617,0.1650306197952502,-0.2396165807809716,-0.03564633057366995,0.2422535173501744,0.7414656715051771,0.8095507803669156
457.1076193936807,52.43284802141299,0.4682497347256686,0.1165208429755714,-0.09016585919019399,0.1473329189666846,-0.2396165807809716,-0.03564633057366995,0.2422535173501744,0.7414821068164574,0.8095667443053491
457.2076193936807,52.44412329826085,0.45983526999349394,0.1050086539848266,-0.08204288432790026,0.13325859177008537,-0.11284765542051056,0.08048918870665059,0.13861133731611242,0.7414653403417691,0.8095514422490258
457.30761939368074,52.45405992538223,0.45203342750423553,0.09372388844277298,-0.07399396545723337,0.11941220284761353,-0.11284765542051056,0.08048918870665059,0.13861133731611242,0.7414821860021288,0.8095681246406755
457.40761939368076,52.46374472338575,0.44574913071420214,0.09552945324424889,-0.055460257192909417,0.11046138042342579,0.01641819809978251,0.18088036089721404,0.18162395818600063,0.7414659821294394,0.809553700898137
457.5076193936808,52.47337975970068,0.4411075067993964,0.09717127305422751,-0.0373722211031839,0.10411022628524301,0.01641819809978251,0.18088036089721404,0.18162395818600063,0.7414835555991219,0.8095714238534885
457.6076193936808,52.48394939395027,0.43877810874458567,0.11012752904671551,-0.012069312965476293,0.11078691695951189,0.1244891266930448,0.24617717634448955,0.2758636344604755,0.7414682492976755,0.8095581893559335
457.70761939368083,52.49558459248841,0.4388020633297608,0.12257644171602282,0.012548404668978257,0.12321707074710864,0.1244891266930448,0.24617717634448955,0.2758636344604755,0.7414868922065952,0.809577238081491
457.80761939368085,52.50901245970433,0.441506263539001,0.14292188567954184,0.04005938194705936,0.14842984702604933,0.19701626470529243,0.2673798807571226,0.3321255924979569,0.7414728114220717,0.8095654275497862
457.9076193936809,52.524289729595814,0.4468491011374941,0.16262351215007556,0.0667973700227777,0.1758075520163615,0.19701626470529243,0.2673798807571226,0.3321255924979569,0.7414928214800389,0.8095859678692695
458.0076193936809,52.541823627618356,0.45477138027746733,0.18628193049422365,0.0917262597397728,0.2076407097717185,0.22973343946217306,0.24144404438215572,0.3332756813431372,0.7414802054538762,0.8095756488449818
458.1076193936809,52.56160048786509,0.46515122647335805,0.20925527444044617,0.11587066417799385,0.23919402312389804,0.22973343946217306,0.24144404438215572,0.3332756813431372,0.7415017424748229,0.8095976303677005
458.20761939368094,52.583683471371536,0.477542512034365,0.2320072605042574,0.13361284877838525,0.2677307645478308,0.22046144548442426,0.17041554957118143,0.2786480010348712,0.7414906382335296,0.809588605061565
458.30761939368097,52.607986504649396,0.4917558746600629,0.25405340505270485,0.15065440373550726,0.29536398220462656,0.22046144548442426,0.17041554957118143,0.2786480010348712,0.741513614416989,0.8096116662315502
458.407619393681,52.634224488790245,0.5070073301771377,0.2717375453492109,0.1574508309319963,0.31405741149285193,0.17067299487972165,0.06318890779540265,0.18199480555661304,0.7415037666030102,0.8096033869254932
458.507619393681,52.66225160829958,0.523068357809318,0.28880484483718694,0.163769721711538,0.33200716882456954,0.17067299487972165,0.06318890779540265,0.18199480555661304,0.741527741640123,0.8096267872135198
458.60761939368103,52.69148886667378,0.5389325863101484,0.29821801630774,0.15753378540533539,0.33726974189016384,0.09032652351591997,-0.0646636328494831,0.11108675107214537,0.7415185019310282,0.8096183147848458
458.70761939368106,52.72176230092214,0.554362646686438,0.30725066865933404,0.1510674221203856,0.3423804016261834,0.09032652351591997,-0.0646636328494831,0.11108675107214537,0.7415426148404154,0.8096409274955193
458.8076193936811,52.752312961784185,0.5682446207624043,0.30676505904067425,0.13105599103532006,0.3335872812840415,-0.007471919568476704,-0.20035346039096177,0.2004927397006447,0.7415329081365315,0.8096309695418173
458.9076193936811,52.78295210809041,0.5803484525639839,0.30601786708382644,0.11102064499621933,0.32553420494613317,-0.007471919568476704,-0.20035346039096177,0.2004927397006447,0.7415558876635131,0.8096513737562222
459.0076193936811,52.8127853233522,0.5895604778629036,0.29420049703884604,0.0777517353450088,0.30430127309471505,-0.11999204049683498,-0.3306504560407932,0.351749646570652,0.7415442802010703,0.8096384411541997
459.10761939368115,52.84160541285361,0.5956823991172014,0.2822012929891598,0.044686689740921964,0.28571746534777154,-0.11999204049683498,-0.3306504560407932,0.351749646570652,0.7415645808610634,0.809655150353171
459.20761939368117,52.86844703958375,0.5977141953880427,0.2585651503896869,7.473968592381531e-05,0.25856516119164635,-0.23515400122608787,-0.4417295421584071,0.500422214443079,0.7415494967839049,0.8096378659025667
459.3076193936812,52.893127784616595,0.5955130216458421,0.23504975026707275,-0.04409821452992694,0.2391506588436267,-0.23515400122608787,-0.4417295421584071,0.500422214443079,0.7415656042763107,0.8096497208228576
459.4076193936812,52.914761504731025,0.588303279677349,0.20129913525456772,-0.09688632634110006,0.22340166088485305,-0.33336089610731623,-0.5229326464471205,0.620151626437972,0.7415457279535191,0.8096272980801207
459.50761939368124,52.93322461377595,0.5759999838109999,0.16796304564382852,-0.149179590985824,0.22464668942285476,-0.33336089610731623,-0.5229326464471205,0.620151626437972,0.7415566617611221,0.8096340298348752
459.60761939368126,52.947837248202866,0.5580637525293335,0.12709708078028867,-0.20731069662387025,0.24316947357253868,-0.4043733220749113,-0.5769780702627149,0.7045718396089828,0.7415315396575102,0.8096069123762574
459.7076193936813,52.958525089670516,0.5344477925156269,0.08665974857278835,-0.2650085036501548,0.27881789582018046,-0.4043733220749113,-0.5769780702627149,0.7045718396089828,0.7415375491420889,0.8096098476148573
459.8076193936813,52.964805646132604,0.5048315847459917,0.04089879002466642,-0.3259523590433206,0.3285082211929977,-0.45522007449639657,-0.6052567655600201,0.7573381467222432,0.7415083652370348,0.8095804586053668
459.90761939368133,52.96661942476259,0.46921006501385065,-0.004623217424983582,-0.38647803559933636,0.38650568707339944,-0.45522007449639657,-0.6052567655600201,0.7573381467222432,0.7415117675693093,0.8095832925513209
460.00761939368135,52.96359679240951,0.4274688136204509,-0.05433936811547561,-0.44782121953932036,0.4511059870993438,-0.49577925432301007,-0.6096817686197589,0.7858173630077138,0.7414822109361827,0.8095567942132097
460.1076193936814,52.95568395932635,0.37963828282340856,-0.10391729354778789,-0.5087893964013102,0.5192932252482279,-0.49577925432301007,-0.6096817686197589,0.7858173630077138,0.741488257451937,0.8095663040974403
460.2076193936814,52.94258096860301,0.3257900920035761,-0.15694715770877554,-0.5683925756137524,0.5896630650852218,-0.5298083190820696,-0.5924672633125061,0.7948045753929569,0.7414653346874579,0.8095512127188907
460.3076193936814,52.92423721123672,0.2659884981256241,-0.20992798961699455,-0.6276393019450165,0.6618163296343333,-0.5298083190820696,-0.5924672633125061,0.7948045753929569,0.7414829243670977,0.8095777317547784
460.40761939368144,52.90036952700866,0.20048621726625052,-0.26630363762483117,-0.6833320798665073,0.7333896364054405,-0.5638325466182124,-0.5529796641188117,0.7897427742973863,0.7414775036061358,0.8095861867795912
460.50761939368147,52.870920000513074,0.12938811095898892,-0.3226868922866652,-0.7386300462784011,0.8060404305733422,-0.5638325466182124,-0.5529796641188117,0.7897427742973863,0.7415195018571005,0.8096436201101428
460.6076193936815,52.835615758668865,0.05314770642271981,-0.3822317688022285,-0.7878979125140679,0.8757192732980736,-0.5934080316553334,-0.4883061443097607,0.7684894160648681,0.741546325690118,0.8096910803323558
460.7076193936815,52.79442554163036,-0.0280836155502548,-0.44157257196777533,-0.8367285269450551,0.9460977561107932,-0.5934080316553334,-0.4883061443097607,0.7684894160648681,0.7416292129433971,0.8097962358211328
460.80761939368153,52.747198653312566,-0.11363561969441963,-0.5022244203148069,-0.876916046015225,1.0105499097617692,-0.6017784426590109,-0.39780821088077434,0.7213796966184085,0.7417061065985305,0.8099003894797048
460.90761939368156,52.693967319067774,-0.20331626535036684,-0.5624022645807216,-0.9166968671033114,1.0754670861363216,-0.6017784426590109,-0.39780821088077434,0.7213796966184085,0.7418486982040912,0.8100714360881025
461.0076193936816,52.63482224172219,-0.29625646967090424,-0.6207131909497562,-0.9455172075412852,1.1310559911762539,-0.5768663931715545,-0.284552992386399,0.6432303172634298,0.7419947513351769,0.8102501824171154
461.1076193936816,52.56986659066134,-0.3922309553869869,-0.6783998302669247,-0.9739725067799316,1.1869493559833866,-0.5768663931715545,-0.284552992386399,0.6432303172634298,0.7422158217589434,0.810504153226357
461.2076193936816,52.4995008442279,-0.4901867224620517,-0.7304119742223097,-0.9892832782795319,1.2297085251273285,-0.5144291207151389,-0.14949762667135025,0.5357115460955806,0.7424484583187264,0.8107726533326745
461.30761939368165,52.42388750120208,-0.5898625384233844,-0.7818548862938354,-1.0042330409466704,1.2727061969482758,-0.5144291207151389,-0.14949762667135025,0.5357115460955806,0.7427632852656887,0.8111220865822922
461.40761939368167,52.34369782129697,-0.6900284067492833,-0.8245520759934228,-1.0039624792798374,1.299163879511273,-0.4224510145369643,0.0054721108707345145,0.42248645384283273,0.7430943651807282,0.8114890917391898
461.5076193936817,52.25913035862492,-0.7903972941229362,-0.8667971774471289,-1.0034152681927637,1.3259636296945196,-0.4224510145369643,0.0054721108707345145,0.42248645384283273,0.7435104818557945,0.8119381430075662
461.6076193936817,52.171086902227835,-0.8896118665146435,-0.8975872238928513,-0.9863061702609687,1.333590149180225,-0.30333888422261346,0.1723023517126817,0.348858967330841,0.7439418861551063,0.8124020690689571
461.70761939368174,52.079811485417416,-0.987380971782199,-0.9279211123151195,-0.9690759350896966,1.341695106441884,-0.30333888422261346,0.1723023517126817,0.348858967330841,0.7444546626402557,0.8129426993131673
461.80761939368176,51.98642991412471,-1.0822942133729927,-0.9441643324222797,-0.9348631036103031,1.3286893200106251,-0.15903803094614705,0.3417605726955137,0.3769527614123461,0.7449741530280122,0.8134881823345377
461.9076193936818,51.891218290727736,-1.1740717208705658,-0.960068135516898,-0.900687046340744,1.3164224171142431,-0.15903803094614705,0.3417605726955137,0.3769527614123461,0.7455631554042202,0.8140972725312103
462.0076193936818,51.79545532738421,-1.2613312717528373,-0.9603193441763457,-0.8501097175232307,1.2825364613244778,-0.0013747940942260284,0.5034749547335613,0.5034768317437885,0.7461415872763836,0.8146931438548426
462.10761939368183,51.69941651899608,-1.3438248687315106,-0.9604568235857683,-0.7997622220498631,1.249838758316687,-0.0013747940942260284,0.5034749547335613,0.5034768317437885,0.7467688878462452,0.8153315292046346
462.20761939368185,51.6044285576752,-1.4202950993500847,-0.9446565157663533,-0.7347782245948619,1.1967769099203927,0.15719341688149968,0.6458689250383389,0.664722828433822,0.7473599839267497,0.8159312045300231
462.3076193936819,51.51074887318295,-1.4905435771843945,-0.9289371740781998,-0.6701913320910132,1.1454609094134633,0.15719341688149968,0.6458689250383389,0.664722828433822,0.7479716038914357,0.8165455746294544
462.4076193936819,51.41965607912949,-1.5535155254337283,-0.8981036973770571,-0.5935909070992237,1.0765409496313736,0.30601558571643217,0.7607902556688115,0.8200288725538795,0.7485153526492716,0.8170906804866971
462.5076193936819,51.33137578732035,-1.6090706648653184,-0.8675021388054069,-0.5175118815323253,1.0101378660158638,0.30601558571643217,0.7607902556688115,0.8200288725538795,0.7490467079626667,0.817618985498649
462.60761939368194,51.24706657766752,-1.6564202029662602,-0.8234020216942141,-0.43277099297963334,0.9302051503269033,0.43759131844628474,0.8412875980404251,0.948288450101648,0.7494769534117467,0.8180465928117329
462.70761939368197,51.16691433209031,-1.6954908642740294,-0.7796428898495756,-0.3486422331755717,0.8540459252561582,0.43759131844628474,0.8412875980404251,0.948288450101648,0.7498624868028421,0.8184269942458388
462.807619393682,51.09190389185517,-1.7258010724779982,-0.7245955450841585,-0.25963167914820834,0.7697059911246157,0.5464505918787406,0.8834004402260045,1.0387514559104716,0.7501183990847905,0.8186800830481323
462.907619393682,51.02217659030614,-1.7473472381916928,-0.669950485896272,-0.17129163512558782,0.6915016108561487,0.5464505918787406,0.8834004402260045,1.0387514559104716,0.7503045297838066,0.8188626116619362
463.00761939368203,50.958519889026675,-1.7599803049579223,-0.6063932831942616,-0.08206589756765559,0.6119212575541896,0.6321202809126227,0.886500343892604,1.0887878164558777,0.750344450140528,0.8189024104316005
463.10761939368206,50.901041162111795,-1.7637543929952246,-0.5431812551029849,0.006584136821624967,0.5432211582338632,0.6321202809126227,0.886500343892604,1.0887878164558777,0.7503036740218715,0.8188614425182756
463.2076193936821,50.85036237131009,-1.7587941484021816,-0.4729272556464388,0.09304981299213129,0.48199424979053707,0.6997601151525167,0.8601667909165094,1.1088512645769357,0.7501182335177484,0.8186789876817909
463.3076193936821,50.8065684463212,-1.7451883331483817,-0.40295124413117117,0.17906649208380176,0.4409472913331671,0.6997601151525167,0.8601667909165094,1.1088512645769357,0.7498596239116003,0.8184224840218828
463.4076193936821,50.77013959976661,-1.7232914048837578,-0.32760305226572617,0.2601997235230437,0.41836306717406174,0.7506765606056947,0.8068317638941052,1.1020402868639914,0.7494751798758652,0.8180416578877335
463.50761939368215,50.74113267734306,-1.693237273711975,-0.25253539620513965,0.3408828999124726,0.424234932306645,0.7506765606056947,0.8068317638941052,1.1020402868639914,0.7490402341671967,0.8176075521914541
463.60761939368217,50.719883895719924,-1.6556055215536971,-0.17387307867513083,0.4139783384739091,0.449009924404335,0.7829325789431397,0.7263949058989119,1.0680042052756369,0.7485088517016246,0.8170763275389681
463.7076193936822,50.70641125074713,-1.6105757131768006,-0.09557982078079905,0.4866178290638168,0.4959157324619493,0.7829325789431397,0.7263949058989119,1.0680042052756369,0.7479579444263948,0.816520655605709
463.8076193936822,50.700857133741316,-1.5589572129785791,-0.01618435457466326,0.5488862185280037,0.5491247710884748,0.7891957866615877,0.6177848491663945,1.002241542515549,0.7473435789212527,0.8158989370471279
463.90761939368224,50.70318467721716,-1.5009796668799331,0.06273522409151346,0.6106647034446572,0.613878724484701,0.7891957866615877,0.6177848491663945,1.002241542515549,0.7467420673198903,0.8152835306463339
464.00761939368226,50.71330182422498,-1.437698415133768,0.1398928426087726,0.6590866623967616,0.6737694234398484,0.767152761253082,0.4794025111594822,0.9046270650407523,0.746107686680892,0.8146316435103774
464.1076193936823,50.73112687229212,-1.3693927363382783,0.21660811873409824,0.7070269135127207,0.7394634091913199,0.767152761253082,0.4794025111594822,0.9046270650407523,0.7455145285958301,0.8140138289967608
464.2076193936823,50.756355389732576,-1.2973524076891778,0.28913346733202683,0.7388713658230986,0.793428671756152,0.721996145151689,0.3144313096939541,0.7874931632273096,0.7449126396061027,0.8133837992866061
464.30761939368233,50.788878717191544,-1.2218931145583807,0.36133308184721213,0.7703144967925012,0.8508501748286171,0.721996145151689,0.3144313096939541,0.7874931632273096,0.7443730372975292,0.8128094527552504
464.40761939368235,50.82823606869757,-1.1444989662594216,0.42763685705905174,0.783469954900686,0.8925796612893591,0.6610279589745143,0.12880005456312366,0.6734592909756875,0.7438404951672717,0.8122399065084064
464.5076193936824,50.87430489419836,-1.0655079704965194,0.49373965295651817,0.7963499603570013,0.9369909840880117,0.6610279589745143,0.12880005456312366,0.6734592909756875,0.7433828548710386,0.8117402019450612
464.6076193936824,50.92652823746205,-0.986531790774544,0.5529420304582461,0.7896293610821984,0.9639810251920775,0.5907692339976802,-0.0681781995272881,0.5946903015259191,0.7429397547670912,0.8112548015521014
464.7076193936824,50.98477628667788,-0.9079097456639429,0.6120189538580275,0.782811541129468,0.993660459516714,0.5907692339976802,-0.0681781995272881,0.5946903015259191,0.7425763404500463,0.8108462042703128
464.80761939368244,51.048425147244025,-0.8312923690376931,0.6634066567801931,0.7561827956601209,1.0059427482280634,0.5120089251030537,-0.2654787473532143,0.5767426676442591,0.7422280633085155,0.8104548977459116
464.90761939368247,51.11732585754758,-0.7570014832084304,0.7146075492905101,0.7296349209247934,1.0212889245144678,0.5120089251030537,-0.2654787473532143,0.5767426676442591,0.7419581868024028,0.8101414630936897
465.0076193936825,51.190754812805054,-0.6866384405007862,0.7568163760164593,0.6841177732908915,1.0201902541875092,0.41988024942211893,-0.4524111962924394,0.6172319777729739,0.7416993171849106,0.809843476479787
465.1076193936825,51.26853585165383,-0.6204887191531446,0.7988044009586808,0.6388766536616373,1.0228645313944797,0.41988024942211893,-0.4524111962924394,0.6172319777729739,0.7415137247248413,0.8096203099155477
465.20761939368253,51.34984245552872,-0.5600025811713111,0.8306087336195305,0.5767872334521444,1.011234088150918,0.31636706367435075,-0.615776315023297,0.6922922714588119,0.7413325244517094,0.8094077357422215
465.30761939368256,51.43448516420907,-0.5054027394012014,0.8622454399869728,0.5152096019498007,1.0044441909432302,0.31636706367435075,-0.615776315023297,0.6922922714588119,0.7412177351485818,0.8092645076279871
465.4076193936826,51.521554705504194,-0.4578683123787848,0.88276577427056,0.4404107712707942,0.9865277794744745,0.20399443688196095,-0.7397315061940359,0.7673437505674269,0.7411000507395628,0.8091254725744714
465.5076193936826,51.61085125511568,-0.41752589278266716,0.9031652179587607,0.3664376206513738,0.9746711962293416,0.20399443688196095,-0.7397315061940359,0.7673437505674269,0.7410416745056799,0.8090490890188416
465.6076193936826,51.70141311365138,-0.3851259772649825,0.9119533518142043,0.28480946269665386,0.9553927705015978,0.08830519953560256,-0.8057567130122445,0.8105810809717429,0.7409734778711617,0.8089697481083366
465.70761939368265,51.7930499748305,-0.3606738145603737,0.9207838717677667,0.2042337913954111,0.943161905536575,0.08830519953560256,-0.8057567130122445,0.8105810809717429,0.7409578936410076,0.8089455855937168
465.80761939368267,51.884833283072524,-0.34440050735384636,0.9186545881750736,0.12235652821145226,0.9267671618972448,-0.01949132047509128,-0.8085458929295912,0.8087807938787696,0.7409260208332986,0.8089105217154168
465.9076193936827,51.97660128528768,-0.3362075839973481,0.916705456127564,0.04150193891847476,0.9176444323527704,-0.01949132047509128,-0.8085458929295912,0.8087807938787696,0.7409401625926402,0.80892197949319
466.0076193936827,52.0675054648555,-0.335828168663057,0.9047602482817773,-0.03484998903540784,0.9054311838050815,-0.11898344461035548,-0.7553311036745591,0.764645104783633,0.7409311733268803,0.8089129367862051
466.10761939368274,52.157386572460645,-0.34308982308497304,0.8928619038207389,-0.11038309940288094,0.8996592732408091,-0.11898344461035548,-0.7553311036745591,0.764645104783633,0.7409605162252265,0.8089394078299504
466.20761939368276,52.24540085114457,-0.35733058860531136,0.8707192456914762,-0.17699270360290514,0.8885259827074271,-0.22342529958946844,-0.6600306851690658,0.696820902285078,0.7409579255478559,0.8089326244856073
466.3076193936828,52.33135564921579,-0.37833001239145275,0.8483767157325242,-0.24299577211982673,0.882490791490322,-0.22342529958946844,-0.6600306851690658,0.696820902285078,0.7409830759746466,0.8089463087139128
466.4076193936828,52.4143047114613,-0.405127878765144,0.8143325442926654,-0.2967374765497446,0.8667125375136072,-0.3429135263311457,-0.5329173991140383,0.6337117963391029,0.7409635033683607,0.8089090182077012
466.50761939368283,52.49402339825893,-0.43746621341569664,0.7800411916595431,-0.35002921646116053,0.8549764400625633,-0.3429135263311457,-0.5329173991140383,0.6337117963391029,0.7409560717944066,0.8088712812197346
466.60761939368285,52.56945276488106,-0.47416535086821826,0.732761285891647,-0.3886125985807999,0.8294328507343448,-0.4744708019232812,-0.3821785369994227,0.6092478773214894,0.7408851060069853,0.8087581999230202
466.7076193936829,52.640356539460626,-0.5149375034113051,0.6853142056993081,-0.42683045228075084,0.8073659613381431,-0.4744708019232812,-0.3821785369994227,0.6092478773214894,0.7408037681664628,0.8086163928387835
466.8076193936829,52.70559742772339,-0.558419449304398,0.6240755130394194,-0.4482112836573208,0.7683512222760877,-0.6124972466352202,-0.21079294062002557,0.6477550007147481,0.7406325387648997,0.8083671785531181
466.9076193936829,52.76494249279417,-0.6042945423732409,0.5628257883758835,-0.4692905777193282,0.7328072832587539,-0.6124972466352202,-0.21079294062002557,0.6477550007147481,0.7404203416076972,0.8080529481011921
467.00761939368294,52.817267111131464,-0.6510589671247672,0.48826196000078265,-0.4720101224695582,0.679112138970828,-0.7429959964135092,-0.025770370158330003,0.7434427769940338,0.7400838848589978,0.8075916638438434
467.10761939368297,52.862378327149486,-0.6983888312225254,0.4139623603594148,-0.4745871594853918,0.6297601192063139,-0.7429959964135092,-0.025770370158330003,0.7434427769940338,0.7396678866033092,0.8070217610797205
467.207619393683,52.8992947401203,-0.7447213593820748,0.3284164809605221,-0.4583681343058936,0.5638782949480843,-0.8508128054015023,0.1613339122167068,0.8659740533447423,0.7390863485021312,0.8062592773855748
467.307619393683,52.92788232418934,-0.7897515032515907,0.24333520042035256,-0.4422347430842193,0.5047609213819733,-0.8508128054015023,0.1613339122167068,0.8659740533447423,0.7383805517947989,0.8053396880736134
467.40761939368304,52.94739098950796,-0.831974268775157,0.1499412249459021,-0.4083549184657418,0.4350127703567336,-0.9290204376169353,0.33524057151757947,0.987656425231667,0.737464043749405,0.8041796813716635
467.50761939368306,52.957740009814465,-0.8711335577641518,0.05703918118418744,-0.37483086131397625,0.37914593863516444,-0.9290204376169353,0.33524057151757947,0.987656425231667,0.7363762532151357,0.8028135351951823
467.6076193936831,52.95841985119942,-0.9059124073371977,-0.041315884029435444,-0.3261501512422943,0.32875663252397697,-0.978910571812535,0.48144342392939676,1.0908958144805603,0.735033742149687,0.801162282924898
467.7076193936831,52.94939370993741,-0.9361202053417865,-0.1392069412107112,-0.27800580884934367,0.3109112449481688,-0.978910571812535,0.48144342392939676,1.0908958144805603,0.733476439714723,0.7992614547379074
467.8076193936831,52.93038101269293,-0.9607069882014659,-0.2398730178221146,-0.21805235022599992,0.3241695422432074,-1.0031626050112765,0.593743852779804,1.1657044972062243,0.7316284138451793,0.7970410011790529
467.90761939368315,52.90137789788566,-0.9795435039601705,-0.34018927832326507,-0.158677964948006,0.3753763999589539,-1.0031626050112765,0.593743852779804,1.1657044972062243,0.7295330081689305,0.7945406142193268
468.00761939368317,52.86226141691189,-0.9918671532260386,-0.44166880419889254,-0.09095760038519562,0.45093748754158,-1.0138032277563884,0.671513807197499,1.2160295135670645,0.7271268350583651,0.7917041105132466
468.1076193936832,52.81302552035321,-0.9976053442285712,-0.5430491269745544,-0.023806219665430464,0.5435706857461912,-1.0138032277563884,0.671513807197499,1.2160295135670645,0.7244597384446877,0.7885783216852473
468.2076193936832,52.75358817109055,-0.9962796835267796,-0.6453991870623877,0.04828973470117739,0.6472032208961116,-1.0238785109958446,0.7152050255860725,1.2489377221873965,0.7214856697039678,0.7851254719080677
468.30761939368324,52.683928859829315,-0.9878746849287288,-0.7477870381619955,0.1198102372598009,0.7573242023039667,-1.0238785109958446,0.7152050255860725,1.2489377221873965,0.718263650388019,0.7814020197251466
468.40761939368326,52.60395766702004,-0.9722030383535192,-0.8512307169189842,0.1927401735770145,0.8727786133590267,-1.0333152224494315,0.7230395678128035,1.2611608008373254,0.7147684175773441,0.7773916728746263
468.5076193936833,52.51366801921588,-0.9493138231567477,-0.9545622391639509,0.2650441303583113,0.9906752542963255,-1.0333152224494315,0.7230395678128035,1.2611608008373254,0.7110696961398609,0.7731618160398753
468.6076193936833,52.41304084884003,-0.9193361360434119,-1.05783465626456,0.3348829790418345,1.1095768426054562,-1.0302745370442672,0.6916335864974719,1.2408959020212513,0.7071637722410723,0.7687180017915958
468.70761939368333,52.30210601052833,-0.8823896702067319,-1.16086210996901,0.4040463376915974,1.2291681257515972,-1.0302745370442672,0.6916335864974719,1.2408959020212513,0.7031306444802382,0.7641379133797636
468.80761939368335,52.18095533424558,-0.838939405138118,-1.2625065819106929,0.4666961600193428,1.3460045227058566,-1.0150183922705265,0.6200871112698827,1.1894411974580636,0.6989848832399082,0.7594453618047389
468.9076193936834,52.049629584093125,-0.7891693535798223,-1.3640084211377688,0.5287048711463451,1.4628902261306629,-1.0150183922705265,0.6200871112698827,1.1894411974580636,0.694813745738364,0.7547252101064892
469.0076193936834,51.90828424011126,-0.7338590408267655,-1.4635251979711454,0.5805133463743286,1.5744528415977412,-0.9946677149027634,0.512287071385445,1.118839535670134,0.6906418639512393,0.7500111645263072
469.1076193936834,51.75697312579476,-0.6733325658992944,-1.5626264030072685,0.6295984805341313,1.6846944892372389,-0.9900264902184635,0.4850191996449929,1.1024500330439284,0.6865499750957083,0.7453827362799491
469.20761939368344,51.59583180047407,-0.6084004997949151,-1.6602751866879129,0.6693506190841316,1.7901240031908108,-0.9730468287161378,0.37074976934984427,1.0412855143271205,0.6825841652791734,0.7408912974653991
469.30761939368347,51.42495565695705,-0.5397453892904923,-1.757088852381554,0.7024085732150382,1.8922840798594467,-0.964064878743655,0.2952577713158048,1.0082649661420326,0.6787943654528553,0.7365894258795052
469.4076193936835,51.24444467046233,-0.46820811622156117,-1.852995663092663,0.7268874115030147,1.9904668388199214,-0.9551023810174062,0.20025970142216298,0.9758711524780371,0.6752233400554886,0.7325232881946184
469.5076193936835,51.05436959224794,-0.39451807656413196,-1.9485059011944252,0.7469133816452356,2.0867570166816787,-0.9551023810174062,0.20025970142216298,0.9758711524780371,0.6719169426373481,0.7287404592577206
469.60761939368354,50.8548264918044,-0.3200809753682841,-2.0428536490345333,0.7479575406671624,2.1754750088232635,-0.9451930910700066,0.007711951101933415,0.945224551943226,0.6688680819912336,0.7252410005951391
469.70761939368356,50.645815161445555,-0.2452466615460412,-2.137372958141555,0.7487287357773559,2.264720265722356,-0.9451930910700066,0.007711951101933415,0.945224551943226,0.6661393744803152,0.7220847217705766
469.8076193936836,50.427365594630785,-0.17167222183496156,-2.2317500854041685,0.7294439853394681,2.347934618222884,-0.9448616549245238,-0.19251876247451283,0.9642753864179194,0.6636893926303898,0.7192380538890534
469.9076193936836,50.199466277815695,-0.09969041711337116,-2.3262362508966423,0.7101921090920124,2.432231059501179,-0.9448616549245238,-0.19251876247451283,0.9642753864179194,0.6615699738707967,0.7167494807376407
470.0076193936836,49.96210588605019,-0.03092349900762648,-2.4208859782353174,0.6717571364717835,2.512358766183114,-0.9458637516744655,-0.3808233938136827,1.0196492995179598,0.6597173964505356,0.7145619965998377
470.10761939368365,49.715289670299384,0.03423105930500523,-2.515428822510377,0.6307792344835534,2.593311513060396,-0.9452929480507778,-0.4175019377808904,1.0333860003335293,0.6581614317014512,0.7127023041848121
470.2076193936837,49.45903964621822,0.09468934664890681,-2.6095362541078724,0.5790434427684579,2.6730078133287405,-0.9384706107122904,-0.5405355588610183,1.0830077458466736,0.6568637297945341,0.711134169175119
470.3076193936837,49.19340808277664,0.14977701450949238,-2.702933079484489,0.5216287099694408,2.7528065212135573,-0.9294791659634888,-0.6017455789918837,1.1072620565143827,0.6558053700865153,0.7098379739602708
470.4076193936837,48.9184958062444,0.19880985758040742,-2.7950581522565527,0.45813194702505533,2.832355019304745,-0.9130405913304637,-0.661267813273636,1.1273500974802722,0.654959091204421,0.7087858045952713
470.50761939368374,48.634424788062034,0.24131671321655368,-2.8863622113896197,0.3920051656976767,2.912860255019392,-0.9130405913304637,-0.661267813273636,1.1273500974802722,0.6543149742174684,0.7079653535094138
470.60761939368376,48.34151521529998,0.2766389396574221,-2.973055363575349,0.3177185265738339,2.98998382219911,-0.8621463442540442,-0.7343894124593309,1.1325299678343943,0.6537947778197664,0.7072997009502883
470.7076193936838,48.039898947221104,0.3047388452525144,-3.059269998000773,0.24427958532788419,3.069007239560639,-0.8621463442540442,-0.7343894124593309,1.1325299678343943,0.6534408915023572,0.7068249220794188
470.8076193936838,47.73015688169584,0.3252651245984448,-3.1377761528301744,0.16781487782556706,3.142260495008226,-0.7796431357770789,-0.7563292549350634,1.0862215984940389,0.6531592710172244,0.7064484600502765
470.90761939368383,47.41248105073387,0.3382649661063283,-3.2157404664079,0.09218195233204352,3.2170614323679065,-0.7796431357770789,-0.7563292549350634,1.0862215984940389,0.6529973235315278,0.7062111486395759
471.00761939368385,47.08771830392704,0.34379756298015207,-3.282793794759415,0.018383942877019815,3.2828452702292603,-0.6651263977566025,-0.7300962234206845,0.9876404307468484,0.6528646825135785,0.7060235976039387
471.1076193936839,46.75620345188762,0.3420218770544007,-3.347067455248961,-0.0537165157526289,3.3474984711051565,-0.6366528014606613,-0.7184650426057646,0.9599577110759678,0.6527987231687833,0.7059174655175515
471.2076193936839,46.418780006031014,0.33328221959052545,-3.4017525802213426,-0.12111905587020169,3.403908113145455,-0.5202996816417097,-0.6577617300425964,0.8386669495247169,0.6527615996074027,0.705853386992612
471.3076193936839,46.07613474471247,0.31796232601104923,-3.4498453681927383,-0.1844512367375784,3.454772832354526,-0.4467353320928459,-0.611369102754312,0.7571952434760257,0.6527469843860918,0.7058221275640284
471.40761939368394,45.729085651579496,0.2965755670338949,-3.4897995019106487,-0.24234569194107117,3.498204110388387,-0.3589065197801531,-0.5500099648215455,0.6567532651945471,0.6527436148574107,0.7058101119230772
471.50761939368397,45.378311168789445,0.2695909480156733,-3.525690153888672,-0.2973466884232382,3.538206624031982,-0.3589065197801531,-0.5500099648215455,0.6567532651945471,0.6527620755980609,0.7058248637783613
471.607619393684,45.02502329026037,0.23793169841700623,-3.5455452213664285,-0.3398448247249638,3.561795252628463,-0.2008725294784841,-0.42270136058839114,0.4680023646760361,0.6527442636725824,0.7058090436256759
471.707619393684,44.669464405476255,0.2018337091415592,-3.5656324743142815,-0.3821149607838125,3.58604891003168,-0.2008725294784841,-0.42270136058839114,0.4680023646760361,0.6527576205321848,0.7058249215342205
471.80761939368404,44.3128489338635,0.16241397561629434,-3.5716798023136778,-0.41074757994403904,3.5952204639890106,-0.06553844514226848,-0.2853149687476222,0.2927454853334595,0.6527294637472799,0.7058020607204832
471.90761939368406,43.95535326140634,0.11991264277814233,-3.578233646827906,-0.4392790768188078,3.6050966892195997,-0.06553844514226848,-0.2853149687476222,0.2927454853334595,0.6527299177265102,0.7058059650515582
472.0076193936841,43.597930635429684,0.0754889414269078,-3.574201120221272,-0.45385938015972577,3.6029018838638898,0.03337571605349621,-0.14611570649399352,0.1498790782808677,0.6526882095794977,0.7057686858952025
472.1076193936841,43.24072673540183,0.02946495658479096,-3.5696482712676127,-0.4661787644633872,3.5999599193602787,0.048699787001528216,-0.1170411322524505,0.12676867078631782,0.6526601726397,0.7057427277302114
472.2076193936841,42.884192456992366,-0.017295961245829817,-3.561424096879256,-0.4694920553864608,3.5922366831687507,0.08601115355155553,-0.011221627821663693,0.0867400914585476,0.6526235737885683,0.7057067464873501
472.30761939368415,42.528497453049646,-0.06419229898922589,-3.552355575222742,-0.4673692822911528,3.5829686265505374,0.0931606961526752,0.048874814135640765,0.1052029598654168,0.6525854260555578,0.7056673282598501
472.4076193936842,42.1737250483211,-0.11055228554776092,-3.543175683312138,-0.45879576805557704,3.5727562860626447,0.08832592864845923,0.11701713927954382,0.1466099606329013,0.6525452832655161,0.7056241513206755
472.5076193936842,41.819849109633054,-0.15584677665693109,-3.5343430904472903,-0.44709405412762,3.562509533212336,0.08832592864845923,0.11701713927954382,0.1466099606329013,0.6525223837306698,0.705595684378183
472.6076193936842,41.466641276198814,-0.1991568058752266,-3.5290526221957155,-0.42326891891374724,3.5543450856585195,0.0469695057469659,0.23633976835937331,0.24096186540254974,0.6524644049879871,0.7055325571943137
472.70761939368424,41.1139708615079,-0.24030199892481355,-3.524355671621018,-0.39963494207780453,3.5469410746468237,0.0469695057469659,0.23633976835937331,0.24096186540254974,0.6524439247703404,0.7055039955525643
472.80761939368426,40.76135206195123,-0.27835223216790655,-3.5260728822050638,-0.3651516091916458,3.544929571700568,-0.019690318368478565,0.34227310845242764,0.342839013834685,0.6523901392620779,0.7054431323324527
472.9076193936843,40.4086463221388,-0.31315602754481653,-3.528041914041912,-0.33092429834639525,3.5435279931831456,-0.019690318368478565,0.34227310845242764,0.342839013834685,0.6523754507174594,0.7054190668442833
473.0076193936843,40.055257322766955,-0.34391584177632006,-3.537294055834706,-0.2875413181840571,3.548961713953332,-0.09200701161194841,0.4304941637648605,0.4402164413346777,0.6523283871852085,0.7053642375362088
473.10761939368433,39.70102180730479,-0.3704663136752414,-3.547634599700706,-0.2432266178723277,3.5559626601857337,-0.10644469157032035,0.4465065202876234,0.45901911182745153,0.6523050205572539,0.7053321953938383
473.20761939368435,39.345518977543755,-0.39232982009756334,-3.5621449120221382,-0.19434276993753,3.56744242931434,-0.15342884268239254,0.4981974737997179,0.5212879556130939,0.6522816042526522,0.7053006252124084
473.3076193936844,38.98849760550763,-0.40922668053571976,-3.5786468731133954,-0.1431541030792658,3.5815089752327456,-0.17414658918197223,0.5231450455881368,0.5513689991712704,0.6522637987509217,0.705275092648355
473.4076193936844,38.629725981603755,-0.4208755820540696,-3.597036197571605,-0.08943791470395625,3.5981479329270196,-0.19099421384617188,0.5487052936276351,0.5809959457498016,0.6522494402702578,0.7052536822967062
473.5076193936844,38.26906739077728,-0.4270758470563278,-3.6161356189562266,-0.03456738534118027,3.6163008335608997,-0.19099421384617188,0.5487052936276351,0.5809959457498016,0.652256244762288,0.7052533344294132
473.60761939368444,37.90637955547256,-0.42750038305790083,-3.6367919209750745,0.024574365417760795,3.6368749464210697,-0.20176740588072506,0.5902266972613064,0.6237608838616181,0.6522297121441517,0.7052222418695613
473.70761939368447,37.541691526345566,-0.42209181302981635,-3.656968661563152,0.08359703514390485,3.6579240363818166,-0.20176740588072506,0.5902266972613064,0.6237608838616181,0.652241643114958,0.7052287164874661
473.8076193936845,37.175069880783965,-0.4105434780764799,-3.675598472382908,0.14610505146925898,3.6785011643668675,-0.18049472658443588,0.6234994793971672,0.6490993353357626,0.6522193748925643,0.7052035762787439
473.9076193936845,36.80660755991267,-0.3928154755325634,-3.6936479450413553,0.20845499940898987,3.699525459932237,-0.18049472658443588,0.6234994793971672,0.6490993353357626,0.6522348169343919,0.7052151947783537
474.00761939368454,36.43666476217268,-0.36868547108015226,-3.7065029432431484,0.2731781462327872,3.7165562511348194,-0.12191965126876811,0.6443711654041893,0.6558037817593393,0.6522152954866691,0.7051943108498925
474.10761939368456,36.06546053937842,-0.3381396811469486,-3.7173088992840166,0.3377632580810064,3.732622331713409,-0.10424641209995861,0.6462004485181378,0.6545550657513521,0.6522166688759647,0.7051939966109042
474.2076193936846,35.69352389558463,-0.30112887534797417,-3.721547103312367,0.4023424498072924,3.7432328659982677,-0.021108996700385685,0.6429198067112691,0.6432662493892809,0.652214754137749,0.7051911194720044
474.3076193936846,35.32137101076338,-0.25769560975695405,-3.7204105375491885,0.4661388477294588,3.7494986322533297,0.040569526728902794,0.632755727910391,0.6340549642597367,0.6522151369425017,0.7051908877826397
474.4076193936846,34.94968730041535,-0.20795327178696305,-3.7119968496355376,0.5283845002818178,3.7494147265729647,0.12336332513622605,0.6119219563966934,0.6242331220858301,0.6522156908555506,0.7051911685647108
474.50761939368465,34.57910443207739,-0.1520552119767844,-3.699660517121912,0.5895766959215011,3.746343366847797,0.12336332513622605,0.6119219563966934,0.6242331220858301,0.6522343254902906,0.7052089105830518
474.6076193936847,34.2108967012909,-0.09042321948174094,-3.6699936591221785,0.6446612261062552,3.7261832421986196,0.30044486005840443,0.5441762419225638,0.6216067054082339,0.6522167411841463,0.7051923201283773
474.7076193936847,33.84539955967889,-0.02323621566148671,-3.639949173116331,0.6990788502985239,3.706472881568806,0.30044486005840443,0.5441762419225638,0.6216067054082339,0.6522351308941806,0.7052100548932678
474.8076193936847,33.48416893249406,0.04873589053471039,-3.590907260297239,0.7433037870456184,3.667030879593432,0.49152797361290107,0.4354148812429809,0.6566474454772849,0.652217127961173,0.7051931443263932
474.90761939368474,33.12753584633232,0.12524334364550505,-3.5417544629359377,0.7868452751699264,3.628105588703817,0.49152797361290107,0.4354148812429809,0.6566474454772849,0.6522350343331719,0.7052103769234285
475.00761939368476,32.77710365402353,0.20518098024395562,-3.4733519061458913,0.8162324161861613,3.5679698458872093,0.68314962657232,0.2881721240369483,0.7414422333249345,0.6522164882811731,0.7051928174412858
475.1076193936848,32.4333102418028,0.2881333943264567,-3.4019157786537777,0.8422779324026325,3.5046345145344318,0.7227277790599844,0.252949273209804,0.7657145535004188,0.6522176835176918,0.7051939458787686
475.2076193936848,32.097325274926085,0.3730607681477037,-3.3184479697618636,0.856742268522877,3.4272589984841177,0.8622677398740533,0.11382631784856728,0.8697482887953681,0.6522147096831318,0.7051909844068603
475.30761939368483,31.76992664804115,0.4591519301279095,-3.2282338050664534,0.8635780779483372,3.341745142419867,0.93525765602181,0.02917533707704112,0.9357126072897433,0.6522134007391268,0.7051894922357411
475.40761939368485,31.45192905749117,0.5454641995440759,-3.1305957195284906,0.8611606292099692,3.246879607936121,1.0095870236344644,-0.06990331914574882,1.0120041661567847,0.6522118388792739,0.7051876581191738
475.5076193936849,31.143917420656425,0.6312307458693633,-3.0296370171650215,0.8541702972953926,3.1477463926686133,1.0095870236344644,-0.06990331914574882,1.0120041661567847,0.6522281190014988,0.7052027319582019
475.6076193936849,30.846756294774742,0.7150905409085413,-2.9178175791597027,0.8291771013027368,3.0333470112366303,1.108738313834089,-0.24730098756236063,1.135983462473366,0.6522080774273208,0.7051831804176004
475.7076193936849,30.560518228427878,0.7967717461010214,-2.8069437477762684,0.804447002546495,2.9199431814825307,1.108738313834089,-0.24730098756236063,1.135983462473366,0.6522240741485913,0.7051979328414568
475.80761939368494,30.285725807025837,0.8749136864252587,-2.6912246010602026,0.764001982039793,2.7975683873521984,1.146603041918462,-0.3986318335775869,1.2139216920700031,0.6522038547587781,0.7051782438919085
475.90761939368497,30.022336362129348,0.9493207254613665,-2.57656429686833,0.7241387986820251,2.6763894663619565,1.146603041918462,-0.3986318335775869,1.2139216920700031,0.6522198897561775,0.705193156307644
476.007619393685,29.770353536079938,1.0189270850583645,-2.4632613841353685,0.6724124897955188,2.5533889642993097,1.1240219462102514,-0.510202206546432,1.2343952475310043,0.6521999570441243,0.7051739589934976
476.107619393685,29.529612588622932,1.0835589783098973,-2.3517309582269332,0.6199529197235929,2.4320732148841198,1.112874273302408,-0.528379855168124,1.2319392921430221,0.6522004526824517,0.7051743927518959
476.20761939368504,29.29979290855717,1.1426739720296542,-2.2446054060894536,0.5627433006604079,2.3140729140379674,1.056470136687563,-0.5796921601862448,1.2050610566664384,0.6521976772232099,0.7051719361268014
476.30761939368506,29.08054147411969,1.1960124119378595,-2.14117122449312,0.5036940656194051,2.1996185861047755,1.0145155308098588,-0.5986366745266305,1.1779675845891144,0.652197718497656,0.7051724271392691
476.4076193936851,28.87139275305692,1.2433599072709038,-2.0426532204189627,0.4430772202251783,2.0901554013925447,0.9589394388343528,-0.6108557923596675,1.1369738987379177,0.6521989443550389,0.7051743452500682
476.5076193936851,28.67192212820915,1.284613350331632,-1.9467592765355057,0.3819916409891977,1.98388237921573,0.9589394388343528,-0.6108557923596675,1.1369738987379177,0.6522197668940076,0.7051952450424219
476.6076193936851,28.481286112453144,1.3197351970419628,-1.8623304003061913,0.3208652701197073,1.8897695736447901,0.8414424910954187,-0.6052154490610677,1.0364898482875042,0.6522063548166771,0.7051838833296027
476.70761939368515,28.29926028487796,1.3487956468086342,-1.7781861511966304,0.26034372521358673,1.7971435233629987,0.8414424910954187,-0.6052154490610677,1.0364898482875042,0.6522314202139196,0.7052094992860931
476.8076193936852,28.12478164906378,1.3720175916391906,-1.707175444211067,0.20330879701769816,1.7192389200637699,0.7077112519109725,-0.5647372926105856,0.9054189227901801,0.6522230282346948,0.7052035835146833
476.9076193936852,27.957602660902193,1.3895247848779109,-1.6364043190199535,0.14683506775662677,1.6429788898309834,0.7077112519109725,-0.5647372926105856,0.9054189227901801,0.6522539731706933,0.7052354327294128
477.0076193936852,27.796541947463762,1.4018141801425466,-1.5801496741993635,0.09701323901186452,1.583124935504437,0.559672333537643,-0.49438602597796477,0.7467601111533446,0.6522522376489143,0.7052364284491298
477.10761939368524,27.64121775517847,1.4090983133040471,-1.5268519221799417,0.04893280871876874,1.5276358244142125,0.5257540194575664,-0.4771298492338301,0.7099790011019231,0.6522744107883929,0.7052604149203588
477.20761939368526,27.490617562307122,1.4118801269988421,-1.4847074610455664,0.00646015179014039,1.4847215154518116,0.39140072753817934,-0.4101910776556085,0.5669667095215428,0.6522968057919379,0.7052847718424434
477.3076193936853,27.34395423415992,1.4105466193632412,-1.4500452871013199,-0.03242970763446583,1.4504078807638925,0.3077505482043462,-0.37069703794346587,0.4817952821065551,0.6523254167865088,0.7053151443221416
477.4076193936853,27.200295485738902,1.4055375314382241,-1.4246638521811381,-0.06707194949898336,1.426241823156646,0.20699738127981004,-0.3259077165491018,0.3860877562976437,0.6523583241817037,0.7053496317966225
477.50761939368533,27.058864087427157,1.397200797905578,-1.4039641140531525,-0.09966272115390096,1.4074970307382015,0.20699738127981004,-0.3259077165491018,0.3860877562976437,0.6524135205394523,0.7054052940866191
477.60761939368535,26.918227224398073,1.3861322294543426,-1.4024065713069067,-0.12440892251808087,1.407913978638931,0.01569243555516614,-0.24867616119124358,0.24917079619904578,0.6524362975932011,0.7054299557629504
477.7076193936854,26.778065029445127,1.3724479563965748,-1.4008373277513897,-0.14927653863721088,1.4087685061106245,0.01569243555516614,-0.24867616119124358,0.24917079619904578,0.6524987133167811,0.7054921753608865
477.8076193936854,26.636826613224518,1.3567619597526102,-1.4175594663527273,-0.16690409695046624,1.4273513296400013,-0.16250198619865142,-0.1769484817479703,0.24024500142858013,0.6525273920996014,0.7055220170355481
477.9076193936854,26.494258156658216,1.3391868076488194,-1.4338096649725962,-0.18459894512526728,1.4456441214594242,-0.16250198619865142,-0.1769484817479703,0.24024500142858013,0.6525941311094698,0.7055878088409324
478.00761939368545,26.349073638381267,1.3202993953524593,-1.4644851277167563,-0.1954957524227969,1.4774759823831045,-0.2976665557872946,-0.11034228167423898,0.31745991488587605,0.6526250355459288,0.7056191555662163
478.10761939368547,26.201068812951718,1.3002388520761645,-1.4959265016505385,-0.20552242628932604,1.5099786641036588,-0.3187853691868583,-0.09758541210004634,0.3333871987079549,0.6526753793699486,0.7056686800104295
478.2076193936855,26.049624298603085,1.2793799944628004,-1.5324260967880055,-0.2119023005156008,1.547007539438876,-0.37002437540508337,-0.05663608187904334,0.3743336535292169,0.6527196428690847,0.7057120860171516
478.3076193936855,25.89450914367558,1.2579408581379725,-1.57002224695912,-0.2165673648431546,1.5848884123059492,-0.3787423793068556,-0.0388287532952738,0.3807275429562239,0.6527622327674814,0.7057535937301734
478.40761939368554,25.735622308758508,1.2361203491646493,-1.6075474917360544,-0.2196370918317838,1.6224824776542899,-0.3687519948822824,-0.02495521717524629,0.3695954499096635,0.6527996901673311,0.7057899459859751
478.50761939368556,25.573023799610453,1.2140318638955896,-1.644422691224291,-0.22213261354930897,1.6593579738608504,-0.3687519948822824,-0.02495521717524629,0.3695954499096635,0.6528487621988524,0.7058371283990705
478.6076193936856,25.40709557143982,1.19177617887159,-1.6754444432038473,-0.2236236496998908,1.6903022271084391,-0.3009308754282043,-0.01963255236611916,0.3015706035050396,0.6528536794324304,0.7058420952713197
478.7076193936856,25.23804647274226,1.169315651139765,-1.7055375307466747,-0.22558690493650316,1.7203917345954367,-0.3009308754282043,-0.01963255236611916,0.3015706035050396,0.6528861004861208,0.7058731082827732
478.8076193936856,25.066669729704742,1.1465453266660186,-1.725167547875039,-0.22950714624760293,1.7403667999648504,-0.19209600890833184,-0.04428632581534586,0.1971348657461,0.6528727769211019,0.7058604607632005
478.90761939368565,24.893192494872654,1.1233731804121763,-1.7443771487658766,-0.23393577882913855,1.7599936323046639,-0.19209600890833184,-0.04428632581534586,0.1971348657461,0.652885965465403,0.7058729612101834
479.0076193936857,24.71859658692977,1.0994488353424086,-1.7515126646128738,-0.24319191784715738,1.7683152782254266,-0.07072240441552702,-0.09599641583293783,0.11923493757738825,0.6528535667024327,0.7058419449479258
479.1076193936857,24.543174129007788,1.074608331848226,-1.7565428268498187,-0.25381715629360624,1.7747861424370333,-0.04481547333021521,-0.10902893474103825,0.11788017331416174,0.6528323473142877,0.7058214419504426
479.2076193936857,24.367689985735467,1.0484750300343242,-1.753555487952512,-0.268652343399368,1.774015482159709,0.048956660973315524,-0.15882414324519606,0.1661982645253154,0.6527994731589472,0.7057896622011587
479.30761939368574,24.192672729064647,1.0207654504017398,-1.7458874275099439,-0.2860211258109463,1.7691610989244169,0.09992078640929036,-0.1860547841961181,0.21118841416828504,0.65276196851195,0.7057532533447893
479.40761939368576,24.018690772480213,0.9911775078445273,-1.7329334321169967,-0.3061527538283311,1.7597692430615623,0.154011959554045,-0.21356416286976354,0.26330464361256467,0.65271933572439,0.7057116974673032
479.5076193936858,23.846167489066243,0.959494411647338,-1.7175322361615888,-0.32750917011531233,1.7484791216265203,0.154011959554045,-0.21356416286976354,0.26330464361256467,0.6526909957189251,0.7056834528206951
479.6076193936858,23.67578913225969,0.9254016662560062,-1.6932074750873582,-0.3527939700183105,1.7295707961725613,0.24031932773903564,-0.24909839210545637,0.34612626053864465,0.6526246570777057,0.705618697088016
479.70761939368583,23.507669981389615,0.8888767772936393,-1.6691755423134491,-0.37770380922886176,1.7113758086882582,0.24031932773903564,-0.24909839210545637,0.34612626053864465,0.6525934861291515,0.7055871005207294
479.80761939368585,23.3424475417212,0.8497492964698173,-1.6378556788054595,-0.40404861180891033,1.6869577663059618,0.3109958596210556,-0.2585787816276109,0.4044519885097105,0.6525269658965267,0.7055215228837849
479.9076193936859,23.180216953138725,0.8080515413807784,-1.6067560928433466,-0.4299064899716773,1.6632753025308182,0.3109958596210556,-0.2585787816276109,0.4044519885097105,0.6524980842219418,0.705491489406318
480.0076193936859,23.02150664983035,0.7638608460350689,-1.5696121540291854,-0.45407923833917296,1.6339737662419256,0.3691180933231025,-0.23574438623710225,0.4379766916866589,0.6524358511709678,0.7054294504109169
480.1076193936859,22.86642408271698,0.7173044820973365,-1.5318838933406573,-0.4768972859551597,1.6043999763238368,0.3794413909777732,-0.22606689329465568,0.44168089095074575,0.652396869944442,0.7053893528989643
480.20761939368595,22.715272969624763,0.6686717641971912,-1.491355224561417,-0.4957862142151598,1.5716056681090314,0.410145001866824,-0.17509074367412558,0.445954808334539,0.6523578805991382,0.7053491129745482
480.30761939368597,22.568211564568497,0.6182869135026515,-1.4496654456738216,-0.5111951395810654,1.5371565877008058,0.42198893195624365,-0.13499753125782132,0.4430564209435156,0.6523249773428614,0.7053146029749204
480.407619393686,22.425372389301646,0.5665958104445082,-1.407014087565041,-0.5217693282396915,1.500643819997998,0.4291518670483313,-0.07905046702638996,0.43637174671163004,0.652296366858797,0.7052841865292315
480.507619393686,22.286816739880354,0.5140236252853951,-1.3640989008601982,-0.5296743749423323,1.4633252388989098,0.4291518670483313,-0.07905046702638996,0.43637174671163004,0.6522900549127851,0.705275071155033
480.60761939368604,22.15254511786946,0.46145617411819106,-1.3215665018345726,-0.5254473546862537,1.4221930042431128,0.4196818155177921,0.04611107111765822,0.4222073627448103,0.6522517641052165,0.7052356490366555
480.70761939368606,22.022486876763566,0.4091419940051421,-1.2795983202827839,-0.5208362475744868,1.3815361949865788,0.4196818155177921,0.04611107111765822,0.4222073627448103,0.6522534204987315,0.7052344468687672
480.8076193936861,21.896372217448558,0.358212984092909,-1.2417858710174399,-0.5022880957463082,1.3395243486353634,0.3708881635528458,0.1867309958564201,0.4152426937071053,0.6522224193509149,0.7052023889130055
480.9076193936861,21.77404807116455,0.3089178294975493,-1.2046970546621467,-0.48361499616066195,1.2981442362168882,0.3708881635528458,0.1867309958564201,0.4152426937071053,0.6522306743680252,0.7052079718899409
481.0076193936861,21.654886547869882,0.262440276137535,-1.1761522939603353,-0.45071695263669004,1.2595554731659353,0.2786022217013592,0.3282528921441862,0.4305451882647814,0.6522054307278573,0.705181950521472
481.10761939368615,21.53858671395576,0.21910270588282854,-1.1502208079929441,-0.41559212593509687,1.2229982511349697,0.254057179657891,0.3574099925811439,0.4385053629461962,0.652202460311932,0.705177434176035
481.2076193936862,21.42442316173744,0.17976607639851505,-1.132782833008019,-0.37163186351430294,1.1921858868216764,0.14971471500459466,0.4597976084722665,0.48355799718929543,0.6521974319190557,0.7051712536507537
481.3076193936862,21.311770579347534,0.1450007589699913,-1.1215021063858397,-0.3227283443061259,1.1670135212783306,0.08039642585313855,0.5132972523359474,0.5195552468656172,0.6521957788479327,0.7051685737860212
481.4076193936862,21.19985850397324,0.11540342255313372,-1.1180509184990028,-0.2684033493062557,1.1498166002781833,-0.0056111483341868,0.5673066879743165,0.5673344368236576,0.6521952068466598,0.7051671918666842
481.50761939368624,21.088025356381642,0.09139962106237493,-1.1186120333324217,-0.21167268050881116,1.1384630889009446,-0.0056111483341868,0.5673066879743165,0.5673344368236576,0.6522134686395906,0.7051839856642883
481.60761939368626,20.975032641108374,0.0736075347021425,-1.1357729385987627,-0.1472125412680361,1.145273635582284,-0.1723753901881493,0.6374387601675021,0.6603343456964805,0.6521960832685528,0.705167048892063
481.7076193936863,20.86059347029753,0.0620734743761745,-1.1530104776175816,-0.08346866525127138,1.1560277589983523,-0.1723753901881493,0.6374387601675021,0.6603343456964805,0.6522151342710512,0.7051849879678344
481.8076193936863,20.74331032990192,0.05715280528543395,-1.1870564117932927,-0.01655256353335474,1.1871718123924155,-0.34063697284807903,0.6607971936023789,0.7434288656918581,0.6521981068726955,0.705168719533447
481.90761939368633,20.622901503858323,0.058801534900111495,-1.2211201090781083,0.049527155826898164,1.2221240771538842,-0.34063697284807903,0.6607971936023789,0.7434288656918581,0.6522172270338016,0.7051869860815332
482.00761939368635,20.497957901719843,0.06695154468126308,-1.272091775508182,0.11353281272658612,1.2771480669370991,-0.509139585353876,0.6304259933972087,0.810345636457169,0.6522000403356778,0.7051707636206809
482.1076193936864,20.368091985297358,0.0814128416014321,-1.3257556989693922,0.17547293613823384,1.337317809896658,-0.5440109233631476,0.6163130745514711,0.8220642861732357,0.652202698139206,0.7051734937392943
482.2076193936864,20.232272103935728,0.1017664154178117,-1.3900743764259662,0.23164507002576873,1.4092431339067373,-0.6682477242142267,0.54164393257917,0.8601936820375523,0.6522012517106904,0.7051723440817838
482.3076193936864,20.08979954806143,0.1275396652167484,-1.4605759877187623,0.2828011731457088,1.4877024969506596,-0.7359706386655006,0.4845297069249309,0.8811480113298017,0.6522015161190585,0.7051728339545676
482.40761939368645,19.939917898654826,0.15810007771539428,-1.5381603330589544,0.3272435486439484,1.572585625753052,-0.8088216598239762,0.4084566725781268,0.9061066884059553,0.6522015636036709,0.7051731117464319
482.50761939368647,19.782057757049774,0.19286671594268812,-1.6190424990413703,0.36808921590177035,1.6603578784603354,-0.8088216598239762,0.4084566725781268,0.9061066884059553,0.6522194801013915,0.7051903852128651
482.6076193936865,19.61530914187738,0.23067842944263547,-1.7116529022475209,0.3931607266490773,1.7562263563537566,-0.920502756252986,0.24736672178134234,0.9531608569985406,0.6522010973790017,0.7051730684195148
482.7076193936865,19.43954133787132,0.2712313357164594,-1.8037031778728405,0.41789739882721716,1.8514814041235028,-0.920502756252986,0.24736672178134234,0.9531608569985406,0.652218743588237,0.7051900268316277
482.80761939368654,19.25399687051175,0.31311751711474284,-1.9040343562668312,0.4255174580360365,1.9510028029036492,-0.9974305427225554,0.07636191355446198,1.0003493536747603,0.6522001308445501,0.7051724280715768
482.90761939368656,19.058606282171407,0.35605107248612866,-2.0037774105391093,0.4331536493914845,2.0500599978946905,-0.9974305427225554,0.07636191355446198,1.0003493536747603,0.652217650493015,0.7051892027521435
483.0076193936866,18.852904809761718,0.3986464869325207,-2.108282537552784,0.4243874208783018,2.1505720032469835,-1.0393707253129163,-0.08506908388855239,1.0428462272411667,0.6521989832589045,0.7051714935818401
483.1076193936866,18.63686464079349,0.44055786107424166,-2.212588027006916,0.41335532673513925,2.2508683665187244,-1.0439814240599863,-0.1170709839882873,1.050525025439329,0.6522003744952627,0.7051728611741168
483.2076193936866,18.41034560167933,0.4808357723712386,-2.3176302428862976,0.39274927384695507,2.3506726558260955,-1.0490415212267716,-0.22766920261484935,1.0734623323978632,0.6521979363039739,0.7051705622111522
483.30761939368665,18.17334468625183,0.5188656671546874,-2.422289145436374,0.3668252309487344,2.4499072337865107,-1.0436678005257884,-0.28552268000662573,1.082019259834363,0.6521975178436827,0.70517017362072
483.4076193936867,17.925919097758744,0.5540013525423514,-2.526021537821238,0.33499029269184205,2.548137222704958,-1.0307587931439137,-0.3449842736374056,1.0869580666707552,0.6521972006769022,0.7051698736907062
483.5076193936867,17.66816315001084,0.5857754604433555,-2.629097417135653,0.3004918653280937,2.646214010604153,-1.0307587931439137,-0.3449842736374056,1.0869580666707552,0.6522150651345056,0.7051868804202829
483.6076193936867,17.400335021465114,0.6134800441177293,-2.728478235883485,0.256989443478367,2.7405541515812413,-0.9906008880103392,-0.42918468189813597,1.0795784411069336,0.6521969081521571,0.7051695855574698
483.70761939368674,17.12253419343665,0.6370330650560801,-2.8275383246845416,0.21407097528854366,2.8356303285197195,-0.9906008880103392,-0.42918468189813597,1.0795784411069336,0.6522150378974338,0.7051868408209024
483.80761939368676,16.835189369496234,0.6559123035231854,-2.9210110152606257,0.1657439810154412,2.925709558127183,-0.9315885972461909,-0.47675100099894796,1.0464935888349363,0.6521971082416052,0.7051697585755161
483.9076193936868,16.53843032498387,0.6701029466197376,-3.014169874985266,0.11806888091553555,3.016481442991046,-0.9315885972461909,-0.47675100099894796,1.0464935888349363,0.6522154783897147,0.7051872369506741
484.0076193936868,16.232839531983664,0.6794127202870829,-3.09993932558805,0.06904226859403002,3.1007080896433807,-0.8552823170143433,-0.4832897468193902,0.9823832353914504,0.652197761656376,0.7051703463905074
484.10761939368683,15.918625615942268,0.6839126131519687,-3.1840678072437822,0.02101964642756636,3.184137187161095,-0.8375020939137167,-0.4793207783011797,0.9649653702704095,0.6522001629385735,0.7051726022169373
484.20761939368685,15.596313526772377,0.6837172348699949,-3.2624153552387427,-0.024876367696771217,3.2625101967300143,-0.7681718924300761,-0.44984822509654365,0.8901974398649521,0.6521987341465147,0.705171193294998
484.3076193936869,15.266307438664242,0.6790256449170042,-3.336949076526219,-0.06848175081443351,3.337651702847946,-0.7255345088840848,-0.423365089939306,0.840022810976575,0.6521992731173697,0.7051716383609301
484.4076193936869,14.929083251219971,0.6701298957445729,-3.4067513637716256,-0.10885880122381095,3.40849014860887,-0.6740992702891352,-0.3859004389314675,0.7767425409824312,0.6521998083709312,0.7051720563538647
484.5076193936869,14.585037618491285,0.6573145134275311,-3.4741612908005544,-0.1474488451169665,3.4772888629539107,-0.6740992702891352,-0.3859004389314675,0.7767425409824312,0.6522183740250197,0.7051896149714991
484.60761939368695,14.234908646571057,0.6411691524454324,-3.5316649391820407,-0.177984957039822,3.536147039869829,-0.5742563783479078,-0.3031882020845529,0.6493792989898269,0.6522007098947288,0.7051726465451762
484.70761939368697,13.878870870761032,0.6218547157310227,-3.5890905770168446,-0.2083037772482842,3.59513026657547,-0.5742563783479078,-0.3031882020845529,0.6493792989898269,0.6522190979434039,0.7051899791653669
484.807619393687,13.517774859729478,0.6001062109491277,-3.6362237110641176,-0.22961293513320866,3.643466066383134,-0.4707545566340843,-0.21230684270181377,0.5164146086719139,0.6522011455403035,0.7051726845439756
484.907619393687,13.151798715839812,0.576083383222292,-3.6832991667275365,-0.25084361940339484,3.6918308835875946,-0.4707545566340843,-0.21230684270181377,0.5164146086719139,0.652219202624735,0.7051896612202236
485.00761939368704,12.781820378534324,0.5505604440807849,-3.7198000979471404,-0.2627182070893859,3.7290660526496198,-0.36533000461440046,-0.11856992350311396,0.3840896236962047,0.6522008627435633,0.7051719757000509
485.10761939368706,12.408082910877852,0.5237590231399452,-3.754619867559531,-0.27300811465028496,3.7645323455294752,-0.3436096185613024,-0.0986890614455016,0.35750118995163876,0.6522023491887081,0.7051731790506535
485.2076193936871,12.031226243158514,0.49626773492412435,-3.782883626033481,-0.27713023233974093,3.793021182881648,-0.26780251095255503,-0.026320192418354704,0.2690928044400901,0.6521997420187178,0.7051705112837904
485.3076193936871,11.651671512169948,0.4684966919224156,-3.8075149153507324,-0.277575826017931,3.8176194375301256,-0.22843302908076923,0.014023498228213471,0.22886307539131837,0.6521988984931755,0.7051695749403513
485.4076193936871,11.269859732405893,0.4408959360330223,-3.828096227332982,-0.2737719066952646,3.8378733411378456,-0.18713619617243982,0.058066355244496215,0.19593789202007333,0.652197936179539,0.7051686043471153
485.50761939368715,10.886114428691645,0.4138090771397122,-3.8468098469502308,-0.26796527117081365,3.8561316607640492,-0.18713619617243982,0.058066355244496215,0.19593789202007333,0.6522150119800921,0.7051849153322404
485.6076193936872,10.5009668408981,0.38780289891828085,-3.858537741314031,-0.25477906218503255,3.866940117414888,-0.11798435461828438,0.12941240465208947,0.17512246689825162,0.6521960325875419,0.705167033616455
485.7076193936872,10.114523144993518,0.3629720547230325,-3.870336176775862,-0.24183782171982066,3.8778844301080175,-0.11798435461828438,0.12941240465208947,0.17512246689825162,0.6522134747860209,0.7051839999584062
485.8076193936872,9.727372090776045,0.3398387252204987,-3.8749298403160712,-0.2229521860035763,3.8813385506311744,-0.04319168911079849,0.1867983605045742,0.19172675737997744,0.6521952000171557,0.7051671567289619
485.90761939368724,9.339663148298797,0.31847749842265927,-3.879249009227152,-0.20427234995311463,3.884623542705935,-0.04319168911079849,0.1867983605045742,0.19172675737997744,0.652213826038774,0.7051856763413622
486.00761939368726,8.952137352940138,0.2993103308387823,-3.874094133941823,-0.18079070788469528,3.8783102813854247,0.056572179111333,0.233020627720389,0.2397895418749718,0.6521972778714724,0.7051709535861526
486.1076193936873,8.565090309930264,0.28242323444706974,-3.866461688505623,-0.15682429466515363,3.869640790574621,0.0817013992024112,0.24143012664138003,0.2548796278279309,0.6522021083074656,0.7051768561676658
486.2076193936873,8.179272416874339,0.2680678443396989,-3.8501678774029777,-0.1304412956886774,3.8523768787343085,0.1881671256996773,0.2687606968229967,0.3280841040813482,0.6522047618928056,0.7051809613043103
486.30761939368733,7.795322886108669,0.256391469875043,-3.827548330042777,-0.10286379085019332,3.8289302916456083,0.25977004925304936,0.2813819284083279,0.3829572667070323,0.6522114543060534,0.7051891914894513
486.40761939368736,7.414039019573587,0.2475349358585763,-3.796738947584554,-0.07410488418274523,3.797462069588741,0.35082447435899544,0.2922345767944279,0.45659485288763807,0.6522206477088891,0.7052000735038353
486.5076193936874,7.036119247186841,0.2415856203242729,-3.7616565001486464,-0.0448814265032958,3.761924237349223,0.35082447435899544,0.2922345767944279,0.45659485288763807,0.6522508134101292,0.7052311765927922
486.6076193936874,6.662914403144708,0.2386503235926074,-3.7083212603258304,-0.014353718489938246,3.7083490395348497,0.5362377901385073,0.30405497694530403,0.616441721963917,0.6522480796667895,0.7052311669028766
486.7076193936874,6.294763466062734,0.23873522662834046,-3.6546974813119677,0.016051779204599072,3.6547327316130347,0.5362377901385073,0.30405497694530403,0.616441721963917,0.6522851240123517,0.7052692162090689
486.80761939368745,5.933284150146053,0.24192362278524474,-3.581345981952872,0.047431995816762364,3.581660067158404,0.7351726934148518,0.31461993387244125,0.7996652999428867,0.6522897821809479,0.7052765475762471
486.90761939368747,5.578825415417761,0.24823992203628498,-3.5078287126113703,0.07889398920401364,3.508715796207106,0.7351726934148518,0.31461993387244125,0.7996652999428867,0.6523346686258791,0.7053222583543897
487.0076193936875,5.233074782335139,0.25781553605772467,-3.414002913156907,0.11215623452760042,3.415844684991877,0.9370874138400869,0.3347547833844123,0.9950847130652982,0.652347311284209,0.705337263959301
487.1076193936875,4.896490940596544,0.2707238990841747,-3.317050958737598,0.14610395994114378,3.3202670720850906,0.97819535816555,0.340777287640803,1.035854873285081,0.6523839290807631,0.7053750419538404
487.20761939368754,4.57028420786067,0.2871471702973385,-3.207796839127603,0.18233277171070955,3.212974603191994,1.1199225278665421,0.37010521292262544,1.1794932543492938,0.6524202370017389,0.705412395495312
487.30761939368756,4.255238123679468,0.3072714758458953,-3.091847464363873,0.22057772987730637,3.0997056759975035,1.192203206034016,0.39385216121345523,1.2555747725126911,0.6524616172816396,0.7054543943910688
487.4076193936876,3.9521612861123385,0.33136257060647306,-2.968584146741815,0.26178768903230726,2.980104801918165,1.2654367709711731,0.4292247584539671,1.3362500194932891,0.6525054470907035,0.7054984899502545
487.5076193936876,3.661630055292948,0.35968746330198054,-2.842040469644669,0.30471016487771374,2.858328587772563,1.2654367709711731,0.4292247584539671,1.3362500194932891,0.6525690263259342,0.7055611149505941
487.6076193936876,3.384528799217262,0.39285097861134216,-2.7041794387334717,0.3560947932162987,2.727524507428784,1.3722274903217029,0.5191816400454308,1.4671597938039544,0.6525967931864057,0.7055893373129056
487.70761939368765,3.1209719927954653,0.43105636613320847,-2.5669566897012706,0.4080129572208536,2.599180874826185,1.3722274903217029,0.5191816400454308,1.4671597938039544,0.652660260294154,0.7056512423273764
487.8076193936877,2.871654802312556,0.475208694626386,-2.4222905693886116,0.4714879575366705,2.4677504931923537,1.440415570939174,0.6391979190263033,1.5758715038643167,0.652685315694229,0.7056762708447433
487.9076193936877,2.6366278232283387,0.5255534799751967,-2.2782490122946615,0.5354077494393154,2.3403162222616998,1.440415570939174,0.6391979190263033,1.5758715038643167,0.6527433846767093,0.7057324487458341
488.0076193936877,2.4162814861729385,0.583204196259615,-2.1303354986355063,0.6131528935320251,2.216818848619184,1.4736853662459513,0.7794363057306275,1.6671141272805745,0.6527602407874228,0.7057491411355654
488.10761939368774,2.2106261267407255,0.6485141130834756,-1.9827297242008546,0.6935113478026698,2.1005178287176407,1.476632922970326,0.8100783778248066,1.6842421938127423,0.6527911360701658,0.7057789918913763
488.20761939368776,2.019749839080741,0.7223852708416889,-1.834948730305631,0.7834332255370002,1.995195344252175,1.4745079860943697,0.922432795485568,1.7392688300672192,0.6528108044327342,0.7057979876628641
488.3076193936878,1.8436090842927768,0.8054548509553888,-1.6880915258184774,0.8790644650724436,1.903262287046443,1.4620988835847153,0.9848728397154846,1.7628691544720252,0.6528241907259902,0.7058108761017192
488.4076193936878,1.6820636189743605,0.8984186561830391,-1.5432596199040403,0.9812293480453139,1.8287868350061456,1.4337139461253248,1.052082936267061,1.7783177961485317,0.6528287262469684,0.7058152397361072
488.50761939368783,1.5349062267145515,1.0018020056689305,-1.399888225291475,1.086437641672044,1.7720140497613524,1.4337139461253248,1.052082936267061,1.7783177961485317,0.6528422342029964,0.705828059707013
488.60761939368786,1.4015247336355803,1.1164463372565263,-1.2654358807051278,1.2024825485194799,1.7456495202846034,1.3346682854851144,1.1549118399784886,1.7649818102185282,0.6528108010754811,0.7057979862894839
488.7076193936879,1.2816544869924675,1.242469151308397,-1.131969052156586,1.317973732517355,1.7373568127031385,1.3346682854851144,1.1549118399784886,1.7649818102185282,0.6528071693620539,0.7057942647938024
488.8076193936879,1.1741935112507307,1.3805396040158167,-1.0129785917038518,1.44058426439982,1.7610816704760428,1.1817402263703598,1.2187979823988595,1.6976390913622954,0.6527602387527897,0.7057491423747495
488.9076193936879,1.078804353212177,1.5306920203678285,-0.894804569066789,1.5624640626397337,1.8005469068767588,1.1817402263703598,1.2187979823988595,1.6976390913622954,0.6527431443172281,0.7057322302215006
489.00761939368795,0.993983735516398,1.6932275549988414,-0.7956980477493577,1.6868709944357883,1.8651190672611022,0.9845636289795958,1.236071606320576,1.5802653433716125,0.6526853185815851,0.7056762771714652
489.10761939368797,0.9191894573949415,1.868087705216691,-0.7008964283862681,1.8102900041818444,1.941238188004071,0.938125550271973,1.2335900919824514,1.5497819405033615,0.6526439779877629,0.7056357443662078
489.207619393688,0.8530472204554927,2.0552021641594287,-0.621326756401194,1.9319064699739008,2.0293618570740524,0.7551022096406483,1.2071882118712849,1.4238970208147708,0.65259679786229,0.7055893443049279
489.307619393688,0.7944888529958807,2.254383756193548,-0.5518315883656777,2.0512444913057,2.124175620100694,0.6429858457564634,1.1803507198920777,1.3441200168857321,0.6525508567091887,0.705543814195628
489.40761939368804,0.7422654730416371,2.465334812309881,-0.49464869041958376,2.1671351280006137,2.22287021437331,0.510693463563556,1.1386717723065904,1.2479508078343364,0.6525054485893961,0.7054984910061234
489.50761939368806,0.6953540713174865,2.687741683971527,-0.44357934406321653,2.281002305231299,2.323732805412458,0.510693463563556,1.1386717723065904,1.2479508078343364,0.6524795891764719,0.7054715033719046
489.6076193936881,0.6519264461563361,2.9208958051753715,-0.4167596068404174,2.3850135948829854,2.421152291300661,0.2704470286651528,1.0350221599341527,1.069772156521457,0.6524202336403776,0.705412386849026
489.7076193936881,0.6116027206156113,3.1645722754633976,-0.38971490397389597,2.4885158108764243,2.5188466899280177,0.2704470286651528,1.0350221599341527,1.069772156521457,0.6523999854612473,0.7053903172331375
489.8076193936881,0.5724851713157704,3.417773562245117,-0.38487243516091935,2.579446497157704,2.6080013464424905,0.054214800070167435,0.9055533873029695,0.9071748353005225,0.6523473042630334,0.7053372445748969
489.90761939368815,0.5342690018000207,3.6802459788974633,-0.37945095515390137,2.6700018358880215,2.696830145005913,0.054214800070167435,0.9055533873029695,0.9071748353005225,0.6523345729648871,0.7053221429961111
490.0076193936882,0.49536019873394155,3.9508010259015145,-0.3921348253620309,2.7457721987867973,2.773632039202784,-0.11831713961399393,0.7537887755032722,0.763017996905158,0.6522897698136461,0.7052765140744957
490.1076193936882,0.455460129937893,4.22903512461963,-0.4063119423546233,2.8183699295062676,2.847507410709435,-0.1479608919764095,0.7184443013305506,0.7335220785148854,0.6522689317697469,0.7052537686405077
490.2076193936882,0.41369110083251304,4.513891482690518,-0.4284378292619274,2.8791874907711104,2.910889826248241,-0.23468869191402764,0.5753479800307493,0.6213727385698384,0.6522480522342506,0.7052311092013331
490.30761939368824,0.3696087758863779,4.804522022602686,-0.45378745566855644,2.9317678443815463,2.966679245936736,-0.2677486025833278,0.48227684733856735,0.5516160545743322,0.6522326910502406,0.7052138814189223
490.40761939368826,0.3228402908417669,5.099888586425342,-0.48190574660197866,2.9737772232767306,3.012571015310257,-0.28982726805049275,0.3652116057563451,0.46623959750834143,0.6522205934697801,0.7051999811320484
490.5076193936883,0.273200579841305,5.399092366781865,-0.5108884734070345,3.010298383852373,3.0533429863158807,-0.28982726805049275,0.3652116057563451,0.46623959750834143,0.6522294506158225,0.7052062813606699
490.6076193936883,0.22059075735734446,5.700396319663244,-0.5404788085558349,3.0233228595736006,3.0712535642174235,-0.28658522925763674,0.12605457527857689,0.31308281584480907,0.6522046739346584,0.7051808304254792
490.70761939368833,0.16510995035545983,6.003358878497065,-0.5691373314816051,3.035928317101461,3.0888149910061804,-0.28658522925763674,0.12605457527857689,0.31308281584480907,0.6522181495634135,0.7051920796388905
490.80761939368836,0.1070534656532984,6.305879843126648,-0.5930267208255008,3.0228666718218173,3.080487559985295,-0.23066880300301706,-0.13317971078910373,0.2663548986685133,0.6521971559321612,0.7051707889506584
490.9076193936884,0.046597449555719234,6.607500611754952,-0.6160936011258077,3.0095487007429043,3.071962680029084,-0.23066880300301706,-0.13317971078910373,0.2663548986685133,0.6522136887717178,0.7051854986519649
491.0076193936884,-0.015557887919257773,6.905998272365083,-0.6296971347299124,2.969294144958634,3.035329669207727,-0.12913081188528475,-0.4037360531491587,0.4238839076806445,0.6521950470590314,0.705166968141291
491.1076193936884,-0.07908927824584776,7.20072468537316,-0.6405239364736867,2.9243529042077094,2.9936784766477196,-0.1025881493366474,-0.4616947310294929,0.4729549165033746,0.6521971586584583,0.7051684282272886
491.20761939368845,-0.14321526623800487,7.489962788428143,-0.642317413847772,2.8613081864671868,2.932517041395707,0.007245373897533235,-0.6746053160446687,0.6746442231862971,0.6521958515083397,0.7051668318483346
491.30761939368847,-0.20728677345327004,7.772503050192247,-0.6378812151768966,2.787384067138707,2.8594409213016228,0.07656053172732621,-0.7938552634191163,0.797538522127054,0.6521967447007821,0.7051675018270942
491.4076193936885,-0.27053285893161877,8.047016781953362,-0.6257801657959761,2.7009333193659137,2.7724793257235683,0.15935325683374424,-0.9230595799620798,0.9367136428083517,0.6521977363575467,0.7051684056261656
491.5076193936885,-0.3323141092270615,8.312494815990203,-0.6098448401125981,2.6086273613696846,2.678963874242899,0.15935325683374424,-0.9230595799620798,0.9367136428083517,0.6522167671414392,0.7051865942019186
491.60761939368854,-0.391482827686695,8.567316092266013,-0.5787287415501341,2.4954173477006663,2.56164687174123,0.3085915774771679,-1.1220510846072078,1.1637127644561,0.6521995443999605,0.7051703396316319
491.70761939368856,-0.44781274395433507,8.811247571613098,-0.5478695838024104,2.38321223923992,2.4453755658627943,0.3085915774771679,-1.1220510846072078,1.1637127644561,0.6522183073738801,0.7051884025178691
491.8076193936886,-0.5001838571198767,9.042954954222983,-0.5042222531117861,2.2565207815556874,2.312169137006594,0.43006241590910665,-1.2555504510558237,1.3271626187939667,0.6522006966732279,0.7051718569006176
491.9076193936886,-0.5484557703515204,9.262329280123321,-0.4612160115208657,2.1309657364500767,2.180306212257222,0.43006241590910665,-1.2555504510558237,1.3271626187939667,0.6522190550586604,0.7051895681881625
492.0076193936886,-0.5918350167118852,9.468600334518266,-0.4097266201070791,1.9977662627544772,2.039349392287737,0.5069342626850246,-1.3205540504087319,1.4145124060024774,0.6522010365490402,0.7051726315025877
492.10761939368865,-0.6302400785045391,9.661757529747469,-0.3582241357170397,1.8653082711424962,1.8993945029410895,0.5171080756590882,-1.3255256233152555,1.4228207687467673,0.6522028688780643,0.7051745755149791
492.2076193936887,-0.6633613446997482,9.8416495568966,-0.30445878695730727,1.7328009785877454,1.7593448736248851,0.5396786491327121,-1.3185119458400694,1.4246848057211374,0.6522006639913596,0.705172642091465
492.3076193936887,-0.6910973912071523,10.008370230058908,-0.2501713812526856,1.6019939033304273,1.62140993777198,0.5449602598025121,-1.2974156378162158,1.407220317510403,0.6522002770998662,0.705172403659694
492.4076193936887,-0.7133853388600635,10.162150520339477,-0.1955753853156053,1.4742144129324894,1.4871307496784645,0.546007085416124,-1.2584833156415551,1.3718250592086343,0.6521998038469201,0.7051720449259765
492.50761939368874,-0.7302128419645465,10.303279545054549,-0.14097467677398048,1.3483660813683054,1.3557156593017754,0.546007085416124,-1.2584833156415551,1.3718250592086343,0.6522173405986942,0.7051887955249196
492.60761939368876,-0.7416237848967049,10.432476044867885,-0.08718080873229886,1.2326950736450468,1.2357741047618633,0.5347013421861574,-1.148937936795484,1.267266312952231,0.652198712368253,0.705171074348746
492.7076193936888,-0.7476683590590048,10.550000862548437,-0.03371067451367096,1.1178012799654722,1.1183094880526654,0.5347013421861574,-1.148937936795484,1.267266312952231,0.6522162412295259,0.705187748183224
492.8076193936888,-0.7485513825559894,10.656986642976008,0.016767196260466913,1.017494684513236,1.017632827636337,0.5004961384918855,-0.9965217524995142,1.1151466216825443,0.6521976143688154,0.7051699679188748
492.90761939368883,-0.7443721822374818,10.753753502664855,0.06681681010966684,0.9178425092632619,0.920271350159241,0.5004961384918855,-0.9965217524995142,1.1151466216825443,0.6522152065651466,0.7051866520906266
493.00761939368886,-0.7355505485241413,10.841759872271954,0.11119825636122464,0.8365696269591069,0.8439275993639951,0.43922246629593964,-0.8065269889141948,0.9183692932290831,0.6521966661574629,0.7051689154895907
493.1076193936889,-0.7222867528246741,10.921527108691958,0.15382425646618786,0.7594638821478766,0.774885340011346,0.42271952239286537,-0.7614456891414461,0.8709140784969226,0.6521982169303998,0.7051702992985773
493.2076193936889,-0.7050710889025948,10.99439538483778,0.1906606839025439,0.6973309957837741,0.7229260087083433,0.3513116571800009,-0.5803276243881079,0.6783804479040528,0.652195942312494,0.7051680332074863
493.3076193936889,-0.6843330544472721,11.061431263278223,0.22325183497590023,0.6454246064415614,0.6829453158345484,0.30364033608097574,-0.46566089674620426,0.5559114358005662,0.6521956676533897,0.7051676711573861
493.40761939368895,-0.6606014802557801,11.123912857655395,0.25049002447030333,0.6063425227552487,0.6560461167176682,0.24526646719127276,-0.3255385638213317,0.4075917031335929,0.6521954523623573,0.7051673697856156
493.50761939368897,-0.6343261454727872,11.182919417111826,0.2750166711894362,0.5737886663731081,0.6362920737289979,0.24526646719127276,-0.3255385638213317,0.4075917031335929,0.6522133588061261,0.7051843295281466
493.607619393689,-0.6063267506882789,11.240464773094727,0.28863839545313325,0.5682143735082513,0.6373222870660761,0.13684628139522953,-0.05481970579126361,0.1474181293964316,0.6521951684272815,0.7051669274121334
493.707619393689,-0.5767786797359826,11.29701211191661,0.30232302359265933,0.5627324029291237,0.6388011959135591,0.13684628139522953,-0.05481970579126361,0.1474181293964316,0.6522131810036024,0.705184007578849
493.80761939368904,-0.5465485612944752,11.354804193781606,0.3058298752275075,0.5840348790213118,0.659263719990044,0.037680931268469386,0.21056476698284232,0.21390973254108334,0.6521950463346375,0.7051666801906118
493.90761939368906,-0.5157771691153751,11.414260505518664,0.30959796835435527,0.6050913557196008,0.6796958516687658,0.037680931268469386,0.21056476698284232,0.21390973254108334,0.6522131233869195,0.7051838447220786
494.0076193936891,-0.48519148846294674,11.477492430740083,0.3051190553650023,0.6509756431936388,0.7189345769805505,-0.04097604507284269,0.4542507938388012,0.45609518740389343,0.6521950355182865,0.705166584691936
494.1076193936891,-0.45492846845499296,11.54501371901168,0.29993426853982097,0.7001739714057399,0.7617113335631834,-0.05472738600439131,0.5020618550770637,0.5050358334834234,0.6521969975571009,0.7051684275221937
494.20761939368913,-0.4254012856353922,11.618242784414228,0.2908608320964839,0.7635730090841757,0.817094709228815,-0.0988807779462254,0.6653918070128351,0.6726987922443868,0.6521950821934046,0.705166585761846
494.30761939368915,-0.3968511291082805,11.698081495090701,0.27974224261949265,0.8346750653722704,0.8803057349921032,-0.1214908159442818,0.7487748653668747,0.7585669498231442,0.6521951106398782,0.7051666036183464
494.4076193936892,-0.3695321364794159,11.785462380539952,0.2662712848399301,0.9142148068291676,0.9522022422552886,-0.14568825053912507,0.8330788041400243,0.8457217983784762,0.6521951411044814,0.7051666311161151
494.5076193936892,-0.3436334492481128,11.881049255243592,0.25170245978601435,0.9975226872431889,1.0287884329769668,-0.14568825053912507,0.8330788041400243,0.8457217983784762,0.6522132379410848,0.7051838661431306
494.6076193936892,-0.3194622639571067,11.985843652748208,0.23316868656025574,1.0935821645713995,1.1181634885207539,-0.1833020941601271,0.9526278974124998,0.9701028649849707,0.6521951862696338,0.7051666847883101
494.70761939368924,-0.29706190577187686,12.099965008692438,0.21483847714423887,1.1888449543126711,1.2081009463850083,-0.1833020941601271,0.9526278974124998,0.9701028649849707,0.6522132918491391,0.705183934721333
494.80761939368927,-0.27667658507957216,12.22416782311795,0.19388720901172102,1.2920138300116002,1.3064807640220344,-0.20742378159539437,1.0231671608073043,1.043980681873862,0.6521952110578468,0.7051667297225952
494.9076193936893,-0.2583249830863731,12.358485041923178,0.17314483085217686,1.3943305460923539,1.4050397874142322,-0.20742378159539437,1.0231671608073043,1.043980681873862,0.6522133096628003,0.7051839749219122
495.0076193936893,-0.24214957491689643,12.50324115109487,0.15099106780653931,1.499306876123763,1.5068906434606844,-0.2190087471332789,1.0407852212203341,1.063578256656062,0.6521952184107572,0.7051667600741538
495.10761939368933,-0.22814647090600226,12.658366277878601,0.12906936536432817,1.603142100002696,1.6083294108722268,-0.2192339748762333,1.0375887420584913,1.0604970218659528,0.6521971584779889,0.7051686189016454
495.20761939368936,-0.21632174063526907,12.823764607296148,0.10747339741670188,1.7046937469067454,1.7080782481769525,-0.21360336208920216,1.0036642047392854,1.0261424034561446,0.6521952088059251,0.7051667704669482
495.3076193936894,-0.20663138357802266,12.99919123163418,0.08644913783280925,1.8031790604215214,1.8052501703017998,-0.20716510632475815,0.9669046744537084,0.9888488412082912,0.6521951958685956,0.7051667649803562
495.4076193936894,-0.19900626458116671,13.184238742535745,0.0661822229320086,1.8968689632398819,1.8980231690722236,-0.1987153106726799,0.9083215464047126,0.9298041763504766,0.6521951823439162,0.7051667579899654
495.5076193936894,-0.1933816188413282,13.378467246591804,0.046310691864736075,1.9877011178803738,1.9882405322807093,-0.1987153106726799,0.9083215464047126,0.9298041763504766,0.6522132361254658,0.7051839521349851
495.60761939368945,-0.18963462745855267,13.580854892389974,0.028088269504259914,2.0642272881399357,2.064418380073501,-0.18210867113715734,0.7566088023414064,0.778216196107379,0.6521951450356094,0.7051667277117026
495.70761939368947,-0.18773634386381224,13.791060665215722,0.009877402390540038,2.1398881683740933,2.1399109645556322,-0.18210867113715734,0.7566088023414064,0.778216196107379,0.652213216683209,0.7051839354406618
495.8076193936895,-0.1875461253694594,14.007596705433446,-0.006637073780212221,2.196754907518181,2.196764933818267,-0.16513522151276322,0.5640011640866152,0.5876792955984806,0.6521951084638621,0.7051666916453293
495.9076193936895,-0.18903550885504497,14.23009220200575,-0.023150595931492296,2.253155023926855,2.2532739540363953,-0.16513522151276322,0.5640011640866152,0.5876792955984806,0.6522131868029243,0.7051839031721835
496.00761939368954,-0.1920667006139109,14.45685448959396,-0.03805212287685813,2.2889531288571603,2.2892694009575236,-0.1497799657479985,0.35844875404298426,0.3884836514120503,0.6521950821792853,0.7051666607586573
496.10761939368956,-0.19661304181142047,14.687407487034243,-0.05283902982475007,2.321466752223741,2.3220680103634055,-0.14737500738758585,0.31622168929096217,0.3488775567165661,0.6521970155602501,0.7051684987255843
496.2076193936896,-0.20260794662719125,14.920509264760963,-0.06713724871278469,2.341291781767364,2.3422541744089433,-0.14320846213103833,0.1696654244556961,0.22202481816605224,0.6521950650584819,0.7051666360977588
496.3076193936896,-0.21003977345517702,15.155346600098838,-0.08153563764976414,2.354115313643494,2.35552689862327,-0.14514180889911033,0.09389735593852899,0.17286659059156767,0.6521950562957713,0.7051666227790525
496.40761939368963,-0.2189294725118544,15.39107316119334,-0.09636135502441526,2.359256505053718,2.3612235742047862,-0.151710910377582,0.017077517298567546,0.15266906014211784,0.6521950509388615,0.705166613693218
496.50761939368965,-0.22932416256618637,15.627084199285258,-0.11153244606217691,2.3609642567835754,2.3635971967182208,-0.151710910377582,0.017077517298567546,0.15266906014211784,0.6522131159383253,0.7051838107613333
496.6076193936897,-0.24136995157492147,15.86247136420414,-0.12881069408322426,2.351141975132905,2.354667870877347,-0.1745253742229329,-0.09038446316627446,0.19654123595192538,0.6521950379159877,0.7051665931511621
496.7076193936897,-0.2551236478543619,16.09713363940165,-0.14626323150552153,2.342103528816275,2.346666118684992,-0.1745253742229329,-0.09038446316627446,0.19654123595192538,0.6522131238639947,0.7051838109492109
496.8076193936897,-0.27080346718019216,16.33041455494138,-0.16640439986517072,2.326312129342268,2.33225610673859,-0.20063536250313999,-0.1496652544231205,0.25030828405848615,0.6521950301460543,0.7051665792801871
496.90761939368974,-0.2884470839792292,16.562297441603544,-0.18646793611548926,2.311345603899953,2.3188550605561375,-0.20063536250313999,-0.1496652544231205,0.25030828405848615,0.6522131227511386,0.7051838044017338
497.00761939368977,-0.30822141602829134,16.792541274379793,-0.20825970889087791,2.2946754496566664,2.3041066654138076,-0.21503215831202677,-0.15803100510714785,0.2668569423558322,0.652195031463068,0.7051665760535234
497.1076193936898,-0.33012465264835483,17.021233710186205,-0.22981176433790937,2.2792530449481676,2.290809439899704,-0.21560761318741717,-0.15309592440151443,0.2644333657705266,0.6521969770003354,0.7051684280831138
497.2076193936898,-0.35417154316393235,17.24851897277312,-0.25105772984779057,2.2665228040602905,2.280384968605443,-0.20964845273355492,-0.11560473801174975,0.23940954280132384,0.6521950371729066,0.7051665789094868
497.30761939368983,-0.38031185612044627,17.47465146752994,-0.27159947856362754,2.2567375272244483,2.2730223367884337,-0.20135556882563294,-0.08148344148966169,0.21721790058393745,0.6521950374837758,0.7051665780548295
497.40761939368986,-0.40845492654889154,17.700007549076094,-0.2910596472492972,2.251130085763785,2.269868362105554,-0.18821452853248685,-0.032846122376354425,0.19105909165980237,0.6521950395615124,0.7051665801499237
497.5076193936899,-0.43850196391649077,17.92495632704064,-0.30988110010255016,2.247845473526149,2.2691045742875673,-0.18821452853248685,-0.032846122376354425,0.19105909165980237,0.6522131104082199,0.7051837869541661
497.6076193936899,-0.470227253739438,18.150268537176125,-0.32554819127932366,2.255116786149844,2.278493656787317,-0.15476087535412725,0.07609424307676543,0.17245655212198108,0.6521950367420495,0.7051665775112295
497.7076193936899,-0.5035558772441487,18.376160687006546,-0.3410242788147399,2.2627262104575223,2.2882804596973187,-0.15476087535412725,0.07609424307676543,0.17245655212198108,0.652213125721409,0.7051838019585952
497.80761939368995,-0.5381539027143184,18.603628275877238,-0.3522501578227946,2.2826839992478174,2.309702667900826,-0.11080516901006554,0.2022021908975522,0.23057213943388594,0.6521950338892489,0.7051665754546561
497.90761939368997,-0.5739329443416565,18.83290768675656,-0.3633306747238037,2.302904218337577,2.3313895037149543,-0.11080516901006554,0.2022021908975522,0.23057213943388594,0.6522131274252843,0.7051838043915485
498.00761939369,-0.6104955196931141,19.065129444686317,-0.36954046352340664,2.337063293866258,2.3660991090227177,-0.062276985616054215,0.34426566205465564,0.34985321065748787,0.652195036318714,0.7051665786513899
498.10761939369,-0.6477299593097277,19.300659115373115,-0.37500167861489336,2.37401995829123,2.4034552255719435,-0.05257137638387133,0.3763983921838733,0.3800519691482989,0.6521969814678045,0.7051684322543279
498.20761939369004,-0.6853557348238625,19.540448176041007,-0.37770685901027434,2.4212903165485944,2.4505732530074265,-0.021798739231864595,0.49881911410859764,0.4992951968847537,0.6521950408595664,0.7051665838000163
498.30761939369006,-0.7232103606835748,19.78519916474144,-0.37915749629251994,2.4749755524939325,2.503849914119746,-0.008804845236991876,0.569114581191458,0.5691826875655794,0.6521950401476728,0.7051665829885277
498.4076193936901,-0.7611475994074695,20.0356942915583,-0.37943151071894093,2.536095451312921,2.5643222124952523,0.0016653564512283392,0.6461944538145539,0.6461965997688314,0.6521950410898992,0.7051665846212852
498.5076193936901,-0.799082423697116,20.292534808958724,-0.37926497507381807,2.6007148966943907,2.628223714832103,0.0016653564512283392,0.6461944538145539,0.6461965997688314,0.6522131107919609,0.7051837906110736
498.60761939369013,-0.8369226220559332,20.556688501634646,-0.3780205404208077,2.67777522931785,2.704326109722772,0.010823243185932863,0.7636592662310633,0.7637359605869216,0.6521950360530085,0.7051665801448869
498.70761939369015,-0.8746705598820929,20.828284320897648,-0.3769382161022142,2.7541411559409736,2.7798158078560173,0.010823243185932863,0.7636592662310633,0.7637359605869216,0.6522131240876853,0.7051838034685123
498.8076193936902,-0.9122752174343369,21.10805253904717,-0.37532005237350724,2.8380438693770538,2.8627535950937744,0.016539979034721444,0.8287696871036498,0.828934717072672,0.652195031473009,0.7051665758395936
498.9076193936902,-0.9497245227765226,21.39600077442046,-0.3736660544700347,2.9209208380874374,2.9447249213868214,0.016539979034721444,0.8287696871036498,0.828934717072672,0.6522131244111208,0.7051838037197758
499.0076193936902,-0.9869451381310034,21.692341479034685,-0.37099248223213466,3.004787438354503,3.027603503031032,0.02820223978647801,0.8269958978487022,0.8274766349496251,0.6521950328887293,0.7051665770439355
499.10761939369024,-1.0238917242757937,21.99692619930145,-0.36788197772243825,3.0867578882928894,3.1086028068042646,0.03190639164139353,0.81760523137556,0.8182275552682499,0.6521969778016206,0.7051684298669113
499.20761939369027,-1.0604542197302964,22.309481044591926,-0.3634020882228977,3.1642972076028975,3.1850962145229236,0.048951113446375816,0.7580410427551436,0.7596199273379717,0.652195037117261,0.7051665808055926
499.3076193936903,-1.0965294554508949,22.629615110263327,-0.3578991893373196,3.237495083303387,3.2572175616838854,0.060392158381663,0.708274047407152,0.710844103179104,0.6521950364683394,0.7051665795656001
499.4076193936903,-1.1319895338220327,22.956779003591816,-0.35107474046935344,3.304739040547275,3.3233347107255007,0.07528241964412874,0.6401157465898804,0.6445274328838103,0.6521950375868301,0.7051665809425148
499.50761939369033,-1.1667205957707552,23.29045348637957,-0.34354649850493885,3.3687506152062774,3.3862228078033607,0.07528241964412874,0.6401157465898804,0.6445274328838103,0.6522131075540508,0.7051837868376529
499.60761939369036,-1.2004891981327264,23.62959410073736,-0.33278138482130987,3.418596798894726,3.4347558171574377,0.1097027086188882,0.49604647083836506,0.5080322681774433,0.6521950331374489,0.7051665764129841
499.7076193936904,-1.2332188230717702,23.973934012981104,-0.3218111139594185,3.4682014459785737,3.4830997205012193,0.1097027086188882,0.49604647083836506,0.5080322681774433,0.6522131215355246,0.7051837999001924
499.8076193936904,-1.2645506118406893,24.322234219966525,-0.3062376446289717,3.5028072211070858,3.516168358202981,0.15727327189330467,0.3463385083621806,0.38037513644633186,0.6521950292977252,0.7051665725253545
499.9076193936904,-1.2943880099441267,24.674246634619124,-0.2905103174396376,3.5374410719433116,3.549350022470357,0.15727327189330467,0.3463385083621806,0.38037513644633186,0.6522131226147665,0.7051838007342709
500.00761939369045,-1.3223148883452887,25.02875282215147,-0.2697290014960431,3.557625561452012,3.567835950509047,0.2074633885473406,0.20389271797326292,0.2908836503313126,0.6521950314547363,0.7051665744324054
500.10761939369047,-1.3482179282190627,25.385444546323235,-0.24817684257002007,3.575780061910382,3.5843820661787493,0.21768011883676974,0.17557343931603175,0.2796617005062554,0.6521969767070246,0.7051684276597935
500.2076193936905,-1.3717932148755854,25.743485139169685,-0.2234905182833132,3.5855313330381855,3.5924897984491384,0.25438866543323857,0.07911060032009765,0.26640585613666684,0.6521950363311063,0.7051665790131955
500.3076193936905,-1.392832796146473,26.102343687914704,-0.1969339376749487,3.590782342276026,3.5961786392515966,0.2751020849012339,0.030583260890616915,0.2767968442083638,0.6521950359566605,0.7051665781841269
500.40761939369054,-1.4111044722095254,26.461476986105644,-0.16813465041257908,3.591151490458529,3.5950852963583317,0.2991147207286178,-0.017959155380492087,0.29965337878712406,0.652195037314708,0.7051665799558657
500.50761939369056,-1.4264223636471436,26.820502339374674,-0.13822317833971048,3.589355574920479,3.592016020321047,0.2991147207286178,-0.017959155380492087,0.29965337878712406,0.6522131074879494,0.7051837862210476
500.6076193936906,-1.438442478436456,27.17884923754728,-0.10367998948038756,3.5803213590445306,3.58182224213446,0.3461054939911282,-0.08547411929044557,0.3565036297701893,0.6521950332458762,0.7051665761324422
500.7076193936906,-1.4470799499145408,27.53645400285536,-0.06906944008126686,3.571773947115484,3.5724417023719317,0.3461054939911282,-0.08547411929044557,0.3565036297701893,0.65221312179111,0.7051837999193362
500.80761939369063,-1.4519218133020935,27.89289311859447,-0.0294099101909513,3.558763716124498,3.558885236983863,0.397167056396858,-0.1262329495976645,0.4167450398637895,0.652195029676348,0.705166572802094
500.90761939369065,-1.452876969039204,28.24813832545901,0.010306795448743529,3.5461404211647283,3.546155399393938,0.397167056396858,-0.1262329495976645,0.4167450398637895,0.6522131230963074,0.7051838012261241
501.0076193936907,-1.4495095952112038,28.60195230993657,0.055273487550328966,3.5311308127125973,3.531563389621416,0.449258780197484,-0.1472008659259707,0.47275950177007214,0.6521950320216,0.7051665750937571
501.1076193936907,-1.4417025880935324,28.954321824736216,0.10102509816048709,3.5162254600040144,3.517676442772811,0.459722315354295,-0.14952349537263698,0.48342722606734184,0.6521969773440724,0.7051684284453303
501.2076193936907,-1.4291471878899482,29.30517188390512,0.14990578451222122,3.5008304808438724,3.504038498623519,0.4959205891647527,-0.1544767734783673,0.5194230494517954,0.6521950370239413,0.7051665798764543
501.30761939369074,-1.4116416721858938,29.654478754047904,0.20054541293747152,3.4852679512072213,3.4910329638034705,0.5151800972966408,-0.15667485498367306,0.5384770587822022,0.6521950366907706,0.7051665790785412
501.40761939369077,-1.3889705939072734,30.002215664142057,0.2531862954547585,3.4694098488425893,3.4786359394814603,0.5356714441850858,-0.16058128077746203,0.5592228928177616,0.6521950380741373,0.70516658083482
501.5076193936908,-1.360973607140865,30.348353742622507,0.3067534398732793,3.4533517207648394,3.466949059358036,0.5356714441850858,-0.16058128077746203,0.5592228928177616,0.6522131082546867,0.7051837870387054
501.6076193936908,-1.3273947119557232,30.69280790408666,0.3636275700907553,3.4360597280565797,3.455246946963757,0.5673053966849704,-0.17407374159269307,0.59341139239146,0.6521950339975356,0.7051665768433669
501.70761939369083,-1.288195427963213,31.035543508184432,0.42035810975926524,3.4186523538973064,3.444399056039816,0.5673053966849704,-0.17407374159269307,0.59341139239146,0.6522131225033123,0.7051838004815707
501.80761939369086,-1.2431640145685403,31.37642079362201,0.4793505223397445,3.3994608913886344,3.4330906302263844,0.5872749716919846,-0.19218502305722485,0.6179214961977997,0.6521950303195327,0.705166573176755
501.9076193936909,-1.1922925874760937,31.715405957645665,0.5380780195089563,3.3802423890829076,3.422800982241241,0.5872749716919846,-0.19218502305722485,0.6179214961977997,0.6522131236397545,0.7051838013812445
502.0076193936909,-1.1355097518691268,32.05234792714447,0.5971987231529645,3.3591898764054378,3.4118620928578447,0.5874078415091509,-0.21095515895221856,0.624139448645089,0.6521950324314585,0.7051665750057236
502.1076193936909,-1.0728621894998853,32.38719768736054,0.6557037695382626,3.337735183196896,3.401532534981417,0.5843623655323855,-0.2155267876750125,0.6228412080587759,0.6521969775882662,0.7051684281028378
502.20761939369095,-1.004446736257372,32.71981692211392,0.7125412887871623,3.3147027484593785,3.3904231887583927,0.5604471789562033,-0.23478803579563562,0.6076400761575386,0.6521950370731435,0.7051665792838612
502.30761939369097,-0.9304321280381477,33.05009130815969,0.7672980618867344,3.290566007837915,3.378841660645478,0.5352174741809883,-0.24711028395332124,0.5895093189290292,0.6521950365225438,0.705166578259834
502.407619393691,-0.8510993062672355,33.37788333467042,0.818727400677781,3.2650411168583457,3.3661265649699197,0.4942845701632673,-0.2624143778625081,0.5596235717073157,0.6521950376768663,0.7051665798378044
502.507619393691,-0.7667551433486213,33.70307537446701,0.8681558576941191,3.2387996790720885,3.3531355407150003,0.4942845701632673,-0.2624143778625081,0.5596235717073157,0.6522131076320423,0.7051837859385555
502.60761939369104,-0.6781165233161804,34.02544075284024,0.9075400584421274,3.2094890862647083,3.3353334394823877,0.3875825167900867,-0.2937347160960305,0.48631295557629706,0.6521950331742229,0.7051665757479835
502.70761939369106,-0.5854246048879957,34.344920987886304,0.9462983101211448,3.1801156146550986,3.317923418994373,0.3875825167900867,-0.2937347160960305,0.48631295557629706,0.6522131215285617,0.7051837995314276
502.8076193936911,-0.4897468791151899,34.661239325652076,0.9714296424780959,3.1473731558323137,3.293878159911046,0.24585277073977252,-0.3272877108554729,0.409341948201548,0.6521950292744143,0.7051665725500053
502.9076193936911,-0.3913746510136588,34.974340202681105,0.9960149195520789,3.1146443847467586,3.2700237557860112,0.24585277073977252,-0.3272877108554729,0.409341948201548,0.6522131226382822,0.7051838012909234
503.00761939369113,-0.2916429271835149,35.283961939749986,1.0038957858828284,3.0788728407120063,3.238404656337333,0.07460940928657311,-0.3566617594141772,0.3643819075949131,0.6521950316275604,0.7051665756998962
503.10761939369115,-0.19100471082742626,35.59004880909183,1.0082710157927313,3.042783995502987,3.2054866845109227,0.03541830322639289,-0.36200857467649805,0.363737081341381,0.652196977174097,0.7051684298596614
503.2076193936912,-0.09061929955490101,35.89244444846117,0.9999907528953184,3.0052474509307165,3.1672533443350748,-0.11556489294721478,-0.3776562810228815,0.3949424148884681,0.6521950372811349,0.7051665824043277
503.3076193936912,0.00864012460258735,36.19107064811497,0.9836072073555541,2.9671932222061197,3.1259748489499604,-0.20520022276409744,-0.382468461036666,0.4340383106480244,0.6521950376220002,0.7051665830586256
503.4076193936912,0.10577517576212658,36.485874217875335,0.9575319044731478,2.928879675472362,3.081428808439205,-0.3080201199219469,-0.3826317252770552,0.49120609876631866,0.6521950399685433,0.7051665866294133
503.50761939369124,0.19998826560985272,36.77684902679625,0.9267298924809462,2.890616502944648,3.035538183043279,-0.3080201199219469,-0.3826317252770552,0.49120609876631866,0.6522131114409191,0.7051837950250219
503.60761939369127,0.28989053951054544,37.06407930268778,0.877639116835207,2.853799158950233,2.985702607264216,-0.48712495500233244,-0.36373343925981194,0.6079413924234767,0.652195038830075,0.7051665873831781
503.7076193936913,0.37521882641907334,37.34764055138657,0.8289266213349626,2.8174258150242437,2.9368363193618436,-0.48712495500233244,-0.36373343925981194,0.6079413924234767,0.6522131293635566,0.7051838139296421
503.8076193936913,0.4546240491484117,37.627823341678,0.7647180137168641,2.7851338431550774,2.888211239641387,-0.6364013029149769,-0.3191053328909057,0.7119233328324729,0.6521950395812688,0.7051665898194145
503.90761939369133,0.5279138440055392,37.90474119932912,0.7010778834253519,2.7532233098659797,2.841082327673303,-0.6364013029149769,-0.3191053328909057,0.7119233328324729,0.6522131356773457,0.7051838214612018
504.00761939369136,0.5940257189304237,38.1788629913334,0.6255825303793324,2.7273491586902527,2.798175644187519,-0.7476254417910391,-0.25670561064209774,0.7904692098673918,0.6521950475599478,0.7051665986337102
504.1076193936914,0.6527896465228692,38.45036020121441,0.5494352553320324,2.7028147913789,2.7580947946541543,-0.7650909895249061,-0.2422794367135387,0.8025356987115462,0.6521969960780077,0.7051684552950782
504.2076193936914,0.7036904697694709,38.71965444615225,0.4690033689311138,2.6828496679159493,2.723535661728235,-0.8094985920388345,-0.18838070781653504,0.8311289079260293,0.6521950590901721,0.7051666098888838
504.3076193936914,0.7465186035715806,38.98705254261202,0.38736647941915664,2.6656446925709782,2.6936433350407434,-0.8207260296342547,-0.15832266880030105,0.8358572145858748,0.6521950621163443,0.7051666119603848
504.40761939369145,0.7811453984333422,39.25288852582079,0.30518528354723107,2.6515525286604142,2.669057674449775,-0.8203308582337562,-0.1267452511885615,0.8300645009090454,0.6521950667440887,0.7051666161233243
504.50761939369147,0.8075622724969015,39.51741005243095,0.22315219772383676,2.638878003541555,2.6482964375092988,-0.8203308582337562,-0.1267452511885615,0.8300645009090454,0.652213139909218,0.7051838241168155
504.6076193936915,0.8259524618165229,39.780987655045884,0.14416945120018196,2.6308395999595837,2.634786866403972,-0.781884093362001,-0.08500084017842657,0.7864908634456962,0.652195068150476,0.7051666148729373
504.7076193936915,0.8364599864697326,40.04364661084101,0.06598104186396407,2.622339515941739,2.623169463598379,-0.781884093362001,-0.08500084017842657,0.7864908634456962,0.652213158552986,0.7051838385473839
504.80761939369154,0.8396383273829552,40.305574730634085,-0.004482900419594324,2.615338217365281,2.6153420593887096,-0.6970782782812974,-0.07577587372695116,0.7011847895460231,0.6521950674107498,0.705166610172977
504.90761939369156,0.8357046459495877,40.56672967300203,-0.07419072824773991,2.6077606299925837,2.6088157787581028,-0.6970782782812974,-0.07577587372695116,0.7011847895460231,0.6522131608326635,0.705183836208885
505.0076193936916,0.825585638583503,40.82701801421716,-0.13178888234381797,2.5982819875012195,2.6016221086242943,-0.5696412261620849,-0.10006406263283663,0.578363158555273,0.65219506858094,0.7051666064973537
505.1076193936916,0.8096582923074996,41.086317486806635,-0.18627678173251516,2.587567429379052,2.5942637184750392,-0.5381622008298643,-0.10910609017031248,0.5491108206130121,0.6521970115407014,0.7051684552368311
505.20761939369163,0.7888493510945443,41.34436405661122,-0.23031423226956793,2.573433326350567,2.583718972867921,-0.4122236598091501,-0.15215500742781485,0.43940811552793185,0.6521950676483528,0.7051666012126525
505.30761939369165,0.7638955335191455,41.6008935725977,-0.2673928279492922,2.556621866663556,2.570566920650183,-0.3351068014467761,-0.1822153550762557,0.3814433168918483,0.6521950626536124,0.7051665944699621
505.4076193936917,0.7356538390003349,41.85557247625088,-0.29608824561208313,2.5363741867816443,2.5535979058109146,-0.2460936285365033,-0.22034403163189165,0.3303234267835973,0.6521950585164875,0.7051665902819415
505.5076193936917,0.7048145462964368,42.10810817477094,-0.3206976084657391,2.51433978361845,2.5347093528769955,-0.2460936285365033,-0.22034403163189165,0.3303234267835973,0.6522131227064712,0.7051837911954982
505.6076193936917,0.6725602643886296,42.3579425755008,-0.3298155180137589,2.4848107852696124,2.506603860707725,-0.09537650131762154,-0.2956527508264707,0.3106561219014514,0.6521950425071359,0.705166577169939
505.70761939369174,0.6391018300806578,42.60494539027368,-0.33935316814552324,2.4552455101869586,2.4785865100947397,-0.09537650131762154,-0.2956527508264707,0.3106561219014514,0.6522131258680912,0.705183799419933
505.80761939369177,0.6055491603754722,42.848494138231445,-0.3362699582415092,2.4182720746780526,2.4415399468334402,0.02535046695148946,-0.36842560965014404,0.36929673166809757,0.6521950302228843,0.7051665742886746
505.9076193936918,0.5720489168860712,43.088479217651056,-0.33373491154635965,2.38142951371303,2.4047007131799862,0.02535046695148946,-0.36842560965014404,0.36929673166809757,0.6522131228495448,0.70518380947303
506.0076193936918,0.5394390035891362,43.324353326142464,-0.32193361908026763,2.338321185947743,2.3603786187275504,0.11228142970126553,-0.42829768723264794,0.44277085308836145,0.6521950349502132,0.7051665961998292
506.10761939369183,0.507852003844615,43.556010663471554,-0.30959659000564566,2.2946693070644586,2.3154604892605715,0.12628377299508298,-0.4386906696278986,0.45650530658520033,0.6521969887794365,0.7051684698894878
506.20761939369186,0.47770707904783516,43.78314257120661,-0.29360726036782603,2.2481784537470917,2.2672696317891625,0.165720349498927,-0.4701439546114139,0.49849631121574584,0.6521950637353406,0.7051666504526217
506.3076193936919,0.44920372356481675,44.00558364558731,-0.2762045002971052,2.200401613389192,2.2176690885229324,0.18031455686415043,-0.4838615879784876,0.5163674812942607,0.6521950869067984,0.7051666888039194
506.4076193936919,0.42250758617817635,44.22317910179888,-0.2575710362608585,2.1513269068794676,2.166691094499645,0.19033807803354275,-0.4959192480912592,0.5311915705062562,0.6521951214087549,0.705166740717789
506.5076193936919,0.3977021729422528,44.435832196246416,-0.2385372284574999,2.101734982070331,2.1152281068996697,0.19033807803354275,-0.4959192480912592,0.5311915705062562,0.6522132356041735,0.7051840088655026
506.60761939369195,0.37484591561272684,44.643432881644515,-0.21899877489284314,2.050879992948843,2.0625395048052804,0.19172389762075404,-0.5058984944936806,0.5410095559690845,0.6521952169945704,0.7051668723137766
506.70761939369197,0.3539046576115418,44.84599138846698,-0.19982638513076337,2.0002901434994635,2.010246562582693,0.19172389762075404,-0.5058984944936806,0.5410095559690845,0.6522133736283617,0.7051841814774341
506.807619393692,0.33477300810886523,45.04349193238446,-0.18247968597378292,1.9497825038043002,1.9583030020746168,0.16922043886061666,-0.5039286591571248,0.5315822141946411,0.6521953615663647,0.7051670499220742
506.907619393692,0.31737114170578623,45.23595053946915,-0.1655576420877174,1.8993896378885762,1.9065912853498888,0.16922043886061666,-0.5039286591571248,0.5315822141946411,0.6522135469255316,0.7051843831935748
507.00761939369204,0.30138606932873196,45.423398803913116,-0.15294744536018712,1.849415245358293,1.8557288785827208,0.12266829032574,-0.5001751950668578,0.5149978011716257,0.6521955573588263,0.7051672675445062
507.10761939369206,0.2866661144757096,45.60584035136772,-0.1416380320921016,1.79941906671094,1.8049848502903822,0.1104921552750634,-0.4999168484940253,0.5119818080611136,0.6521976121213785,0.7051692345060662
507.2076193936921,0.2728549208724487,45.7832803304373,-0.13444074493981248,1.7493553018884518,1.7545136893581674,0.06040805281738215,-0.5015412956868731,0.5051661153763731,0.6521957853851379,0.7051674978021177
507.3076193936921,0.25965506538098554,45.95570330370722,-0.13013588437012502,1.6990482523847916,1.7040247393546284,0.027823430608052323,-0.5046385989897493,0.505405044376427,0.6521958986770912,0.705167602243111
507.40761939369213,0.24670343787151805,46.123074679121096,-0.12951656136743459,1.6482879968493125,1.6533686401483378,-0.012818468747688883,-0.5105216322611958,0.5106825336230633,0.6521960084276966,0.7051676967463342
507.50761939369215,0.23368768939103318,46.285350870644756,-0.13079840824220376,1.5972358336231811,1.6025824571012353,-0.012818468747688883,-0.5105216322611958,0.5106825336230633,0.6522141763331522,0.7051849776437327
507.6076193936922,0.22001565497395065,46.44242948536283,-0.1400200333271417,1.5447857772081661,1.5511185342189588,-0.0923398220287569,-0.5245623729564315,0.5326277554296104,0.6521961807471869,0.7051678158530486
507.7076193936922,0.2055519525310893,46.59428525121889,-0.1492540155300195,1.492329539912511,1.4997747220323865,-0.0923398220287569,-0.5245623729564315,0.5326277554296104,0.652214324700198,0.7051850582744384
507.8076193936922,0.18965534682225882,46.74081421643225,-0.16602326140293563,1.4386980035960142,1.4482457211668276,-0.16524681355636495,-0.5354381196513689,0.5603574657005345,0.6521962554557903,0.7051678122617995
507.90761939369224,0.17222678661417928,46.882006826193624,-0.1825479427585759,1.3851541916308652,1.3971313059258046,-0.16524681355636495,-0.5354381196513689,0.5603574657005345,0.6522143364950722,0.7051849835045831
508.00761939369227,0.15276325106926644,47.017799956657996,-0.20456155807576218,1.3309710056642814,1.3465991418983498,-0.2149078540832754,-0.5411617410259361,0.5822726300427495,0.6521961906823335,0.7051676577609846
508.1076193936923,0.13121284950094153,47.14818862429704,-0.22653464269376927,1.2767901269054593,1.2967308789813146,-0.22094720969675208,-0.5419784204894456,0.5852847834593129,0.6521980396543399,0.7051693730583745
508.2076193936923,0.10740247653628868,47.2731485334174,-0.24944803408617922,1.2224397560153704,1.2476310667807122,-0.2268640717476229,-0.5432541970036169,0.5887210116956547,0.6521959618255049,0.7051673526634412
508.30761939369233,0.08133625685665907,47.39267851668115,-0.27170404050640035,1.1681932491618385,1.1993742339298428,-0.21747295099402209,-0.5414488435691457,0.5834906465543501,0.6521957892165483,0.7051671572343721
508.40761939369236,0.05311674472939022,47.50679912919797,-0.2923294919959456,1.1143031542719353,1.152010438976571,-0.19460321121307156,-0.5360697196115481,0.5702991794653427,0.6521955947650755,0.7051669578305966
508.5076193936924,0.02291077947372322,47.61554909602714,-0.3117898131172572,1.0606961823107681,1.1055719238169592,-0.19460321121307156,-0.5360697196115481,0.5702991794653427,0.6522134636420607,0.7051839795638
508.6076193936924,-0.008824999524804594,47.71905573132481,-0.32472271267021063,1.0089858473436468,1.0599515461867477,-0.12381804432867183,-0.5143076208345678,0.529002114315142,0.6521952066784836,0.7051666312891455
508.7076193936924,-0.04191636101347668,47.817382777955025,-0.3371045171030806,0.9575550852601783,1.0151606753410656,-0.12381804432867183,-0.5143076208345678,0.529002114315142,0.652213165416569,0.7051838020201792
508.80761939369245,-0.07563258642564068,47.910804735325314,-0.34013782498110817,0.9098724766571026,0.9713710227101736,-0.02773999363208035,-0.47318619861470457,0.4739986137175324,0.6521950377240807,0.7051666530081251
508.90761939369247,-0.1097850688919197,47.99942605199797,-0.3429118243443169,0.8625538567956214,0.9282174719041594,-0.02773999363208035,-0.47318619861470457,0.4739986137175324,0.6522132408264552,0.7051841448193482
509.0076193936925,-0.14353715754576082,48.08370640061101,-0.33557210445313673,0.8213164881731555,0.887225682130647,0.07189477290986301,-0.4079162822413181,0.4142035148201177,0.6521954644301261,0.7051674292427329
509.1076193936925,-0.176673607994349,48.16385356801705,-0.32686743827277914,0.7818947976777144,0.8474678736320823,0.0910739199980779,-0.39047299194186363,0.40095338424790355,0.6521979968574181,0.7051701082400361
509.20761939369254,-0.20863405298309973,48.24038843965452,-0.3127105848567897,0.7486287044877251,0.8113155040207509,0.15237451610861896,-0.3142861855689381,0.3492761079701971,0.6521969905274586,0.7051694733525729
509.30761939369256,-0.23909052402784767,48.313771466311245,-0.2959288986772259,0.7199549085060316,0.7784015566237289,0.18019301215609174,-0.262429578071682,0.31833756466487967,0.6521983504053269,0.7051711501809633
509.4076193936926,-0.2677307139141816,48.38457895472302,-0.27650380329509816,0.6971955701980875,0.7500240105093241,0.2049713079774309,-0.19685257850726573,0.2841903847052853,0.6522002197326732,0.7051733692797906
509.5076193936926,-0.29435623770381003,48.453314248850305,-0.25600667249735043,0.6775103123473565,0.7242648960844217,0.2049713079774309,-0.19685257850726573,0.2841903847052853,0.6522207479529261,0.705193407414033
509.60761939369263,-0.3187197907597526,48.52094422224305,-0.23254692811861757,0.6708479030315794,0.7100105511746095,0.23020140353617924,-0.06538188868812422,0.23930624220536562,0.6522057915026158,0.7051797022263905
509.70761939369265,-0.34082347655393824,48.587702103102785,-0.20952678776499442,0.6643097141627655,0.6965693584433156,0.23020140353617924,-0.06538188868812422,0.23930624220536562,0.6522277331886862,0.7052011695599751
509.8076193936927,-0.36058486416656277,48.65470306292229,-0.18609104687466987,0.6712309522958859,0.6965492581626603,0.23072969711856128,0.06925770342401283,0.24090002618512008,0.6522142663455579,0.7051889466327735
509.9076193936927,-0.37804032036844065,48.722172446669006,-0.1630180771628085,0.6781567226382887,0.6974750418053425,0.23072969711856128,0.06925770342401283,0.24090002618512008,0.6522378080249619,0.7052119788809418
510.0076193936927,-0.39327860763457567,48.79122459844792,-0.1414153347979784,0.698394095957165,0.7125676179730945,0.21377785690280804,0.20142777506374987,0.29372456599523655,0.6522259678295417,0.7052013206106797
510.10761939369274,-0.40636745664220086,48.8621572880378,-0.1204407717433556,0.7206698171392861,0.7306647417480243,0.20863925894411128,0.22846990396032563,0.30940077147348605,0.6522349666144684,0.7052104943568976
510.20761939369277,-0.41745853185771686,48.93576982842688,-0.10133484720086765,0.7511273810850853,0.757932116929321,0.18533367594673147,0.3233499412048243,0.3726979419276305,0.6522408088184936,0.7052166339020023
510.3076193936928,-0.4266936100726706,49.012591724047105,-0.08365148512853654,0.7861983010229487,0.790636034781859,0.1693343867479724,0.3735266883109294,0.4101174483191883,0.652249230104916,0.7052251909286096
510.4076193936928,-0.4342505728021355,49.093183182990536,-0.06780091690666681,0.8264176329392936,0.8291942283725627,0.14881725455044567,0.4255894868907568,0.4508580559376419,0.6522581530382153,0.7052341764993643
510.50761939369283,-0.44028657822005124,49.177952893718945,-0.05291919145161887,0.868976581628379,0.8705864346763255,0.14881725455044567,0.4255894868907568,0.4508580559376419,0.652285488593693,0.7052606353374302
510.60761939369286,-0.4451214411482222,49.267529542716666,-0.04242739352605583,0.9195358691526726,0.9205141489297032,0.10322591903496497,0.5000459461813196,0.5105894031930004,0.652276748755491,0.7052526785401239
510.7076193936929,-0.44884805090565366,49.36198335936287,-0.03210480162255699,0.9695404637708159,0.9700718680469775,0.10322591903496497,0.5000459461813196,0.5105894031930004,0.6523040787474009,0.7052789999580158
510.8076193936929,-0.45189636478005557,49.46174420903719,-0.027159161414536538,1.0237776702103096,1.024137851106964,0.04822044961983904,0.5349250300413086,0.537094032294378,0.6522947742407957,0.7052703723589129
510.9076193936929,-0.45437117867341054,49.56679660120846,-0.02233711645255154,1.0772701732144527,1.0775017275479941,0.04822044961983904,0.5349250300413086,0.537094032294378,0.6523210093048809,0.7052955222018006
511.00761939369295,-0.4567544752360756,49.677196992186374,-0.023373935742603356,1.1303415025143124,1.1305831473971353,-0.010170804665644018,0.5226714990078536,0.5227704478474882,0.6523100345071461,0.7052851865205519
511.10761939369297,-0.45918072988720204,49.792817225023754,-0.025331864587898052,1.1819257187614167,1.1821971527766386,-0.02209593938850396,0.5139121266284219,0.5143869209390997,0.6523178725902745,0.7052927175829199
511.207619393693,-0.4620011865115918,49.913401697148274,-0.03087598542154272,1.229779189322088,1.2301667289296372,-0.06361936447342653,0.4652323759210364,0.46956212277092285,0.6523203263744963,0.7052950822334877
511.307619393693,-0.4654471214975583,50.038640617221745,-0.03842683332718425,1.2743357312178194,1.2749149686853667,-0.08533334885804505,0.42802772632792196,0.43645104528776113,0.6523230410085432,0.705297666779367
511.40761939369304,-0.46975952739923704,50.1681244493159,-0.04813613541648184,1.3146227067038998,1.3155036862412517,-0.10625966176646329,0.38097439336336114,0.39551561804472934,0.6523239488110232,0.705298509972412
511.50761939369306,-0.47510443924971885,50.30149159195313,-0.05876210159313058,1.3527201460402445,1.3539958560079797,-0.10625966176646329,0.38097439336336114,0.39551561804472934,0.6523410668244786,0.7053147703770283
511.6076193936931,-0.48169738727299566,50.43808836028692,-0.07197539371917205,1.3821835588944946,1.384056302243258,-0.12818648246854725,0.2962241557059253,0.32277008026046566,0.6523202421638753,0.7052948843592416
511.7076193936931,-0.48953585905725755,50.57778783695493,-0.08479404196602969,1.411805974465094,1.4143500765681283,-0.12818648246854725,0.2962241557059253,0.32277008026046566,0.6523338725181492,0.7053077872781677
511.80761939369313,-0.49868143898957074,50.71995044928707,-0.09780926008554348,1.4340685223564253,1.43740014546125,-0.126678572759666,0.22510958949359505,0.2583056098469425,0.6523098687497859,0.7052848297126283
511.90761939369315,-0.509095757861926,50.864482849470214,-0.11047711736151296,1.45657948130579,1.4607631494604298,-0.126678572759666,0.22510958949359505,0.2583056098469425,0.6523207581181505,0.7052950695801347
512.0076193936932,-0.5206740222278474,51.010862687865256,-0.12144995968494066,1.4731470887545048,1.4781449312612571,-0.10659879037782116,0.16790050645842847,0.19888157827966732,0.6522945421240227,0.7052699432553762
512.1076193936932,-0.5333306512587342,51.15898357914953,-0.13157739466068377,1.489113364302248,1.4949151221822772,-0.09980132197932945,0.15747320347381066,0.1864352801406589,0.6522876522022097,0.7052631850429828
512.2076193936932,-0.546861866050233,51.30853274614378,-0.13907424149326744,1.5020507566550723,1.5084754291054934,-0.06582438756480574,0.12265451189808019,0.1392012186988248,0.6522765004991269,0.7052523303824303
512.3076193936932,-0.5610513677182523,51.459316736003906,-0.1442253606690936,1.5132914223797338,1.520148638689062,-0.038379245916453475,0.10360341950752411,0.11048364155280019,0.6522671789952156,0.7052431851225017
512.4076193936933,-0.5755936954745546,51.61111997439125,-0.14601958783948285,1.5224204864114221,1.529407028059569,0.0008333537085634113,0.08045322710901069,0.08045754303145,0.6522580132863767,0.7052341600629825
512.5076193936933,-0.5901914874899634,51.76376428916797,-0.1459362524686265,1.530465809122325,1.5374078777855407,0.0008333537085634113,0.08045322710901069,0.08045754303145,0.652267278184887,0.7052426618337315
512.6076193936933,-0.6042198544295376,51.91690561307991,-0.13732441650240304,1.53385246620657,1.5399874621099037,0.08794699414636264,0.033000324152921534,0.09393452599325895,0.6522410132856057,0.705217319371199
512.7076193936933,-0.617512561109049,52.07045586132137,-0.12852971708776478,1.537152498621863,1.5425166748512307,0.08794699414636264,0.033000324152921534,0.09393452599325895,0.6522516025089814,0.705227064735809
512.8076193936934,-0.6293307807647275,52.22400159552018,-0.11088451947708125,1.535436520346781,1.5394351836548021,0.17463814385192034,-0.016974278581744884,0.17546112794979604,0.6522268795541081,0.7052031919220324
512.9076193936934,-0.6395460419931782,52.377460376161984,-0.09342070509188524,1.533739092488606,1.53658160602281,0.17463814385192034,-0.016974278581744884,0.17546112794979604,0.6522392288980053,0.7052146320135083
513.0076193936934,-0.647520482299856,52.53043622346355,-0.06873453735599132,1.5274085013780954,1.5289542722748846,0.2428637767407592,-0.06192682737985894,0.2506346863507128,0.6522163584693083,0.7051925558932295
513.1076193936934,-0.6531437391964866,52.68284087702839,-0.043563325125135305,1.5205593047902346,1.521183211411472,0.2540348065918465,-0.07023433076606256,0.2635650663087078,0.6522144596537961,0.7051904723967113
513.2076193936934,-0.6560856193803155,52.834430682900944,-0.015524650546047767,1.5114134886630353,1.5114932181413003,0.28469830456270806,-0.09539367091670437,0.3002550200610224,0.6522095905208082,0.705185581178619
513.3076193936935,-0.6561933567629372,52.98507704520993,0.01355405469212146,1.5013599161392845,1.5014210968906614,0.29525259295128325,-0.1042236172881883,0.3131080580967071,0.652207515029964,0.7051833696818989
513.4076193936935,-0.6533474025571679,53.134681325371886,0.04344567390357436,1.490673395664839,1.491306373326379,0.30088194129334056,-0.10799050720704284,0.3196746662519312,0.6522062126864027,0.7051819071535221
513.5076193936935,-0.6474984254603422,53.28320871240237,0.07353386803291526,1.4798743449441323,1.48170014057221,0.30088194129334056,-0.10799050720704284,0.3196746662519312,0.6522236505180137,0.7051982906754297
513.6076193936935,-0.6386547476427237,53.43068272892631,0.10320519885460812,1.4696062485720711,1.4732256578381655,0.29257028355780024,-0.10027386795505522,0.3092769299766141,0.6522054886727505,0.7051807633080132
513.7076193936936,-0.6268713763394709,53.57714198444378,0.1324622272103948,1.4595788617765635,1.4655772567089416,0.29257028355780024,-0.10027386795505522,0.3092769299766141,0.6522239171109729,0.7051980529735427
513.8076193936936,-0.6123465603187235,53.72269609891466,0.15873896794090067,1.4510171782841992,1.4596742484605192,0.2584821454369597,-0.08587549042879578,0.2723740431209989,0.6522064356566863,0.7051811068961082
513.9076193936936,-0.5951802527974445,53.86736843929097,0.1845871824846025,1.4424296292413177,1.4541924436782256,0.2584821454369597,-0.08587549042879578,0.2723740431209989,0.6522252909674608,0.705198709092952
514.0076193936936,-0.5757718298174314,54.01124384877988,0.20518353594716143,1.4346655545783817,1.4492637913497584,0.20418626080757374,-0.07979793580877836,0.219225317109864,0.6522079455207426,0.7051817755109614
514.1076193936937,-0.5542709420812499,54.15430998931741,0.22465155141491094,1.4266481717019597,1.4442275878038304,0.1921362049852462,-0.0803051182313187,0.2082432070447404,0.6522105077522984,0.7051837319995767
514.2076193936937,-0.5310200023380705,54.29655129979548,0.240603279033576,1.4181449089046188,1.4384105535394955,0.15263243394481774,-0.0876481746532779,0.17600813166433718,0.6522089208789922,0.7051816694872916
514.3076193936937,-0.5062284535863643,54.43791455098671,0.2549407475984894,1.4089811716327922,1.4318598837881424,0.13626749153933027,-0.09539982174728262,0.16634288454825696,0.6522089114380778,0.7051810551366565
514.4076193936937,-0.4800793697802828,54.57831409051041,0.2678690827551357,1.398825834234297,1.4242428023400204,0.12460318738331955,-0.10734685900466334,0.16446672138840038,0.6522084626508433,0.7051799907800883
514.5076193936937,-0.4526694455678463,54.71765993963884,0.2803294014934705,1.3880911483338283,1.4161149704118001,0.12460318738331955,-0.10734685900466334,0.16446672138840038,0.6522256080153143,0.7051956803521365
514.6076193936938,-0.4240724303302383,54.85574948870921,0.2920532599349257,1.3745400454210048,1.405224339066398,0.11983034962710204,-0.13692551605716063,0.18195579034280077,0.652206116535272,0.7051765336884546
514.7076193936938,-0.39426795258860325,54.99251886567105,0.30403629489763867,1.3608474938152857,1.3943973501260063,0.11983034962710204,-0.13692551605716063,0.18195579034280077,0.6522223839055716,0.7051915453369475
514.8076193936938,-0.3632507429725219,55.127690221620675,0.3162446414034699,1.3437179781960866,1.380430613302888,0.12205870316815659,-0.1711768307436703,0.21023756658251946,0.652202169804907,0.7051720055902855
514.9076193936938,-0.3310159853163267,55.26120613528659,0.32845051172028833,1.3266002951217157,1.3666558021924695,0.12205870316815659,-0.1711768307436703,0.21023756658251946,0.6522180642807278,0.705187118595773
515.0076193936939,-0.2975582729378979,55.39280377351274,0.34068769115724173,1.3064420037780777,1.3501328868454878,0.12250996313837158,-0.20046731200608442,0.2349379370197797,0.6521979740242764,0.705168340671493
515.1076193936939,-0.2628751663544802,55.52242841863278,0.35298417491360284,1.2859694714393546,1.333534892386941,0.12310300011796149,-0.20585843492215947,0.2398583829401086,0.6521985136200816,0.7051696856935122
515.2076193936939,-0.22694443443206377,55.6499188558977,0.3656426762679426,1.2639386080335746,1.315764177801719,0.12821008087045066,-0.22355981295217725,0.2577145995166358,0.652196242730152,0.7051689468376137
515.3076193936939,-0.18973118472382003,55.77517896237829,0.378705392819933,1.2411134742365193,1.2976056529170727,0.13285657250169924,-0.23206313577654114,0.26740263245402174,0.6521975724560872,0.7051723474427423
515.407619393694,-0.15118414021054594,55.89811362548603,0.392335521137106,1.2174598761498743,1.2791152063754037,0.1393716133266984,-0.24004874862517117,0.27757494180454645,0.6522012478280227,0.7051788075734173
515.507619393694,-0.11125373003019261,56.01865936935792,0.40627268246977905,1.1934550012873517,1.2607110424752306,0.1393716133266984,-0.24004874862517117,0.27757494180454645,0.6522261080708402,0.7052063733562997
515.607619393694,-0.06984941629230898,56.13672678779165,0.4213848170642349,1.1683275519154674,1.241996148390585,0.15044564926874138,-0.25040288796279797,0.2921224053098336,0.6522187867673602,0.7052043199973723
515.707619393694,-0.02695870633953186,56.252307528543405,0.4364293819911125,1.143287263119182,1.223755029193218,0.15044564926874138,-0.25040288796279797,0.2921224053098336,0.6522524946685119,0.7052424443686339
515.807619393694,0.01747563613686078,56.365335846234075,0.4519483086543936,1.1175330878890681,1.2054615200090142,0.15265921639109692,-0.2574017172086707,0.29926657075443,0.6522557867623299,0.7052527557453502
515.9076193936941,0.06343376308426625,56.47580214643696,0.4672142302935068,1.0917929161681952,1.1875609073996187,0.15265921639109692,-0.2574017172086707,0.29926657075443,0.6523019731038113,0.70530510568632
516.0076193936941,0.11083383076535286,56.58364409029033,0.48100308842920414,1.0652842401261886,1.1688432244487128,0.1336694020012434,-0.2653325588647071,0.29710078395228656,0.6523194505238635,0.7053312788084554
516.1076193936941,0.15957928347690997,56.6888400534828,0.4937908563744467,1.0386072470019536,1.1500149665826036,0.12626461248137688,-0.2671571759598328,0.29549231636694945,0.6523652411390534,0.7053855553551727
516.2076193936941,0.20944925153773197,56.79133757768954,0.503645082948763,1.0113793172928245,1.1298435701574647,0.08866443363180676,-0.273353773399572,0.28737374135963367,0.6524159256087816,0.7054455367769908
516.3076193936942,0.2602083212166208,56.89110416409107,0.511040305021051,0.9839149073105043,1.1087158058690456,0.06083868562881195,-0.275511251768524,0.282148534499296,0.6524776844508459,0.7055169992314997
516.4076193936942,0.3115487424841832,56.98811673215783,0.5152198926172264,0.9563393567778263,1.0862948508902788,0.02494428035985484,-0.2754502963201232,0.2765774446073192,0.6525486048644652,0.7055979636390661
516.5076193936942,0.3631954531477169,57.08237341635403,0.5177143206532124,0.9287943271458078,1.0633376791723554,0.02494428035985484,-0.2754502963201232,0.2765774446073192,0.6526465757381213,0.7057052916562873
516.6076193936942,0.41461758291934625,57.173913216585,0.5130464814648797,0.9018918076175954,1.0376056692169848,-0.04761887988168123,-0.26753159010768046,0.2717364705495564,0.6527162917134591,0.7057860457879707
516.7076193936942,0.4656841366664374,57.26276473939623,0.5082845934767105,0.8751386486068212,1.0120379845890954,-0.04761887988168123,-0.26753159010768046,0.2717364705495564,0.6528295054571,0.7059083840310587
516.8076193936943,0.5157741340308573,57.349040064730254,0.4960050385044074,0.8499885613730273,0.9841247647969983,-0.12306096202381694,-0.24892437392001418,0.2776820921588181,0.6529116249998997,0.7060009393983018
516.9076193936943,0.56475933307119,57.432794298997976,0.4836989423020229,0.8250961239810202,0.9564247385929531,-0.12306096202381694,-0.24892437392001418,0.2776820921588181,0.6530337766509998,0.7061312551700436
517.0076193936943,0.6120022449061933,57.514283904117384,0.46370879997663683,0.8037871109794887,0.9279545090964996,-0.20003345149999574,-0.20869744379054378,0.2890813116818663,0.6531202941851628,0.7062269321213439
517.1076193936943,0.6573210142020359,57.59365720911854,0.442418399532416,0.7838654261307962,0.9000994647971075,-0.2163629520228814,-0.1966092498852889,0.29234931870711045,0.6532253571546697,0.7063393706164879
517.2076193936944,0.700231375584966,57.67127581348275,0.41604461106016477,0.768423224215949,0.8738234203239453,-0.27604731681803923,-0.13986572427133015,0.3094584656272675,0.6533216120744826,0.7064422499533097
517.3076193936944,0.740395010391182,57.74749275682887,0.3866400671166351,0.7566769537077361,0.8497355787375127,-0.3092403461620242,-0.09719554180111895,0.3241551558134185,0.6534118492040244,0.7065380248158676
517.4076193936944,0.7774417528804948,57.82278337702471,0.35375037914436797,0.7500373228449042,0.8292739694486588,-0.3451744769605489,-0.03832086916393351,0.34729513178054744,0.6534908901373333,0.7066215746323217
517.5076193936944,0.811090918410136,57.8975955049634,0.3192329314483052,0.74620523592851,0.8116230151050434,-0.3451744769605489,-0.03832086916393351,0.34729513178054744,0.6535740024265418,0.7067072922518963
517.6076193936944,0.840892866451468,57.9728674892871,0.2789157004901642,0.7552694087112761,0.8051247404688293,-0.4004998370160105,0.09547451352795822,0.4117226034398054,0.6536036948030729,0.7067402867888611
517.7076193936945,0.8667819373154099,58.048871802725884,0.238865716788554,0.7648168600640741,0.8012500609018256,-0.4004998370160105,0.09547451352795822,0.4117226034398054,0.6536509277228061,0.7067880772139259
517.8076193936945,0.888381732410784,58.126838779214665,0.19471659010136438,0.7895668986519786,0.8132222561560932,-0.438057953913664,0.2487017308041738,0.5037333837378832,0.6536415080583654,0.7067799467929575
517.9076193936945,0.9056631016513556,58.2070389777339,0.15091079470998803,0.8144370717324017,0.8283005564238438,-0.438057953913664,0.2487017308041738,0.5037333837378832,0.6536476197680968,0.7067846240054843
518.0076193936945,0.9184260852463022,58.290740724106485,0.10523200483292731,0.8544284835247044,0.8608843176057299,-0.4529416579995409,0.39777357070754504,0.6028100522592531,0.6535975684673696,0.7067338639806867
518.1076193936946,0.9266834957316228,58.378266716227245,0.05991434530534464,0.896538982286675,0.8985387445920153,-0.45319567889333845,0.4273375644949132,0.6228994440485864,0.6535487788063531,0.7066823917399353
518.2076193936946,0.930425932452291,58.47048990446207,0.014998127832087467,0.9473971460882922,0.94751585541072,-0.44609941159725786,0.5275123363943499,0.6908501647069685,0.6534797055497262,0.7066097847087792
518.3076193936946,0.9297103481393336,58.56795942392154,-0.029146496436818124,1.0028653627187087,1.003288818833076,-0.4370080294530573,0.5769120041530955,0.7237426879370772,0.6533987613352589,0.706524174243167
518.4076193936946,0.9246360433051631,58.67122777938101,-0.07212637330992036,1.06321960070395,1.065663236227988,-0.42314561642843646,0.6246081375098962,0.7544451856471633,0.6533070996885947,0.7064268191834215
518.5076193936947,0.9153076778920263,58.78067278013898,-0.11444093495277363,1.1256804144549537,1.1314827100227123,-0.42314561642843646,0.6246081375098962,0.7544451856471633,0.6532256807862318,0.7063378475642439
518.6076193936947,0.9019451201347897,58.89682380807672,-0.15375066145252006,1.1947124062345842,1.2045650665314505,-0.3922218322259772,0.6836701659790219,0.788189610134824,0.65310438394046,0.7062098135818601
518.7076193936947,0.8846089448284034,59.019713399530104,-0.1929728446751267,1.263079422832502,1.2777355544731848,-0.3922218322259772,0.6836701659790219,0.788189610134824,0.6530173355247156,0.7061134612635863
518.8076193936947,0.8635785146792768,59.14962331667694,-0.22875501307571944,1.3338313031676527,1.3533051397660438,-0.3574836108820302,0.7001084216598104,0.7860956265800272,0.6528960613339322,0.7059839359978971
518.9076193936947,0.8389155953172887,59.28650698910203,-0.2645033741639306,1.4038421453336498,1.4285428953864454,-0.3574836108820302,0.7001084216598104,0.7860956265800272,0.6528142325270826,0.7058915626598086
519.0076193936948,0.810914211035983,59.43027446658405,-0.29670437614629264,1.4716908582086659,1.5013019246505082,-0.321976795130082,0.6702970610756609,0.7436176481827923,0.6527023856322557,0.7057705576415113
519.1076193936948,0.7796578649589692,59.58075484759401,-0.3283079916726734,1.537716728523614,1.5723736434376883,-0.314439666005229,0.6574543521682767,0.7287787927365124,0.6526175323144088,0.7056753909797148
519.2076193936948,0.7453703738660136,59.73756550994803,-0.35755421761218614,1.598534151498558,1.6380343256597152,-0.28655126665014863,0.5898364544337684,0.655758089083012,0.6525371292399299,0.7055848697053984
519.3076193936948,0.708211930373144,59.900276044051715,-0.38532024709729573,1.6547267900790719,1.6989974816427804,-0.26996684776517266,0.5366346810397498,0.6007153067692698,0.6524675473818118,0.7055052661695983
519.4076193936949,0.668368412574062,60.06829662736137,-0.4112431450321188,1.7045719477651426,1.7534783857931526,-0.24981660745195466,0.4639561968824977,0.5269380323951527,0.6524071313210127,0.7054351941236984
519.5076193936949,0.6259950150335803,60.24107360312233,-0.4362248057773199,1.750967567453403,1.8044887097039837,-0.24981660745195466,0.4639561968824977,0.5269380323951527,0.6523737962454523,0.7053918469948187
519.6076193936949,0.5813924480930291,60.417482772797065,-0.4570984652352605,1.7820474289317558,1.8397369501868226,-0.2071259181821668,0.30693667366966937,0.3702853867305686,0.6523131691465889,0.7053236103549361
519.7076193936949,0.5346469719785814,60.59722219905863,-0.47781105705348187,1.8127410962987296,1.8746556186278285,-0.2071259181821668,0.30693667366966937,0.3702853867305686,0.6522967348614958,0.7052985722651051
519.807619393695,0.48617478477817516,60.77889123467021,-0.4932389622738786,1.8262407125598912,1.8916764559819081,-0.15193561796575367,0.1332407694117168,0.20208298948714545,0.6522515778145609,0.7052473878799542
519.907619393695,0.43609121046094695,60.9621815097733,-0.5084325240704574,1.8395647895010658,1.908534056888888,-0.15193561796575367,0.1332407694117168,0.20208298948714545,0.6522490958011141,0.7052380071488376
520.007619393695,0.3849234888545419,61.1456118195061,-0.5170159967333575,1.8349840521626735,1.9064291260284323,-0.08437474332726048,-0.04608961871224171,0.09614234376475804,0.6522160925161731,0.7052007339379982
520.107619393695,0.33284806584109644,61.32875878957403,-0.5242623659085061,1.8273772422262278,1.9010940570403974,-0.06925582696669393,-0.08412519244651495,0.10896521267360434,0.6522078328772899,0.7051881161066189
520.207619393695,0.28030936630413567,61.510492889344185,-0.5267427479402842,1.8078863244470715,1.8830589169302228,-0.013059203236518546,-0.22418278628868138,0.22456282964312968,0.6521995244237163,0.7051764721555909
520.3076193936951,0.22762736699365413,61.69001537108457,-0.5263392715936496,1.781142844467549,1.8572837320182625,0.018433229479627222,-0.3042967284687894,0.304854527448514,0.6521961611396089,0.705170461684959
520.4076193936951,0.1751520723646748,61.86643157550622,-0.5226632667315931,1.7458039503106553,1.8223633894782976,0.0517034456886154,-0.3950143827869014,0.39838374578362534,0.6521950522251901,0.7051674146566823
520.5076193936951,0.1231442629199468,62.03903689862339,-0.5174929221627305,1.7063025120319562,1.7830499676271232,0.0517034456886154,-0.3950143827869014,0.39838374578362534,0.6522136019546804,0.7051837867943118
520.6076193936951,0.07199761860096637,62.20661036849018,-0.5073530251827547,1.6507008186849947,1.726910618697275,0.09743395493916662,-0.5534088770797334,0.5619206000902076,0.6521970354001843,0.7051673026487574
520.7076193936952,0.021749485857375423,62.368913405973316,-0.4976096296888359,1.5953599309770088,1.67116386178197,0.09743395493916662,-0.5534088770797334,0.5619206000902076,0.6522171904358098,0.7051862530600171
520.8076193936952,-0.02735056019058474,62.524703955615664,-0.4855024796200264,1.5254506054250272,1.6008473404134373,0.11617647874581083,-0.6970507526543724,0.7066659224766699,0.6522013679318143,0.705171300845218
520.9076193936952,-0.0753199257588691,62.67376376239493,-0.47388483174544266,1.455745530159574,1.5309349699899033,0.11617647874581083,-0.6970507526543724,0.7066659224766699,0.6522216416037264,0.7051909772933397
521.0076193936952,-0.12215041436970989,62.814949713369415,-0.46284086232502797,1.3725827069729424,1.448518191573356,0.10595066083857463,-0.8297037316136859,0.8364411663624681,0.6522054695947254,0.7051761147283783
521.1076193936952,-0.1679216875602241,62.94797505468512,-0.4526690913457475,1.2875228122404192,1.3647799450091807,0.10053285336651707,-0.8561877366984311,0.862069773903943,0.6522089290552499,0.7051800355994425
521.2076193936953,-0.21279174182742294,63.07205491950778,-0.44471813360163737,1.194531711153531,1.2746294470572639,0.07164745508074744,-0.9476376466591805,0.9503422894858976,0.6522080454340322,0.7051798428128799
521.3076193936953,-0.25694468418611704,63.18668308291513,-0.43874705270982495,1.0972036334475366,1.181674570053885,0.04888391920084356,-0.9944779531704481,0.9956786815526978,0.6522086237726666,0.7051810153506642
521.4076193936953,-0.30063312075951265,63.29133639950488,-0.4355013643756926,0.9951570610794761,1.0862775955479473,0.017569966829176165,-1.0412636481347137,1.0414118727291288,0.6522087482829175,0.7051816907997844
521.5076193936953,-0.34409540736294586,63.38564578737218,-0.4337443676927745,0.8910306962659811,0.9909943885781816,0.017569966829176165,-1.0412636481347137,1.0414118727291288,0.6522265239603415,0.7051990797222056
521.6076193936954,-0.38781869613127845,63.46907933751643,-0.4386274035918844,0.7802579513657194,0.8950957880870556,-0.05047607508738426,-1.1015989414639997,1.102754760584071,0.6522078292234952,0.7051816350756911
521.7076193936954,-0.4319338168659139,63.5415971379457,-0.443675011100624,0.6700980572192944,0.803665926715953,-0.05047607508738426,-1.1015989414639997,1.102754760584071,0.6522250087770461,0.705198232503846
521.8076193936954,-0.47704291601107957,63.60289458804445,-0.4560899565569455,0.5572510147931043,0.7201018969285257,-0.12464688214251074,-1.1207042293399962,1.1276146570918648,0.6522058284419398,0.7051800968688092
521.9076193936954,-0.5232751460774973,63.65301616837707,-0.4685546447711994,0.4451805918590793,0.6463197463366449,-0.12464688214251074,-1.1207042293399962,1.1276146570918648,0.6522226966694156,0.7051961769247514
522.0076193936954,-0.5712556838663215,63.69205612723834,-0.4885455424082311,0.3354608006346319,0.5926303196507761,-0.19985660543419548,-1.0876568914378213,1.105866256030929,0.6522033381229536,0.7051776700028762
522.1076193936955,-0.6211599567753449,63.720209647362566,-0.509780869085817,0.22783752454949352,0.5583784308860184,-0.2157113718200418,-1.0730366780429987,1.094504046752701,0.6522040111536171,0.7051781560152726
522.2076193936955,-0.6734593647474671,63.737913451174386,-0.5359628733627644,0.12620241384144035,0.5506207868239963,-0.27393340408605055,-0.9951054479752511,1.03212129251566,0.6522008507052803,0.7051749265449269
522.3076193936955,-0.7284851835095892,63.74566466820486,-0.5651361788404549,0.02992118467406994,0.565927714400603,-0.3068082655883211,-0.9335297869586154,0.9826541481988013,0.6521997166337438,0.7051735800982692
522.4076193936955,-0.7866037954219809,63.74414597815984,-0.5977839549297692,-0.05900421528314724,0.6006888996749119,-0.34296038156101044,-0.8492494005154249,0.9158855646838651,0.6521986977829121,0.7051723141619413
522.5076193936956,-0.8480969928227773,63.73399930962894,-0.632079993085878,-0.14392915533470904,0.6482597622981133,-0.34296038156101044,-0.8492494005154249,0.9158855646838651,0.6522158755076602,0.7051883586204646
522.6076193936956,-0.9134392405485103,63.71652250357461,-0.6725954593359,-0.21122895315612947,0.7049839165333524,-0.40369187362600056,-0.6696805338919308,0.7819457438374176,0.6521970499612307,0.7051701221738523
522.7076193936956,-0.9827172458502466,63.692051205589536,-0.7129646466985092,-0.27819700654533774,0.7653183402302056,-0.40369187362600056,-0.6696805338919308,0.7819457438374176,0.6522145212768129,0.7051864560618611
522.8076193936956,-1.056392592262664,63.662139614392366,-0.7586519418083217,-0.3262974194561024,0.82584670172693,-0.4549943768016272,-0.4808096031459119,0.6619650726423792,0.6521959450415041,0.7051684871556623
522.9076193936957,-1.1345327583275227,63.62710582443101,-0.8041513794884948,-0.37437837977070454,0.8870279659475157,-0.4549943768016272,-0.4808096031459119,0.6619650726423792,0.6522136732719949,0.7051851126135893
523.0076193936957,-1.2174957413829488,63.58850568763995,-0.8535873983145531,-0.40393246430738783,0.9443372714675867,-0.49105398675419726,-0.2978010293013098,0.5742991127976004,0.6521953245696567,0.7051674183527211
523.1076193936957,-1.3053252665107555,63.54673995555679,-0.9030733564389972,-0.4308286311703829,1.0005772316748676,-0.49583059994621526,-0.2612535873386499,0.5604475182747599,0.6521971029266459,0.7051689234022285
523.2076193936957,-1.3981583820449168,63.502888350652235,-0.9534265503676065,-0.4468427868482342,1.052943808141807,-0.5025743698924013,-0.13612345010095828,0.520682812218852,0.6521950705201708,0.7051668326353752
523.3076193936957,-1.4960078947539701,63.45764104986946,-1.0034734920208215,-0.45698414394684966,1.1026302902638294,-0.4977128880070889,-0.0727887841414736,0.503007282238688,0.6521950368393643,0.705166679364465
523.4076193936958,-1.5988211893857052,63.41170624808333,-1.052574482282997,-0.460759198103463,1.149004821308538,-0.4837763960983875,-0.00960863525557798,0.4838718087401028,0.652195048477612,0.7051666018685397
523.5076193936958,-1.7064975195945218,63.36558228509669,-1.1009521218928466,-0.46172006162902096,1.1938513265943411,-0.4837763960983875,-0.00960863525557798,0.4838718087401028,0.6522131587963158,0.705183785911155
523.6076193936958,-1.8187331961819724,63.3200081207761,-1.1449031391023765,-0.4533013485633343,1.2313753735298645,-0.434510104860502,0.07817712975055335,0.44148691355681124,0.6521951426941447,0.7051665955877228
523.7076193936958,-1.9353960606165397,63.275068871568514,-1.1883541495884364,-0.4454836355882772,1.2691104185298476,-0.434510104860502,0.07817712975055335,0.44148691355681124,0.652213297320676,0.7051838675811593
523.8076193936959,-2.0559199769385406,63.231335553265716,-1.2242635500433494,-0.43152880389305825,1.2980902698018033,-0.35340405290202415,0.1351480211562841,0.37836412651047685,0.6521952715876098,0.7051667054626384
523.9076193936959,-2.1801133522074143,63.188858412982185,-1.2596039553335598,-0.41801400177742676,1.3271540340043153,-0.35340405290202415,0.1351480211562841,0.37836412651047685,0.6522134253515919,0.7051840057950797
524.0076193936959,-2.307128698794431,63.14798860956312,-1.2840100124815643,-0.40086147484272383,1.3451288541124937,-0.23922128517190283,0.167493640537401,0.292029010373574,0.6521953850368467,0.7051668510264822
524.1076193936959,-2.4366385721482793,63.10875201219092,-1.3057672621891536,-0.383816466399693,1.3610081641505698,-0.21170938135468245,0.17119509322001236,0.2722657196493732,0.6521973685205322,0.7051687690841081
524.207619393696,-2.5678315193392067,63.07125943220327,-1.3184532517726846,-0.3661619145468648,1.3683543125866895,-0.10245987473906526,0.17561261075540546,0.203317030737404,0.6521954529342989,0.7051669747121496
524.307619393696,-2.7000680401973,63.03551653288684,-1.3250756604428435,-0.34876206679691535,1.3702045413493906,-0.03481851278522277,0.17203977066787735,0.17552780840661844,0.6521954637856563,0.7051670150479223
524.407619393696,-2.8325943334274175,63.001486058576674,-1.324219750380569,-0.33197974461694413,1.365199069049605,0.046004132549653576,0.16354593465784317,0.16989306329204146,0.6521954637118531,0.7051670437968058
524.507619393696,-2.964786287802756,62.96910581378827,-1.3196193371256026,-0.3156251511511561,1.3568398693121473,0.046004132549653576,0.16354593465784317,0.16989306329204146,0.6522135210272069,0.7051842625897331
524.607619393696,-3.095516574085472,62.93821785772327,-1.3000420458112683,-0.3014775353599748,1.3345403797577173,0.1945979063013532,0.14044009702591492,0.2399828451983988,0.6521954251153327,0.7051670521832178
524.7076193936961,-3.224547789135121,62.9087723046724,-1.2805822551811286,-0.2874335256573801,1.312443882212347,0.1945979063013532,0.14044009702591492,0.2399828451983988,0.6522134842877662,0.705184263264048
524.8076193936961,-3.3506954822123016,62.88056042433077,-1.247176052451173,-0.27593776882612825,1.277336979059337,0.33168521758532626,0.11537207439181518,0.3511777315179534,0.6521953581190656,0.7051670139336613
524.9076193936961,-3.47375466136952,62.853543507820106,-1.214007530692633,-0.2644005613869441,1.242466072550939,0.33168521758532626,0.11537207439181518,0.3511777315179534,0.6522134139813057,0.7051842117460139
525.0076193936961,-3.592666640233126,62.827540589715674,-1.168597966369344,-0.25488568673429757,1.1960718708775744,0.44939990767252364,0.09666863981256946,0.45967934795820997,0.6521952844485539,0.7051669496905008
525.1076193936962,-3.7072134715616745,62.80252662730928,-1.1220298307979246,-0.24543371683166457,1.1485593805103091,0.46997216568538785,0.0939633436369176,0.47927335255200987,0.6521971914371849,0.7051687631748533
525.2076193936962,-3.8167972284828773,62.7784214918913,-1.0701271590565387,-0.23660105368583603,1.0959708915640352,0.5263794021947326,0.0877205747851798,0.5336386176950899,0.6521952144715224,0.7051668730493784
525.3076193936962,-3.9211451668878685,62.75519675705319,-1.0165769248397123,-0.22791903517886342,1.0418136737024668,0.5412089950587284,0.08624170707176593,0.5480372326504204,0.6521951801178429,0.7051668305921536
525.4076193936962,-4.020090432855784,62.732835010257595,-0.9623711242960173,-0.2193172062963702,0.9870451954477186,0.539338620294278,0.08607989867040503,0.5461647153524682,0.6521951508498424,0.7051667920402395
525.5076193936962,-4.113630852183934,62.711333689121304,-0.9084372622665773,-0.21070921642932774,0.9325538233060092,0.539338620294278,0.08607989867040503,0.5461647153524682,0.6522131941372861,0.7051839603118625
525.6076193936963,-4.202041762584264,62.69070823873468,-0.8590038732761663,-0.20183374349376884,0.882397027599348,0.4837019057596512,0.08958078574664707,0.49192707875304564,0.6521950971216594,0.7051667156998299
525.7076193936963,-4.285523640383101,62.67097276831404,-0.8106336827001902,-0.1928756649191021,0.8332634575247245,0.4837019057596512,0.08958078574664707,0.49192707875304564,0.6522131667981408,0.7051839086218845
525.8076193936963,-4.364838624626099,62.65217551068381,-0.7727553474311238,-0.18327716247307804,0.7941922596371611,0.3702334038770666,0.0959485651700317,0.38246424735468665,0.6521950596960964,0.7051666549004664
525.9076193936963,-4.440262992349843,62.63432753726235,-0.7357320070434087,-0.1736823059560727,0.7559544494150037,0.3702334038770666,0.0959485651700317,0.38246424735468665,0.6522131416063488,0.7051838608359534
526.0076193936964,-4.512974870730699,62.61747065292506,-0.7138977132389521,-0.16364139720001622,0.732412760569734,0.21163661200295603,0.09986969970754578,0.23401712001425265,0.6521950421849066,0.7051666164105947
526.1076193936964,-4.583428594529875,62.601607368756504,-0.695765936983577,-0.15361731325696726,0.712522643849951,0.17309497209797525,0.10033763321466815,0.2000737614099363,0.6521969818445266,0.705168455311587
526.2076193936964,-4.652765453889443,62.58675567097746,-0.6904858607225147,-0.14340389334837078,0.7052201078281751,0.017533435743171066,0.10328697898659267,0.10476459992352734,0.652195038102038,0.7051665958357388
526.3076193936964,-4.721901648286469,62.572939329406175,-0.69398168053262,-0.13283026827607017,0.706579403241541,-0.08058381397734506,0.10840877523869391,0.13507854612738845,0.6521950361302857,0.7051665872494653
526.4076193936965,-4.79192921718425,62.560218288364624,-0.7083670002058331,-0.12139940752729787,0.718694387851046,-0.19861959502345006,0.12066632345090267,0.2324007425599952,0.6521950372296547,0.7051665838848916
526.5076193936965,-4.8637590151799674,62.54868167922915,-0.7282289597081826,-0.10933277518220486,0.7363905712912845,-0.19861959502345006,0.12066632345090267,0.2324007425599952,0.6522131080897734,0.705183787168147
526.6076193936965,-4.939048168592242,62.53859873903587,-0.7701179364615778,-0.09335334436228697,0.775755427285857,-0.41696384776513307,0.16373635523234986,0.44796031561721994,0.6521950351367373,0.7051665758018019
526.7076193936965,-5.018144781477244,62.5300820863758,-0.8118143212381006,-0.07697970883904827,0.8154559263014909,-0.41696384776513307,0.16373635523234986,0.44796031561721994,0.6522131252805894,0.7051837995865504
526.8076193936965,-5.102757405619375,62.523579851968094,-0.8733689382410906,-0.05488971600157863,0.8750920998426989,-0.6081531352927763,0.2217643553326632,0.647325007444132,0.6521950348466635,0.705166573361574
526.9076193936966,-5.193135065119969,62.519199702144604,-0.9341842517703821,-0.03271328046830727,0.9347568533981373,-0.6081531352927763,0.2217643553326632,0.647325007444132,0.6522131298412535,0.7051838032374703
527.0076193936966,-5.2905929763600215,62.517416856158995,-1.0094417122737223,-0.004929582595771466,1.0094537489467623,-0.7417420944934476,0.27585559165462126,0.7913770543746184,0.6521950401225755,0.7051665788428267
527.1076193936966,-5.3953098578374,62.51833369355673,-1.085191794361767,0.023409157131264548,1.0854442496912073,-0.7616039663987411,0.28537167568802907,0.8133127288560584,0.6521969864885969,0.7051684339902471
527.2076193936966,-5.507877787018067,62.52222512337146,-1.1656706772923884,0.05419008147635446,1.1669296006313787,-0.8097655965956672,0.3109250871949394,0.8674069006395542,0.6521950468667101,0.7051665871099215
527.3076193936967,-5.628517542503483,62.52921223413442,-1.2473006783753178,0.08565033447026218,1.250237962177759,-0.8201295859328739,0.3167030840725631,0.879154924449326,0.6521950468758241,0.7051665877720867
527.4076193936967,-5.75735042166459,62.53936066037537,-1.329307098186304,0.1172729821180285,1.3344700497288606,-0.8175644552228243,0.31418069030686424,0.8758545225124382,0.6521950482654251,0.7051665906859698
527.5076193936967,-5.894368953759367,62.55265886203871,-1.411063543708605,0.14869105114872205,1.4188760879919,-0.8175644552228243,0.31418069030686424,0.8758545225124382,0.652213118147046,0.7051837977014032
527.6076193936967,-6.039373014819794,62.568955089249485,-1.48965434485416,0.17770662868825451,1.5002165553754636,-0.7799872962766096,0.2853949286747772,0.830560321509628,0.6521950433575779,0.7051665879859675
527.7076193936967,-6.192238385786629,62.58815272676169,-1.5676530744818387,0.20624612155573874,1.5811621120521278,-0.7799872962766096,0.2853949286747772,0.830560321509628,0.652213131127968,0.7051838117627672
527.8076193936968,-6.352506275007579,62.60988667902323,-1.6395020200002188,0.22985947725227276,1.6555368473300394,-0.7148088281756733,0.23307655540941252,0.7518486160919604,0.652195038092179,0.7051665843183393
527.9076193936968,-6.520030521148518,62.634038009525504,-1.7109829028178023,0.25316713279321934,1.7296115433419068,-0.7148088281756733,0.23307655540941252,0.7518486160919604,0.6522131304770346,0.7051838121216351
528.0076193936968,-6.694169304661389,62.660097745333125,-1.7743231154218975,0.2700665489582019,1.7947586073861468,-0.6307341147704284,0.16772238688942231,0.6526532943294786,0.6521950383257994,0.7051665851608138
528.1076193936968,-6.874692740408389,62.68789696057674,-1.8358447057882161,0.285697553663203,1.8579421078009295,-0.611018207141865,0.15324088012287937,0.6299412804378626,0.65219698256016,0.7051684375161986
528.2076193936969,-7.06101756030469,62.71701196160163,-1.8909146589553907,0.2968349229837073,1.9140713724819993,-0.5334653915132979,0.10067598912464604,0.5428821038942636,0.6521950411865831,0.7051665878540225
528.3076193936969,-7.252690565207914,62.74714654372493,-1.9416946945931013,0.3053532198701573,1.9655581588688922,-0.48557287150553163,0.07223006456163938,0.49091567073042813,0.6521950398642057,0.7051665859191377
528.4076193936969,-7.449178263321199,62.777983816192894,-1.9871919051701934,0.3109436978735868,2.01137208174451,-0.42858090915935043,0.042553762618446456,0.4306883077224671,0.6521950403478899,0.7051665865467608
528.5076193936969,-7.650040358384062,62.80929095479335,-2.0300499960861385,0.3151990741354324,2.0543742217388643,-0.42858090915935043,0.042553762618446456,0.4306883077224671,0.6522131097339207,0.7051837916699168
528.607619393697,-7.8544783152658875,62.84070161030543,-2.062257394697348,0.31471418505663057,2.0861329248779312,-0.3220587223760534,-0.0031967773045984416,0.322074587702338,0.6521950348048571,0.7051665804882092
528.707619393697,-8.062314348347549,62.87215704492458,-2.0944632669349605,0.31439450732617064,2.117928299725166,-0.3220587223760534,-0.0031967773045984416,0.322074587702338,0.6522131227597026,0.7051838032464315
528.807619393697,-8.272659078795455,62.90331012989161,-2.1159650802344756,0.3100517464230409,2.1385603349523876,-0.21434966604976635,-0.04279943212811263,0.2185808105166949,0.6521950301529971,0.7051665751969924
528.907619393697,-8.4853273351492,62.93410130737328,-2.137400046839457,0.3057718032102287,2.159160798983658,-0.21434966604976635,-0.04279943212811263,0.2185808105166949,0.6522131231700519,0.7051838027904755
529.007619393697,-8.699387137030458,62.964218140206754,-2.147476025073881,0.29783193513062167,2.1680307054676984,-0.09913587726360851,-0.07863594609747188,0.12653669104046364,0.6521950317754992,0.7051665759450032
529.1076193936971,-8.91454874612688,62.99358611481343,-2.1553640411184602,0.289423195288237,2.174709161179341,-0.07341132347753088,-0.08553991307849484,0.11272222116423686,0.6521969768499575,0.7051684286990583
529.2076193936971,-9.130043747100567,63.02200132383428,-2.154872349131733,0.27900707388284857,2.1728598179195044,0.027531018022190552,-0.1083964304935019,0.11183802169687537,0.652195036344416,0.7051665796497875
529.3076193936971,-9.345279526753924,63.04933916960043,-2.148706760647225,0.2675512914545724,2.165300080083613,0.09145660239738364,-0.11964133359328732,0.1505933558496303,0.6521950358788731,0.7051665784841992
529.4076193936971,-9.559543385691825,63.075472910863596,-2.1353764409851275,0.2549448309445375,2.15054165538351,0.16979813187490111,-0.13146452122589403,0.21474246419690693,0.6521950371746821,0.7051665799796001
529.5076193936972,-9.772232039131012,63.100310071351934,-2.1183966277976336,0.2417983788219451,2.1321516664311915,0.16979813187490111,-0.13146452122589403,0.21474246419690693,0.6522131073052705,0.7051837860210483
529.6076193936972,-9.982217826307886,63.123685784475946,-2.0862690281241236,0.22642941897622462,2.098520607353639,0.3227478524356262,-0.1541677741336841,0.35767845732325476,0.6521950330317703,0.7051665757542537
529.7076193936972,-10.189230989858167,63.14555788750291,-2.0539942428805533,0.2110126415628527,2.064804757037767,0.3227478524356262,-0.1541677741336841,0.35767845732325476,0.6522131215494745,0.7051837993999642
529.8076193936972,-10.391962214373377,63.16571417574098,-2.005882469777696,0.192913263039106,2.015137714802109,0.48136541944584443,-0.18255923746801359,0.5148208836315562,0.6521950294055702,0.7051665721724815
529.9076193936972,-10.59014363425396,63.18409270585755,-1.9577459278331006,0.17465733929230048,1.965521382258599,0.48136541944584443,-0.18255923746801359,0.5148208836315562,0.6522131227901093,0.7051838005104989
530.0076193936973,-10.782464952118877,63.20039581283062,-1.893992330134,0.15253040697448372,1.900124330578981,0.6356859184548411,-0.22377133331805238,0.6739215062132339,0.6521950316718781,0.7051665743128973
530.1076193936973,-10.968587541601554,63.21449613925269,-1.8279930959129926,0.1293119344232824,1.832561140887217,0.6664858839473871,-0.2344779494768371,0.7065290809952497,0.6521969769411844,0.7051684276161546
530.2076193936973,-11.147604702498821,63.22607615017936,-1.7529090753116336,0.1024122758832496,1.7558982033596007,0.7701752043889486,-0.2794424031830539,0.8193033029057549,0.652195036559423,0.7051665790148902
530.3076193936973,-11.318951324428452,63.23486865944406,-1.6731495759033235,0.07292546745852016,1.6747380771778955,0.8197224518097175,-0.3082731342534767,0.8757723581521608,0.6521950361582338,0.705166578200189
530.4076193936974,-11.482074932695156,63.24055358384129,-1.5886611863150526,0.04024935868865911,1.5891709712232975,0.8638875900627041,-0.3426781523961961,0.9293708002697402,0.6521950374708609,0.7051665799563551
530.5076193936974,-11.636621613376382,63.242865128948175,-1.5022724273087624,0.0059815434490317065,1.5022843355084927,0.8638875900627041,-0.3426781523961961,0.9293708002697402,0.652213107582047,0.705183786177974
530.6076193936974,-11.782175542744996,63.24132753074834,-1.4110507425573404,-0.034588039702857364,1.4114745943735962,0.9027099660493747,-0.40490601073470955,0.9893604804791628,0.6521950332640697,0.7051665760219886
530.7076193936974,-11.918767067170513,63.235844196724386,-1.3207797459523825,-0.07507864077633752,1.3229119168028016,0.9027099660493747,-0.40490601073470955,0.9893604804791628,0.6522131217210176,0.7051837997205951
530.8076193936975,-12.046357090119681,63.22593686220245,-1.2313598669851191,-0.12105675924101852,1.2372961896730905,0.8848962319908238,-0.4567006028370654,0.9957995692022048,0.6521950295086435,0.7051665725004573
530.9076193936975,-12.165068595658264,63.21154768326416,-1.1428702437860168,-0.16672681952473545,1.1549676300573724,0.8848962319908238,-0.4567006028370654,0.9957995692022048,0.6522131228231631,0.7051838008109116
531.0076193936975,-12.275320495926229,63.19236959733505,-1.0606259441602095,-0.21546359923679112,1.082290144102684,0.8145892318385192,-0.48202269985101376,0.9465207339508888,0.6521950316386618,0.7051665745619023
531.1076193936975,-12.377374873845808,63.1684093319291,-0.9807768741003647,-0.2637544263388966,1.015622801134084,0.7940846617614805,-0.4830743144518399,0.9294790171531362,0.6521969768490193,0.7051684277985543
531.2076193936975,-12.471832810267374,63.13963844174094,-0.9081667573338299,-0.3115301492018685,0.9601134792241914,0.7048542820756255,-0.47242923765985656,0.8485334074485333,0.6521950364180318,0.7051665791235262
531.3076193936976,-12.559229987005878,63.10615110878188,-0.8408257910336822,-0.3579037597698552,0.9138288199246156,0.6458705121642152,-0.4550781206345399,0.7900916493442584,0.6521950359786388,0.7051665782342248
531.4076193936976,-12.64022199438376,63.06813931271729,-0.7801243858500505,-0.40185511881658764,0.8775429299567129,0.5730604325587096,-0.4242127797950853,0.7129900012663914,0.6521950372644301,0.7051665799199185
531.5076193936976,-12.715369130805987,63.02583273693664,-0.7228183425941666,-0.44427639679610587,0.8484384910768187,0.5730604325587096,-0.4242127797950853,0.7129900012663914,0.6522131073598848,0.7051837860788225
531.6076193936976,-12.785718044197537,62.979808306849485,-0.6795231305832864,-0.478484181511706,0.8310829061860419,0.4326848233631899,-0.33507918503389167,0.547260647782948,0.6521950330359517,0.705166575870115
531.7076193936977,-12.851506933139063,62.93028449277313,-0.6362546482469575,-0.5119921000151028,0.8166736728300569,0.4326848233631899,-0.33507918503389167,0.547260647782948,0.6522131214959294,0.7051837995274953
531.8076193936977,-12.913896901466174,62.87820406493359,-0.606875564957254,-0.5333157362731946,0.807913130168588,0.29436562618320417,-0.20812257059672545,0.36050815007433445,0.6521950292934896,0.7051665722776788
531.9076193936977,-12.973112629830997,62.82383187845328,-0.577439002338927,-0.554127993332872,0.8003084620427868,0.29436562618320417,-0.20812257059672545,0.36050815007433445,0.6522131226237574,0.7051838005700677
532.0076193936977,-13.030285523037486,62.76834662985884,-0.5614355507048256,-0.5602939484061245,0.7931829462461707,0.16189380693813882,-0.059449544157938905,0.17246406299722297,0.6521950314586893,0.7051665743132315
532.1076193936977,-13.085702993116458,62.7121239835349,-0.5473092734254213,-0.5636613502386025,0.7856599509522343,0.1357580852379573,-0.026737237216352683,0.13836595521095496,0.6521969766910558,0.7051684275514315
532.2076193936978,-13.14013355329251,62.65612826203511,-0.5408195943889754,-0.5567506790996087,0.7761811337264849,0.04894570642867846,0.09452715908600273,0.10644747992636014,0.6521950362831203,0.7051665788856158
532.3076193936978,-13.194048090078672,62.60105151310556,-0.5381951280370728,-0.5435571323246005,0.7649237556409033,0.007880880529886003,0.16374783202411392,0.16393736843844897,0.6521950358667319,0.7051665780116358
532.4076193936978,-13.247906743774351,62.54766585433662,-0.5395511950029015,-0.5229829269585273,0.7514164184519575,-0.030298812878712056,0.24106653491298724,0.24296315012119368,0.6521950371745331,0.705166579717114
532.5076193936978,-13.302013357339048,62.496572894315314,-0.5425810762907733,-0.49887627346722313,0.7370697121557753,-0.030298812878712056,0.24106653491298724,0.24296315012119368,0.6522131072903424,0.7051837858988301
532.6076193936979,-13.356785149396112,62.44878537173583,-0.5508141595751547,-0.4615407427496602,0.7186209679701755,-0.07791845132951414,0.36929389453710937,0.3774245164267625,0.6521950329844778,0.7051665757142405
532.7076193936979,-13.412256157610287,62.40447776693354,-0.5586060047081078,-0.4246113532959409,0.7016662097064137,-0.07791845132951414,0.36929389453710937,0.3774245164267625,0.6522131214601055,0.705183799396237
532.8076193936979,-13.468703300600987,62.36457348046363,-0.5691772981821864,-0.37733519423418466,0.6828943150837642,-0.10232088991266997,0.4663115850521633,0.47740554968117166,0.6521950292706539,0.7051665721701923
532.9076193936979,-13.526132634868782,62.329171518965474,-0.5794093871734557,-0.33070403572895773,0.667143460728005,-0.10232088991266997,0.4663115850521633,0.47740554968117166,0.6522131226113506,0.7051838004849887
533.007619393698,-13.584659304343294,62.2988665700513,-0.5906550008886914,-0.2779272053427285,0.6527762721977869,-0.11071433754438553,0.5206295841707291,0.5322713860914171,0.6521950314542312,0.705166574248387
533.107619393698,-13.644281124731016,62.273697215542796,-0.6017942797311914,-0.22536931035767171,0.6426100537404281,-0.11157180684320023,0.526828754487956,0.5385135138857589,0.6521969766923178,0.70516842750444
533.207619393698,-13.705032789637105,62.25384872433699,-0.613243284853114,-0.1718296174189006,0.6368616363385089,-0.1158432278190317,0.5331634691748981,0.5456032792186504,0.652195036288138,0.7051665788538148
533.307619393698,-13.766944418860072,62.2393186987753,-0.6250811301810475,-0.1189450416344479,0.63629736934694,-0.12094079530328647,0.5236783331687815,0.5374622522550071,0.6521950358738463,0.7051665779923445
533.407619393698,-13.83007405756748,62.23000282571565,-0.637665429098545,-0.06774875345495311,0.6412543123146475,-0.13086418091330862,0.49956496230034686,0.5164209381931161,0.6521950371823952,0.7051665797077104
533.5076193936981,-13.894494921381916,62.22572577518166,-0.6507518471898788,-0.017792257224907064,0.6509950315003922,-0.13086418091330862,0.49956496230034686,0.5164209381931161,0.6522131072979107,0.7051837858968674
533.6076193936981,-13.960412147872187,62.225980378905284,-0.6668273064809643,0.02481618090518513,0.6672889175637318,-0.1642954389521255,0.41837226115079584,0.44947562799433444,0.6521950329910094,0.7051665757175264
533.7076193936981,-14.027916355715059,62.23055385830156,-0.6832568503761807,0.06665340702027422,0.6865002551007456,-0.1642954389521255,0.41837226115079584,0.44947562799433444,0.6522131214651117,0.7051837994028447
533.8076193936981,-14.09740249700557,62.23854836646281,-0.7049961170316061,0.09673569056212092,0.7116019384868008,-0.22201852655765153,0.29482735936854343,0.36907370262192735,0.6521950292738704,0.7051665721785157
533.9076193936982,-14.169012201341536,62.249696072315864,-0.7271979696873763,0.12621842649898196,0.738070442644414,-0.22201852655765153,0.29482735936854343,0.36907370262192735,0.652213122612702,0.7051838004937387
534.0076193936982,-14.243371371230294,62.26281900853329,-0.7575562836508459,0.1409387261435024,0.7705551553431033,-0.3077109905608204,0.14416605035437402,0.33980862818165936,0.6521950314537976,0.7051665742565948
534.1076193936982,-14.320731922714193,62.277526541911826,-0.7899744826346844,0.15269840360273532,0.8045970952450432,-0.3286434374130243,0.11043664111142215,0.3467026977896502,0.6521969766902578,0.7051684275113942
534.2076193936982,-14.401708805368012,62.292823139309505,-0.829287290112261,0.15372682104271265,0.8434152862318987,-0.41165692116577013,-0.016934203113334823,0.41200508246715206,0.6521950362847018,0.7051665788590772
534.3076193936982,-14.486787643233392,62.307976237119455,-0.8731961477866339,0.14800996437941266,0.8856514337283106,-0.4627048289812891,-0.0916314098504003,0.4716906550206142,0.6521950358693113,0.705166577995665
534.4076193936983,-14.576534696995628,62.322152472143124,-0.9226307656431711,0.13421070566204021,0.9323411624644742,-0.5210301140669865,-0.17745416155312044,0.5504201660705919,0.6521950371770647,0.7051665797090498
534.5076193936983,-14.671402924130302,62.33468627190157,-0.9747337770498816,0.11646528950672415,0.9816670004547435,-0.5210301140669865,-0.17745416155312044,0.5504201660705919,0.6522131072920883,0.7051837858963027
534.6076193936983,-14.772154597085436,62.344413609342375,-1.036780019988695,0.08332483585610671,1.0401229918227006,-0.617242064229493,-0.329740261487123,0.6997974034675192,0.6521950329849607,0.7051665757152341
534.7076193936983,-14.878918809405478,62.35109739162055,-1.0985042264116582,0.05035080970738692,1.0996575555519388,-0.617242064229493,-0.329740261487123,0.6997974034675192,0.6522131214590862,0.7051837993990925
534.8076193936984,-14.992380437720696,62.35351633431136,-1.167851380936416,0.002936659719451004,1.1678550731684996,-0.688229822183691,-0.4727486208664483,0.8349560148140283,0.652195029268072,0.7051665721735985
534.9076193936984,-15.112606724925284,62.35144625717898,-1.2366743631548007,-0.04433820236720458,1.2374689315992895,-0.688229822183691,-0.4727486208664483,0.8349560148140283,0.6522131226072894,0.7051838004879722
535.0076193936984,-15.24001177890792,62.3437424781782,-1.309603919418471,-0.10506695532345124,1.313811817140172,-0.722343131318842,-0.604129542490654,0.9416751581482208,0.6521950314488774,0.7051665742502852
535.1076193936984,-15.374589626579247,62.33013604662066,-1.3819735205159036,-0.16743501999311855,1.3920794867130313,-0.7239671848479643,-0.6288744525257487,0.9589637958631424,0.6521969766859146,0.7051684275048203
535.2076193936985,-15.51638742854258,62.309900422335964,-1.4538274595656726,-0.23679099936725675,1.4729848130814254,-0.712757307180541,-0.7070299799404842,1.0039493869084724,0.6521950362809632,0.7051665788524892
535.3076193936985,-15.665305096372323,62.28262111680185,-1.5242069362774497,-0.3093913841652844,1.555290909506,-0.6950414334540795,-0.7409418335327271,1.0159120999853979,0.6521950358661881,0.7051665779892866
535.4076193936985,-15.821148682526267,62.247918054593065,-1.592213026171356,-0.3850768148924932,1.6381167461684452,-0.665741071927839,-0.7682986943093626,1.0166090981931548,0.652195037174541,0.7051665797030369
535.5076193936985,-15.98369869050308,62.20556887963225,-1.658787133364155,-0.46190668432344695,1.721897946696363,-0.665741071927839,-0.7682986943093626,1.0166090981931548,0.6522131072901206,0.7051837858907989
535.6076193936985,-16.152440349164323,62.15535677350652,-1.718118718393629,-0.5410610668811985,1.8012992557010585,-0.588118098010284,-0.7841232802833347,0.9801694832474285,0.6521950329834854,0.7051665757103115
535.7076193936986,-16.32719281149378,62.09733005041697,-1.7769305281946708,-0.6194733949095497,1.8818154503114684,-0.588118098010284,-0.7841232802833347,0.9801694832474285,0.6522131214580468,0.7051837993948108
535.8076193936986,-16.507152514001714,62.031573895365575,-1.8253956221010554,-0.6958416708503433,1.9535262496515107,-0.48005366352859213,-0.7562498995652779,0.895748530816387,0.6521950292673969,0.7051665721699661
535.9076193936986,-16.692092344529506,61.958208478782694,-1.8734009884539256,-0.7714666608068883,2.0260286454728806,-0.48005366352859213,-0.7562498995652779,0.895748530816387,0.6522131226069103,0.7051838004849794
536.0076193936986,-16.880991171698543,61.877699077299475,-1.9086304078336325,-0.8404002206929778,2.085459796938791,-0.34942548849004806,-0.6809715404982839,0.7653890585676768,0.6521950314487158,0.7051665742478918
536.1076193936987,-17.073507421245992,61.790325238374884,-1.941243704923967,-0.9067290355200126,2.1425649735216856,-0.3198446025829522,-0.658428056732123,0.7320027839383444,0.6521969766859185,0.7051684275029853
536.2076193936987,-17.26876132053261,61.696757101293606,-1.9642220769412868,-0.9648268785520475,2.1883919377296266,-0.20382112530339802,-0.5554513521226938,0.5916665071599645,0.6521950362810828,0.7051665788511453
536.3076193936987,-17.466072002526616,61.59762411878148,-1.9806855600862874,-1.016547365291164,2.2263162025675367,-0.13035697214100983,-0.48327656064412394,0.500548872992224,0.6521950358663707,0.7051665779883579
536.4076193936987,-17.664618872889182,61.49372799515425,-1.9888554440337696,-1.059959498868237,2.2536770213373005,-0.03879508639463089,-0.3905889404182524,0.3925108649520672,0.6521950371747454,0.7051665797024597
536.5076193936987,-17.863698392724576,61.385779100565316,-1.9927349526732336,-1.099018392910071,2.275705169735357,-0.03879508639463089,-0.3905889404182524,0.3925108649520672,0.6522131072903229,0.7051837858904985
536.6076193936988,-18.06194984951812,61.275152776468786,-1.9781987550070805,-1.1195024641737137,2.2730059572298926,0.14869174894699827,-0.20207159309685951,0.25088277131285824,0.6521950329836708,0.7051665757102226
536.7076193936988,-18.259026266274137,61.16219217208591,-1.9633295801123773,-1.1397096234834043,2.270154414572922,0.14869174894699827,-0.20207159309685951,0.25088277131285824,0.6522131214581943,0.7051837993948717
536.8076193936988,-18.453290108878058,61.048530131315644,-1.9285311704046224,-1.1400944611159762,2.240323158718302,0.34853058598075226,-0.0035067254300746864,0.34854822691749343,0.6521950292674882,0.7051665721701276
536.9076193936988,-18.64440057298866,60.93450315157687,-1.893678111806539,-1.1404451336589838,2.21057275248331,0.34853058598075226,-0.0035067254300746864,0.34854822691749343,0.6522131226069506,0.7051838004851956
537.0076193936989,-18.830714826442026,60.82174420605784,-1.8393111646344702,-1.1213539288128083,2.15418202434542,0.5402236167369027,0.18861258221504507,0.5722029904239639,0.652195031448711,0.7051665742481219
537.1076193936989,-19.011826212200056,60.710674775951276,-1.7823549789898467,-1.0994503905095228,2.094177746114555,0.5773776553948864,0.22717234396544028,0.620461304846683,0.6521969766858668,0.7051684275032037
537.2076193936989,-19.186641010717683,60.60243677705885,-1.7146276922028991,-1.0659596768476232,2.01896462463663,0.6997031563626595,0.3613614609942084,0.7875065793475868,0.6521950362809887,0.7051665788513326
537.3076193936989,-19.35449557422327,60.49777860971393,-1.6414331164705758,-1.0259410736708208,1.9356801808385453,0.7581181769111209,0.4327039543541118,0.8729122993043041,0.6521950358662472,0.7051665779885039
537.407619393699,-19.514736122990126,60.39749811252239,-1.5625625434519939,-0.9785241134980253,1.8436678504807367,0.8124107141020465,0.5083575191951311,0.9583519894642183,0.6521950371745969,0.7051665797025548
537.507619393699,-19.666930323764852,60.30218748876854,-1.481321472041771,-0.9276883615785005,1.7478326578194496,0.8124107141020465,0.5083575191951311,0.9583519894642183,0.652213107290157,0.7051837858905402
537.607619393699,-19.81051611493316,60.21279132139542,-1.3932831679006745,-0.8646614834394944,1.6397797007217543,0.8709902291282883,0.6247728731659106,1.071897906650132,0.6521950329834956,0.7051665757102202
537.707619393699,-19.945489480577617,60.12944903741728,-1.3061841449878258,-0.8021841961228892,1.5328458843363555,0.8709902291282883,0.6247728731659106,1.071897906650132,0.6522131214580152,0.7051837993948255
537.807619393699,-20.071647233324597,60.0529628687932,-1.2179814960841404,-0.730871196073754,1.420440646438154,0.8723535782257166,0.7072624148412165,1.12304091149443,0.6521950292673256,0.7051665721700392
537.9076193936991,-20.189083615041913,59.98341206126002,-1.130746138261549,-0.6601449545896162,1.309342655787068,0.8723535782257166,0.7072624148412165,1.12304091149443,0.6522131226067966,0.7051838004850773
538.0076193936991,-20.298078323759075,59.921301824147314,-1.0482127741739855,-0.584214852768262,1.2000237556550972,0.8159339574462805,0.7529633486314895,1.110271150348551,0.6521950314485696,0.7051665742479787
538.1076193936991,-20.398879822902952,59.86666071975114,-0.9681115085638151,-0.5085388109251935,1.0935500058209116,0.7968942665301495,0.7577017157393692,1.0996146425284672,0.6521969766857412,0.7051684275030448
538.2076193936991,-20.492048631226776,59.81962844314174,-0.8951132948869853,-0.4323060318134564,0.9940403994937692,0.7076389551570978,0.7593048931254623,1.0379290975688555,0.6521950362808769,0.7051665788511613
538.3076193936992,-20.5781319257726,59.78017802830735,-0.8276634566981018,-0.35690501860046425,0.9013367793758604,0.6452504742622979,0.7481755056281001,0.987985203207813,0.6521950358661532,0.7051665779883299
538.4076193936992,-20.657820567928947,59.74818728148299,-0.7672989011313712,-0.2832896333288378,0.8179245808930045,0.5672663438290735,0.7237504532863523,0.9195682810283341,0.6521950371745244,0.705166579702382
538.5076193936992,-20.731714126322952,59.72347707041654,-0.710572266748451,-0.2109145880001861,0.7412138083598551,0.5672663438290735,0.7237504532863523,0.9195682810283341,0.6522131072901005,0.7051837858903769
538.6076193936992,-20.800927873809197,59.705550683357515,-0.6687333297164592,-0.14570798635065474,0.6844231757911367,0.4188177615689206,0.644823658303654,0.7688991271380848,0.6521950329834505,0.7051665757100715
538.7076193936992,-20.865707117973013,59.694204003013965,-0.6268515535595576,-0.08122562052027468,0.632092138559668,0.4188177615689206,0.644823658303654,0.7688991271380848,0.6522131214579833,0.7051837993946917
538.8076193936993,-20.927253023489513,59.68857029332991,-0.5992289217782091,-0.028067175869739596,0.5998858783608578,0.27733680144931516,0.5259887878156754,0.5946258540846845,0.652195029267299,0.7051665721699221
538.9076193936993,-20.9857892316601,59.688393519682016,-0.5714952416332713,0.024531702911839898,0.5720215167781941,0.27733680144931516,0.5259887878156754,0.5946258540846845,0.6522131226067778,0.7051838004849764
539.0076193936993,-21.042475490700923,59.69254671552541,-0.5576029409092016,0.0630282658123794,0.5611538131403069,0.13907899105545452,0.38215235336157277,0.40667356311025626,0.652195031448566,0.7051665742478981
539.1076193936993,-21.09763339708117,59.70065807984895,-0.5459997947147126,0.09870925047848339,0.5548506933928553,0.10983454943279558,0.3499813039523953,0.3668113157541955,0.6521969766857431,0.7051684275029776
539.2076193936994,-21.15213336087273,59.71177944782955,-0.5435525053381038,0.12419968677365947,0.5575615555739155,0.0019137646490494653,0.22943379904660433,0.2294417805023522,0.6521950362808843,0.7051665788511075
539.3076193936994,-21.206590703999694,59.725220977013116,-0.5466850617865222,0.14340396461355231,0.5651807267126318,-0.05961032118697207,0.1602310614683593,0.17096018089394707,0.6521950358661619,0.705166577988285
539.4076193936994,-21.26169221054396,59.74021109625693,-0.5563940896233248,0.15522343710669623,0.577640630838054,-0.12872965997553254,0.08279285157465632,0.15305548545961786,0.6521950371745349,0.705166579702353
539.5076193936994,-21.317975267806183,59.75614740422548,-0.569267055620881,0.16350272226416374,0.5922821293970125,-0.12872965997553254,0.08279285157465632,0.15305548545961786,0.6522131072901118,0.7051837858903554
539.6076193936995,-21.376355256244448,59.77200971922063,-0.5941363181346975,0.15842053593270278,0.614894324849286,-0.2455366561701562,-0.04734572966301842,0.2500597281461873,0.6521950329834619,0.7051665757100601
539.7076193936995,-21.436996571338785,59.787615044165584,-0.6186899837517187,0.15368596296639986,0.6374924871773875,-0.2455366561701562,-0.04734572966301842,0.2500597281461873,0.6522131214579949,0.7051837993946846
539.8076193936995,-21.500763726883726,59.80198693170416,-0.6531114954378957,0.13769999769349633,0.6674697857116181,-0.34048850762725635,-0.15713113517207178,0.374996823275478,0.6521950292673084,0.7051665721699258
539.9076193936995,-21.567777318965664,59.814971275797646,-0.6871603462006292,0.12198688417628559,0.6979041060930986,-0.34048850762725635,-0.15713113517207178,0.374996823275478,0.6522131226067881,0.7051838004849839
540.0076193936995,-21.638725832472833,59.82571587826218,-0.7290281992473788,0.09633628432791493,0.7353657559174106,-0.4162516966156171,-0.25467681893211125,0.48798130808132306,0.6521950314485652,0.7051665742479072
540.1076193936996,-21.71375625334451,59.834015036755176,-0.7718004800032554,0.06935696693388496,0.7749105559969638,-0.430790186320424,-0.27382962115484183,0.5104535689480384,0.652196976685744,0.7051684275029848
540.2076193936996,-21.793305921960478,59.839303029386315,-0.8189514424895721,0.0367541546305203,0.8197757821736106,-0.48163135175788435,-0.3378615848294084,0.5883189691821661,0.6521950362808858,0.7051665788511204
540.3076193936996,-21.87765947776031,59.84123194145737,-0.8686043445938235,0.0012889913385949617,0.8686053010118788,-0.5090043813371661,-0.36821214161599014,0.6282241968070517,0.65219503586616,0.7051665779883058
540.4076193936996,-21.9671218193958,59.83946243159089,-0.9210702355820745,-0.03709108693274906,0.9218167538101436,-0.5373106344006613,-0.39568004910199006,0.6672821135752062,0.652195037174536,0.7051665797023662
540.5076193936997,-22.06191539612603,59.8337749226521,-0.9748012990221528,-0.07665909184295706,0.9778109167612435,-0.5373106344006613,-0.39568004910199006,0.6672821135752062,0.652213107290115,0.7051837858903721
540.6076193936997,-22.16236788373501,59.823903428378145,-1.032645999307799,-0.1193560708195337,1.0395208663263475,-0.5749095133577082,-0.4213891723119316,0.7128041688226379,0.652195032983462,0.7051665757100621
540.7076193936997,-22.2685070312326,59.80986087543463,-1.0901369506435827,-0.16149498805073645,1.1020341203084398,-0.5749095133577082,-0.4213891723119316,0.7128041688226379,0.6522131214579959,0.705183799394688
540.8076193936997,-22.38052552360976,59.7916004925986,-1.14932551383856,-0.203427229251669,1.1671896908220536,-0.5865250367370308,-0.4141134557638888,0.7179843821171081,0.6521950292673088,0.7051665721699174
540.9076193936997,-22.498390700177332,59.769187202394605,-1.2079780175122765,-0.2448385748280673,1.2325407979116672,-0.5865250367370308,-0.4141134557638888,0.7179843821171081,0.6522131226067889,0.7051838004849743
541.0076193936998,-22.622015689249853,59.74282725765275,-1.2647010764951871,-0.2831145880137052,1.296002578251392,-0.5601797441661952,-0.37848193093422133,0.6760546707314435,0.6521950314485657,0.7051665742478977
541.1076193936998,-22.751251741268845,59.7126570685799,-1.3198461613696468,-0.3201249479504586,1.3581140865120558,-0.5490145867453936,-0.3678077691200963,0.6608324836782143,0.652196976685745,0.7051684275029773
541.2076193936998,-22.88576717627107,59.678987838520975,-1.3705040435542906,-0.3533800627426045,1.4153299269578905,-0.49104254029105787,-0.3218089904865673,0.5870977795337662,0.6521950362808888,0.7051665788511129
541.3076193936998,-23.025195308988014,59.642092965084295,-1.4172644304922901,-0.38400149717590715,1.4683649463849149,-0.44653065416270477,-0.29276213090776904,0.533946898483951,0.6521950358661659,0.7051665779882941
541.4076193936999,-23.1690438208203,59.60229454021517,-1.458806108363026,-0.41145207575318704,1.5157203147147176,-0.38769152233096926,-0.2588869131722285,0.4661836014910321,0.6521950371745331,0.7051665797023621
541.5076193936999,-23.31686288926829,59.55985489807398,-1.4975752605961317,-0.43734076707041575,1.5601277536443325,-0.38769152233096926,-0.2588869131722285,0.4661836014910321,0.6522131072901107,0.7051837858903688
541.6076193936999,-23.46777766292524,59.51523884065968,-1.5245818210882671,-0.4570764248103154,1.591624512034857,-0.2695936464793721,-0.19810500963341354,0.3345539254946795,0.6521950329834617,0.7051665757100765
541.7076193936999,-23.621583813266497,59.46854067313047,-1.5515411857362105,-0.47688692577366126,1.6231762661552132,-0.2695936464793721,-0.19810500963341354,0.3345539254946795,0.6522131214579971,0.7051837993947067
541.8076193937,-23.777318033338027,59.42023949574935,-1.5670748063590036,-0.4910953716164856,1.6422235270352947,-0.15731036146851407,-0.14360155629571358,0.2129975511500204,0.6521950292673094,0.7051665721699432
541.9076193937,-23.934812065781305,59.370411950806215,-1.5828058425058587,-0.5054555272460602,1.6615533771426887,-0.15731036146851407,-0.14360155629571358,0.2129975511500204,0.6522131226067911,0.7051838004850046
542.0076193937,-24.09320027613596,59.31945527170398,-1.5884799145989095,-0.5153193902774384,1.6699768001622266,-0.05925641663669401,-0.10077935260006327,0.11690937012536397,0.6521950314485766,0.7051665742479298
542.1076193937,-24.252284278787574,59.26744318379237,-1.5929139954139993,-0.5248108566604667,1.6771408503922631,-0.040356526444878416,-0.09336461032949367,0.10171332109745689,0.6521969766857533,0.7051684275030108
542.2076193937,-24.411497145740785,59.214594928119375,-1.5916479415740876,-0.5323196805453064,1.6783049222989508,0.02615169613566215,-0.07200909156054225,0.07661083786349399,0.6521950362808958,0.7051665788511472
542.3076193937001,-24.570463223114597,59.161016972867145,-1.5870091209896102,-0.5391227977677397,1.676082140343107,0.06362580558255382,-0.06528285000886602,0.09115971501331624,0.6521950358661728,0.7051665779883294
542.4076193937001,-24.72876369901892,59.1067851148306,-1.5783599502634948,-0.5454885114825626,1.6699634273705648,0.10582506573713368,-0.06329687882470492,0.12331033779540969,0.652195037174543,0.7051665797023926
542.5076193937001,-24.88607056871662,59.05191977928821,-1.5677774436897791,-0.5518181993650345,1.6620557866969832,0.10582506573713368,-0.06329687882470492,0.12331033779540969,0.6522131072901223,0.7051837858903968
542.6076193937001,-25.04182047966996,58.996373471562634,-1.5497879272399877,-0.5590378752869672,1.6475332972125887,0.1783399910931296,-0.0755698526118661,0.19369035868332918,0.6521950329834834,0.7051665757100875
542.7076193937002,-25.195907572438525,58.94009183477087,-1.5319539281306707,-0.5665948605481556,1.6333745969356128,0.1783399910931296,-0.0755698526118661,0.19369035868332918,0.6522131214580202,0.7051837993947097
542.8076193937002,-25.34777687810413,58.88287248771805,-1.5076698778561972,-0.5770594162042374,1.6143314499894055,0.24165037644601567,-0.10828087268918662,0.2648011552596267,0.6521950292673372,0.7051665721699404
542.9076193937002,-25.497335614007554,58.824625141734174,-1.4835048402115902,-0.5878875034731585,1.595743816428915,0.24165037644601567,-0.10828087268918662,0.2648011552596267,0.6522131226068208,0.7051838004849931
543.0076193937002,-25.644086537210868,58.76496105168151,-1.4535479009836327,-0.6039247453404624,1.5740160731353625,0.2977904899302229,-0.16436328675754464,0.340138892111186,0.652195031448597,0.7051665742479094
543.1076193937002,-25.7879199589239,58.70369961883253,-1.4229683697104165,-0.6215325362521548,1.5527851347872819,0.30791030303370587,-0.17927107951471855,0.35629604918477714,0.6521969766857713,0.7051684275029875
543.2076193937003,-25.928541831421498,58.64040303994914,-1.3896956979654966,-0.6442099864708687,1.5317508412312382,0.33687373225847206,-0.24061996917467687,0.4139829477784987,0.6521950362809152,0.7051665788511132
543.3076193937003,-26.065807834625293,58.57471182258512,-1.355461951236471,-0.6702711973666439,1.5121311382512745,0.3462286477514884,-0.27763827563913634,0.4437987028188538,0.6521950358661943,0.7051665779882935
543.4076193937003,-26.199611099605242,58.50621638965792,-1.320539854871226,-0.7002517172211655,1.4947166874610418,0.3507070667505956,-0.3181752213914253,0.47353027165777817,0.6521950371745608,0.7051665797023586
543.5076193937003,-26.329911549758638,58.43460034182883,-1.2854691481961584,-0.7320692393603153,1.4793094004236396,0.3507070667505956,-0.3181752213914253,0.47353027165777817,0.6522131072901358,0.7051837858903625
543.6076193937004,-26.45672524171601,58.359358650800324,-1.2508836477452379,-0.7703707612940971,1.4690748823845838,0.34224578858979804,-0.3793710128531569,0.5109349715968587,0.6521950329834871,0.705166575710059
543.7076193937004,-26.58010237754761,58.28042471960663,-1.2166590688862502,-0.8083078625794213,1.4606919218681502,0.34224578858979804,-0.3793710128531569,0.5109349715968587,0.6522131214580172,0.7051837993946906
543.8076193937004,-26.700215164714233,58.197416330016694,-1.184925898816445,-0.8501877995518522,1.4583787848816165,0.3152247252127627,-0.4132008176252937,0.5197129429518501,0.6521950292673181,0.7051665721699378
543.9076193937004,-26.81713163096984,58.11033154597336,-1.1534034262951616,-0.891507881314391,1.457781110535835,0.3152247252127627,-0.4132008176252937,0.5197129429518501,0.6522131226067934,0.7051838004850133
544.0076193937005,-26.931112828907846,58.01907545827107,-1.1251453612346647,-0.9330870617314112,1.4617125396870763,0.2825045179389271,-0.40921177141409937,0.4972555444836897,0.6521950314485662,0.7051665742479588
544.1076193937005,-27.04223643139828,57.92373889133253,-1.0974292817815965,-0.9735513637687238,1.4670219106774147,0.2757321846473677,-0.40333572726830125,0.4885774724047964,0.6521969766857361,0.7051684275030766
544.2076193937005,-27.15069996169399,57.82449703338326,-1.0717215411166738,-1.011245176034453,1.4735005489467758,0.2526859169038163,-0.3655932839832443,0.4444194211498587,0.6521950362808814,0.7051665788512546
544.3076193937005,-27.256630093997135,57.72160240472984,-1.0470822024688027,-1.0460370399842267,1.4800589946842935,0.24129854818525936,-0.33149067880105343,0.41001348695902323,0.6521950358661642,0.7051665779884891
544.4076193937005,-27.360152892994083,57.61543300391853,-1.0235217652059125,-1.0765817459832114,1.4854713257530376,0.23139347279506484,-0.2814100407406821,0.36432753160011494,0.6521950371745451,0.7051665797026165
544.5076193937006,-27.461348102150723,57.50636777911648,-1.0003824179264007,-1.104722750057286,1.490361478497886,0.23139347279506484,-0.2814100407406821,0.36432753160011494,0.652213107290139,0.7051837858906943
544.6076193937006,-27.56030503727654,57.39521231230508,-0.97828941188137,-1.1218142253142696,1.4884613967169762,0.22251527474004928,-0.16736413653976137,0.2784309639611577,0.6521950329835102,0.7051665757104779
544.7076193937006,-27.657021402090997,57.28219406909093,-0.9560378844073599,-1.1385506389682496,1.4867097880612443,0.22251527474004928,-0.16736413653976137,0.2784309639611577,0.6522131214580755,0.705183799395194
544.8076193937006,-27.751543184585433,57.16834298068512,-0.9342398887978833,-1.142591410653537,1.4759130399587643,0.21796229496201713,-0.03884467258910462,0.22139663641000534,0.6521950292674374,0.7051665721705265
544.9076193937007,-27.843877361990433,57.05388961625679,-0.9124436593016767,-1.1464758779124484,1.4652509580392548,0.21796229496201713,-0.03884467258910462,0.22139663641000534,0.6522131226069707,0.705183800485684
545.0076193937007,-27.934074388863884,56.93993745685227,-0.8913351595132684,-1.1370099826233007,1.4447387539515864,0.2099587519208579,0.09456006401325989,0.23027002239622107,0.6521950314488115,0.7051665742487111
545.1076193937007,-28.022166737066765,56.82679780061377,-0.870554471909087,-1.1253611089652569,1.422779924701084,0.20720927283462987,0.12236839610155414,0.24064435815768243,0.6521969766860644,0.7051684275038927
545.2076193937007,-28.10823712882318,56.71529187178451,-0.8508377976843555,-1.1052109012646365,1.3947817371340057,0.19362245553913338,0.22147154970866456,0.29417563226644244,0.652195036281283,0.7051665788521151
545.3076193937007,-28.192370614253903,56.60597669599559,-0.8320158281164899,-1.0801396868903677,1.3634339299841376,0.18331200384955224,0.2752916411734877,0.3307397442935012,0.6521950358666543,0.7051665779893769
545.4076193937008,-28.274682503764872,56.49945337187569,-0.8144475285984851,-1.0494528325871306,1.3284110902372548,0.16860751052229772,0.3330167381095075,0.3732675186319097,0.6521950371751238,0.7051665797034951
545.5076193937008,-28.355284219072125,56.3961731723075,-0.7975867775462515,-1.0161511587761722,1.2917847518835215,0.16860751052229772,0.3330167381095075,0.3732675186319097,0.6522131072908052,0.7051837858915295
545.6076193937008,-28.434423949782452,56.296867438006736,-0.7842083816780817,-0.9733511651205536,1.2499581099123662,0.131242881015867,0.42473380611789613,0.44454864736802385,0.6521950329842613,0.7051665757112268
545.7076193937008,-28.5121885735452,56.201655990525246,-0.771084093576492,-0.9308777845087544,1.208761402866011,0.131242881015867,0.42473380611789613,0.44454864736802385,0.6522131214588952,0.7051837993958191
545.8076193937009,-28.588972164665755,56.11120866065133,-0.7630427597780763,-0.8808141661650111,1.1653616814391603,0.07841527750949334,0.49735091180321944,0.5034946724826238,0.6521950292682986,0.7051665721709862
545.9076193937009,-28.664884364256036,56.025613998593826,-0.7552012320271252,-0.8310790749846778,1.122952060300294,0.07841527750949334,0.49735091180321944,0.5034946724826238,0.6522131226078558,0.7051838004859406
546.0076193937009,-28.740401689612295,55.945371612320265,-0.7532098344006293,-0.775859126541106,1.0813336390194062,0.01984465591942952,0.548187040514821,0.5485461163447961,0.6521950314496774,0.705166574248725
546.1076193937009,-28.815662317876637,55.87055095487902,-0.7521879230565758,-0.7204417629791269,1.0415483692256626,0.007639169524170097,0.5557300403074703,0.5557825425570343,0.6521969766868826,0.7051684275036482
546.207619393701,-28.891026384133756,55.80137521279821,-0.7548933056875211,-0.6632703923009463,1.0048838322288227,-0.03576602708809613,0.5731910994370859,0.5743058811883801,0.6521950362820184,0.7051665788515991
546.307619393701,-28.966737337777005,55.73792060908362,-0.7597370435388124,-0.6057864675009198,0.9716880258253358,-0.05900416978582468,0.5753744387399558,0.5783919404758623,0.6521950358672615,0.705166577988606
546.407619393701,-29.043053846583017,55.68021237314729,-0.7669512897407903,-0.5484723354163684,0.9428871531377161,-0.08272585956912404,0.5695749951115128,0.5755512513214875,0.65219503717556,0.7051665797025085
546.507619393701,-29.12016260485496,55.6282130145812,-0.7752238756977047,-0.49151483590520423,0.9179100671453005,-0.08272585956912404,0.5695749951115128,0.5755512513214875,0.6522131072910292,0.7051837858903981
546.607619393701,-29.198339533228133,55.5817084500515,-0.7869854925044397,-0.43789942098053847,0.9006120520554599,-0.11515995384056343,0.5295863195347684,0.5419626230718707,0.652195032984238,0.7051665757100511
546.7076193937011,-29.2776138822478,55.540566439551114,-0.7985014878884986,-0.38494078902704953,0.8864446047085591,-0.11515995384056343,0.5295863195347684,0.5419626230718707,0.6522131214586065,0.7051837993947447
546.8076193937011,-29.35818304068935,55.5042608493674,-0.8120515046126122,-0.33916677193853456,0.8800350818750429,-0.1332873475527696,0.4520308889551128,0.4712721523570031,0.6521950292677331,0.7051665721702036
546.9076193937011,-29.440054627888394,55.47260432661832,-0.8253802393678922,-0.293963683043013,0.8761661865691988,-0.1332873475527696,0.4520308889551128,0.4712721523570031,0.6522131226070401,0.7051838004856716
547.0076193937011,-29.523319132183033,55.44479520605372,-0.839517995220393,-0.2590731541177575,0.8785837259381665,-0.13956988530976583,0.3446709952382556,0.37185729499891595,0.6521950314486673,0.7051665742492423
547.1076193937012,-29.60796886656558,55.420529642345855,-0.8534756438900027,-0.22663114563770587,0.8830528584895209,-0.13955889665778742,0.31893616909694655,0.34813354563238386,0.6521969766857544,0.7051684275052459
547.2076193937012,-29.694005619704377,55.399049784481775,-0.8672395447266933,-0.20260622418637522,0.8905917751791906,-0.1364652277978321,0.21834171522421164,0.25747983028766536,0.6521950362808955,0.7051665788546225
547.3076193937012,-29.781406596696456,55.379773873461986,-0.8807264288923258,-0.18395691287740493,0.8997328427621247,-0.1334678480054146,0.15942077642670754,0.2079150076538265,0.652195035866305,0.7051665779934059
547.4076193937012,-29.870140163684358,55.36204767866438,-0.8938991109004878,-0.17154715658846337,0.9102109905962844,-0.13043323899613274,0.0947576620580255,0.16121986339693148,0.6521950371749825,0.7051665797094419
547.5076193937012,-29.960182240969406,55.34536675131582,-0.906942434800104,-0.16207139038265866,0.9213097826582051,-0.13043323899613274,0.0947576620580255,0.16121986339693148,0.6522131072910899,0.7051837858998196
547.6076193937013,-30.051515776258363,55.32892037957768,-0.9198933165838002,-0.16302928667454614,0.9342281638920736,-0.1317591950757228,-0.004131993770481124,0.1318239692147133,0.6521950329852279,0.7051665757222789
547.7076193937013,-30.14416390389214,55.31259679094137,-0.9330692360913755,-0.16344248605159434,0.9472759078467416,-0.1317591950757228,-0.004131993770481124,0.1318239692147133,0.6522131214608715,0.7051837994100375
547.8076193937013,-30.238230575856992,55.29575349805414,-0.9479608558617538,-0.1707104301029981,0.9632091336735233,-0.15303431899437836,-0.06628698680500777,0.16677370119344484,0.6521950292716494,0.7051665721887119
547.9076193937013,-30.33379183303816,55.27835102010981,-0.9632642877611951,-0.1773391287835004,0.9794525280348065,-0.15303431899437836,-0.06628698680500777,0.16677370119344484,0.6522131226129814,0.7051838005074754
548.0076193937014,-30.43115204984771,55.26005654902227,-0.9827846972354433,-0.18713259272169783,1.00044208646923,-0.198763642462213,-0.09268929397530079,0.21931322527947597,0.652195031457013,0.7051665742742323
548.1076193937014,-30.530462548384243,55.24087347679728,-1.0036100323777875,-0.19655551752809003,1.0226764730647122,-0.21083272883910953,-0.09459317794365063,0.2310807410045775,0.6521969766968533,0.7051684275331852
548.2076193937014,-30.632075067690565,55.22073963980937,-1.0284878500869044,-0.20601876665011515,1.0489189625459239,-0.25988227772478734,-0.09218354119975003,0.2757473545540365,0.6521950362950418,0.7051665788850541
548.3076193937014,-30.736277987191315,55.19968952602218,-1.0561113218311133,-0.21483619701067275,1.0777410243865964,-0.2903280925377362,-0.08404421183189592,0.3022479625391128,0.6521950358837212,0.7051665780256686
548.4076193937015,-30.843409044463655,55.177812387022335,-1.0870432526226532,-0.22246806034564673,1.1095742746415815,-0.3254371314125698,-0.06863943050040267,0.3325969000478835,0.65219503719577,0.7051665797426617
548.5076193937015,-30.953740555383007,55.15522238383526,-1.1195869657639177,-0.22933200339568857,1.1428333831709399,-0.3254371314125698,-0.06863943050040267,0.3325969000478835,0.6522131073152186,0.7051837859329217
548.6076193937015,-31.067740025631178,55.13220981913445,-1.1582522167796034,-0.23207718420780785,1.1812738958872706,-0.384824640018713,-0.02432822140816704,0.38559287587093316,0.6521950330124637,0.7051665757539297
548.7076193937015,-31.18548937050926,55.108880459606624,-1.1967346807814836,-0.23451000634862512,1.219495321541986,-0.384824640018713,-0.02432822140816704,0.38559287587093316,0.6522131214908102,0.7051837994388348
548.8076193937015,-31.307403255589804,55.08568352704776,-1.2397547321296432,-0.23121478658694866,1.2611312673049904,-0.42579565342473313,0.03464228164156924,0.4272025586916928,0.6521950293036083,0.7051665722130753
548.9076193937016,-31.43350770706992,55.062735259797265,-1.2823342974721261,-0.22775055842279096,1.3024022294726096,-0.42579565342473313,0.03464228164156924,0.4272025586916928,0.6522131226461063,0.7051838005258682
549.0076193937016,-31.56398627850384,55.040557367067485,-1.326340275253489,-0.21794667019544572,1.344127701079322,-0.43357760354393227,0.0973348611076012,0.4443687809485893,0.652195031490137,0.7051665742851486
549.1076193937016,-31.6987772276663,55.019288311780265,-1.3694197352934356,-0.2072505108000961,1.3850137853602917,-0.42995913743002,0.10952048611011977,0.44368862588234526,0.6521969767286633,0.7051684275353696
549.2076193937016,-31.837771187660277,54.999282152126106,-1.410384460222559,-0.19311555073525555,1.4235441480941362,-0.39991714341305484,0.14786524547551005,0.42637759370678796,0.6521950363240228,0.7051665788775933
549.3076193937017,-31.98076002522301,54.98074110225647,-1.4488693852887302,-0.17742181166470875,1.4596920890658176,-0.3707244432147824,0.1640172965304708,0.40538658877431405,0.6521950359082347,0.7051665780081876
549.4076193937017,-32.12742036306855,54.963846566661495,-1.483657596626736,-0.16028262450434871,1.49229031483362,-0.32651075293691845,0.17656585535479608,0.37119371365986814,0.652195037214171,0.7051665797155097
549.5076193937017,-32.27741867649595,54.94870113348783,-1.5163086719204353,-0.1426260389688651,1.5230016991234983,-0.32651075293691845,0.17656585535479608,0.37119371365986814,0.6522131073259515,0.7051837858973264
549.6076193937017,-32.430017698049184,54.935389646557056,-1.5387603097851885,-0.12416928532513936,1.543762061455186,-0.22011873651714425,0.1800103305427967,0.28435185469419905,0.6521950330141837,0.7051665757122751
549.7076193937017,-32.58499432271032,54.92387276967725,-1.5607721834369082,-0.1061682522708556,1.5643789522940603,-0.22011873651714425,0.1800103305427967,0.28435185469419905,0.6522131214826127,0.7051837993947118
549.8076193937018,-32.74135574830301,54.91403556637846,-1.570414414704067,-0.09021892920407072,1.5730037791108598,-0.09410509722103708,0.15461244114431794,0.18099938198675158,0.652195029285179,0.7051665721715957
549.9076193937018,-32.89886771525955,54.905786735663774,-1.579824924426173,-0.07475768508963541,1.5815927109461918,-0.09410509722103708,0.15461244114431794,0.18099938198675158,0.6522131226179332,0.7051838004935874
550.0076193937018,-33.056427485999855,54.898773997648824,-1.5757949482782667,-0.06414850179490852,1.5771001075714366,0.04094852475436778,0.10224015590293097,0.11013551270418956,0.6521950314537797,0.7051665742702916
550.1076193937018,-33.213710683769925,54.89282682150569,-1.5694317721335844,-0.05500580727669511,1.5703954044177932,0.06972496332890088,0.08848338742141194,0.11265380757339831,0.6521969766868697,0.7051684275476652
550.2076193937019,-33.3698667666433,54.887538836337306,-1.5541418903957198,-0.05060652652326219,1.554965606053565,0.1744777815676819,0.030127108803094382,0.17705970446607328,0.6521950362810126,0.7051665789282339
550.3076193937019,-33.524301969440906,54.88255923414058,-1.5335262441425068,-0.049687090648707605,1.5343309774787697,0.2329434376672066,-0.009285023508816048,0.2331284127123398,0.6521950358698174,0.7051665781095514
550.4076193937019,-33.67636409183252,54.877449628017,-1.5067484221830485,-0.05326657050795071,1.5076896680964502,0.2968039937290645,-0.05918334172793921,0.3026471189877885,0.6521950371878533,0.7051665798808223
550.5076193937019,-33.825554914082204,54.871827054257565,-1.4770680228101352,-0.05918490468074598,1.4782532925552072,0.2968039937290645,-0.05918334172793921,0.3026471189877885,0.6522131073209895,0.7051837861402602
550.607619393702,-33.97105531857023,54.86495353995271,-1.43672566937006,-0.07507962113851727,1.4386860667071015,0.3999412886909337,-0.16071055390912872,0.43102310441267966,0.65219503304152,0.7051665760458836
550.707619393702,-34.112728179063815,54.856642025069306,-1.3967315405009575,-0.09115067652943379,1.3997026262967256,0.3999412886909337,-0.16071055390912872,0.43102310441267966,0.6522131215546775,0.7051837998314819
550.807619393702,-34.24982122535067,54.846000571004886,-1.3482220748458382,-0.11811182982451278,1.3533858161832906,0.48122640860693877,-0.27043103384639683,0.5520070655417043,0.6521950294154774,0.7051665727213287
550.907619393702,-34.382237300792255,54.8328372328532,-1.3000994339851333,-0.14515493320915862,1.308177546391704,0.48122640860693877,-0.27043103384639683,0.5520070655417043,0.6522131228208614,0.7051838011640118
551.007619393702,-34.5094205006628,54.81622923710513,-1.2458832059433096,-0.1832671130911618,1.2592901959406926,0.5378009263972995,-0.3801911933990796,0.658616109711879,0.6521950317434628,0.7051665750639434
551.1076193937021,-34.631292341833486,54.795930912404394,-1.1914266121143808,-0.2230352276857365,1.2121229660571486,0.546327102715489,-0.40235813353353844,0.6785022997618307,0.6521969770770149,0.7051684284629561
551.2076193937021,-34.7476026801314,54.77128860910116,-1.1350167905661692,-0.269425715418028,1.1665561842430237,0.5652290614349018,-0.47862024725831687,0.7406491969726238,0.6521950367834117,0.7051665799568126
551.3076193937021,-34.85827456997062,54.74188086074669,-1.0784245671380674,-0.31941640045899883,1.1247339169284047,0.5653135693352997,-0.517501744748001,0.7664120872558327,0.6521950364936063,0.7051665792362419
551.4076193937021,-34.963304754144055,54.707272901189285,-1.022337348413495,-0.3733324101972441,1.0883706824721158,0.5553999836796137,-0.5565807647628277,0.7862895710711731,0.6521950379381488,0.7051665810825439
551.5076193937022,-35.06276148906703,54.66715675634573,-0.966797350045521,-0.42899048667353956,1.0577003137521714,0.5553999836796137,-0.5565807647628277,0.7862895710711731,0.6522131081981623,0.7051837873863707
551.6076193937022,-35.15689646341515,54.62108097124639,-0.9149860862106377,-0.49031287482914787,1.0380781536966686,0.5132565567698388,-0.6082376985070985,0.7958551318879856,0.6521950340381993,0.7051665772957709
551.7076193937022,-35.245828789252386,54.56900849527093,-0.8636604305336422,-0.5511366446798716,1.0245296190830908,0.5132565567698388,-0.6082376985070985,0.7958551318879856,0.6522131226579514,0.7051838010394338
551.8076193937022,-35.33004661793452,54.5106655821621,-0.8187878756887468,-0.6145162394110796,1.0237401007457048,0.4453363772450366,-0.6285071814668179,0.7702894040898506,0.6521950306019115,0.7051665738328782
551.9076193937022,-35.40969872361719,54.446071422313636,-0.774254237964233,-0.6773669575577757,1.028734961103516,0.4453363772450366,-0.6285071814668179,0.7702894040898506,0.6522131240605443,0.7051838021227252
552.0076193937023,-35.48542996345111,54.37520982840118,-0.7378035248614531,-0.7397392302941903,1.0447813982523932,0.36265881330021615,-0.6196778352077229,0.7179986311352208,0.6521950329949768,0.7051665758097662
552.1076193937023,-35.557456818943386,54.2981518371198,-0.7030208448929357,-0.8013496935743072,1.0660204687273191,0.3438200625140668,-0.6151114447927793,0.7046802997829847,0.6521969782926996,0.7051684289396188
552.2076193937023,-35.626340238431254,54.21502617390116,-0.6744091702860814,-0.8611910188644222,1.0938362308584875,0.26919071556953755,-0.5925781509123411,0.6508552114622184,0.6521950379074399,0.7051665801142303
552.3076193937023,-35.69252088587224,54.125973129042,-0.6500646327107036,-0.9195753894374868,1.1261451609630118,0.22079926821303497,-0.5760565528625006,0.6169225793721921,0.6521950374655774,0.7051665790367906
552.4076193937024,-35.756539034426034,54.03117564234933,-0.6312340184476102,-0.9760477613517056,1.1623792920063545,0.15948809804087394,-0.5546774561081839,0.577151222584984,0.6521950386956762,0.7051665805071132
552.5076193937024,-35.81886499578061,53.9307974789336,-0.6152852086435192,-1.0315155069625366,1.201082898504378,0.15948809804087394,-0.5546774561081839,0.577151222584984,0.6522131086814467,0.7051837864408689
552.6076193937024,-35.880426155654206,53.825157687364566,-0.6119692808807683,-1.0826571914078635,1.2436450437519895,0.029481563776601938,-0.5103956779838194,0.511246428552099,0.6521950341939169,0.7051665760199375
552.7076193937024,-35.941475675923414,53.71433998983383,-0.6090211245031074,-1.1336967592062572,1.2869246566624635,0.029481563776601938,-0.5103956779838194,0.511246428552099,0.6522131224473352,0.7051837995109375
552.8076193937025,-36.0032079707504,53.59874912996761,-0.6209126055286764,-1.1797218004829477,1.3331451497264422,-0.12237231355087799,-0.4593142708464977,0.47533628362144226,0.6521950300066911,0.7051665721786635
552.9076193937025,-36.06591109287103,53.47848037856505,-0.633149836883767,-1.225653227567608,1.3795305542802723,-0.12237231355087799,-0.4593142708464977,0.47533628362144226,0.6522131230903374,0.7051838005193972
553.0076193937025,-36.13094547277889,53.353978323738225,-0.6621199057575947,-1.2661619957555883,1.4288348291864321,-0.2918978781841038,-0.40455676671941737,0.4988692702370542,0.6521950316974128,0.7051665744942681
553.1076193937025,-36.1987353485151,53.22537761928822,-0.6942444869309903,-1.305668636693485,1.4787650240924344,-0.3291487183610213,-0.39250849986926195,0.5122516971844225,0.6521969767586256,0.7051684282058664
553.2076193937025,-36.27038318913387,53.09303657692271,-0.7381620288248529,-1.3413187159560933,1.5310189674112227,-0.4689004714435482,-0.3463767718739881,0.582961851422395,0.6521950362809512,0.7051665803163395
553.3076193937026,-36.346691390595524,52.95722392599327,-0.7894491977607719,-1.3744245775263184,1.5850151277364912,-0.550481179150619,-0.3176951975074529,0.6355782934606525,0.6521950359490463,0.7051665805839212
553.4076193937026,-36.428569803846315,52.81826038094865,-0.8495341033066319,-1.4043036850010882,1.6412729914272757,-0.6436487685197446,-0.282102538986192,0.702755704152901,0.6521950375549772,0.7051665838558664
553.5076193937026,-36.516741458019595,52.67641949975358,-0.913898980158621,-1.4325139388997137,1.6992079128455528,-0.6436487685197446,-0.282102538986192,0.702755704152901,0.6522131082473035,0.7051837920849446
553.6076193937026,-36.612462615739325,52.532236584064094,-0.9948124893812067,-1.4534393047209377,1.7612886479894534,-0.8059272291254285,-0.20724533587561378,0.8321474195645786,0.6521950348620705,0.7051665844631484
553.7076193937027,-36.7159735008231,52.38585642691259,-1.0754052122937678,-1.4741638383085038,1.8247343348567386,-0.8059272291254285,-0.20724533587561378,0.8321474195645786,0.6522131246711579,0.7051838112634464
553.8076193937027,-36.828499584083964,52.23795638181235,-1.1700437670228412,-1.4865598229913808,1.891788181610501,-0.9402163479066514,-0.12343437103450908,0.9482841477234586,0.6521950342846884,0.7051665876987356
553.9076193937027,-36.95020504252581,52.088683227658,-1.2640654018135278,-1.4989032600948347,1.9607580990996618,-0.9402163479066514,-0.12343437103450908,0.9482841477234586,0.6522131299576713,0.7051838202228085
554.0076193937027,-37.08199697113758,51.93872342990527,-1.3679655481239728,-1.5031114468092721,2.032405904927258,-1.0312829844854323,-0.04387209781228352,1.0322157502458635,0.652195041687458,0.7051665986605193
554.1076193937027,-37.22399302020244,51.78824133757253,-1.4721544838159162,-1.5063014388298563,2.1062247859239056,-1.044649547037118,-0.028713772811124527,1.0450440932677936,0.6521969903956177,0.7051684570001263
554.2076193937028,-37.37659271591013,51.63768380160558,-1.5794966745532382,-1.505138359124409,2.1817999965699095,-1.0763843503749817,0.020363524401858846,1.0765769563102474,0.6521950540273974,0.7051666137017195
554.3076193937028,-37.539937785931635,51.4873138764884,-1.6874928282280823,-1.5018720234474288,2.2590377642118527,-1.0816797196271484,0.042413133025004185,1.08251091897757,0.6521950581774292,0.7051666183070133
554.4076193937028,-37.714091505709575,51.33737758254924,-1.7955020156320392,-1.4965893875318774,2.337436048967277,-1.0769803033201741,0.06018314004156855,1.0786605509078735,0.6521950644985517,0.7051666254002058
554.5076193937028,-37.89902660878943,51.188019559496226,-1.903200045964081,-1.4905710735277191,2.417430979406704,-1.0769803033201741,0.06018314004156855,1.0786605509078735,0.6522131399719462,0.7051838366672549
554.6076193937029,-38.09455975533692,51.03935843435882,-2.0080657961986783,-1.4834560105917105,2.496591672104933,-1.043536296412926,0.06444550638894131,1.0455243781112582,0.6521950711553323,0.7051666309292751
554.7076193937029,-38.3005840164389,50.89133506083155,-2.1124194258399944,-1.4770114599528148,2.577572246028832,-1.043536296412926,0.06444550638894131,1.0455243781112582,0.6522131651193833,0.7051838582402863
554.8076193937029,-38.516662083686946,50.743768823470866,-2.2107747168232477,-1.4737678518360033,2.6569750713264546,-0.9780515969219459,0.02454485565177622,0.9783595331883546,0.6521950780876116,0.7051666334311061
554.9076193937029,-38.74262981335393,50.59651476256549,-2.3085798765154646,-1.4713133662708253,2.737572659861167,-0.9780515969219459,0.02454485565177622,0.9783595331883546,0.6522131760738504,0.7051838627992713
555.007619393703,-38.97778075497462,50.44900241940566,-2.3971874549122925,-1.476781268518439,2.815562218995667,-0.8814723035735433,-0.061789102536883966,0.8836352840168632,0.6521950886428229,0.7051666359003352
555.107619393703,-39.22183171948243,50.300941443581976,-2.4834694579817436,-1.4847968102962132,2.8934826967849565,-0.8577628244629967,-0.0851638657154068,0.861980247485016,0.6521970364731349,0.7051684867117336
555.207619393703,-39.47408576633768,50.151643956173274,-2.56193530555166,-1.5008922495868513,2.9692069740423888,-0.7640550487974216,-0.18421596532730067,0.7859488784102306,0.6521950971887849,0.7051666337151631
555.307619393703,-39.73399887904902,50.00051830170125,-2.635341248322765,-1.5227748563172072,3.043660092412305,-0.7084899563278998,-0.24910514491787716,0.7510069183716392,0.6521950961901096,0.7051666266815013
555.407619393703,-40.000954190288574,49.84684331784723,-2.702829879619456,-1.5519364118475785,3.116696325371155,-0.6468339771634684,-0.32860373511618046,0.7255167873629219,0.652195095023304,0.7051666206119049
555.5076193937031,-40.2744713481364,49.690006657986864,-2.7675132773358175,-1.584796785359204,3.1891551531894624,-0.6468339771634684,-0.32860373511618046,0.7255167873629219,0.6522131607275121,0.7051838178359877
555.6076193937031,-40.55376596909311,49.52887884736508,-2.822056363099813,-1.6327353137579694,3.260341503785221,-0.5500775571827234,-0.47919650076616094,0.7295304005061377,0.6521950800492718,0.7051665980996245
555.7076193937031,-40.83872199318906,49.36320933348541,-2.877064118818098,-1.6806549638345964,3.3319812501351844,-0.5500775571827234,-0.47919650076616094,0.7295304005061377,0.6522131605546297,0.7051838125920781
555.8076193937031,-41.128682933952454,49.19177200238146,-2.9248780029818957,-1.743106399830146,3.4048981267368594,-0.48291614187274456,-0.6221861356307274,0.7876062388353426,0.6521950591650985,0.7051665776622015
555.9076193937032,-41.42358531496008,49.01435043172026,-2.973169617169181,-1.8053250133932328,3.47835248018961,-0.48291614187274456,-0.6221861356307274,0.7876062388353426,0.6522131428816724,0.7051838012300734
556.0076193937032,-41.72299208503163,48.829845470907564,-3.016687428546828,-1.8802540045655687,3.5546811619661938,-0.4365673853514489,-0.7448239491544679,0.8633387499624107,0.6521950426203567,0.7051665749106955
556.1076193937032,-42.02681273603471,48.638025060971216,-3.0595760855793017,-1.95648785878601,3.631645710284227,-0.42679916307346866,-0.7669782833871857,0.877731856997208,0.6521969806240268,0.7051684347192126
556.2076193937032,-42.33473906434883,48.438236853670915,-3.0990283891839026,-2.038817055574909,3.709548751946915,-0.3835940663679934,-0.8341347064514899,0.9181095339117472,0.6521950364593367,0.7051666014280868
556.3076193937032,-42.64650291353822,48.23013263846101,-3.1356560098614854,-2.123730467193587,3.7871585271106283,-0.35041166484692243,-0.8605741512285559,0.9291803940158989,0.6521950376771094,0.7051666270487761
556.4076193937033,-42.961732917064474,48.01341502538243,-3.16820714138436,-2.2108905143514512,3.863362959542901,-0.30240125078231883,-0.8788588543817124,0.9294296113207535,0.6521950481923454,0.7051666687326817
556.5076193937033,-43.28006563745689,47.787931679675324,-3.198447266462599,-2.2987763997896424,3.9388371193249285,-0.30240125078231883,-0.8788588543817124,0.9294296113207535,0.6522131374915509,0.7051839307344123
556.6076193937033,-43.600707784759834,47.553584385927486,-3.217723888795291,-2.3874652964189473,4.006711565127779,-0.1881531183991946,-0.8805639557633584,0.9004412674644333,0.6521950948286805,0.7051667941288602
556.7076193937033,-43.923420939231434,47.31043503650672,-3.2365392006352147,-2.475521691995303,4.0747262048863755,-0.1881531183991946,-0.8805639557633584,0.9004412674644333,0.6522132300144304,0.7051841111859007
556.8076193937034,-44.2471377927481,47.05863430853546,-3.242036136866849,-2.5610552152443167,4.131561705733152,-0.05206574173451739,-0.8514017024844363,0.8529922042174606,0.6521952018472317,0.705166997851792
556.9076193937034,-44.57160173514353,46.798271778498545,-3.2472427110403017,-2.6461953854927796,4.188906210767633,-0.05206574173451739,-0.8514017024844363,0.8529922042174606,0.6522133788760358,0.7051843616662835
557.0076193937034,-44.89560405221595,46.52968724739641,-3.237622857871316,-2.7268200181818107,4.232936236392875,0.09792497712956769,-0.803542892945509,0.8094877898702759,0.652195392268592,0.7051672911696928
557.1076193937034,-45.21877218221028,46.253026216451644,-3.225239209541692,-2.8062131295144943,4.275160825866631,0.1308145249108995,-0.7913128407457546,0.8020526490553973,0.6521974642096866,0.7051693196255052
557.2076193937035,-45.54013150071213,45.968654627449546,-3.2024279194391925,-2.8813365927703822,4.307858532965222,0.2545761057909787,-0.7383263208952137,0.7809831942918884,0.6521956723557917,0.705167662254046
557.3076193937035,-45.85896974403037,45.67689490587149,-3.173042590171533,-2.9531890396575755,4.33468854509711,0.3275183638512942,-0.7007999326985621,0.7735559606971805,0.6521958412921468,0.7051678647069209
557.4076193937035,-46.174474062056944,45.37816540969099,-3.135777265775876,-3.0206349444613974,4.354002127727791,0.4108933215432927,-0.6507307559062192,0.7695997910415251,0.6521960301631142,0.7051680759274894
557.5076193937035,-46.48599732202688,45.07284826146525,-3.0946879336215374,-3.085708020052034,4.370204502253435,0.4108933215432927,-0.6507307559062192,0.7695997910415251,0.65221430260449,0.705185491385991
557.6076193937035,-46.79243010704973,44.76172047492277,-3.0390389608400135,-3.1401646265348426,4.369941840258776,0.5530443074486628,-0.5413342696831032,0.7738868118366599,0.6521964379254004,0.7051684792659159
557.7076193937036,-47.09356878159655,44.4449973409208,-2.9837345300951346,-3.1942980535031653,4.371065293575028,0.5530443074486628,-0.5413342696831032,0.7738868118366599,0.6522147386601855,0.7051858834551323
557.8076193937036,-47.38835212640556,44.123678043799224,-2.9163010881479807,-3.236050498006331,4.356240909589381,0.6693691218806538,-0.41514127039459503,0.7876530300278898,0.6521968494419611,0.7051688049070529
557.9076193937036,-47.676635389611015,43.797997287646545,-2.8493641759599,-3.2775646250458,4.342960520036448,0.6693691218806538,-0.41514127039459503,0.7876530300278898,0.6522151298018571,0.705186143354102
558.0076193937036,-47.95760610549029,43.46906812126377,-2.7734224014197766,-3.3054659073873336,4.314855348861305,0.753812223209602,-0.277817833461492,0.8033776300404687,0.652197194613289,0.7051689738928318
558.1076193937037,-48.231135931554846,43.13722696053807,-2.696972185513197,-3.3309052632165224,4.285859171969531,0.7673057386524456,-0.24809262244644775,0.8064167941463836,0.6521992565338968,0.7051708248932076
558.2076193937037,-48.496824267116146,42.80335310238231,-2.6171125552702326,-3.3470271803541842,4.248749118621006,0.8031201842313243,-0.13829052828924637,0.8149394459309692,0.6521973804573622,0.7051689059865529
558.3076193937037,-48.75449885691199,42.46807216750081,-2.5362127532761822,-3.3574873705823456,4.207742455700052,0.8127863991075994,-0.07599784376792851,0.8163316745243151,0.6521973825807524,0.7051687636061987
558.4076193937037,-49.00405048655087,42.13207928627784,-2.45483184844055,-3.361315001611156,4.16228758547199,0.8125510230414877,-0.006432591343353833,0.8125764845706273,0.6521973164998547,0.7051685527563789
558.5076193937037,-49.24547091627977,41.79591562315993,-2.3735767461363824,-3.3619582607454914,4.115413699349584,0.8125510230414877,-0.006432591343353833,0.8125764845706273,0.6522152460458627,0.7051854822809244
558.6076193937038,-49.47892604951686,41.46051306532934,-2.295109697082265,-3.3503053472747424,4.061043516341432,0.7769858389067757,0.11481116220007781,0.7854225594082453,0.6521969549044088,0.7051679417045388
558.7076193937038,-49.7045520900306,41.12605658641279,-2.2174111131915697,-3.338824231054732,4.008074262134336,0.7769858389067757,0.11481116220007781,0.7854225594082453,0.6522147613498287,0.7051848053630169
558.8076193937038,-49.9228675177763,40.79350232473123,-2.1469314097375696,-3.3161231771050668,3.9504414188608274,0.6983776852047585,0.22520617618977423,0.7337909872613431,0.652196332338251,0.7051672160195196
558.9076193937038,-50.13406877032408,40.463016037901596,-2.0770936412170777,-3.2936025594860845,3.893858730647236,0.6983776852047585,0.22520617618977423,0.7337909872613431,0.6522140606544408,0.705184121629938
559.0076193937039,-50.33897814291698,40.13546359237399,-2.0178171127090154,-3.2609602958416284,3.834768304786727,0.5895630086803259,0.32422238954756044,0.6728333367841757,0.6521956070768036,0.7051666607843318
559.1076193937039,-50.537890572374074,39.81104969161468,-1.9608074327347884,-3.2270283799414403,3.7760399830001097,0.564855770765704,0.34334717591406627,0.6610214255041075,0.6521972383879043,0.7051684277443737
559.2076193937039,-50.73152764077021,39.490343354211305,-1.9115500963512033,-3.1874285310261636,3.7166819088078955,0.47367547097478874,0.40864565252224994,0.6255875007770882,0.6521950872767609,0.7051667096569854
559.3076193937039,-50.92040681338333,39.17370656485238,-1.8669284889096773,-3.144701932003916,3.657126224763336,0.4231371944484005,0.4428607961394222,0.6125118530142142,0.6521950456524644,0.7051671324981451
559.407619393704,-51.1050902984036,38.861523227803765,-1.8275476523457284,-3.0984060712752837,3.5972281834921067,0.3698225323016344,0.47975563561998813,0.6057509185359377,0.6521952511569117,0.7051679325197852
559.507619393704,-51.28599595097671,38.554081398854265,-1.7905653991155566,-3.050430507713274,3.537124641696659,0.3698225323016344,0.47975563561998813,0.6057509185359377,0.652213854917283,0.7051863961696886
559.607619393704,-51.463767031484366,38.251867589954244,-1.7617758989002676,-2.9960413865409676,3.4756464589788427,0.2932344904654154,0.5431169023213661,0.6172215453025502,0.652196731239228,0.7051709802506244
559.707619393704,-51.63847844892211,37.95497903581168,-1.7324524498537195,-2.9417296963088186,3.41396618277764,0.2932344904654154,0.5431169023213661,0.6172215453025502,0.652216279130952,0.7051906154147602
559.807619393704,-51.81060655522082,37.66392503200587,-1.7081257317153458,-2.8814057429460833,3.3496555898824516,0.24782678520261925,0.6023944686403684,0.6513810031865965,0.6522002350727447,0.7051764666811254
559.9076193937041,-51.98017999446638,37.37879643005441,-1.6833430531950782,-2.821166296082033,3.2852127944608616,0.24782678520261925,0.6023944686403684,0.6513810031865965,0.6522210482628793,0.7051974971566444
560.0076193937041,-52.14745914260955,37.10005410764603,-1.6611485868528826,-2.755568064789512,3.217540984554998,0.2253517432448705,0.6543679764263863,0.6920844289216929,0.6522063915938512,0.7051847875348766
560.1076193937041,-52.31245439575366,36.82779987478707,-1.6387876298978878,-2.6893715332372707,3.1493402705476785,0.22318165621813513,0.6639833109489411,0.7004883217377632,0.6522125309454523,0.7051918734409593
560.2076193937041,-52.47522995625026,36.56231777937503,-1.6166208779328917,-2.6204612332355035,3.079006355605433,0.2235985514728832,0.6942644131069132,0.7293828812958653,0.652215532662257,0.7051958985425939
560.3076193937042,-52.63576336977422,36.303767607196185,-1.5939171878279554,-2.5503193621278095,3.0074409138829936,0.2307618690865565,0.7069565036967915,0.7436656092246788,0.6522211832461475,0.7052023113444412
560.4076193937042,-52.793975528784785,36.05229114816367,-1.5700916727009877,-2.4790753719932015,2.934450981139098,0.24583775021190335,0.7160742040940435,0.7570987156231135,0.65222744946902,0.7052091046681043
560.5076193937042,-52.949755507303855,35.80796398198476,-1.5455078976797918,-2.407467951583781,2.8608559208204833,0.24583775021190335,0.7160742040940435,0.7570987156231135,0.6522522717390307,0.7052332924727673
560.6076193937042,-53.10281855349655,35.57083199938386,-1.516923355492787,-2.335528225121871,2.7849144613040475,0.2880093340242127,0.7157464304476514,0.7715194937158912,0.6522411649772245,0.7052229115334052
560.7076193937042,-53.253070842375735,35.34085790902386,-1.488122422090359,-2.2639535820770895,2.709242359946367,0.2880093340242127,0.7157464304476514,0.7715194937158912,0.6522662646008852,0.7052466059254713
560.8076193937043,-53.40012457459931,35.11792657630157,-1.4545535753188146,-2.1943098177496547,2.632626384382195,0.3352547294190079,0.6921198567651202,0.7690420207806481,0.6522547929167241,0.7052350117052206
560.9076193937043,-53.54390365848413,34.90195619381038,-1.4210281023769062,-2.1250978320731266,2.5564353431344227,0.3352547294190079,0.6921198567651202,0.7690420207806481,0.6522788740681126,0.7052567930222601
561.0076193937043,-53.68404708788914,34.69261528890677,-1.3833216523949223,-2.0604577106557525,2.481746314872929,0.3758350849498385,0.642724752315991,0.7445449068517657,0.6522655899000736,0.7052425020196259
561.1076193937043,-53.82047520652123,34.4897423953081,-1.3451224974178777,-1.9971970950894309,2.407934959606129,0.38363798615084604,0.6298568874938737,0.7374942732939335,0.6522708690489137,0.7052454342096268
561.2076193937044,-53.952953797195136,34.29296090735394,-1.3045855178407468,-1.9382749161200719,2.336418845973487,0.41053665568342956,0.5771810799459295,0.7082925558745371,0.6522703258073155,0.7052424314197118
561.3076193937044,-54.08133460280754,34.10195977618926,-1.2627929884209612,-1.8823383515606147,2.266681230645605,0.42399219621510165,0.5439428107989335,0.6896688798772564,0.6522694658604243,0.7052388505408613
561.4076193937044,-54.20546709607205,33.916370219428714,-1.2196571099869322,-1.8300452308657746,2.199233733134394,0.43724856732311523,0.5049812297897006,0.6679763110066369,0.652266092657265,0.7052327583581376
561.5076193937044,-54.325246564234156,33.73589060249104,-1.1759322532546108,-1.779547107886793,2.132980209339204,0.43724856732311523,0.5049812297897006,0.6679763110066369,0.6522782162098144,0.7052415045862296
561.6076193937045,-54.44051719625931,33.55999119852749,-1.1302043154121817,-1.7360446074835685,2.071524239237643,0.4566120255137636,0.4360330111271422,0.63136307196128,0.6522515952152101,0.7052137100298146
561.7076193937045,-54.551254567672984,33.38856690283473,-1.084543112860795,-1.6924413063708443,2.010122219956795,0.4566120255137636,0.4360330111271422,0.63136307196128,0.652259076304033,0.7052190186581615
561.8076193937045,-54.65730214013254,33.2210714849613,-1.037030193260966,-1.6552753350147473,1.9532967149010056,0.47494771748614484,0.37230523878787186,0.6034786865948069,0.6522288702607003,0.7051894374497828
561.9076193937045,-54.758630420871235,33.057405477653724,-0.9895354215123409,-1.6180448111359516,1.8966416006382394,0.47494771748614484,0.37230523878787186,0.6034786865948069,0.6522345675313556,0.7051953817441717
562.0076193937045,-54.85510127347586,32.89705463351367,-0.9404521642953787,-1.5868991223896542,1.8446406419595436,0.49025429783230656,0.3121868596959946,0.5812141704310851,0.6522052514226713,0.7051697419221213
562.1076193937046,-54.9466860905839,32.73988718428842,-0.8912009217178802,-1.5566328284285134,1.7936958620156742,0.4931145360260014,0.3001147050411528,0.5772614501437601,0.6521992585103004,0.705168436135689
562.2076193937046,-55.033300414990485,32.58554417344188,-0.8411511438300622,-1.5300350881062137,1.746007622435484,0.5017046448228464,0.2572060696049403,0.5637929698731972,0.6521952307441866,0.7051715117602004
562.3076193937046,-55.11490236092987,32.43378259110051,-0.7908571850362173,-1.5056279898636904,1.7006971308802712,0.503520422727055,0.2328779484492954,0.5547656757381307,0.6522021333193437,0.7051878484434744
562.4076193937046,-55.19147338295611,32.284330876071095,-0.740616355164247,-1.483818693274118,1.6583818921003946,0.5002795234826992,0.20570193767445155,0.5409185602094835,0.6522217010599957,0.7052193873580181
562.5076193937047,-55.26303362085514,32.13697751643202,-0.6905884028159657,-1.4632484995066681,1.6180261164185274,0.5002795234826992,0.20570193767445155,0.5409185602094835,0.6522761701413232,0.7052875200355011
562.6076193937047,-55.32973002541967,31.991369846894752,-0.6429175790833905,-1.4472926979108012,1.5836663685639008,0.47115040353889837,0.1605897343412902,0.49776677825129406,0.6523159051853452,0.7053450746027234
562.7076193937047,-55.39166603131033,31.847443525775347,-0.5958025387294901,-1.4312337244766684,1.5502937267614358,0.47115040353889837,0.1605897343412902,0.49776677825129406,0.6524181300063167,0.7054656276941483
562.8076193937047,-55.44925283323968,31.704847374919336,-0.554382762145917,-1.419275916206795,1.5237074434710798,0.4091061155909974,0.12027607846675181,0.4264201553225349,0.6525153934747152,0.705584760754668
562.9076193937047,-55.50264557887633,31.563521163690954,-0.513472150586808,-1.407248308360117,1.4979991491354903,0.4091061155909974,0.12027607846675181,0.4264201553225349,0.6526852212045418,0.70577611759491
563.0076193937048,-55.55250032044999,31.423148901690013,-0.4810522730469842,-1.398928243582266,1.4793280637153594,0.32043907076256695,0.0836446223026035,0.3311761176644877,0.6528594578319784,0.7059742918743319
563.1076193937048,-55.59907131198498,31.28365040639566,-0.45069514719339554,-1.3911557534463974,1.4623407421154244,0.298999738683147,0.07613494601721296,0.30854071649886683,0.6530987292872138,0.7062365804542295
563.2076193937048,-55.64299237358379,31.14480062466882,-0.4274496818675427,-1.3857245085498873,1.4501536622456568,0.2131539717225463,0.0485679135971524,0.21861714912667882,0.6533819131638876,0.706542168670742
563.3076193937048,-55.68476726004505,31.006442646080476,-0.4089973522354893,-1.3817102088655489,1.440972565810647,0.1597167388206564,0.033044186444890294,0.16309921801563135,0.6537168320542439,0.7068977941797107
563.4076193937049,-55.72499080027196,30.868404208511897,-0.3964414465920439,-1.3793054708918802,1.4351478678548295,0.09611382108579797,0.016712127959410072,0.09755594202632907,0.654101760057461,0.707301009517458
563.5076193937049,-55.76415437582575,30.730557222062476,-0.3868300644834619,-1.3776342580959389,1.430913571068437,0.09611382108579797,0.016712127959410072,0.09755594202632907,0.6545538651464626,0.7077673826777543
563.6076193937049,-55.80314294359592,30.592705852110367,-0.38896378715248475,-1.3784552854683807,1.4322820259123963,-0.020172973770932745,-0.00660499628093783,0.0212267483763751,0.6550130881322059,0.7082388112926621
563.7076193937049,-55.842140187180036,30.454827298582092,-0.3909810845295785,-1.3791157850964748,1.4334666222700099,-0.020172973770932745,-0.00660499628093783,0.0212267483763751,0.6555487772779439,0.7087807470744959
563.807619393705,-55.882057476446484,30.316772850463487,-0.4036281393051619,-1.3813452450625288,1.439107487610222,-0.12342329807747454,-0.020654902661938923,0.12513966402502166,0.6560764634273426,0.7093120204211497
563.907619393705,-55.9230374068674,30.178535051443895,-0.4159704691129122,-1.383410735328723,1.4445956852340294,-0.12342329807747454,-0.020654902661938923,0.12513966402502166,0.6566618352735429,0.7098948021013658
564.007619393705,-55.96583658967642,30.040045267642167,-0.4369014881664898,-1.3861185361324595,1.4533435610935515,-0.2055854847297336,-0.026566905494915805,0.20729493963706716,0.6572147017154625,0.710442875674497
564.107619393705,-56.0106012504825,29.90129632585195,-0.4586111722975929,-1.3888817352784737,1.462640311883382,-0.2201487932218016,-0.027933202100129728,0.221913845752315,0.6577802613119731,0.710999206196032
564.207619393705,-56.05776772818665,29.76223683400333,-0.48444938277844835,-1.3923373702647133,1.4742098076970171,-0.26694336602575164,-0.037987816180224065,0.2696327777613488,0.6583160195095022,0.7115234367218267
564.3076193937051,-56.1075907531646,29.622794154684353,-0.5124290447893379,-1.3967278182734624,1.4877607752198132,-0.29057953832893046,-0.049752600106023004,0.2948080550337189,0.6588113650175621,0.712005738191832
564.4076193937051,-56.16033768824002,29.482835873377066,-0.5429104189787519,-1.4027650095938167,1.5041613594213967,-0.31698971861851677,-0.07090752146880686,0.324823580287355,0.6592467780004807,0.7124279554629335
564.5076193937051,-56.216213678730995,29.34220483481031,-0.5746093908406108,-1.4098557617406988,1.5224549980067272,-0.31698971861851677,-0.07090752146880686,0.324823580287355,0.6596251067694201,0.7127932746672389
564.6076193937051,-56.27559362874733,29.200503642489164,-0.6113664924526137,-1.4225608815377961,1.5483696101949957,-0.36866805068021025,-0.13072896811079504,0.3911600627564876,0.6598741778878838,0.7130336315563881
564.7076193937052,-56.33857361824601,29.0575939094948,-0.6482332975206431,-1.4356337783488786,1.5751986393946522,-0.36866805068021025,-0.13072896811079504,0.3911600627564876,0.6600588815243935,0.7132111446373551
564.8076193937052,-56.405627755713965,28.912898107416922,-0.6909653108885091,-1.4559312768901909,1.6115734373209172,-0.42814510986176413,-0.20347291488267016,0.4740352963539661,0.6600964303800576,0.7132474370356586
564.9076193937052,-56.47686501235214,28.766287615153455,-0.7337798218746953,-1.4762785683784625,1.6485846167073204,-0.42814510986176413,-0.20347291488267016,0.4740352963539661,0.6600579512053655,0.7132103025226794
565.0076193937052,-56.55277958622614,28.617174544763493,-0.7824637162935865,-1.503557120319455,1.6949730031417323,-0.48523694827090136,-0.27094491414420524,0.5557571794118976,0.6598741744815935,0.7130336322846773
565.1076193937052,-56.6334855726412,28.465423630175007,-0.8318130809035893,-1.5316522935272419,1.742949152967344,-0.4956770862437566,-0.2836105718733693,0.5710785675416651,0.6596075851063444,0.7127766477543908
565.2076193937053,-56.71928483811127,28.310663012470314,-0.8839316732001675,-1.5633054846388081,1.795900676871699,-0.525209015713778,-0.32319239741731387,0.6166829298232491,0.659246774887423,0.7124279611287815
565.3076193937053,-56.810321805352366,28.152684764812236,-0.9369473432139029,-1.5965447767041,1.851168697870817,-0.5333275745449547,-0.3394527402714056,0.6321917941952193,0.6588113623085031,0.7120057470229418
565.4076193937053,-56.90668801707742,27.991307470481146,-0.9903696232801403,-1.6311622188977137,1.9082772794002867,-0.5333123908643627,-0.3504383935696128,0.6381451041394218,0.6583160208066963,0.7115234523748406
565.5076193937053,-57.00839154135978,27.826439056623492,-1.0437008623665887,-1.6662060582546832,1.96610124832608,-0.5333123908643627,-0.3504383935696128,0.6381451041394218,0.6577944486928934,0.7110127707317868
565.6076193937054,-57.115312533433645,27.658040997238935,-1.0950446505748335,-1.7013605208303204,2.023301858001563,-0.5085362965904818,-0.34619450223753145,0.6151908633338556,0.6572147105780255,0.7104429054314851
565.7076193937054,-57.227359679974114,27.486173972644675,-1.1458982802338933,-1.7359799710540813,2.0800743564939985,-0.5085362965904818,-0.34619450223753145,0.6151908633338556,0.6566590792042937,0.7098922038662373
565.8076193937054,-57.34419165227287,27.31103082051559,-1.1920295477944207,-1.7675678113375755,2.131954598599998,-0.4569976759083487,-0.3110956264687834,0.5528357482956732,0.6560764830365735,0.7093120677998112
565.9076193937054,-57.46567959543188,27.132718561249447,-1.237729315385266,-1.7986773739844608,2.183395097971898,-0.4569976759083487,-0.3110956264687834,0.5528357482956732,0.6555465692119815,0.7087786318496686
566.0076193937055,-57.59126518805333,26.95166278129561,-1.2761545777310637,-1.8240721161412485,2.226164771787561,-0.38063708165928756,-0.24991409490703378,0.45534782613657115,0.655013124308992,0.7082388810627642
566.1076193937055,-57.720724677679925,26.76805662978327,-1.312749912343435,-1.8478054278732818,2.2666488990656797,-0.3619715596312635,-0.23390442704775294,0.4309694780079291,0.6545369096369011,0.7077512296195354
566.2076193937055,-57.85350516564526,26.582375006901398,-1.3430826587863867,-1.8659996655732118,2.2990923818437676,-0.2857334435609832,-0.1657944721506962,0.3303504317614032,0.6541018202443549,0.7073011062156603
566.3076193937055,-57.989153810195525,26.395026682793294,-1.3690042333905188,-1.880157173311968,2.325760862040122,-0.2359258562681804,-0.12029646430071739,0.26482494025134395,0.6537169057663635,0.7068979041685208
566.4076193937055,-58.12711550025753,26.206516724750635,-1.389275844893661,-1.8891878315012796,2.3450198369944557,-0.17340652716720906,-0.06427040204957668,0.1849337942178396,0.65338200184208,0.7065422920279201
566.5076193937056,-58.266910117382764,26.017276589590217,-1.4066164976103859,-1.8956148717062387,2.3604926844164478,-0.17340652716720906,-0.06427040204957668,0.1849337942178396,0.6531145267982682,0.7062516050510914
566.6076193937056,-58.4076046139209,25.828087676581593,-1.4112902945124326,-1.8917038552409804,2.3601448623587866,-0.043616673189952326,0.03735719214104072,0.05742798955928843,0.6528595736991615,0.7059744344307096
566.7076193937056,-58.54895172673813,25.639104077018157,-1.4156519618314287,-1.8879681360268754,2.3597657001681265,-0.043616673189952326,0.03735719214104072,0.05742798955928843,0.6526850312758051,0.7057758951483051
566.8076193937056,-58.68978583281476,25.451087713117154,-1.405712992082277,-1.875540405036299,2.343860240507661,0.10022060658243753,0.1197851110119521,0.15618144193180383,0.6525155292724346,0.7055849086761717
566.9076193937057,-58.829856028990115,25.26413259816854,-1.395690931424031,-1.863561893935101,2.3282646130941087,0.10022060658243753,0.1197851110119521,0.15618144193180383,0.652418156038992,0.7054656167561166
567.0076193937057,-58.96798036952889,25.078769988675397,-1.3716265266824168,-1.8459547890069647,2.299762685964928,0.2381515764888129,0.17019764581178753,0.29271729027165716,0.652316050113777,0.7053452117218413
567.1076193937057,-59.103866483488595,24.895045248852163,-1.3456890436340936,-1.828451224983607,2.2702671394135305,0.26503660692254627,0.1762614041184959,0.3182962230232084,0.6522601812687571,0.7052722739587113
567.2076193937057,-59.2367174318499,24.713136382455126,-1.311791473897798,-1.8099476950256723,2.235331637524889,0.3568345200113674,0.18303130413922641,0.40103781987070614,0.6522218413098531,0.7052194981128721
567.3076193937057,-59.36602319008287,24.53304489492855,-1.2734613092909841,-1.7920432854816286,2.198436454233075,0.40555543772671565,0.17426877471140267,0.44141230036001666,0.652202264825342,0.7051879408744102
567.4076193937058,-59.49123724482908,24.35467598031633,-1.230012898901359,-1.7756701980963079,2.160077865233359,0.4588035044047337,0.15276921730510895,0.48356911544274633,0.6521953488648812,0.7051715834477733
567.5076193937058,-59.611944517197216,24.177872806593182,-1.1841325484608751,-1.7603932763657935,2.1215924160399755,0.4588035044047337,0.15276921730510895,0.48356911544274633,0.6522154836237658,0.7051838432453071
567.6076193937058,-59.727433055187085,24.002202010677813,-1.128845151950741,-1.751328581717266,2.0836130106674084,0.5518528406070726,0.08515237344568893,0.5583838145841346,0.652205330245846,0.7051697712033962
567.7076193937058,-59.837558306179154,23.827494914373272,-1.073659867890021,-1.7428133443726952,2.046984090128977,0.5518528406070726,0.08515237344568893,0.5583838145841346,0.6522345816964001,0.705195369394793
567.8076193937059,-59.941576087923195,23.653045488020283,-1.0097220794891737,-1.74337705438243,2.014671742878998,0.6375481536069428,-0.008808351845663642,0.6376089987052088,0.6522289021477531,0.7051894410891949
567.9076193937059,-60.0393605551041,23.47866374082277,-0.9459672641284648,-1.7442578895669967,1.9842604794026932,0.6375481536069428,-0.008808351845663642,0.6376089987052088,0.6522590214648082,0.7052189759871975
568.0076193937059,-60.13027373591633,23.303500649849443,-0.8749538463699819,-1.7555596175606223,1.9615131414515745,0.7063936327015503,-0.11308645997246147,0.715388364282224,0.6522515955674822,0.7052137379494933
568.1076193937059,-60.21420053928053,23.12731071973638,-0.8034114435301437,-1.768564999157673,1.94249635877156,0.7177955057797683,-0.13459446953623244,0.7303054561944428,0.6522620349880681,0.7052261744497424
568.207619393706,-60.29080570264802,22.949460568545792,-0.7289553587908857,-1.7880847779195543,1.9309642897106023,0.7486485229630395,-0.21039853463249075,0.7776516921541675,0.6522661111052932,0.7052329018148041
568.307619393706,-60.35993861390192,22.76952462911922,-0.6535426124318139,-1.8113641548965345,1.925657822124231,0.757900545519931,-0.2516264912724515,0.7985794437684294,0.6522695244180529,0.7052390990786048
568.407619393706,-60.421493969698226,22.58704280873291,-0.5775294926272504,-1.838938936274369,1.9274949354538387,0.7605885746034879,-0.2956762148767824,0.8160388494803582,0.652270452531144,0.7052428231854545
568.507619393706,-60.475443976087945,22.401670534031044,-0.5014706351668843,-1.868506557762054,1.9346290482504596,0.7605885746034879,-0.2956762148767824,0.8160388494803582,0.6522871672918964,0.7052613119723087
568.607619393706,-60.521865215139904,22.212851288962494,-0.4268697096326905,-1.9053083953855676,1.9525413774178062,0.7397935086024432,-0.36576201759618854,0.8252734630935056,0.6522659586353066,0.7052433098871509
568.7076193937061,-60.56085321856017,22.020491639335912,-0.35289035877242936,-1.9418845971451948,1.9736887783904253,0.7397935086024432,-0.36576201759618854,0.8252734630935056,0.65227934185105,0.705257792447678
568.8076193937061,-60.592774624947836,21.824061893691976,-0.28417480353452934,-1.9845854389748705,2.0048278438696348,0.6815050972701584,-0.4258333773258567,0.8036064104086985,0.65225557699293,0.7052364225237888
568.9076193937061,-60.617784579814945,21.623474182907817,-0.216024293807498,-2.027168776707466,2.038646547288831,0.6815050972701584,-0.4258333773258567,0.8036064104086985,0.6522672662288714,0.7052483179663986
569.0076193937061,-60.63651650267753,21.418254392750192,-0.15612592534358938,-2.075340857151848,2.081205174394913,0.5952190895149637,-0.48148400333212393,0.765579917440205,0.6522425618001251,0.705225103200769
569.1076193937062,-60.64921920671792,21.208275353678815,-0.09824729044419513,-2.1244197093332637,2.126690299851686,0.5743327875771741,-0.49329514584790907,0.7570985746937299,0.6522378921118988,0.7052205390544838
569.2076193937062,-60.656511157723365,20.993181932506328,-0.04733479759783657,-2.177286173772192,2.177800648719524,0.48980211502699067,-0.5386176221423364,0.7280213285111763,0.6522296458512312,0.7052122018381427
569.3076193937062,-60.65889242048767,20.772710099100124,-0.0012602549390345066,-2.232650755033126,2.2326511107184883,0.4352653754776391,-0.5667699779049461,0.7146216865895292,0.6522238319245094,0.7052058761135865
569.4076193937062,-60.65697156661481,20.546544772735295,0.038634217289202494,-2.2911894317520507,2.291515135214654,0.3668904758086115,-0.6017555061362582,0.7047824560844101,0.6522186518465151,0.7051999168767379
569.5076193937062,-60.65127369250684,20.314417052029356,0.07532326487007199,-2.3513649823656904,2.3525711199719956,0.3668904758086115,-0.6017555061362582,0.7047824560844101,0.6522322396097603,0.7052116513734265
569.6076193937063,-60.64281455678506,20.075817384426724,0.09826969092816805,-2.4183682235658472,2.4203639802534145,0.2270287944182096,-0.6700426934107152,0.7074597405422243,0.652210433100072,0.7051895816223429
569.7076193937063,-60.631852443720156,19.83063034860303,0.12097257036999418,-2.4853724929069343,2.488314849708604,0.2270287944182096,-0.6700426934107152,0.7074597405422243,0.6522254871234399,0.7052025496434047
569.8076193937063,-60.61960887671732,19.578310112002917,0.12880680152568488,-2.5587600141095983,2.562000000375767,0.07786656788281121,-0.7314064399855867,0.7355396541630085,0.6522050205953339,0.7051816983132496
569.9076193937063,-60.606338863725334,19.31877707839197,0.1365934583139678,-2.6319006581081736,2.635442818010743,0.07786656788281121,-0.7314064399855867,0.7355396541630085,0.6522213061773509,0.7051958767789528
570.0076193937064,-60.59327778373594,19.05162323059173,0.1296123572072342,-2.709413370433119,2.7125117833887042,-0.06883112969968241,-0.7703966774807101,0.7734654259170552,0.6522018759112078,0.7051761278352444
570.1076193937064,-60.580756938381,18.776815648992034,0.12034571250923004,-2.7868013778594145,2.7893986825404657,-0.09905920533382073,-0.774749286530079,0.7810564532351261,0.6522028442904436,0.7051759078500964
570.2076193937064,-60.56967395154876,18.494229514450627,0.1018020196768364,-2.864736332152468,2.8665445930535705,-0.20739397248296287,-0.77659270896224,0.8038087430698763,0.6522001810747391,0.7051723607697197
570.3076193937064,-60.560638914113525,18.20388851332735,0.07785388419450609,-2.9418887486946566,2.9429187275526965,-0.26640083332176445,-0.7659068036028394,0.8109146908273699,0.6521996164573239,0.7051709661822844
570.4076193937065,-60.55430936786457,17.90590949583115,0.04779627209126464,-3.0173306417995693,3.0177091784279715,-0.32860519892462814,-0.7426845297460593,0.8121340329554103,0.6521991319868495,0.7051698216563919
570.5076193937065,-60.55117276665007,17.600463009002393,0.01493575219879436,-3.091599094774192,3.091635172445537,-0.32860519892462814,-0.7426845297460593,0.8121340329554103,0.6522167409433217,0.7051860945474552
570.6076193937065,-60.55199188129974,17.28800515096613,-0.027703437500016193,-3.15936008454517,3.1594815435869505,-0.42096263079453866,-0.6722882300965379,0.7932093045670825,0.6521981972033831,0.7051681507058686
570.7076193937065,-60.55686703820372,16.968707701361055,-0.06979970057947962,-3.226588907554839,3.227343795841545,-0.42096263079453866,-0.6722882300965379,0.7932093045670825,0.6522158229317307,0.7051848686790166
570.8076193937065,-60.56640044508116,16.643299408633787,-0.11836533040170179,-3.2844377919572776,3.2865699385040177,-0.48062243069725197,-0.5746213027880973,0.7491245307071616,0.6521973152135964,0.7051674192744826
570.9076193937066,-60.58064009027482,16.311982522924044,-0.1664275734714379,-3.3418999222361006,3.3460414264400917,-0.48062243069725197,-0.5746213027880973,0.7491245307071616,0.6522151275517147,0.705184806029241
571.0076193937066,-60.59995227236338,15.975670472109513,-0.21833127440543645,-3.3879938283584643,3.395021461843584,-0.5162541185243893,-0.4591924505476322,0.6909240345604818,0.6521970162666278,0.7051682524020403
571.1076193937066,-60.62438556863362,15.634655477382013,-0.2704239443096764,-3.431921870086193,3.442559633765538,-0.5221692049773514,-0.43392536705545126,0.6789343876994944,0.6521993658188288,0.7051714584735853
571.2076193937066,-60.65412428647414,15.289681554464451,-0.32424730502697674,-3.4679471393350076,3.483072447716114,-0.5420467131267543,-0.34092951426757834,0.6403495708675417,0.6521984574355509,0.7051718413989497
571.3076193937067,-60.68927819817499,14.94127744090219,-0.37901156363955,-3.499208349416058,3.5196745358052,-0.5522598204359992,-0.2886295557722094,0.6231355628860105,0.6522003496336722,0.7051751718531482
571.4076193937067,-60.729960689045406,14.590026528712334,-0.4347818460505553,-3.524938108942377,3.5516508732601224,-0.5618109403173311,-0.23112679986856244,0.6074957862221978,0.6522033623084323,0.7051798406605796
571.5076193937067,-60.77624792835206,14.236377083818672,-0.4909629400823012,-3.5480507889292383,3.581858317878535,-0.5618109403173311,-0.23112679986856244,0.6074957862221978,0.6522258364654717,0.7052032929911759
571.6076193937067,-60.82821908205163,13.881066096355298,-0.5479663590371234,-3.5616090922101304,3.603515846551846,-0.5665501234983827,-0.1396002737593367,0.5834957402327069,0.6522138283355599,0.7051941246789859
571.7076193937068,-60.885848468572846,13.524207185765407,-0.6046213713869746,-3.575569119586067,3.6263289331878523,-0.5665501234983827,-0.1396002737593367,0.5834957402327069,0.6522399186739234,0.7052214124117374
571.8076193937068,-60.949054075538726,13.166434131517148,-0.6597195534298012,-3.5825024357772715,3.6427398468086767,-0.5466790394775725,-0.07322157679570673,0.5515608502355572,0.6522319721298268,0.7052163957320532
571.9076193937068,-61.01775942607911,12.80781778005536,-0.7143874573775708,-3.589824593456844,3.6602172136426527,-0.5466790394775725,-0.07322157679570673,0.5515608502355572,0.6522625760022263,0.7052481353220291
572.0076193937068,-61.0916753330296,12.448806882074667,-0.7650227828424936,-3.5922360429512645,3.6727945282231937,-0.5026480029772197,-0.02716546750704163,0.5033815426908929,0.6522594166031392,0.7052476693705214
572.1076193937068,-61.17065275544135,12.089471439403406,-0.8143404839065468,-3.5943606788356672,3.685455075467499,-0.49058958456422536,-0.01968869662227335,0.4909845061278239,0.6522787956330042,0.7052685298746273
572.2076193937069,-61.254332855534855,11.730036080472985,-0.8593665059059954,-3.594505001295622,3.6958053243930906,-0.436936636057918,0.001900509430065922,0.4369407692876727,0.652296671457506,0.7052877101419659
572.3076193937069,-61.342386376156504,11.370611759032853,-0.9010086376615389,-3.5938292310177697,3.7050539951340085,-0.39794486328597706,0.010572473603691845,0.3980852815839788,0.6523186784803987,0.7053104770169961
572.4076193937069,-61.43437821136402,11.011297374598403,-0.938011051926863,-3.5923451467569416,3.712789838782299,-0.34459012080437995,0.018147321017100815,0.3450676406388679,0.6523425232182797,0.7053345453846278
572.5076193937069,-61.52990226716075,10.652153596527713,-0.9724700640073088,-3.5905304146552313,3.7198933699710595,-0.34459012080437995,0.018147321017100815,0.3450676406388679,0.6523858438815301,0.7053766247516403
572.607619393707,-61.628106744138265,10.293268909100366,-0.9952134724902406,-3.587549091181596,3.7230307999617707,-0.22289841550394074,0.030074854060438527,0.22491820842458282,0.6523935866267697,0.7053842058690486
572.707619393707,-61.728742583464836,9.934664374252428,-1.0175033140406398,-3.5845416057755517,3.726157741913197,-0.22289841550394074,0.030074854060438527,0.22491820842458282,0.6524375642749792,0.7054256437776625
572.807619393707,-61.83066890225844,9.576464912800226,-1.0255046812679076,-3.5798896339750765,3.723878306650823,-0.07572392784508786,0.048244925404876904,0.08978689256016276,0.65244422029986,0.7054308719300267
572.907619393707,-61.93359799002448,9.218717174029663,-1.0330770740524182,-3.575065141434588,3.7213356481824396,-0.07572392784508786,0.048244925404876904,0.08978689256016276,0.6524852971461199,0.7054682456213504
573.007619393707,-62.036174503574046,8.861634791138503,-1.023830632932185,-3.5673853866847822,3.7113969960194844,0.09559040789014794,0.07900388527432853,0.12401266051917491,0.6524870396114442,0.7054676106941975
573.1076193937071,-62.13795844268651,8.505317119075313,-1.0112679869244088,-3.5588425503636105,3.699732860580168,0.13371437638443429,0.08718169216508724,0.15962512928936406,0.6525050013870001,0.7054820000656764
573.2076193937071,-62.23782936510068,8.150007867986933,-0.9867450875624383,-3.54742150838352,3.6821006539705854,0.2743051108204193,0.12289161637518536,0.3005755199571453,0.6525142291003166,0.7054878413914787
573.3076193937071,-62.334990297463214,7.795923828782034,-0.9551032593793385,-3.5338170192668206,3.6606126484151353,0.35168702439287103,0.14772046888538953,0.38145130757939627,0.6525199269326205,0.7054903365491983
573.4076193937071,-62.4285815755875,7.443341023233387,-0.9155147432146017,-3.5173500574303755,3.6345451808374545,0.43161508969946727,0.17974106619196917,0.4675451171086113,0.6525197485529413,0.7054875521578051
573.5076193937072,-62.517974974460486,7.0925047228212295,-0.8723532342446452,-3.499375950811175,3.606470880294572,0.43161508969946727,0.17974106619196917,0.4675451171086113,0.6525318295152045,0.7054970945989352
573.6076193937072,-62.6022438626871,6.7438988414257395,-0.8175707129285171,-3.4748225929108676,3.569707820374414,0.537447448264555,0.24718484170244992,0.5915658083540214,0.6525022936268975,0.7054680744025443
573.7076193937072,-62.68131369673864,6.3976525063430865,-0.7638259681020494,-3.450104108740617,3.533645210076405,0.537447448264555,0.24718484170244992,0.5915658083540214,0.652504753872762,0.7054709654985636
573.8076193937072,-62.75463391661773,6.054366332815119,-0.7049931122803865,-3.418047610681391,3.489994950891412,0.5778154651722538,0.320589108766117,0.660793529365778,0.6524685769950413,0.705438965257733
573.9076193937073,-62.82224415051992,5.714164517290734,-0.647211565763148,-3.3859886998047717,3.4472891213333403,0.5778154651722538,0.320589108766117,0.660793529365778,0.652468653667179,0.7054437779490854
574.0076193937073,-62.884096927861506,5.377632568057788,-0.590165209863929,-3.3470888453804095,3.3987201582071593,0.5621436992516773,0.38632783055180286,0.6820958373038372,0.652435959248316,0.7054200973259791
574.1076193937073,-62.94033210298815,5.044891755782713,-0.5346852375933305,-3.307557004450142,3.350495730632623,0.5527382193778354,0.3976855959029051,0.6809356594786535,0.6524305649474246,0.7054254715637666
574.2076193937073,-62.991221501115035,4.716274415950206,-0.4830713089402973,-3.26504038601725,3.3005827685190634,0.5027125050202808,0.4298499081733564,0.6614308779157567,0.6524332386039545,0.7054418866673107
574.3076193937073,-63.037081294891635,4.391942015212445,-0.43480127036706134,-3.2214156462095014,3.25062623356734,0.4647645331669418,0.4408645154638158,0.6405994007841643,0.6524549715974288,0.7054800305543345
574.4076193937074,-63.07833167087842,4.07201853155091,-0.39097453692543827,-3.1769816449445116,3.2009488375852553,0.41451543298255883,0.44601355954497657,0.6088933728319751,0.6524994911269184,0.7055435685966375
574.5076193937074,-63.115356547406066,3.756550434854112,-0.34952299362717293,-3.1323802889900034,3.1518205212110666,0.41451543298255883,0.44601355954497657,0.6088933728319751,0.6525908028398735,0.7056553753000951
574.6076193937074,-63.1489267282474,3.445519391815791,-0.31857557454169927,-3.0883214293271286,3.1047092694060314,0.3066144437112365,0.43670366756711876,0.5335939564490246,0.6526807682423218,0.7057694130756581
574.7076193937074,-63.17925121348303,3.1388707672208445,-0.28791413017056866,-3.0446510625704066,3.05823390851043,0.3066144437112365,0.43670366756711876,0.5335939564490246,0.6528476390587923,0.7059600082082159
574.8076193937075,-63.20730948377336,2.836419148784574,-0.26939140488073027,-3.0036741153451967,3.01573041239073,0.18234403892285372,0.4070822829128873,0.4460553032890285,0.6530242743047453,0.7061626846069401
574.9076193937075,-63.23333690406682,2.5380871486645518,-0.2511570009884408,-2.9629658870538984,2.9735915467647205,0.18234403892285372,0.4070822829128873,0.4460553032890285,0.6532882492032474,0.7064508844465526
575.0076193937075,-63.2584583089364,2.243567683330868,-0.2468045876742852,-2.9261706381262265,2.9365604212971883,0.041325893707952005,0.3674340767790452,0.369750767773686,0.6535699577521871,0.706757482482675
575.1076193937075,-63.28303122698309,1.9527611980538535,-0.245128201793208,-2.8900852941738906,2.900462177466646,0.010149875446147594,0.3590960412773288,0.35923945611892544,0.6539286125014093,0.7071382105111609
575.2076193937075,-63.30797412582851,1.6654275058155403,-0.2532437200035671,-2.8564318647601423,2.867635852010912,-0.1049572835877988,0.3315469254546708,0.34776341837026886,0.6543400804321722,0.7075691660547352
575.3076193937076,-63.33393940130327,1.3814180435588224,-0.267182230569624,-2.82398107741328,2.836592228347323,-0.16823567008430895,0.318845793866704,0.3605078098394057,0.654808695502494,0.7080536308781638
575.4076193937076,-63.361630771901815,1.1005900791976466,-0.2876407592432201,-2.792753664982351,2.807527424558907,-0.23409771339790864,0.30715646261167895,0.38619532874213935,0.6553282211809894,0.7085848064753656
575.5076193937076,-63.391565336393136,0.822850495012407,-0.31105053058301624,-2.7620380187211757,2.7794975174367713,-0.23409771339790864,0.30715646261167895,0.38619532874213935,0.6559110036960487,0.7091736966497793
575.6076193937076,-63.42451567926087,0.5480712554001269,-0.3441817508025278,-2.7329306242801725,2.7545182654529463,-0.323013668153993,0.29215867801037726,0.4355393471904338,0.6564900964393321,0.7097558092751751
575.7076193937077,-63.4605489226819,0.2762389863621001,-0.3764831176179344,-2.7037147564791284,2.729800912567492,-0.323013668153993,0.29215867801037726,0.4355393471904338,0.6571302482910911,0.7103923920173152
575.8076193937077,-63.50013052008287,0.007253101462004553,-0.4130657612976491,-2.675594082449505,2.707291454054257,-0.3559958404661945,0.2818661907737575,0.4540722276582664,0.6577392927223319,0.7109953288280917
575.9076193937077,-63.54321707541497,-0.2588969758291373,-0.44866534534427666,-2.6474074633721223,2.6851567680921935,-0.3559958404661945,0.2818661907737575,0.4540722276582664,0.6583785037907461,0.7116228729836063
576.0076193937077,-63.58979089976807,-0.5222738778053296,-0.48269909089152263,-2.6198400438469682,2.6639369864340985,-0.3308868452275737,0.2770754675187286,0.43157492865709696,0.6589511149221587,0.7121830490498707
576.1076193937078,-63.6396762548383,-0.782871676787159,-0.5148136410845148,-2.5921100222322835,2.6427386273341043,-0.3184200284903449,0.27738670591432835,0.42229693245605526,0.6594991229611943,0.712716095371921
576.2076193937078,-63.69250838438394,-1.0406776214102715,-0.5418711887297414,-2.563968895690185,2.6206031525666247,-0.25296040757056537,0.28397273482752516,0.38030183002937346,0.6599769090787803,0.7131790789832892
576.3076193937078,-63.747872536940456,-1.295641315978123,-0.5645118487755979,-2.5351589205822234,2.5972493873356997,-0.20251850330418364,0.2920983039059799,0.3554365812987133,0.6603730440175002,0.7135616542941153
576.4076193937078,-63.8052108716914,-1.5476728767680301,-0.5812353014763096,-2.5052661273740475,2.5718073109488615,-0.13584943814663053,0.3054694077801737,0.3343151640807297,0.6606692347604909,0.7138469911015253
576.5076193937078,-63.86401364902977,-1.7966721424665903,-0.5948202452909758,-2.4747191865960234,2.545200616201894,-0.13584943814663053,0.3054694077801737,0.3343151640807297,0.6608714405471878,0.7140412484078215
576.6076193937079,-63.923293427159734,-2.0424035279677906,-0.5951132498561639,-2.4408611715113477,2.512362043724215,-0.00183094508195214,0.3408430910947532,0.34084800880585964,0.6609151568363016,0.714083445907138
576.7076193937079,-63.98281390687078,-2.2847854296635064,-0.5952963443643592,-2.4067768624018644,2.4793048628610665,-0.00183094508195214,0.3408430910947532,0.34084800880585964,0.6608712718713146,0.7140411446482613
576.8076193937079,-64.04145536086178,-2.5234584320230673,-0.5820638342928403,-2.368096996106484,2.4385819014665544,0.13137052966287038,0.3884688462404202,0.4100807976036751,0.660670825448552,0.7138485013454557
576.9076193937079,-64.09900489164276,-2.758325787402567,-0.5689267813265502,-2.329250111482433,2.397724705705706,0.13137052966287038,0.3884688462404202,0.4100807976036751,0.6603920262661112,0.7135797138905777
577.007619393708,-64.15439272170079,-2.988953324828182,-0.5431906993667389,-2.2850573119107134,2.348732222837491,0.2546684877398626,0.44211772995729115,0.5102196838522567,0.6599793709818071,0.7131812136955401
577.107619393708,-64.20736321040759,-3.2152128409164398,-0.5158632948964122,-2.23996340827386,2.2985976179895493,0.2782247590234769,0.4533014727496979,0.531875212555273,0.6595008576733548,0.7127173227801465
577.207619393708,-64.25722362264258,-3.4367752907322107,-0.4817970445580858,-2.191468434071988,2.2438053145669388,0.35408209064990603,0.4929173294844489,0.6069115426691842,0.6589528832970583,0.7121839450738772
577.307619393708,-64.30356786196295,-3.6534181164252977,-0.4444838865258061,-2.141007401813276,2.1866592372842004,0.3883800925977352,0.5144149029107348,0.6445632541984425,0.6583593667008293,0.7116034118605983
577.407619393708,-64.34601042987512,-3.8649019957351425,-0.4039060591672093,-2.08833415654677,2.1270354143812216,0.4191762123800342,0.5366452643973415,0.6809528888442754,0.6577377701175671,0.7109920215777945
577.5076193937081,-64.38430515472994,-4.071052185067879,-0.3619884379291963,-2.0346696301070235,2.0666194939742226,0.4191762123800342,0.5366452643973415,0.6809528888442754,0.6571226652396586,0.7103825807169976
577.6076193937081,-64.41812996915664,-4.271617386940641,-0.31613379668792874,-1.9778778141488296,2.0029830815836855,0.4538699478043726,0.564887589631998,0.7246350242985724,0.656481492640444,0.7097441561888315
577.7076193937081,-64.44747399908643,-4.466580730407407,-0.2707468019074811,-1.921389055185617,1.9403710295018854,0.4538699478043726,0.564887589631998,0.7246350242985724,0.6558946047241001,0.7091535821511192
577.8076193937081,-64.47218737286886,-4.655799487620917,-0.2242044165385149,-1.863619751109655,1.8770578566259988,0.4610101560994414,0.5746041520515144,0.7366819500854295,0.6553075120097427,0.7085595361038161
577.9076193937082,-64.49230276374222,-4.839288441971665,-0.17810340092856025,-1.8061593359044905,1.8149193833603932,0.4610101560994414,0.5746041520515144,0.7366819500854295,0.6547967619522432,0.7080354871570601
578.0076193937082,-64.50788590268058,-5.017056859307879,-0.1333621138144925,-1.7492179769839125,1.754294440624139,0.44362297459715827,0.5667651861130898,0.7197389247360714,0.6543011720557871,0.7075241217914282
578.1076193937082,-64.51902440880487,-5.189155930216206,-0.08950856347668472,-1.69281830065668,1.6951830526447076,0.4371279076764093,0.5632285276544206,0.7129566480742864,0.6538778752955984,0.7070805907126068
578.2076193937082,-64.52590770594888,-5.355685434117408,-0.04811387729359624,-1.6377371687557174,1.6384437674550252,0.4059433105918777,0.5468790062151478,0.6810775424672005,0.6535061452234353,0.7066861286797703
578.3076193937083,-64.52872932596233,-5.516743531398208,-0.008724278487866437,-1.583610410042413,1.5836344413499706,0.3831826818504401,0.5364246914164916,0.6592271362977815,0.6531911478822454,0.7063465101431389
578.4076193937083,-64.52774059038467,-5.672446235522944,0.028060938422129356,-1.5306322239319503,1.5308894216121551,0.35447537662573947,0.5240296481657712,0.6326609398332584,0.6529290539329835,0.7060589150016048
578.5076193937083,-64.52316211965933,-5.822889309675344,0.06350847608471136,-1.4782292591153612,1.4795928727320067,0.35447537662573947,0.5240296481657712,0.6326609398332584,0.6527343185254268,0.7058377794909964
578.6076193937083,-64.51539941239065,-5.9682496624727674,0.09356252093930752,-1.4281951833073898,1.4312565901846346,0.3009096468293755,0.5002767167404936,0.5838008297935414,0.6525489714468043,0.7056286183869078
578.7076193937083,-64.50453861206257,-6.108567797219836,0.12365348562225191,-1.3781675116333292,1.3837036802105194,0.3009096468293755,0.5002767167404936,0.5838008297935414,0.6524394935773853,0.7054950241596304
578.8076193937084,-64.49100789899605,-6.244038924640923,0.14871162768119997,-1.3304610555297722,1.3387463421010672,0.25180988751856204,0.47740012519203434,0.5397398438002154,0.6523285833205941,0.7053638117699768
578.9076193937084,-64.47487768679034,-6.374698029567969,0.1738926164330619,-1.282721043010558,1.2944542928323233,0.25180988751856204,0.47740012519203434,0.5397398438002154,0.6522827886647304,0.7052983872875263
579.0076193937084,-64.45650880247271,-6.500730069596364,0.19498262450758874,-1.237228634431073,1.2524986697462177,0.21295972733531054,0.4537254512061766,0.5012171490870782,0.6522245098371516,0.7052249372954387
579.1076193937084,-64.43596676541586,-6.622204834910784,0.21575972384395561,-1.1923675672948433,1.211731271350972,0.20640396077323309,0.447198597083283,0.4925334305974924,0.6522048399524208,0.7051919403141742
579.2076193937085,-64.41344505459615,-6.739326055174945,0.23482543097597525,-1.1500314749727563,1.1737612093015624,0.18820147593749637,0.4145683364952237,0.4552874928761705,0.6521952738470614,0.7051720358297209
579.3076193937085,-64.38903282150332,-6.852301540397822,0.2533248334835278,-1.1099491837672075,1.138490518978945,0.18274315401782282,0.38821215845002977,0.4290731176720498,0.6521975791038689,0.7051665904282138
579.4076193937085,-64.36279359606405,-6.961424881011625,0.27141924506430476,-1.0731012952042263,1.106894211910183,0.17992117769525162,0.350170174212609,0.393688685500784,0.6522063518410978,0.7051700811110655
579.5076193937085,-64.33475206566914,-7.066984159661008,0.289411362833834,-1.0380842777829573,1.0776724477862005,0.17992117769525162,0.350170174212609,0.393688685500784,0.6522367807466198,0.7051965602917386
579.6076193937085,-64.30491511638279,-7.169617899561856,0.30740007369911043,-1.0119885796674253,1.0576462975340628,0.1808399897367579,0.255245611044968,0.31281531907134885,0.6522324459062403,0.7051918500675823
579.7076193937086,-64.2732709090642,-7.269540529473396,0.32548407267279034,-0.9864640185629225,1.0387738644589477,0.1808399897367579,0.255245611044968,0.31281531907134885,0.6522638441708631,0.7052226794584823
579.8076193937086,-64.23979684488789,-7.367722380427275,0.3438839265131194,-0.9734070615964964,1.0323649851094359,0.18378951417946054,0.12482299791319174,0.2221696791426742,0.652257553084841,0.7052186945262645
579.9076193937086,-64.20448950466567,-7.464438971597381,0.36226287793106965,-0.9609247618051744,1.02694244754866,0.18378951417946054,0.12482299791319174,0.2221696791426742,0.6522849988078041,0.7052475629185598
580.0076193937086,-64.16734282783226,-7.560934100923677,0.3805885508111147,-0.9640422632585094,1.036448324981566,0.18156151821310776,-0.034833726992278546,0.1848728574778387,0.6522735920112411,0.7052398058080191
580.1076193937087,-64.12838273673,-7.657627147779363,0.3985792989206536,-0.9703684453069514,1.0490378340057664,0.17942862609759808,-0.07092790685060324,0.1929388499848579,0.6522792766734314,0.7052484317105782
580.2076193937087,-64.0876783132834,-7.755583710550352,0.41548058761764844,-0.988248743009125,1.072035305736813,0.164213501468365,-0.2085863650412454,0.26547004679552905,0.6522783270555255,0.7052506088092135
580.3076193937087,-64.04533391646983,-7.855599795586504,0.4311436260159022,-1.0135365245867534,1.1014268531888691,0.1494962949378431,-0.2910353666937886,0.3271860737664893,0.652276813715149,0.7052519462398235
580.4076193937087,-64.00151273585992,-7.9585953777424265,0.4449359767195711,-1.0478479418770996,1.13839946094307,0.12712926867579777,-0.38786765308559523,0.4081705124873315,0.6522731929788158,0.7052508497146799
580.5076193937088,-63.956383491844576,-8.06531951019559,0.4576489035871537,-1.0866347071856681,1.179074851659133,0.12712926867579777,-0.38786765308559523,0.4081705124873315,0.6522859242623956,0.7052648151044875
580.6076193937088,-63.91031453467327,-8.177116481225205,0.4652783960375924,-1.1432866424408594,1.234337203766867,0.07418861945503352,-0.565373337851991,0.5702200999706563,0.6522614023415498,0.7052427737205929
580.7076193937088,-63.86341575197223,-8.294272012158578,0.4726972579830975,-1.1998239762260714,1.2895814327260142,0.07418861945503352,-0.565373337851991,0.5702200999706563,0.6522721917157442,0.7052538084664924
580.8076193937088,-63.8161830623184,-8.418205462349489,0.47393146869932345,-1.2730645773964908,1.358419837622082,0.01116636742543331,-0.7290441881254913,0.7291296976540159,0.6522465266157825,0.7052296303988825
580.9076193937088,-63.768734083611335,-8.549157141029795,0.47504810544186704,-1.3459689962090564,1.427341319110437,0.01116636742543331,-0.7290441881254913,0.7291296976540159,0.6522569783831265,0.7052393726986275
581.0076193937089,-63.721621467872374,-8.688369732068645,0.4693912051467905,-1.4331632408172514,1.5080732668869121,-0.057741357568672824,-0.8663120239822579,0.8682341776675861,0.6522315975864252,0.7052146127160269
581.1076193937089,-63.6750207707476,-8.836095253095051,0.4623837970360111,-1.5217117938992704,1.5904105002965665,-0.07340692160427065,-0.8905539893442715,0.8935742745157855,0.6522267380180565,0.7052090682270644
581.2076193937089,-63.62939617945981,-8.99304782468774,0.45033660351993177,-1.6168250194273308,1.678370102187255,-0.13327797743552428,-0.9623134528033848,0.9714989452982831,0.6522186773024307,0.7052002347336972
581.3076193937089,-63.58509165417333,-9.159595193740083,0.435142109603277,-1.7145907982026516,1.7689460875988268,-0.1677865705906849,-0.9891026699308278,1.0032329863670129,0.6522133279289489,0.7051938188488798
581.407619393709,-63.54249104390742,-9.336037922806367,0.416295249153574,-1.8144842917841897,1.8616269711194584,-0.2057090065974055,-1.004370695197656,1.0252203123071228,0.6522087979781918,0.7051880932701234
581.507619393709,-63.501890064025034,-9.522508205460817,0.3957243484938288,-1.9149213613039782,1.9553827195639084,-0.2057090065974055,-1.004370695197656,1.0252203123071228,0.6522231449128026,0.7052003126950023
581.607619393709,-63.46377084270707,-9.718987800630408,0.368924272384477,-2.014296341999249,2.047802449492131,-0.2650307740036642,-0.9828467185405187,1.0179533306172965,0.6522021319416879,0.7051789016729199
581.707619393709,-63.428203569338635,-9.925331668423084,0.34242119498410456,-2.112581013853323,2.1401520541465917,-0.2650307740036642,-0.9828467185405187,1.0179533306172965,0.6522179778817353,0.7051926598449768
581.807619393709,-63.39558059883346,-10.141037860767254,0.31171191855698643,-2.2033607273870364,2.225300612313313,-0.3028696055211273,-0.8976763535601817,0.9473926502193416,0.6521982637472584,0.7051726789380034
581.9076193937091,-63.36592375500537,-10.36586231527381,0.28142495800486683,-2.293128362743075,2.3103328104419885,-0.3028696055211273,-0.8976763535601817,0.9473926502193416,0.6522152519532743,0.7051877851764785
582.0076193937091,-63.339407639807256,-10.598812752487625,0.24971903809522467,-2.369753639538839,2.382874715568315,-0.31175485404211256,-0.7590886920902051,0.8206136310579036,0.6521964745772337,0.7051690011767939
582.1076193937091,-63.3159875340589,-10.839475528448494,0.21872151416508456,-2.442981296876037,2.452752885564461,-0.3094290149821448,-0.725012274196994,0.7882823815417401,0.652198056253367,0.7051697759796121
582.2076193937091,-63.29559363221272,-11.08685053390836,0.18922683561106662,-2.5049714127986378,2.512108392218334,-0.28757042430781365,-0.589836611888349,0.656204219477826,0.6521959877516795,0.7051672518530417
582.3076193937092,-63.2780709848906,-11.34014820567598,0.16163377302304333,-2.5595113399346796,2.564609868154586,-0.26483724677235043,-0.5070141744903859,0.5720158567838187,0.6521960214252454,0.7051669080027849
582.4076193937092,-63.263166466905176,-11.598445661498415,0.13702151947657398,-2.6049450985747566,2.6085463122950907,-0.2281760554193213,-0.40891101306827304,0.4682654470225649,0.6521961615118467,0.7051668402464413
582.5076193937092,-63.25060519523461,-11.860984726421291,0.11420391393463668,-2.6458361998815936,2.6482997810976503,-0.2281760554193213,-0.40891101306827304,0.4682654470225649,0.6522144353875756,0.7051842055685192
582.6076193937092,-63.239736740912356,-12.12639282164258,0.10053188983814978,-2.668467444831719,2.6703604934542367,-0.13058847962000186,-0.22743836996151323,0.2622623936827654,0.6521966099837275,0.7051673540264399
582.7076193937093,-63.230336494326636,-12.394376757975621,0.08747304187614663,-2.6912112818278757,2.6926324844829277,-0.13058847962000186,-0.22743836996151323,0.2622623936827654,0.6522149883241037,0.7051851218686488
582.8076193937093,-63.22142071722004,-12.663486070732901,0.08696196346493906,-2.6968876902525594,2.698289383466025,-0.0008756776456116389,-0.06034868279904271,0.0603550356384494,0.652197244837365,0.7051686270970915
582.9076193937093,-63.212728899261776,-12.933476583172213,0.08687439570037787,-2.702922558532465,2.704318309306801,-0.0008756776456116389,-0.06034868279904271,0.0603550356384494,0.6522157716975833,0.7051867891563388
583.0076193937093,-63.2030841717326,-13.20308713347595,0.10129504030258417,-2.6944818485559816,2.696385194549837,0.14559931531656883,0.07867828941989785,0.16549753426167668,0.6521982456497579,0.7051707243230044
583.1076193937093,-63.19212609953892,-13.472062905378975,0.11834698410653227,-2.6846619939941188,2.6872692516090733,0.1772172602017617,0.10336510246225905,0.20515921066443063,0.6522009348975221,0.7051739966519691
583.2076193937094,-63.1789226821326,-13.73967304974263,0.14522041309423372,-2.6680419148585997,2.6719911354309547,0.29232666827240783,0.1786673933920082,0.3426031500800029,0.6521999747124916,0.70517385813541
583.3076193937094,-63.16282319558552,-14.005523141244815,0.17788957849732046,-2.6484055320343134,2.654373101929702,0.35558675615171775,0.21022545039984664,0.41308193030719653,0.6522012459312962,0.7051758889494878
583.4076193937094,-63.14312234268803,-14.269257865637384,0.2171508176378952,-2.62591260834481,2.6348759940963165,0.42319604622409246,0.23553258687456813,0.48432478051358285,0.6522028608382999,0.705178265838667
583.5076193937094,-63.11929128069311,-14.530671463537551,0.2594704222603141,-2.602359349657348,2.615262718117811,0.42319604622409246,0.23553258687456813,0.48432478051358285,0.6522229288880476,0.7051982034527421
583.6076193937095,-63.090483026276154,-14.789558335760592,0.3127262787418252,-2.5765677874054296,2.5954766977399393,0.5276372636951872,0.2513004329991335,0.5844253499509552,0.6522072524479975,0.7051840573226394
583.7076193937095,-63.05657221208349,-15.045958612336198,0.3654900051113559,-2.5514377441055105,2.5774827847887782,0.5276372636951872,0.2513004329991335,0.5844253499509552,0.6522281543368132,0.7052046644710689
583.8076193937095,-63.01683582720249,-15.299935877125256,0.42627796586895983,-2.5279634211072066,2.5636520751930107,0.603806667371541,0.22874625744852994,0.645683623657156,0.6522132454071465,0.7051910498135197
583.9076193937095,-62.97118899727873,-15.55158848794879,0.48665863260612763,-2.505088795362348,2.551922118196409,0.603806667371541,0.22874625744852994,0.645683623657156,0.6522348638958004,0.7052120634226364
584.0076193937095,-62.919102966816084,-15.801269940377816,0.5528890554946237,-2.4871875531587033,2.547898787682375,0.6588838496387726,0.17464671936376097,0.6816372964409539,0.652220512031153,0.7051986256731777
584.1076193937096,-62.860490993354965,-16.049161186123854,0.6194840967561139,-2.4708588551592645,2.547332728218418,0.6678070205418752,0.16019382814661207,0.68675197798134,0.6522263182341922,0.7052041555776837
584.2076193937096,-62.79508553073147,-16.295686965667375,0.6884411270886568,-2.459496358454771,2.5540308382475296,0.6937316383436123,0.09928646241730887,0.700800533431772,0.652228178745445,0.7052056658612817
584.3076193937096,-62.72275152600756,-16.541211804180815,0.7584361220124917,-2.4517198330257264,2.566350617282261,0.7049290812039436,0.05885309174144304,0.7073815773220015,0.6522317342467218,0.7052085116966416
584.4076193937096,-62.64336243213308,-16.786185258458477,0.8294953569227634,-2.4485158974005006,2.5852064998718,0.7149153967351652,0.008583814863877104,0.7149669267641798,0.6522348232830321,0.7052106276461303
584.5076193937097,-62.55683831945711,-17.030993929124264,0.9009868965962963,-2.4476575159141127,2.608218683900771,0.7149153967351652,0.008583814863877104,0.7149669267641798,0.6522553019521555,0.705229024443783
584.6076193937097,-62.4630825864846,-17.27635889231024,0.9735947412592915,-2.4564311292729633,2.6423362036404434,0.7235265973732083,-0.08750000287901127,0.7287983175133432,0.6522386454712653,0.7052118104337503
584.7076193937097,-62.362105479371785,-17.522439505251985,1.0459474009966288,-2.4651811295608663,2.6778954361951084,0.7235265973732083,-0.08750000287901127,0.7287983175133432,0.6522570421547541,0.7052277758419808
584.8076193937097,-62.25392610175479,-17.770010078474535,1.1176146661316062,-2.483085339207286,2.7230085096706222,0.7127064654197158,-0.1776071818170184,0.7345031088321192,0.6522378622329692,0.7052078405181933
584.9076193937098,-62.13860110281451,-18.019206648304404,1.1888853126735939,-2.5008460573889915,2.769057473121324,0.7127064654197158,-0.1776071818170184,0.7345031088321192,0.65225346713223,0.7052210061020667
585.0076193937098,-62.016349310746286,-18.270738166376994,1.2569513511743389,-2.526945155296762,2.822300217393035,0.6768248080908725,-0.26025519259180496,0.7251376325348478,0.6522313659638327,0.7051983856439012
585.1076193937098,-61.88730242889838,-18.524788705074705,1.3238288856059013,-2.5543272948384166,2.8769968452400336,0.666576109706825,-0.27746851385793714,0.7220197270258046,0.6522279830591097,0.7051938580979964
585.2076193937098,-61.75176262144215,-18.78187266160003,1.3870517968646512,-2.5870874686923613,2.9354615067907988,0.6207169638919926,-0.3408122501895941,0.7081260757397567,0.6522196459441247,0.7051850670411832
585.3076193937098,-61.61001298416934,-19.042350839325046,1.4473309858584567,-2.623113166179861,2.995912159128192,0.5865323575786348,-0.37675129700127746,0.6971095654765441,0.6522126892408158,0.7051782486999244
585.4076193937099,-61.46243533750616,-19.306623616061085,1.5034878642034577,-2.6629397112561737,3.0580588064313265,0.5386403515910485,-0.41615660006722593,0.6806759464985093,0.6522059086970998,0.7051724765379883
585.5076193937099,-61.30939334932783,-19.5749983701871,1.5573518993625748,-2.704555371262906,3.1208916505824504,0.5386403515910485,-0.41615660006722593,0.6806759464985093,0.652218390042987,0.7051861455483918
585.6076193937099,-61.15166022109191,-19.847970281025898,1.6005979796743777,-2.752540529475983,3.1840843674352635,0.42906890116816554,-0.4764007976823794,0.6411379274244072,0.6521972127784024,0.7051691009860216
585.7076193937099,-60.98945507861859,-20.125606337961973,1.643504869791204,-2.8001806092442316,3.246863055537575,0.42906890116816554,-0.4764007976823794,0.6411379274244072,0.6522163277577904,0.7051919594110106
585.80761939371,-60.82375648090286,-20.408291212613758,1.6744093758975842,-2.8518567056625947,3.307073241965839,0.3083174560736146,-0.5118443517955,0.5975318352896863,0.6522053305568892,0.7051878774796215
585.90761939371,-60.65477395603269,-20.69603610493906,1.7052411215049528,-2.9030411408421566,3.3668227081171946,0.3083174560736146,-0.5118443517955,0.5975318352896863,0.6522388298653158,0.7052280494988978
586.00761939371,-60.48352337554596,-20.98896774203995,1.7238427539971806,-2.9549139255072667,3.4209867213518015,0.18594222081264014,-0.511801400246907,0.5445320769022073,0.6522469739829578,0.7052460589711426
586.10761939371,-60.31029202188164,-21.287000590562215,1.7403894171048333,-3.00565182989569,3.4731683295984674,0.15996283332470637,-0.5060925182340175,0.5307708969581104,0.6522887166160369,0.7052980987168671
586.20761939371,-60.1358495854031,-21.58995898503713,1.7488747945929788,-3.0534370155265487,3.5188123926902257,0.06562344479570886,-0.4648150161551323,0.46942457940562865,0.6523429927492223,0.705364075296459
586.3076193937101,-59.96072801361486,-21.89755981950841,1.7526508303273045,-3.097867913521267,3.559293545448534,0.014451842920643831,-0.42509080133596333,0.4253363905713387,0.6524185387575367,0.7054522166741926
586.4076193937101,-59.785497183835574,-22.20936363140027,1.7511609118708975,-3.1372955370356257,3.5929358226898747,-0.0387973197931375,-0.36569683052978563,0.36774910453006104,0.6525162169233719,0.705563164550286
586.5076193937101,-59.61057507924741,-22.524921669256553,1.747281179891583,-3.1738652200886124,3.6230390498711795,-0.0387973197931375,-0.36569683052978563,0.36774910453006104,0.652656773981233,0.7057164378527762
586.6076193937101,-59.43659690242098,-22.843273535332333,1.7353465613123678,-3.1972903499327936,3.637869331027714,-0.11351575814685577,-0.23090803540808347,0.25730205627564695,0.6527877713785349,0.7058617124466243
586.7076193937102,-59.26362982508044,-23.164157110502725,1.7239949854976797,-3.2203811534736073,3.652808985379491,-0.11351575814685577,-0.23090803540808347,0.25730205627564695,0.6529836494249209,0.7060695675925529
586.8076193937102,-59.09211465993736,-23.486408509366374,1.708193963794944,-3.2294121776898566,3.653358678169586,-0.15201023106734235,-0.09187562454730847,0.17761824437569695,0.653172015413522,0.7062705364105049
586.9076193937102,-58.92205531471316,-23.809809105258168,1.6929929406882063,-3.2385997401445894,3.6544155995295204,-0.15201023106734235,-0.09187562454730847,0.17761824437569695,0.6534260576721203,0.7065339406185006
587.0076193937102,-58.75359932421524,-24.133282082104394,1.676802649868358,-3.2352849852007135,3.64400000851684,-0.15685103740247297,0.029170374480175454,0.15954046095441007,0.6536707264551005,0.7067877482272372
587.1076193937103,-58.586695358111925,-24.45659316875066,1.6613183746655482,-3.2305987661425233,3.6327327358068846,-0.1542540681195621,0.051564501580987576,0.16264444458612837,0.653960801951947,0.7070837467805083
587.2076193937103,-58.42127349798714,-24.779077399901777,1.6471358011403818,-3.2195064419174924,3.6163901997636536,-0.13664145864218424,0.12399123682560553,0.18451209995392484,0.6542676673354938,0.7073942442569313
587.3076193937103,-58.25721807993851,-25.10034379125777,1.6342263503959942,-3.2052174382260836,3.5977930166474543,-0.12242251290984085,0.15823265739665326,0.20006210419259016,0.6545920524469107,0.7077196137469407
587.4076193937103,-58.094375125844266,-25.42000837814369,1.6228796442485205,-3.187592865007064,3.576938161718783,-0.1061674844711077,0.19027610166547015,0.21789109578854118,0.6549251275126596,0.7080512010704154
587.5076193937103,-57.932617998841735,-25.73781628413614,1.6122628958014074,-3.168565254840513,3.5551648934135907,-0.1061674844711077,0.19027610166547015,0.21789109578854118,0.6552777332897262,0.7083991857891371
587.6076193937104,-57.771769979365715,-26.05342587908447,1.6037628186845627,-3.1453284010273483,3.530601355138287,-0.08866714868243908,0.22803817681968686,0.2446697229792042,0.6555841924433634,0.7087010196612189
587.7076193937104,-57.61183703324063,-26.36681852830318,1.5948961038163167,-3.1225245833453745,3.5062591683394815,-0.08866714868243908,0.22803817681968686,0.2446697229792042,0.6559102779468914,0.7090193881747211
587.8076193937104,-57.45280489109592,-26.67779443133005,1.5855744913209524,-3.097835906826671,3.4800335879345075,-0.09804016345631128,0.2437607206014924,0.2627378209521786,0.6561702378168812,0.7092728756759121
587.9076193937104,-57.29473764278108,-26.986359218409778,1.575770474975319,-3.073459834766516,3.4538685478354503,-0.09804016345631128,0.2437607206014924,0.2627378209521786,0.6564297827326888,0.7095242351509428
588.0076193937105,-57.137847237573844,-27.29246878300516,1.5628626933545378,-3.0489584854525242,3.4261768261857632,-0.13185926046160423,0.24222141257179564,0.2757862891402639,0.6566042990641623,0.7096932767138402
588.1076193937105,-56.98224770410449,-27.596161221488938,1.5489963393582293,-3.024929508796813,3.3984685069211578,-0.14049903940778274,0.23973811543875811,0.27787469130641784,0.6567444753200116,0.7098284856711615
588.2076193937105,-56.82818245045165,-27.897507946074544,1.53246017121407,-3.0020050802499147,3.3705294358904143,-0.17128539325935366,0.22519699587375053,0.2829352803991992,0.6568194755234741,0.7099007715957844
588.3076193937105,-56.67582070464732,-28.196602143251752,1.5145141460377596,-2.980078264764299,3.342846027364868,-0.18607495934902718,0.2140158174832587,0.2835959460742865,0.6568319794755392,0.7099128249484127
588.4076193937105,-56.52532843273422,-28.493566027633264,1.4951167054899268,-2.959402491735718,3.3156352439806507,-0.20033800340566998,0.20068013381801453,0.283562747408376,0.6567794342118796,0.7098622401786842
588.5076193937106,-56.37681845220222,-28.788502876137812,1.4750829051493553,-2.9393344783539117,3.2887013778547796,-0.20033800340566998,0.20068013381801453,0.283562747408376,0.6566817564944786,0.7097678978043117
588.6076193937106,-56.230460563348196,-29.08157097982143,1.4529127428634263,-2.921221708521461,3.262589724239315,-0.21961053168871636,0.1836765238490502,0.28629678838902717,0.6564912954918316,0.7095841480432112
588.7076193937106,-56.086267341720266,-29.372774768054395,1.4309516896945496,-2.902854056136552,3.2363844656449765,-0.21961053168871636,0.1836765238490502,0.28629678838902717,0.6562851218105765,0.7093841971931756
588.8076193937106,-55.944326517179654,-29.662158243188703,1.4082597073011809,-2.8845428954896533,3.209950641229214,-0.22475819521564921,0.18692500347273255,0.29233064026864675,0.6560026732148105,0.7091099691170485
588.9076193937107,-55.80462433742558,-29.94967790772037,1.385783887779611,-2.8658503951423757,3.183315169908139,-0.22475819521564921,0.18692500347273255,0.29233064026864675,0.6557224989603261,0.7088360977345324
589.0076193937107,-55.66715487145873,-30.235191733701217,1.3635513466055214,-2.8449155301835103,3.154808496360604,-0.22219799660103823,0.21323300389477184,0.3079614645430541,0.6553860424779118,0.7085065116121598
589.1076193937107,-55.5319101623607,-30.51859011820397,1.3413442371886342,-2.8229195789627344,3.1253926652390898,-0.22205431154910169,0.22181459749573795,0.31386276131414786,0.6550563917799622,0.7081812323168232
589.2076193937107,-55.39889365782889,-30.79961951816514,1.3189469001845278,-2.797738182920125,3.0930502526916013,-0.22570941993281451,0.26179294416595544,0.34565920769087966,0.654720471389788,0.7078477601783636
589.3076193937108,-55.26813694566315,-31.078035087280163,1.2960803258482518,-2.7700758478580823,3.058291093721718,-0.2316422110441173,0.28972469951294233,0.3709427387687648,0.6543920359247904,0.707519294493624
589.4076193937108,-55.13970603517857,-31.353527303962952,1.2723694818422666,-2.739233152967734,3.0203182555222736,-0.2425256185281644,0.3248109574675743,0.4053650622999855,0.6540765940616224,0.7072012842355491
589.5076193937108,-55.01368171508695,-31.62582656447245,1.2481169199894446,-2.706752057220969,2.980654717546782,-0.2425256185281644,0.3248109574675743,0.4053650622999855,0.6537975395058517,0.7069162875948821
589.6076193937108,-54.89027078026466,-31.894427519549183,1.2209065346294063,-2.667499998180193,2.9336272780624526,-0.2748781527748113,0.39281219149951857,0.4794365616674921,0.6535070618791964,0.706619215779235
589.7076193937108,-54.76955451756557,-32.15921345840976,1.193418719351919,-2.6282187790302323,2.886482667563888,-0.2748781527748113,0.39281219149951857,0.4794365616674921,0.6532783368388128,0.7063801033490027
589.8076193937109,-54.651890563747415,-32.41961430710133,1.1612385154111713,-2.58208159114027,2.831187071350074,-0.3244864061039572,0.4614146521436652,0.5640876784322822,0.6530427859001355,0.7061342115383932
589.9076193937109,-54.53738914423679,-32.67551539295469,1.1287898748007683,-2.535940125925893,2.775816799382439,-0.3244864061039572,0.4614146521436652,0.5640876784322822,0.6528718372821791,0.7059499219453147
590.0076193937109,-54.42653062597667,-32.926343170141585,1.0903061871312818,-2.4829102049254,2.7117541679546555,-0.38591417362695396,0.5303041812450615,0.6558599500290971,0.6526939907023512,0.7057597106654774
590.1076193937109,-54.31947240357377,-33.171936357389285,1.0506536859128937,-2.428732402758779,2.6462453121229674,-0.3993759919997554,0.5448596123191564,0.6755539801691424,0.6525633573606597,0.7056154287440572
590.207619393711,-54.216608224396694,-33.41186470276006,1.0068506569855,-2.370070971843078,2.5750698353724943,-0.4477418864848424,0.5971840541929717,0.7463923844033777,0.6524544464702243,0.705493195022885
590.307619393711,-54.118209095894414,-33.645834091428775,0.9606799987823416,-2.308818054900728,2.500709273525417,-0.47329253625834133,0.6253635403049417,0.7842737930216613,0.6523705900305259,0.7053964558706307
590.407619393711,-54.024559443653295,-33.87353029826439,0.9119263810191625,-2.2446607434352193,2.4228313142928166,-0.49892574990952976,0.6548192278257404,0.823234550449072,0.6523071542619435,0.7053210115134808
590.507619393711,-53.93586143430091,-34.094722276468836,0.8620338060281981,-2.17917882065263,2.3434851429263315,-0.49892574990952976,0.6548192278257404,0.823234550449072,0.6522793074746036,0.7052814214161168
590.607619393711,-53.85240636608477,-34.30905344621529,0.8084892840580847,-2.109147483453093,2.2587957033324795,-0.5324226678189331,0.6974507233834621,0.8774459577407286,0.6522300201265517,0.7052234668533142
590.7076193937111,-53.774219551018035,-34.51648094094373,0.7552470172761793,-2.039402411114731,2.174755216470383,-0.5324226678189331,0.6974507233834621,0.8774459577407286,0.652228732246956,0.7052132110500959
590.8076193937111,-53.70148937352134,-34.7167416885839,0.7001976809945124,-1.9669379572063985,2.087850981265036,-0.5467163070877658,0.7213413778539508,0.9051144147785518,0.6522005328089129,0.7051792648560247
590.9076193937111,-53.634203186957315,-34.90982877741531,0.6455260502857234,-1.8948038194209869,2.0017455871538337,-0.5467163070877658,0.7213413778539508,0.9051144147785518,0.6522154218360039,0.7051881333474529
591.0076193937111,-53.57235056233175,-35.09563808698192,0.5915899619244792,-1.8218182055764052,1.9154634575526206,-0.5347578078084021,0.7278477135344458,0.903176730828119,0.6521989757342584,0.705168777029505
591.1076193937112,-53.5158464997783,-35.27417962030303,0.5385854918208784,-1.7490078777990052,1.8300554332049392,-0.5287232932804558,0.7281663486573708,0.8998747424916085,0.6522056615519444,0.7051728569160832
591.2076193937112,-53.46451162208557,-35.44543583959255,0.4881104293456964,-1.6761172809503329,1.7457436612333372,-0.49537744875812095,0.7292392032758519,0.8815830263409703,0.6522101305973906,0.7051760085975705
591.3076193937112,-53.418129784809864,-35.60939910423416,0.44002383023236474,-1.603122727057394,1.6624149449461456,-0.4675442087444016,0.7306359761258729,0.8674252225637873,0.6522170768702907,0.7051824786743849
591.4076193937112,-53.37639215091008,-35.76605439876504,0.39533668110831227,-1.5299525765681838,1.5802044101879225,-0.42791550124191796,0.7326328264460531,0.8484471312871854,0.6522237205148993,0.705189396612108
591.5076193937113,-53.33899806030544,-35.91538649228967,0.3525451309841108,-1.456689293923562,1.4987433964532186,-0.42791550124191796,0.7326328264460531,0.8484471312871854,0.6522475153349707,0.7052131734166481
591.6076193937113,-53.3053132336741,-36.05737192994677,0.31846177207041676,-1.383162207101404,1.4193504117813394,-0.3377959165138991,0.7342532050903793,0.8082288354166532,0.6522339539793848,0.7052017051011208
591.7076193937113,-53.27515603604962,-36.192016884631485,0.28468218041901916,-1.3097368865923495,1.3403188635353709,-0.3377959165138991,0.7342532050903793,0.8082288354166532,0.6522550560339648,0.7052234139350345
591.8076193937113,-53.24769941183235,-36.31936132667373,0.26116124557902415,-1.237088348673873,1.2643546886127475,-0.23332734041005715,0.7233629656840495,0.7600629104923184,0.6522385530899532,0.7052093345131968
591.9076193937113,-53.2227499239765,-36.439453346712725,0.23782851153801313,-1.1647520521054515,1.1887849863555005,-0.23332734041005715,0.7233629656840495,0.7600629104923184,0.6522567683610064,0.7052282269950689
592.0076193937114,-53.19939340866891,-36.55249537871204,0.22561272248638092,-1.0953902691708777,1.1183831822510406,-0.12222107897632879,0.689131225614497,0.6998855894094954,0.652237604983222,0.7052113519550725
592.1076193937114,-53.177370193628064,-36.658622951675575,0.21519899187143857,-1.0273292436180967,1.0496265911720293,-0.09929890586605783,0.6782584747107618,0.685488753535144,0.6522373935086967,0.7052122908811709
592.2076193937114,-53.15600824257714,-36.758162612641144,0.2116422102419959,-0.9634023235723765,0.986375416472233,-0.020304316870849104,0.6254630016511852,0.6257924829510997,0.6522324882051741,0.7052084911102936
592.3076193937114,-53.13487082033858,-36.85144557375829,0.21181768306630486,-0.9029807417531256,0.9274917524358922,0.01995172659893396,0.5849055106900493,0.5852456986854888,0.6522289363944355,0.7052056997028474
592.4076193937115,-53.113508312384056,-36.93892397876249,0.21603800634907672,-0.8474603514355007,0.8745635868491587,0.0601214543572699,0.5279617061845607,0.5313738349517652,0.652225032653561,0.7052022981039815
592.5076193937115,-53.09160390447736,-37.02103020537514,0.22205015178480508,-0.7946641808170326,0.825104496522265,0.0601214543572699,0.5279617061845607,0.5313738349517652,0.6522390330438873,0.7052156842120968
592.6076193937115,-53.0686776834168,-37.09868101588811,0.23421904247545527,-0.7544751710339264,0.7899945212245408,0.11884802998727162,0.39727909085331053,0.41467521056977635,0.6522169563979163,0.705194496170576
592.7076193937115,-53.044661539019316,-37.17214213753725,0.24610384547418515,-0.7147472619485863,0.7559303878137078,0.11884802998727162,0.39727909085331053,0.41467521056977635,0.6522311895634859,0.705207685001039
592.8076193937115,-53.01912327100631,-37.242611807908524,0.26298455895957584,-0.6898556630637932,0.7382829498995276,0.168977897193739,0.2467952156312792,0.2991009999958332,0.6522095564248452,0.7051865774809962
592.9076193937116,-52.99197992562437,-37.310363398136765,0.27988234867895356,-0.6651761415006597,0.7216601889558222,0.168977897193739,0.2467952156312792,0.2991009999958332,0.6522244556924754,0.7052001408118282
593.0076193937116,-52.9627834927013,-37.37669246077619,0.3022803991597912,-0.6561870795584842,0.7224644787778117,0.22478838902156473,0.08994542199115096,0.2421156723057732,0.6522036014577935,0.7051795964275452
593.1076193937116,-52.931393030944584,-37.44196574187462,0.32571259413208814,-0.6497757778732443,0.7268405984031396,0.23688277869376773,0.05718548252571254,0.2436875668830462,0.6522032097520811,0.7051785024104971
593.2076193937116,-52.89745284753398,-37.50715011691284,0.35290118561717543,-0.6533720484196788,0.7425862107971943,0.2809646956713376,-0.05927785003589525,0.28714982799675404,0.6521993661062567,0.7051741213457016
593.3076193937117,-52.86071311762591,-37.572898182584645,0.3823290669203219,-0.6626907382794385,0.7650715848948457,0.3055546051564525,-0.12152071931333608,0.3288326351728888,0.6521978724326266,0.7051720067216976
593.4076193937117,-52.82089902530531,-37.63990450585353,0.4143668196529284,-0.6784182691647294,0.7949535893155962,0.3328514669376254,-0.1865137254177076,0.3815461555457232,0.6521967563085053,0.7051703030841939
593.5076193937117,-52.77779808600532,-37.70867890139711,0.44765196634669846,-0.6970696417065043,0.8284312695467861,0.3328514669376254,-0.1865137254177076,0.3815461555457232,0.6522140397678726,0.7051861845668458
593.6076193937117,-52.731049429670925,-37.78001440394117,0.4856762221325423,-0.7258897808444028,0.8733827148960951,0.3792427237784353,-0.2827840534948636,0.47306644823943333,0.6521954623437954,0.7051679986659672
593.7076193937118,-52.68058559383877,-37.8540173022931,0.5236004945103945,-0.7541681861938956,0.9181106310889336,0.3792427237784353,-0.2827840534948636,0.47306644823943333,0.6522132772885487,0.705184546352773
593.8076193937118,-52.6260516289543,-37.93132652268511,0.5656451725708681,-0.7893356602436705,0.9710845719014582,0.4196206794599879,-0.3457956122716641,0.5437426965916848,0.652195091888501,0.7051668990470231
593.9076193937118,-52.5673890082999,-38.01198906677085,0.6076072405168764,-0.8239152214708448,1.0237298720365078,0.4196206794599879,-0.3457956122716641,0.5437426965916848,0.6522132244893404,0.7051839133637571
594.0076193937118,-52.50427740081514,-38.09634459940219,0.653361653187337,-0.8617061122684284,1.0813967235831905,0.4576832550987835,-0.3716646055949795,0.5895833622566785,0.6521952626824103,0.7051666336284999
594.1076193937118,-52.436626207640614,-38.18437634662441,0.6997900469201928,-0.8989368399026729,1.139207422685952,0.4660669723010642,-0.37240767248137363,0.5965784920635968,0.6521973903678226,0.7051685504094205
594.2076193937119,-52.364185297980924,-38.276109463920825,0.748900407305151,-0.9356181950686786,1.1984294835347604,0.4977259172203721,-0.36213494880930797,0.6155264493277123,0.6521956550721633,0.7051668438255669
594.3076193937119,-52.28677462447319,-38.371459048278595,0.7996220546047841,-0.9711250997521594,1.2579663706073456,0.5151812306068131,-0.34831249401921216,0.621878841784663,0.6521958581299744,0.7051670302915714
594.4076193937119,-52.20419960310969,-38.470274272540756,0.852160600299226,-1.0048510343984265,1.3175368268226604,0.5338262307675501,-0.32696812004138753,0.6260020736218762,0.6521960432886292,0.7051672370785373
594.5076193937119,-52.11631441192591,-38.57239421658083,0.9055432233759931,-1.0375478464025727,1.3771398124289342,0.5338262307675501,-0.32696812004138753,0.6260020736218762,0.6522142646456315,0.7051846439254156
594.607619393712,-52.02288396887079,-38.67747227023352,0.9619692028966174,-1.0654946216220866,1.4355011445579369,0.5630077112804942,-0.2781348924249344,0.6279623407064552,0.6521963035502841,0.7051676149742185
594.707619393712,-51.9238720100247,-38.78541240685788,1.0182699740246797,-1.0933081108645863,1.4940536688092942,0.5630077112804942,-0.2781348924249344,0.6279623407064552,0.6522144614288984,0.7051849875148231
594.807619393712,-51.81907725256898,-38.89578966573644,1.076775736004466,-1.1159793658680164,1.550759791421979,0.583272341152664,-0.22729618846620586,0.625995352414836,0.6521963981203804,0.7051678723213004
594.907619393712,-51.70848331726275,-39.0085240832656,1.1351029701197457,-1.138708984714642,1.6078298742853734,0.583272341152664,-0.22729618846620586,0.625995352414836,0.6522144796609636,0.7051851705074444
595.007619393712,-51.59197774787502,-39.12323081622553,1.194538393094283,-1.1570705961154333,1.6630497097114072,0.5929997270802758,-0.18680472480333724,0.6217271761199861,0.652196344011817,0.7051679749996127
595.1076193937121,-51.46955476631455,-39.23985406546708,1.2539405598295021,-1.1753138729541353,1.7186417973341548,0.5942899883708526,-0.18132045007078418,0.6213354133571495,0.6521982154921333,0.7051698202169994
595.2076193937121,-51.34117177507222,-39.35824120151742,1.313697778932137,-1.1926293715202616,1.7743073781574723,0.5983854434990361,-0.17490553828666622,0.6234236812272105,0.6521961798252832,0.705167930280099
595.3076193937121,-51.2068056295767,-39.478389400644176,1.3736688455456045,-1.2104823604210915,1.830910604620884,0.6008404211327788,-0.18292939793290186,0.6280703593508524,0.6521960688367336,0.7051678599531845
595.4076193937121,-51.06642964134255,-39.60038585390809,1.4338846644197139,-1.22975941756852,1.8890032969681394,0.6030890771005177,-0.20296550560217552,0.6363265131850951,0.6521959506928408,0.7051677702281756
595.5076193937122,-50.92002572951505,-39.724376623192974,1.4941935721297794,-1.2500559681287422,1.9481412562871916,0.6030890771005177,-0.20296550560217552,0.6363265131850951,0.6522138976708033,0.7051848685861184
595.6076193937122,-50.76758668103573,-39.85075389366834,1.5544684807176743,-1.2759120929657424,2.0110504534995974,0.6005789517149145,-0.262437990303209,0.6554149647340781,0.6521957029205977,0.705167541958147
595.7076193937122,-50.609136938205346,-39.97965729291646,1.6145263758891795,-1.3021558919960692,2.07419993865151,0.6005789517149145,-0.262437990303209,0.6554149647340781,0.6522136757978179,0.7051846437449616
595.8076193937122,-50.444780533749864,-40.11167146535153,1.6729254536290044,-1.3357727893981595,2.1407868923123456,0.5804546867209834,-0.33744074338419106,0.6714118695942383,0.6521954774643598,0.7051672959898078
595.9076193937123,-50.27458571495332,-40.24693594800829,1.730970922301116,-1.3695168637365864,2.2072237706926936,0.5804546867209834,-0.33744074338419106,0.6714118695942383,0.6522134749645362,0.7051844073331152
596.0076193937123,-50.098831406204276,-40.38608790461518,1.7851713189336211,-1.4109275074012222,2.275423711989622,0.5387734817703127,-0.4133897135374359,0.6790934544799182,0.652195300599074,0.7051670723455267
596.1076193937123,-49.917655357083795,-40.52929639765357,1.8381804470572514,-1.4534742565301486,2.34339385728039,0.5277283657083786,-0.4286969070988864,0.6799104839090124,0.6521971750880625,0.7051688262723117
596.2076193937123,-49.73138121602719,-40.67701323818868,1.8874370488031436,-1.500600348907536,2.4112693794630533,0.48213488645387576,-0.48157040294546827,0.6814426620992792,0.6521951765966189,0.7051668896906442
596.3076193937123,-49.540278244134086,-40.82953186472149,1.9341110722347434,-1.550256432647338,2.4787256094020327,0.45335511822852226,-0.508953088850868,0.6815893997670716,0.6521951300802556,0.7051668129501832
596.4076193937124,-49.34466718232584,-40.98715706406073,1.977577540581764,-1.602652248375402,2.545448321658908,0.41839622471841553,-0.5358211520531244,0.6798232916325833,0.6521950963079605,0.7051667510413394
596.5076193937124,-49.14481744714403,-41.15010139465857,2.019417163053615,-1.6562343635807266,2.6117346621625184,0.41839622471841553,-0.5358211520531244,0.6798232916325833,0.6522131410899623,0.705183905434113
596.6076193937124,-48.941228728475444,-41.31865560489705,2.054569317355678,-1.71336290751644,2.675232239016375,0.3513480617567993,-0.5665466583465536,0.666648765530925,0.6521950498690684,0.7051666547525661
596.7076193937124,-48.73401505643105,-41.492824628940475,2.0897041235313663,-1.7700175733511083,2.7385809343299936,0.3513480617567993,-0.5665466583465536,0.666648765530925,0.6522131283104444,0.7051838479301917
596.8076193937125,-48.52373018456894,-41.67271147508853,2.118247048757167,-1.82720089697333,2.7974334089426667,0.2864276940173367,-0.5667666492080115,0.6350316988580698,0.6521950315711202,0.7051665991216305
596.9076193937125,-48.31047334122309,-41.858265398031946,2.146889818158907,-1.8838775618941441,2.8562441351401686,0.2864276940173367,-0.5667666492080115,0.6350316988580698,0.6522131244738494,0.7051838133342949
597.0076193937125,-48.09474179860863,-42.049342071369715,2.1697827418206783,-1.9381450399410034,2.9093578917951595,0.23083420793456866,-0.5379750271685286,0.585407175741602,0.6521950357715928,0.7051665791725269
597.1076193937125,-47.87664216416225,-42.24581590685727,2.1920548860875635,-1.9911813373001352,2.9614030022326774,0.22056386038879527,-0.5282586574070582,0.5724557848734833,0.6521969852841744,0.7051684293320069
597.2076193937125,-47.65648097914673,-42.44739708939993,2.211353698424115,-2.040497708667018,3.008939361072164,0.18663284640483563,-0.48077676143692716,0.5157306600299724,0.6521950500811872,0.7051665811911955
597.3076193937126,-47.434444008074536,-42.65378852636058,2.2290863796686886,-2.0866934637789263,3.053377752555709,0.1696940531278457,-0.44503531634662163,0.4762903573060174,0.6521950550734541,0.7051665833381789
597.4076193937126,-47.210720027899455,-42.864593765342065,2.2451504580547663,-2.128680253468959,3.093861697104801,0.15354178437645005,-0.39724263510529345,0.4258835412350442,0.6521950614485794,0.7051665896008107
597.5076193937126,-46.98543727317204,-43.079448003864535,2.2605046364924144,-2.168404516979497,3.1323887627273836,0.15354178437645005,-0.39724263510529345,0.4258835412350442,0.6522131358881771,0.7051838010673541
597.6076193937126,-46.75877254953409,-43.297618867288904,2.2736610512838142,-2.198190191311937,3.1625266312404436,0.1335855646157138,-0.2961346485270783,0.324870486705018,0.6521950649681331,0.7051665962752315
597.7076193937127,-46.53073851658258,-43.51891855966279,2.287019607745389,-2.2278036561646513,3.192736728362121,0.1335855646157138,-0.2961346485270783,0.324870486705018,0.652213155700969,0.7051838249365305
597.8076193937127,-46.30145091228592,-43.7424825613076,2.2991885480188605,-2.2469871416849654,3.2148435722813398,0.1223993492335465,-0.19253464123503305,0.22814729621080013,0.6521950646947485,0.7051666019779589
597.9076193937127,-46.07092006073782,-43.96814394868232,2.311428482942218,-2.2662406058084734,3.2370585591199488,0.1223993492335465,-0.19253464123503305,0.22814729621080013,0.6522131581183351,0.7051838335755637
598.0076193937127,-45.83923372072254,-44.195079967033614,2.322629935222516,-2.2758480157046765,3.2517832041171904,0.11178925992800724,-0.09853038147896531,0.1490136728949461,0.6521950661390277,0.7051666095930089
598.1076193937128,-45.60641950744255,-44.42310074932842,2.3336171388981137,-2.284299725137308,3.2655465369860215,0.10935312425210957,-0.0807892648584645,0.13595959363012394,0.6521970097302948,0.7051684639996199
598.2076193937128,-45.3725504395668,-44.65168147021855,2.3437933334334997,-2.2876432700765155,3.275160900012958,0.09948291941407633,-0.022838230978519558,0.10207074041749582,0.6521950670549693,0.7051666154747358
598.3076193937128,-45.13768524442726,-44.880507706805915,2.3533936509166242,-2.2883872652879984,3.282556618263722,0.09291372452693208,0.005162093231028453,0.09305701162186787,0.652195063907513,0.7051666138049512
598.4076193937128,-44.90189753446914,-45.10926515552076,2.362226742151021,-2.2863505196999743,3.2874783467371715,0.08416451532126178,0.032459725371860815,0.09020698094094233,0.652195062192568,0.7051666139178873
598.5076193937128,-44.66525403767738,-45.33773790886394,2.370643193683149,-2.2831045471627873,3.2912787066779434,0.08416451532126178,0.032459725371860815,0.09020698094094233,0.6522131291347666,0.7051838178488251
598.6076193937129,-44.4278962553368,-45.56561482754108,2.3770985898264256,-2.275928734394975,3.2909647992343363,0.06351553357818418,0.06912468864977483,0.09387462695877812,0.652195051679318,0.7051666049713756
598.7076193937129,-44.18986881868621,-45.792862077537386,2.383450143184245,-2.269016265529996,3.2907855290621244,0.06351553357818418,0.06912468864977483,0.09387462695877812,0.6522131370908195,0.7051838256117593
598.8076193937129,-43.95137646595301,-46.01924448473224,2.3872074664221072,-2.259609179547143,3.287034093531001,0.03688179045643125,0.09189082153887163,0.0990161075298401,0.6521950420520394,0.7051665952072139
598.9076193937129,-43.71247131035846,-46.244745948579315,2.3908956454677512,-2.2504200973932535,3.283408686451949,0.03688179045643125,0.09189082153887163,0.0990161075298401,0.6522131327859202,0.7051838202862291
599.007619393713,-43.47338184679429,-46.46924088016322,2.391849850271843,-2.2400176287484403,3.2769840834751123,0.010410054707184063,0.1020340389162881,0.10256370867210857,0.6521950393333912,0.7051665909207231
599.107619393713,-43.234159571616956,-46.69273022363145,2.3925268404576316,-2.229760189342605,3.270476293185344,0.005814436768236092,0.10269702277763582,0.10286149018132133,0.6521969825886906,0.7051684412148196
599.207619393713,-42.99493609992023,-46.915194081583266,2.3920564020250557,-2.2195656811069884,3.263189489321296,-0.00602342315327703,0.10045325336371369,0.10063368093157424,0.6521950405266118,0.7051665898594407
599.307619393713,-42.75576622306571,-47.13665635810373,2.3913032374877847,-2.209771752771114,3.2559825510841853,-0.008280696944748367,0.09536864899662145,0.09572747334663936,0.6521950387683311,0.7051665866010229
599.407619393713,-42.51667532553221,-47.357173125440646,2.3905561667743833,-2.2007080343271475,3.249288328058175,-0.005798623487905719,0.08604265088786267,0.08623782120488148,0.6521950390289303,0.7051665862658391
599.5076193937131,-42.27764870197216,-47.57681371561897,2.3899763044255926,-2.192103769238359,3.24303957281203,-0.005798623487905719,0.08604265088786267,0.08623782120488148,0.6522131083672029,0.7051837907694086
599.6076193937131,-42.03857842359137,-47.79573665017956,2.3910760907392925,-2.1856594484002163,3.239498741485515,0.013960366098025201,0.06432768637882896,0.06582509442791457,0.6521950335282289,0.705166579286575
599.7076193937131,-41.799401012686886,-48.013980956587744,2.3924721273490954,-2.179226679762332,3.2361940303279506,0.013960366098025201,0.06432768637882896,0.06582509442791457,0.6522131216851261,0.7051838020381614
599.8076193937131,-41.55987892945373,-48.23170971746475,2.3970244000910177,-2.1746444910585794,3.2364802852980787,0.04698106442385508,0.04721117806667804,0.06660417215792118,0.652195029366477,0.7051665742459804
599.9076193937132,-41.31994158412245,-48.44893811068033,2.4017225065334045,-2.1699233732519105,3.2367944704868195,0.04698106442385508,0.04721117806667804,0.06660417215792118,0.6522131227441266,0.7051838023382203
600.0076193937132,-41.07927957697502,-48.66575813067546,2.410309321242345,-2.166047246554365,3.2405789140790073,0.0873270615666839,0.04109907666320223,0.09651502362036272,0.6521950317714724,0.7051665762025529
600.1076193937132,-40.837780675035454,-48.88215537196907,2.419820301241704,-2.161885602605892,3.2448851519054003,0.09722619278996425,0.04178839390840028,0.10582628421084679,0.6521969773273244,0.705168429857427
600.2076193937132,-40.59515180706501,-49.098110479788104,2.432612840497686,-2.1571955610635354,3.251322487915716,0.13625741589598783,0.04930083101723848,0.14490222677944775,0.6521950373640596,0.7051665818742873
600.3076193937133,-40.35116991925127,-49.31357247885747,2.447399940674921,-2.151932050854707,3.258922831413986,0.1574628686460292,0.05560261674369382,0.16699163449401513,0.652195037507396,0.7051665819175531
600.4076193937133,-40.105600452707286,-49.528472553372396,2.46429872074357,-2.1459492296621847,3.2677004577142807,0.17801335643229654,0.06348183405003821,0.18899391080838673,0.6521950394861331,0.705166584739422
600.5076193937133,-39.85828051385071,-49.74275006716841,2.4821000563868036,-2.1396010462571793,3.2769976086442587,0.17801335643229654,0.06348183405003821,0.18899391080838673,0.6522131103819326,0.7051837922003822
600.6076193937133,-39.60899749452951,-49.95629876088992,2.5024365298401254,-2.1318693975184804,3.2874086624504257,0.19901732166228192,0.07669908535958603,0.21328535818622255,0.6521950369591879,0.7051665834063285
600.7076193937133,-39.35775875493713,-50.169102205215026,2.5223382620063584,-2.1241994889825198,3.297637605464684,0.19901732166228192,0.07669908535958603,0.21328535818622255,0.6522131264183707,0.7051838085536408
600.8076193937134,-39.1045275257687,-50.38107712684947,2.5420473484818644,-2.1156673503556758,3.3072727524781933,0.19259539037972717,0.08406622688409271,0.21014308196571035,0.652195035296738,0.7051665827996452
600.9076193937134,-38.84935981396856,-50.592223530750665,2.5613068875198417,-2.107260727667265,3.3167515352261994,0.19259539037972717,0.08406622688409271,0.21014308196571035,0.6522131297794699,0.7051838125502686
601.0076193937134,-38.592436464791355,-50.8025197159682,2.5778303194419845,-2.098770288038479,3.324160928382903,0.16176028911878282,0.08377495439654159,0.18216650109154217,0.6521950398044875,0.7051665876301212
601.1076193937134,-38.33387285358799,-51.0119804079458,2.5933046299393285,-2.0904563199588715,3.3309512949487488,0.1528249389024151,0.08296045620688125,0.17389048060368564,0.6521969862399651,0.7051684420313482
601.2076193937135,-38.07393009377817,-51.22062680136123,2.6056452992140677,-2.0824636566358365,3.3355722607261065,0.11423229928237255,0.07897239940344425,0.13887281255477854,0.652195047001022,0.7051665942762582
601.3076193937135,-37.81283981265791,-51.428482554808454,2.615705516577046,-2.0746906178260187,3.3386009808221915,0.08866394945415312,0.0767545358552793,0.1172712867976129,0.652195047671192,0.7051665939960153
601.4076193937135,-37.55088582745571,-51.635571170547834,2.62289834267323,-2.0671002291530054,3.3395357571618223,0.05744196982152072,0.07546755550549436,0.09484161444720018,0.6521950499243023,0.7051665959143798
601.5076193937135,-37.28830878333922,-51.84190385568565,2.628642539655383,-2.0595534736024543,3.3393894819133987,0.05744196982152072,0.07546755550549436,0.09484161444720018,0.6522131207877162,0.7051838018834844
601.6076193937135,-37.025538190475686,-52.0474723628868,2.628746726523593,-2.0517827930691173,3.334684690063367,0.002818805165635152,0.07944987618483568,0.07949986470647312,0.6521950469475742,0.7051665910047882
601.7076193937136,-36.76264942379744,-52.25225339281283,2.6290286070401563,-2.043837805450632,3.3300246833356595,0.002818805165635152,0.07944987618483568,0.07949986470647312,0.652213135572343,0.7051838135284239
601.8076193937136,-36.50001379893246,-52.45615590263763,2.625292896738724,-2.0345610913464993,3.321385498265424,-0.0331292172492601,0.0939714646478862,0.09964025894997261,0.6521950431345973,0.7051665846746046
601.9076193937136,-36.23765015534477,-52.659142154449086,2.6219799750137973,-2.0251639448817085,3.3130149400541793,-0.0331292172492601,0.0939714646478862,0.09964025894997261,0.6522131358212752,0.7051838109780366
602.0076193937136,-35.97571272217897,-52.86107813773787,2.61752847286997,-2.014140307804033,3.3027589203279617,-0.03866700771160447,0.10942522827726364,0.11605609880097012,0.652195043562535,0.7051665824345168
602.1076193937137,-35.71414236197426,-53.06193745277847,2.6139363364650507,-2.0030112416791943,3.2931318232627067,-0.035106691734990925,0.11177186292946806,0.11715557668032485,0.6521969872923344,0.7051684332685296
602.2076193937137,-35.452835536545145,-53.26165305111191,2.6122309050759815,-1.9913608746418288,3.2847021835302437,-0.009450189107727658,0.11694814664815267,0.11732934449066712,0.652195045022128,0.7051665823009285
602.3076193937137,-35.19162342697916,-53.46020182396436,2.6123808794708694,-1.9795931658632875,3.277700865203783,0.011269161509496528,0.11819340407891121,0.11872941829592151,0.6521950424964379,0.7051665795219665
602.4076193937137,-34.93027895680787,-53.657568114948965,2.6149092773190037,-1.9677159093666887,3.2725611420695824,0.03753166019548701,0.11931025467022056,0.12507422750711833,0.6521950416134472,0.7051665800794433
602.5076193937138,-34.668600370774925,-53.85374315461233,2.618662443338553,-1.9557848838996639,3.2684074874841205,0.03753166019548701,0.11931025467022056,0.12507422750711833,0.6522131096892468,0.7051837862968217
602.6076193937138,-34.406215519891525,-54.048702991542946,2.62736233520332,-1.9434925898798037,3.268056959014446,0.08650507065454194,0.12354472541452788,0.15081918454460091,0.6521950337877769,0.7051665778189383
602.7076193937138,-34.143046761017864,-54.2424345269039,2.636012842268776,-1.931138117338348,3.267699210888758,0.08650507065454194,0.12354472541452788,0.15081918454460091,0.6522131214852948,0.7051838054160995
602.8076193937138,-33.87871907089865,-54.43487759424495,2.648952863849435,-1.9179141718097326,3.270373991659782,0.12673618850324564,0.13389610187746417,0.18436438803171962,0.6521950297677763,0.7051665848769039
602.9076193937138,-33.61319010357113,-54.62599953091658,2.661626482699763,-1.904524561621983,3.2728381168689227,0.12673618850324564,0.13389610187746417,0.18436438803171962,0.6522131253247404,0.7051838232432375
603.0076193937139,-33.34622995046563,-54.8156476727646,2.6765490501962166,-1.8889688171161143,3.2759911492773175,0.14504484294208841,0.15852028278772368,0.21486434445760186,0.6521950386648767,0.7051666109545324
603.1076193937139,-33.07784749293078,-55.003727872002074,2.6911073204102127,-1.872517015303012,3.278471988985835,0.14567522204267863,0.16617106630578515,0.2209843740955124,0.6521969912502239,0.7051684825930409
603.2076193937139,-32.80802590689918,-55.190011963943356,2.7052173925005136,-1.853224353211201,3.279122084342447,0.13661993744683165,0.20191786539233514,0.24379465062337477,0.6521950616044175,0.7051666571496709
603.3076193937139,-32.536845406962485,-55.374280086573975,2.71811477909904,-1.8316844701678485,3.2776845410458115,0.12122223972727308,0.22738037462406624,0.25767550556596797,0.6521950758973585,0.7051666846110142
603.407619393714,-32.26447777195556,-55.556249650461766,2.728790490998654,-1.807203476536144,3.2729622590810603,0.09233089863005839,0.26033426972809615,0.27622260377582286,0.6521950963235899,0.7051667198516117
603.507619393714,-31.99113706836248,-55.73566832676678,2.7380235808616615,-1.7811700495633285,3.266395547819637,0.09233089863005839,0.26033426972809615,0.27622260377582286,0.6522131903544951,0.7051839647085332
603.607619393714,-31.717372541890242,-55.912034822639725,2.739446958901973,-1.7483034077326518,3.249789907998188,0.008060832086856262,0.3307041226866199,0.33080234850414747,0.6521951448279515,0.7051667976823105
603.707619393714,-31.44338754183955,-56.0852116427996,2.740253042110659,-1.7152329954639824,3.232802339074424,0.008060832086856262,0.3307041226866199,0.33080234850414747,0.6522132671082649,0.7051840686363218
603.807619393714,-31.170044772844932,-56.25454732525608,2.7300278078673594,-1.6740294730750052,3.202409484818086,-0.10570600533668306,0.41452371641092,0.4277892834461374,0.6521952132078235,0.7051668912687098
603.9076193937141,-30.897570522084816,-56.419877653981565,2.7194572073336887,-1.6325771014339037,3.1718694006288266,-0.10570600533668306,0.41452371641092,0.4277892834461374,0.6522133490525595,0.7051841711300609
604.0076193937141,-30.62698366026588,-56.58042643124768,2.6963892735954715,-1.5814595358895478,3.125944557796363,-0.2312761596474165,0.5134949466100631,0.5631746817953812,0.6521953032695674,0.7051669956927805
604.1076193937141,-30.35858578886929,-56.73593321181735,2.6711642845934387,-1.5283318213052308,3.0774854656523956,-0.2578769846554984,0.5360783824329378,0.594878618986199,0.6521972958235582,0.7051688974348338
604.2076193937141,-30.093158677509305,-56.88573041353464,2.6378240473321384,-1.46793378846569,3.0187655278280454,-0.3520381043989036,0.6227187009692448,0.7153386662872327,0.6521954028015522,0.7051670922525783
604.3076193937142,-29.831227239461278,-57.0293175947809,2.599937099112849,-1.4029003889872338,2.954285433190887,-0.40110896629467596,0.6739744041597768,0.7843021741041585,0.6521954479228071,0.7051671273888046
604.4076193937142,-29.57333904434902,-57.16612415679105,2.5570773862502283,-1.3323469875654508,2.8833649187272554,-0.4507667467971951,0.7321777678181551,0.859810993012594,0.6521954905817406,0.7051671549405052
604.5076193937142,-29.319885139457927,-57.29569796670853,2.5120007115704985,-1.2591292107836185,2.8099028353982756,-0.4507667467971951,0.7321777678181551,0.859810993012594,0.6522135956015108,0.7051843745454538
604.6076193937142,-29.071446253817857,-57.41727615826628,2.4595922363085996,-1.1759705082034198,2.7262612870144616,-0.5184477807100054,0.8279809016377193,0.9769035135569636,0.6521955463832326,0.7051671622636977
604.7076193937143,-28.828079269090495,-57.53073330457846,2.4077474582375875,-1.093172418039629,2.6442907854871356,-0.5184477807100054,0.8279809016377193,0.9769035135569636,0.6522136486462419,0.7051843677601396
604.8076193937143,-28.590179009177113,-57.63541085530707,2.3519397362960826,-1.0031972197323404,2.556956234441095,-0.5527098844742707,0.893029237019588,1.0502330382193037,0.6521955556016843,0.7051671042404902
604.9076193937143,-28.357748584969823,-57.73126543109523,2.296668747848643,-0.9138942960303613,2.4718191927528768,-0.5527098844742707,0.893029237019588,1.0502330382193037,0.6522136328351279,0.7051842794376604
605.0076193937143,-28.13091877481595,-57.81798696456885,2.2405330470720544,-0.8219881348482619,2.3865566887994323,-0.5566757157119882,0.9101964812757342,1.066932747173027,0.6521955082923433,0.7051669838661562
605.1076193937143,-27.909640900765158,-57.895644826125064,2.1850659337117033,-0.7312255789971054,2.3041709967029465,-0.5540856598456196,0.9068206610652287,1.062701571364856,0.6521974039256403,0.7051687556379278
605.2076193937144,-27.69384598432082,-57.964340551596955,2.130833907563046,-0.6428079131243688,2.22568082949818,-0.537837042664092,0.8724886435305619,1.024941519088507,0.6521953989016529,0.7051668183181956
605.3076193937144,-27.483430852087213,-58.02431793383533,2.077677614241855,-0.5573700513217874,2.1511405446488565,-0.5260968595005562,0.8373246767017248,0.9888834712897147,0.6521953223467499,0.7051667292234812
605.4076193937144,-27.278266810314573,-58.07596556175046,2.0258122606576703,-0.47640772507708773,2.081076556963743,-0.5123489440741897,0.783658918780219,0.9362813367133401,0.6521952413422861,0.705166653026798
605.5076193937144,-27.078247328969134,-58.11968803966427,1.9745773662502397,-0.398041833199048,2.0142971668262337,-0.5123489440741897,0.783658918780219,0.9362813367133401,0.6522132307207226,0.7051838040197457
605.6076193937145,-26.88319712193014,-58.15638907637374,1.925569483600929,-0.3322440735490732,1.9540225076962727,-0.49207537268755885,0.6512621172102213,0.8162600797042202,0.6521950871437157,0.7051665761134781
605.7076193937145,-26.693100550433442,-58.18635717314261,1.876361946332162,-0.26711786182803626,1.8952799544529038,-0.49207537268755885,0.6512621172102213,0.8162600797042202,0.6522131306693142,0.7051838365856934
605.8076193937145,-26.507869858921318,-58.210883121955895,1.8278302652923253,-0.2183102369702985,1.8408212401764166,-0.48816594077083475,0.48308280595181774,0.6867859805899912,0.6521950327902294,0.7051667194207771
605.9076193937145,-26.327527662095896,-58.230298731623165,1.7790136712152307,-0.17000195637510573,1.7871178773494647,-0.48816594077083475,0.48308280595181774,0.6867859805899912,0.6522131769481324,0.7051841512762285
606.0076193937145,-26.152111526701237,-58.24613161869063,1.7294839738986476,-0.14057171101736193,1.735187373718068,-0.495875997354539,0.2913535053843602,0.575134653670002,0.6521952119517269,0.7051672420231904
606.1076193937146,-25.981647157553223,-58.25886720844121,1.6797825590656212,-0.1147877620232649,1.683699995857741,-0.49730179558097043,0.24880940419533593,0.5560712144178076,0.652197378719959,0.7051695460486122
606.2076193937146,-25.816165061389352,-58.269761102811096,1.6299379107291456,-0.10244044418422889,1.6331538927598814,-0.49683983296428624,0.09033301509123232,0.5049850227833026,0.6521957750830543,0.705168299353832
606.3076193937146,-25.655645225034423,-58.27971582999658,1.5805881327536484,-0.09822899949267777,1.5836375158927618,-0.489739852629675,0.0014412126314597984,0.4897419732344624,0.6521962457316952,0.7051690664642608
606.4076193937146,-25.500007246722408,-58.28972083560664,1.5324359615214325,-0.10331816041748816,1.5359149124987916,-0.47276107427083824,-0.09412996901642234,0.48204095719425094,0.6521968687984192,0.7051700115582386
606.5076193937147,-25.349127455941584,-58.30052330149347,1.4851598540943378,-0.11273115731913254,1.4894321421414356,-0.47276107427083824,-0.09412996901642234,0.48204095719425094,0.652215725072495,0.7051883415132653
606.6076193937147,-25.202633719230278,-58.313316755805225,1.4433443494376637,-0.1375366418068925,1.4498824914085795,-0.41132523796566234,-0.24092068359646124,0.4766877669629198,0.6521986037242651,0.7051724231458165
606.7076193937147,-25.060355910476307,-58.328275023403904,1.402211825641088,-0.16162871016654412,1.4114963138165872,-0.41132523796566234,-0.24092068359646124,0.4766877669629198,0.6522178173333384,0.7051911010837646
606.8076193937147,-24.921566651371556,-58.346408808910596,1.3708374575480067,-0.196899966247586,1.384906109353621,-0.30588777433967357,-0.34664037421751925,0.4623060453078035,0.6522010028761979,0.7051754500508487
606.9076193937148,-24.786012344488423,-58.36783200740644,1.3402486801140323,-0.2315640036693458,1.3601060298163457,-0.30588777433967357,-0.34664037421751925,0.4623060453078035,0.6522205162574685,0.7051943526103227
607.0076193937148,-24.652571709611276,-58.39326766528361,1.32423905735285,-0.2742098471250399,1.352331365190907,-0.152151601476464,-0.42244885059569537,0.44901352006535045,0.6522039385708085,0.7051788257619319
607.1076193937148,-24.520786494109686,-58.42284334423336,1.3120555854437133,-0.31750382601430427,1.3499253826888975,-0.11359263766881633,-0.43572285971048313,0.45028623985953686,0.6522074564653441,0.7051823548051319
607.2076193937148,-24.389512388709502,-58.45695795950049,1.3129745802081831,-0.36452824665583955,1.3626382832148947,0.04623463654718893,-0.47744448049817634,0.47967788522593385,0.6522070794907624,0.7051820706347013
607.3076193937148,-24.2577992862122,-58.495833127131405,1.3231340627608634,-0.4132999666474494,1.3861820264557074,0.15007641225797647,-0.4959050293085434,0.5181165193368509,0.6522085634693631,0.7051834396946556
607.4076193937149,-24.124490519897385,-58.5396765637988,1.3450077836946748,-0.46381074533359146,1.422732000654432,0.2790405781448229,-0.5120766592749231,0.583169057157153,0.6522098850991173,0.7051845217560908
607.5076193937149,-23.988594538637162,-58.58861802162854,1.3729118415091635,-0.5150184112610954,1.4663324617882485,0.2790405781448229,-0.5120766592749231,0.583169057157153,0.6522290298807291,0.7052024345148584
607.6076193937149,-23.848218392111395,-58.64281678372486,1.4263586046951875,-0.5681377541396119,1.5353434068203777,0.5382705951011982,-0.5285843889374258,0.7544114857151565,0.65221166303548,0.705185437381332
607.7076193937149,-23.702891178666334,-58.70227348108352,1.4801856642053197,-0.6209961930333665,1.6051747170575787,0.5382705951011982,-0.5285843889374258,0.7544114857151565,0.6522300414099494,0.7052023472235122
607.807619393715,-23.55034937152032,-58.76706256422932,1.561628272150794,-0.6744867025201357,1.7010629536431507,0.8169959064488165,-0.5337144140778968,0.9758757026120878,0.6522117043765602,0.70518418543831
607.907619393715,-23.39010156477296,-58.83717980655174,1.6433278627956942,-0.7278581439279375,1.7973046325881672,0.8169959064488165,-0.5337144140778968,0.9758757026120878,0.6522290058987827,0.7051998843237578
608.007619393715,-23.219771766904802,-58.91264544366279,1.7537062312282685,-0.781387668599983,1.9199094338246725,1.1033178061898892,-0.5351508576637756,1.226253082325971,0.652209514694351,0.705180524164773
608.107619393715,-23.038695072075836,-58.99346094143258,1.8687304695762486,-0.8349271230247826,2.0467674192944116,1.162819160149653,-0.535462290314651,1.2801829023854974,0.6522095120508286,0.7051797624167156
608.207619393715,-22.845118620957766,-59.079636261202765,2.001789361960028,-0.8885717106833542,2.1901416243437497,1.3715878582602055,-0.5366069543848666,1.472820517381877,0.6522051490636477,0.7051749696369419
608.3076193937151,-22.637881711779634,-59.1711767295444,2.1448590508171503,-0.9422355907498358,2.342696791381236,1.4796424196038762,-0.536514374062645,1.5739089438296756,0.6522024208140951,0.705171954562126
608.4076193937151,-22.415777770754172,-59.268080189470815,2.2988690007384776,-0.9958009134771593,2.5052780567909565,1.5889339459724283,-0.5344561948622721,1.676411199225945,0.6521996412024241,0.7051692253637524
608.5076193937151,-22.177946200950405,-59.370332561792864,2.4577623953357564,-1.0492465329633986,2.6723611804661185,1.5889339459724283,-0.5344561948622721,1.676411199225945,0.6522152365203525,0.7051844509153763
608.6076193937151,-21.92309444994151,-59.4778605772312,2.6330685958781883,-1.1015099187268103,2.8541854059702354,1.7420143233045766,-0.5194306138664883,1.817806938379326,0.6521954550300022,0.7051665904172325
608.7076193937152,-21.6510775187371,-59.590608722173236,2.8072700282086855,-1.153452980113471,3.0349989767068197,1.7420143233045766,-0.5194306138664883,1.817806938379326,0.6522132021235645,0.7051852021732716
608.8076193937152,-21.36095501957969,-59.70833824518537,2.991182212947672,-1.2020040077208634,3.2236601349446796,1.8276474037368826,-0.4816264153947088,1.890042072651327,0.6521968463427043,0.7051722279855059
608.9076193937152,-21.052698561266165,-59.83094677803445,3.1739469533214018,-1.2501666492603454,3.4112836166787788,1.8276474037368826,-0.4816264153947088,1.890042072651327,0.6522195857243597,0.7051975068901222
609.0076193937152,-20.725943275319622,-59.958011199132045,3.3594649212215484,-1.2927645923310727,3.599617319674833,1.8435671034483323,-0.42287231715635143,1.8914440677783881,0.6522099974721739,0.705193160906459
609.1076193937153,-20.380795634816728,-60.0893554435883,3.5433977918158943,-1.3338952379184577,3.7861516632046444,1.8380516344503617,-0.4081646537230492,1.8828255881664937,0.652225335966201,0.7052138280089075
609.2076193937153,-20.017418017804907,-60.22454475303186,3.724021166541164,-1.3700710606980246,3.9680509523201466,1.7905277107372009,-0.347999176149237,1.824032047283805,0.6522427768947278,0.705237862419041
609.3076193937153,-19.636143624806937,-60.36322360830722,3.9006059512155464,-1.4028262851285278,4.145195818402991,1.7425125096664655,-0.309752381829695,1.7698294789027822,0.6522692754501873,0.7052719564534062
609.4076193937153,-19.23750504635517,-60.50496638355394,4.07101697677598,-1.4313261184713022,4.3153069048002095,1.667875974621777,-0.2635922907509325,1.6885766676298315,0.6523039993398269,0.7053153468380118
609.5076193937153,-18.82206396880437,-60.64941695685485,4.237804574238195,-1.4576853475464013,4.48149909984211,1.667875974621777,-0.2635922907509325,1.6885766676298315,0.6523660883393798,0.7053862587457563
609.6076193937154,-18.391089640228966,-60.7959295922942,4.386941488441138,-1.4754509571109902,4.628413459258571,1.4823680834657296,-0.17800801279553835,1.4930177452050852,0.6524020970989233,0.7054337110995376
609.7076193937154,-17.944983650967423,-60.94436472806931,4.535178296787746,-1.493251758390548,4.774687738228654,1.4823680834657296,-0.17800801279553835,1.4930177452050852,0.6524852185963919,0.70552735103022
609.8076193937154,-17.485522975306296,-61.09402700757059,4.661106178897177,-1.50279697193693,4.897377823878433,1.2542550265239254,-0.09620816062632698,1.2579394586909316,0.6525432290477947,0.7055981958553765
609.9076193937154,-17.01314108228385,-61.24478774556744,4.786531681549598,-1.512417787999565,5.019790145408025,1.2542550265239254,-0.09620816062632698,1.2579394586909316,0.6526489080985938,0.7057154264611923
610.0076193937155,-16.529845732509152,-61.39598337795413,4.887427323988704,-1.5141320012407664,5.116594723490688,1.0073064248645636,-0.017004503862528164,1.0074499425405907,0.6527290326982743,0.7058090029754178
610.1076193937155,-16.036235580212804,-61.547427020026575,4.983967224707567,-1.5144788752095621,5.208989879085509,0.9541302382209533,0.00018479093697720828,0.9541302561156225,0.6528393933332376,0.7059318491130337
610.2076193937155,-15.533883760208816,-61.69860038052675,5.063886686833202,-1.5092062902506895,5.28399962184128,0.7583890805523337,0.06811597865853158,0.7614419111459676,0.6529544302480089,0.7060592877899042
610.3076193937155,-15.023905181873573,-61.84910262231547,5.133712390105108,-1.5000588614146662,5.348381015973653,0.6471189498076206,0.11194839269344162,0.6567308260061825,0.653078149857088,0.7061948320280528
610.4076193937155,-14.507541961559653,-61.99844548600968,5.191660594026293,-1.4859709496608997,5.400134200814046,0.5224785697861951,0.16622471259871174,0.5482832397259214,0.6532060932381036,0.7063339026294393
610.5076193937156,-13.985763509307974,-62.146211457412804,5.243908451004924,-1.4693484784010247,5.445875576388087,0.5224785697861951,0.16622471259871174,0.5482832397259214,0.6533536441398824,0.7064908437385974
610.6076193937156,-13.46021716328032,-62.29160748253416,5.274538870083699,-1.4420221559326742,5.468106453812374,0.31111635578546326,0.27505668641534264,0.4152704752074425,0.653462248596492,0.7066095096538644
610.7076193937156,-12.931207694492901,-62.43443441469538,5.3056505056622525,-1.4145164872911336,5.490972972165549,0.31111635578546326,0.27505668641534264,0.4152704752074425,0.6536017041944235,0.7067561626564549
610.8076193937156,-12.40033683815057,-62.57373204776469,5.3183423519265025,-1.375242308387024,5.493273776089518,0.13374314088345018,0.3945084689082764,0.4165623119939235,0.6536944530222786,0.7068565978975168
610.9076193937157,-11.867833887253381,-62.70928373625889,5.3317166660148505,-1.3357914614961874,5.496502654894895,0.13374314088345018,0.3945084689082764,0.4165623119939235,0.6538102134094104,0.7069770514410656
611.0076193937157,-11.334939063537306,-62.84003992391083,5.3314008915920095,-1.2834922358993572,5.48372025056731,0.0070998299239222185,0.5248448741820971,0.5248928933984247,0.653871686044323,0.7070436622014031
611.1076193937157,-10.801822451797653,-62.96567264646467,5.3306604663947414,-1.2287194143904265,5.470438045283371,-0.011156902609990915,0.5539034255692635,0.5540157771518908,0.6539327695471161,0.7071076562862304
611.2076193937157,-10.269021944091024,-63.085317489339964,5.325839876844955,-1.1645841572231714,5.4516810850458866,-0.050940086052955635,0.6657180989581624,0.6676641967692682,0.6539665637397885,0.7071432939256193
611.3076193937158,-9.736705439655575,-63.198326218177634,5.320426349003901,-1.0943950822809483,5.431817111362983,-0.05500239608785629,0.7330503175117538,0.735110897470231,0.6539773701684384,0.7071546190270228
611.4076193937158,-9.204924955581584,-63.303948475245924,5.315354127012923,-1.0168567135159217,5.411745288848664,-0.044497891825218794,0.8115281057697344,0.8127471493835596,0.6539626969153148,0.7071392400977955
611.5076193937158,-8.673612032339298,-63.401576506068686,5.3109043378304,-0.9357039029389297,5.392703095810199,-0.044497891825218794,0.8115281057697344,0.8127471493835596,0.6539411187253837,0.7071148595172236
611.6076193937158,-8.142444889603953,-63.49015094261166,5.31129371303418,-0.8406309954140044,5.3774065660471635,0.010615080320103498,0.9472835827413668,0.9473430561636699,0.6538607842783775,0.7070321914541664
611.7076193937158,-7.611262442898813,-63.569477624239376,5.312355221066191,-0.7459026371398462,5.364465373071337,0.010615080320103498,0.9472835827413668,0.9473430561636699,0.6537957954821021,0.7069618690011041
611.8076193937159,-7.079435976532834,-63.63855845336452,5.3216838633457355,-0.6398576133248223,5.360012771134424,0.09695708581257767,1.0547086752333268,1.0591558271103014,0.6536783074251069,0.706839493306839
611.9076193937159,-6.5467828047690775,-63.697270671320844,5.331379571926996,-0.5343867458014656,5.358094561880067,0.09695708581257767,1.0547086752333268,1.0591558271103014,0.6535830981801471,0.7067363976109344
612.0076193937159,-6.012507916299454,-63.744909388024475,5.350887491520527,-0.42138368894545564,5.367453880586224,0.19530455088280474,1.1225732720765762,1.1394360968374861,0.6534431839316499,0.7065891140081318
612.1076193937159,-5.476377865416453,-63.781407805153975,5.372021256050197,-0.3084628590962845,5.380869977140963,0.21562255281977158,1.1308899312245368,1.1512624035507948,0.6533175082871988,0.7064539706503012
612.207619393716,-4.937802205803057,-63.80652232108771,5.399111212635,-0.19411078933636997,5.4025994562745225,0.28315951202319817,1.1416388856239892,1.1762306977876404,0.6531864361544714,0.7063126032968723
612.307619393716,-4.39641696813034,-63.82023570313828,5.4291286569702395,-0.08030970106482806,5.429722610043776,0.31356789424269266,1.133378050409839,1.175955198742964,0.6530589558853429,0.7061738769064846
612.407619393716,-3.851884599067294,-63.82263718702097,5.461858674509511,0.03192051640188812,5.461951949594774,0.3365217802488252,1.1103729289957198,1.160247796821167,0.652936112112919,0.7060391202695862
612.507619393716,-3.304016122714974,-63.8138932707358,5.495510852534401,0.14295780930148536,5.497369958949793,0.3365217802488252,1.1103729289957198,1.160247796821167,0.6528381269145128,0.7059278870181305
612.607619393716,-2.7527023816560723,-63.7945038876262,5.529832645864017,0.2467206812717843,5.535333791726625,0.3325058185027576,1.0297610580021925,1.0821127279151574,0.6527133730957491,0.7057914204184632
612.7076193937161,-2.19805658797703,-63.764683014209,5.5630832277143005,0.34969678707202695,5.5740634048568785,0.3325058185027576,1.0297610580021925,1.0821127279151574,0.6526345590638502,0.7056991382292729
612.8076193937161,-1.640437966098262,-63.725316211838106,5.590509602115102,0.4411220430163169,5.60788607838783,0.2634834691636003,0.9090986831405522,0.946511465440526,0.6525308899144476,0.7055840007031186
612.9076193937161,-1.080069588540806,-63.67665851412075,5.616857949031468,0.5320319113303928,5.6419988633703095,0.2634834691636003,0.9090986831405522,0.946511465440526,0.6524744153293656,0.7055147442296259
613.0076193937161,-0.5178415692355074,-63.61983857669194,5.631103212661232,0.6088501075499162,5.66392283184607,0.13322669854752167,0.7650262587483103,0.7765401018494208,0.6523931651145647,0.705423113990795
613.1076193937162,0.04582673173188361,-63.55523272749217,5.641739155012628,0.682765779723431,5.682903289971064,0.09904729938729817,0.7321672385622464,0.738836404584792,0.6523425722324205,0.7053619685934069
613.2076193937162,0.6099313256209454,-63.483815946973415,5.640766226239963,0.7460262816280371,5.689885660711399,-0.042126012948757785,0.6047653312189488,0.6062307372703266,0.6522981380491873,0.7053081006809437
613.3076193937162,1.173637326062456,-63.40632726859814,5.63176339335241,0.802389082567664,5.688636669583322,-0.13162353928530146,0.5282455928218408,0.5443970632081765,0.6522647382420039,0.7052661944387837
613.4076193937162,1.7359497556616237,-63.323619465302,5.612856628649194,0.8504119526343006,5.676914657008195,-0.23860685070184817,0.4391174047984529,0.49975726547873456,0.6522393985430983,0.7052334250750583
613.5076193937163,2.2960423842731608,-63.236382683014554,5.588995943579004,0.8943236931141558,5.660096335346944,-0.23860685070184817,0.4391174047984529,0.49975726547873456,0.6522390631666833,0.7052258843244016
613.6076193937163,2.8524210479910086,-63.1458410542953,5.545230010091076,0.9220286237088742,5.62136217012862,-0.43737386719352295,0.2790583174624077,0.5188154240659846,0.6522084218660353,0.7051908541103391
613.7076193937163,3.404757179664274,-63.052242900337085,5.501492623371714,0.9499344554551212,5.582902162377038,-0.43737386719352295,0.2790583174624077,0.5188154240659846,0.6522186603104547,0.7051960002570072
613.8076193937163,3.95141164318026,-62.956840091152515,5.4382102499899005,0.963223136716233,5.52285519764919,-0.6311162543447528,0.13639091839093131,0.6456858439811674,0.6521964248284522,0.7051713688440995
613.9076193937163,4.492077086907649,-62.85983582288891,5.375098624555411,0.9768622285553292,5.4631442445972045,-0.6311162543447528,0.13639091839093131,0.6456858439811674,0.6522131500847661,0.7051848390994047
614.0076193937164,5.025218263078703,-62.762309343906836,5.294015302684422,0.9780544711045427,5.3836036790893536,-0.8059242219058194,0.015428693140471683,0.806071892591798,0.6521956508423885,0.705166583785556
614.1076193937164,5.550486230467425,-62.66450030192119,5.210853854569315,0.9777775835237918,5.301796572532891,-0.8384327375283505,-0.007624480440579395,0.838467404292661,0.6521994528292812,0.7051693305292626
614.2076193937164,6.066927054375561,-62.56709768593916,5.118621688335402,0.9706744323122344,5.209846143778359,-0.9390613794050588,-0.08620494283765745,0.9430098443069275,0.652200063711376,0.7051696116380313
614.3076193937164,6.5740138574438935,-62.470536510922635,5.022392647748674,0.9598262513640963,5.113286060936508,-0.9802005958274453,-0.12707017819662214,0.9884027712665522,0.6522028557618733,0.7051724106616085
614.4076193937165,7.071285185042449,-62.37527468771366,4.9225962190317745,0.9447580846756676,5.012436670341677,-1.009870485599722,-0.17018252670082124,1.0241096084305108,0.6522055511467959,0.7051754344720343
614.5076193937165,7.558495454517738,-62.28164979187958,4.821609170471779,0.9277398320055815,4.910052564756033,-1.009870485599722,-0.17018252670082124,1.0241096084305108,0.6522259683522819,0.7051955382916332
614.6076193937165,8.035482620451372,-62.19021109039489,4.719344576327968,0.9035497811285687,4.805061439471268,-1.0109100723871578,-0.2401585878721172,1.0390453896642524,0.6522097701847194,0.7051808850305461
614.7076193937165,8.502362527722338,-62.10105690522138,4.618253569089229,0.8795339223413515,4.7012600384316725,-1.0109100723871578,-0.2401585878721172,1.0390453896642524,0.6522291465643804,0.705200136579314
614.8076193937165,8.959465773873394,-62.014724799170736,4.522651722877735,0.8492869139041477,4.6017026054035455,-0.9462740382056904,-0.3009132510365218,0.9929669380354379,0.6522117775179509,0.7051843661462877
614.9076193937166,9.40699957597024,-61.931300674035484,4.428024319057145,0.8191955888004887,4.503163419516515,-0.9462740382056904,-0.3009132510365218,0.9929669380354379,0.6522300100561957,0.7052024142337829
615.0076193937166,9.845766146247966,-61.8512382560926,4.344218434672367,0.7839296788078794,4.41438325810787,-0.8303892669727411,-0.350249290379676,0.9012329888075518,0.6522115784182891,0.7051854391876649
615.1076193937166,10.276131784066884,-61.774623305442844,4.26355839482653,0.7482445034852325,4.328718057703878,-0.8001189691509868,-0.3585849568736662,0.8767973175662246,0.65221274600288,0.7051869937653441
615.2076193937166,10.698994729606133,-61.70169501460682,4.1933815388522415,0.7105487916881865,4.253155101304952,-0.6709538877563277,-0.37845456350676465,0.7703291349380643,0.6522096988982122,0.7051843928139251
615.3076193937167,11.115132924619568,-61.63253684354843,4.130947129303523,0.672615766704313,4.185347793758632,-0.58306278269284,-0.378697166118968,0.6952508555823971,0.6522083504303992,0.7051832701270997
615.4076193937167,11.525525436070275,-61.5671514895285,4.078631984596978,0.6352905924973743,4.127812132679145,-0.46987225924953835,-0.36621127885815863,0.5957269850990413,0.6522068549377151,0.7051818777441337
615.5076193937167,11.931039273233816,-61.505453486673034,4.031644758672013,0.5986694646115501,4.0758513942470715,-0.46987225924953835,-0.36621127885815863,0.5957269850990413,0.6522233552845494,0.7051975022778169
615.6076193937167,12.333377446377547,-61.44709065459277,4.007735472346612,0.5673673567583767,4.047696793711247,-0.23481147243791356,-0.30477566508990694,0.38473969592369356,0.6522037312613911,0.7051786348468391
615.7076193937168,12.73297693625011,-61.39187779724237,3.9842543251028153,0.5368897902493791,4.020265311391092,-0.23481147243791356,-0.30477566508990694,0.38473969592369356,0.652220323182117,0.7051941702557305
615.8076193937168,13.131884925685817,-61.33907344027553,3.985678690601859,0.5163004786501632,4.018980070735875,0.01509641086837954,-0.20030063542424525,0.20086872870724137,0.6522008552606792,0.7051753156379197
615.9076193937168,13.530528276800435,-61.288444895587624,3.987188331688697,0.49627041510773406,4.017954095962981,0.01509641086837954,-0.20030063542424525,0.20086872870724137,0.6522177080878884,0.7051910048042928
616.0076193937168,13.93098780647895,-61.2389929726288,4.013615169704761,0.4887666592221275,4.043265954355629,0.262876382334178,-0.07268209237791945,0.27273921416169206,0.652198546116466,0.7051723849722901
616.1076193937168,14.333826433943596,-61.19038942389872,4.043932970723762,0.4837369546356566,4.072762614367168,0.3139832739084496,-0.04426483846347984,0.3170881142812932,0.652199589409046,0.7051730013540999
616.2076193937169,14.740558475736403,-61.141792399665626,4.089874706727441,0.48780601654599565,4.11886268604664,0.49611977330336265,0.06438525622782132,0.5002802121632457,0.6521969195425701,0.7051700917428393
616.3076193937169,15.15220770831285,-61.09257112795724,4.14486236079752,0.49779814018576446,4.174648126289016,0.595093031079827,0.13074864920641116,0.6092872269374084,0.6521963530798071,0.7051692075240696
616.4076193937169,15.569880076461603,-61.04198412736416,4.210201897288943,0.5151651221112735,4.241602895012137,0.7018589608462978,0.21105894553602478,0.7329064602055461,0.652195938094886,0.7051684987154949
616.5076193937169,15.994409560994827,-60.98941232042534,4.280387793373589,0.5362710166648808,4.313850514908509,0.7018589608462978,0.21105894553602478,0.7329064602055461,0.6522137234230191,0.7051851547282852
616.607619393717,16.427159502837355,-60.93369701833637,4.368269536869147,0.5729554024263667,4.405684582435351,0.8719126306885144,0.3685015397277598,0.9465859814807609,0.6521954757844803,0.7051675396667273
616.707619393717,16.868346019677812,-60.87455897039508,4.4554607999380185,0.609805556399151,4.496998305136394,0.8719126306885144,0.3685015397277598,0.9465859814807609,0.652213480293216,0.7051844820064249
616.807619393717,17.319149045717744,-60.810642249677166,4.555642066678367,0.6631125061126883,4.603649947102037,0.9921392971715906,0.5340112111074788,1.126724615236844,0.6521953717553901,0.7051670761457528
616.907619393717,17.77967394887154,-60.741660943010345,4.654855996395548,0.7165136272234484,4.709678983240417,0.9921392971715906,0.5340112111074788,1.126724615236844,0.6522134963870679,0.7051842065885892
617.007619393717,18.250608365213566,-60.6662199650538,4.760827367957884,0.7866951759624726,4.825387707467599,1.0483478662567909,0.7013961124892782,1.2613444237400975,0.652195464787356,0.7051669418411712
617.1076193937171,18.731943293971725,-60.58393248562774,4.865910399437483,0.8595838262746704,4.941251700707711,1.0513542536784257,0.736263148485958,1.2835221815559619,0.6521974821702363,0.7051687972479294
617.2076193937171,19.22376585651895,-60.493764631468615,4.97026566871842,0.9432146991325765,5.0589717123443885,1.0338175366255133,0.8618835970022521,1.3459650938326688,0.6521956127381081,0.705166974552237
617.3076193937171,19.725910708714064,-60.395007796979726,5.072056066796813,1.0331400383258438,5.176208176215702,1.0019259150101538,0.930665391052991,1.367477096434434,0.6521956717689334,0.7051670100743033
617.4076193937171,20.238025400418742,-60.28689506275048,5.1693486065759915,1.1302237209296147,5.291462054636802,0.944434155565099,1.0039503967325183,1.3783585430857033,0.6521957137208984,0.7051670486096655
617.5076193937172,20.759682431854284,-60.16885293867383,5.263792022132523,1.2306187606028893,5.405731124113905,0.944434155565099,1.0039503967325183,1.3783585430857033,0.6522138015684241,0.7051842857509069
617.6076193937172,21.289822742323118,-60.03997110665024,5.343262956559528,1.342724934210309,5.509389192269079,0.783824100518665,1.1150652544025412,1.362993302305517,0.6521957215498995,0.705167098441626
617.7076193937172,21.828068158481788,-59.90012328695717,5.421645366611412,1.4542314596505883,5.613290266816466,0.783824100518665,1.1150652544025412,1.362993302305517,0.6522137826770927,0.7051843377733674
617.8076193937172,22.372785289734516,-59.74857869241709,5.4791488767036025,1.573571310822084,5.700631463559514,0.5679205877123812,1.1861220609050793,1.3150738904385904,0.6521956474866125,0.7051671245142878
617.9076193937173,22.923539780343564,-59.585290951030316,5.535940935474853,1.6921835169126187,5.7887932331339105,0.5679205877123812,1.1861220609050793,1.3150738904385904,0.6522136893064581,0.705184372222104
618.0076193937173,23.478369087057,-59.40989472769001,5.56850260538061,1.8141204795937411,5.856556529276574,0.32265912439457556,1.211714138273331,1.2539378227992626,0.652195549721449,0.7051671827527515
618.1076193937173,24.036662106085846,-59.2224248620062,5.596541623524688,1.9352665861677385,5.921700338870727,0.26901289470988643,1.211304577767634,1.2408169557356228,0.6521974614709348,0.7051691022910219
618.2076193937173,24.59683227610966,-59.02288900762402,5.607667087211856,2.0553415060893547,5.972466732234911,0.06906547575759459,1.194109781602607,1.1961054345084503,0.6521955174968165,0.7051673645579796
618.3076193937173,25.15773553681314,-58.811416968349256,5.608356858501327,2.1737490971288933,6.0148858500862294,-0.04604841602140608,1.1745869511774232,1.1754892438871378,0.6521955590775653,0.7051675345716335
618.4076193937174,25.71808852387502,-58.58822327390856,5.59674043899131,2.2896676179604163,6.046989444523379,-0.17537469671735018,1.144861334400807,1.1582157654145013,0.6521956644582035,0.7051677825573627
618.5076193937174,26.27688569429069,-58.35353220544046,5.57920296931957,2.404153751400523,6.075151111967299,-0.17537469671735018,1.144861334400807,1.1582157654145013,0.6522139171227277,0.7051853249537358
618.6076193937174,26.83240243441049,-58.10782995452775,5.538969055191739,2.5119318828536317,6.081938833831549,-0.3981215221599863,1.0749220608977221,1.146280150491838,0.6521961190505591,0.7051685523061535
618.7076193937174,27.38430873231899,-57.85126215593783,5.499156902975732,2.6194240889434286,6.0911500721360285,-0.3981215221599863,1.0749220608977221,1.146280150491838,0.6522145914270722,0.7051863251819628
618.8076193937175,27.930897854005334,-57.58448401418707,5.439627715567083,2.718763499626647,6.081219010269873,-0.5885589829949414,0.9922274645516069,1.153653768630151,0.6521969994365984,0.7051697603064805
618.9076193937175,28.471917830647186,-57.30764652690158,5.380771817267576,2.8179862460818303,6.074022705967387,-0.5885589829949414,0.9922274645516069,1.153653768630151,0.652215717772083,0.7051877668017715
619.0076193937175,29.00601024461148,-57.02145300567077,5.306712683579325,2.90872609255543,6.051602018273711,-0.731972685812535,0.9076768247963218,1.16604512393301,0.6521983724545597,0.7051714204470134
619.1076193937175,29.53294591555265,-56.72609807655379,5.231646819721446,2.9981047154425413,6.029822578738144,-0.7555747831035662,0.8900543193267958,1.167514429981183,0.6522011816996449,0.7051742447643178
619.2076193937176,30.052020335815712,-56.422110157368934,5.1503408060762705,3.0818982553387495,6.0020086033755735,-0.8236329494140724,0.8233294535568535,1.1645783032732282,0.6522002062186226,0.7051734305069813
619.3076193937176,30.562883418329026,-56.1098778606288,5.066441236917551,3.1620053622579976,5.972194296746127,-0.8509538613199656,0.7815714486710053,1.1554117895681406,0.6522012493680827,0.7051744957110042
619.4076193937176,31.0652262175984,-55.78986870040126,4.980095844618837,3.237377072957319,5.939862366595669,-0.8724376497579994,0.7290947513713635,1.1369813583311434,0.6522023393903569,0.7051755526305223
619.5076193937176,31.558873613811603,-55.4624855193486,4.892852079643017,3.3102865480944716,5.907452793189481,-0.8724376497579994,0.7290947513713635,1.1369813583311434,0.6522215055650016,0.7051937584425908
619.6076193937176,32.043647614595386,-55.128512945159606,4.803636622310908,3.3725438064056985,5.869325048532581,-0.8869619410013144,0.6199574462070649,1.0821500449994932,0.6522044690356994,0.7051774204082875
619.7076193937177,32.519576467121574,-54.788158777287926,4.714940428210756,3.434539551026419,5.833243109038143,-0.8869619410013144,0.6199574462070649,1.0821500449994932,0.6522234982105566,0.7051953499418637
619.8076193937177,32.98668225471538,-54.44241410200016,4.627141461125084,3.4842599739141034,5.792279833285223,-0.8741634283855788,0.4944218157618153,1.0042980789725924,0.6522061626034482,0.7051785768737654
619.9076193937177,33.44502558368607,-54.09151599552986,4.539725118286507,3.533702155490296,5.752925783748492,-0.8741634283855788,0.4944218157618153,1.0042980789725924,0.652224787385547,0.7051959748699205
620.0076193937177,33.894816210104,-53.73659187882659,4.455310484009783,3.5692514197551954,5.708708015510337,-0.8407215369594344,0.35318802630635066,0.9118960931123727,0.6522069119729929,0.7051785572391724
620.1076193937178,34.33617465936708,-53.378000958965195,4.372010061309044,3.6020865785860416,5.664759456130261,-0.830884957653361,0.3216525630933606,0.8909714833815703,0.6522087247007954,0.705179844843273
620.2076193937178,34.76939375772305,-53.016678584432576,4.2922895966845385,3.624810846703942,5.618096088194725,-0.7860205407549001,0.20121705806264456,0.8113671147785146,0.6522062524377681,0.7051770323877676
620.3076193937178,35.19474875287001,-52.65332050347014,4.2153822745224705,3.6410801138608924,5.570180617889467,-0.7539238704908884,0.1296175462341405,0.7649849088627313,0.6522053089120013,0.7051756904868126
620.4076193937178,35.61259696918259,-52.288724599795884,4.142233891693398,3.649585809818857,5.520650160689826,-0.7113038506077677,0.047223365315043786,0.712869703466991,0.6522039706501052,0.7051740281504646
620.5076193937178,36.02326383909898,-51.923529901987344,4.071103506632605,3.6543081463503624,5.4706354100962455,-0.7113038506077677,0.047223365315043786,0.712869703466991,0.6522203688160079,0.7051893545333194
620.6076193937179,36.42741289437406,-51.55883255463215,4.009082488269896,3.644679533376133,5.418157555734533,-0.6164713754887634,-0.0920960551307679,0.6233126343719156,0.6522003845214158,0.7051701953114573
620.7076193937179,36.82523878632369,-51.19482508157011,3.9474353507210056,3.635469927863054,5.366459488761512,-0.6164713754887634,-0.0920960551307679,0.6233126343719156,0.6522165180657856,0.705185638824547
620.8076193937179,37.21764943740435,-50.83251089747245,3.897222671964335,3.6149993655072405,5.315690450683766,-0.49832737893891965,-0.1980664485770136,0.5362466733249209,0.6521966553271814,0.7051670845409069
620.9076193937179,37.60488006770617,-50.47200129316454,3.8473899340704314,3.5951927206495347,5.2657212234790665,-0.49832737893891965,-0.1980664485770136,0.5362466733249209,0.6522134969534884,0.705183815312931
621.007619393718,37.988020242962044,-50.11396542559908,3.811078977683772,3.5683721295085142,5.220881403441024,-0.36076427782335,-0.2605068520845235,0.4449884089910557,0.65219507551511,0.7051673679122854
621.107619393718,38.36742128541465,-49.758454259271296,3.7774062042097096,3.5417459994931817,5.178104127625087,-0.3302543296275179,-0.26771268275460436,0.42513292361964705,0.6521981091600183,0.7051718021637114
621.207619393718,38.7439829002124,-49.40568279663763,3.7533646385378283,3.513932337054829,5.14154320989582,-0.2165093665085569,-0.2762451388347815,0.35098102871207204,0.6521992552126809,0.7051749352053486
621.307619393718,39.11835463060469,-49.055660627647306,3.7352194449659604,3.4866544063466987,5.1096597980050165,-0.1516628620484507,-0.26847103313312837,0.30834772474642436,0.6522049967933917,0.7051829770873721
621.407619393718,39.491259844624324,-48.708303528329495,3.723982638078413,3.4608102068662974,5.0838227719560996,-0.07930381587809698,-0.24782172438985728,0.26020127265712883,0.6522141192006551,0.7051947906965783
621.5076193937181,39.86326158935286,-48.36346161626474,3.716052256490602,3.4360280344273058,5.061159257160288,-0.07930381587809698,-0.24782172438985728,0.26020127265712883,0.6522454656520386,0.7052283212497548
621.6076193937181,40.23530810652124,-48.020706927503426,3.7204990155741324,3.417401727982238,5.051806359640487,0.04038703066185145,-0.18061940541674676,0.18507966354729644,0.6522455967617146,0.705232656968549
621.7076193937181,40.60755994323205,-47.67986985173221,3.7245377186403186,3.399339787440559,5.0425878483226105,0.04038703066185145,-0.18061940541674676,0.18507966354729644,0.6522876364858691,0.7052773994587217
621.8076193937181,40.98085984770826,-47.34023663744807,3.737890774697648,3.390539127136694,5.046541688742365,0.1262018696285887,-0.08356662621112787,0.15136146442890167,0.6522999103584128,0.7052942217149845
621.9076193937182,41.35527993452626,-47.00160055786538,3.7505109616605097,3.382182464515579,5.05029609991457,0.1262018696285887,-0.08356662621112787,0.15136146442890167,0.6523555168748641,0.7053526655539724
622.0076193937182,41.7312830016093,-46.663031656726034,3.7674735074113586,3.385508713800524,5.065128416957039,0.16009800284120512,0.03615325905271399,0.16412930467736458,0.6523824398432916,0.7053840330767407
622.1076193937182,42.10883066923916,-46.32421366640394,3.783470217607555,3.3912652684732683,5.080878566613891,0.15981484631100518,0.06334104931150707,0.17190949255143817,0.6524373341244397,0.7054421756895971
622.2076193937182,42.48791813115713,-45.984345372442206,3.798130811625883,3.4057034088485203,5.101432482280279,0.138019279279477,0.16641729239374858,0.21620369252279822,0.6524962452337941,0.7055041446902255
622.3076193937183,42.86837906937037,-45.64283433760898,3.810634188560904,3.425577652818677,5.124013580633831,0.11272835775854029,0.226206999783217,0.25273956831857924,0.6525648014144709,0.7055751757247077
622.4076193937183,43.24993569338992,-45.29901638077481,3.8199023789194726,3.451772347741504,5.148435347278583,0.07398711237496647,0.2915932990603335,0.300833417117306,0.6526404709098369,0.7056527296653904
622.5076193937183,43.63229586684383,-44.952381179505274,3.827301090156971,3.4809316776475443,5.173501616813016,0.07398711237496647,0.2915932990603335,0.300833417117306,0.6527405303897581,0.7057531427398849
622.6076193937183,44.014830108887246,-44.602111319150495,3.826100320970043,3.5205985344086734,5.1993901283330874,-0.013736849003804369,0.39096044800693064,0.39120170363424195,0.6528089680623889,0.7058229673903534
622.7076193937183,44.39737145673932,-44.24809666346951,3.824726636069662,3.5596945792093755,5.224936299890494,-0.013736849003804369,0.39096044800693064,0.39120170363424195,0.6529170406594419,0.7059299911128376
622.8076193937184,44.77918263196787,-43.88969807074611,3.8145309901344646,3.605583321873146,5.248893003830999,-0.10035729632076906,0.4525315032674073,0.4635259953597793,0.6529895823802012,0.7060025840115928
622.9076193937184,45.1601339444998,-43.52687708104237,3.804495260502385,3.650836472199897,5.272835208303983,-0.10035729632076906,0.4525315032674073,0.4635259953597793,0.6530973887907671,0.7061081408358995
623.0076193937184,45.53956692481418,-43.15930331388903,3.786855845989314,3.699207484273539,5.293808951030327,-0.17407405401944243,0.47783264533326153,0.5085526651478156,0.6531645941463321,0.7061744423144765
623.1076193937184,45.917337786143506,-42.78699026727315,3.768351263894776,3.74706322027035,5.31422186446898,-0.18797050565279405,0.4786828407596384,0.5142666361267124,0.6532453795538187,0.7062531150505673
623.2076193937185,46.29303158571852,-42.40990962121709,3.7457731504091836,3.7944480105384852,5.331852604771235,-0.23456559991185194,0.46961165042919084,0.5249343986450454,0.6533126976367569,0.7063184741301886
623.3076193937185,46.6663929769307,-42.02813736798207,3.7210480570671676,3.840772994662275,5.347685091656984,-0.2575888472188133,0.4571429002227637,0.5247205403217954,0.6533698819460275,0.7063737743642838
623.4076193937185,47.03716597965475,-41.64180997466036,3.694099405645552,3.8854703614483563,5.361273202186626,-0.27843618375670276,0.43736528306375244,0.5184738173277728,0.6534126279602428,0.706415003973977
623.5076193937185,47.405183739300604,-41.25107611210012,3.666255787269875,3.929206889754741,5.37402068103445,-0.27843618375670276,0.43736528306375244,0.5184738173277728,0.6534572488747639,0.7064577673094979
623.6076193937186,47.77026474415733,-40.856272525677305,3.6364344311735923,3.968257175567578,5.382445576470642,-0.29177207319451415,0.3880384547473483,0.4854943718097408,0.6534480428055132,0.7064490918110182
623.7076193937186,48.1324493269088,-40.45750661584672,3.6072572238541345,4.007061021042322,5.391552902958902,-0.29177207319451415,0.3880384547473483,0.4854943718097408,0.6534571148505707,0.7064576463479554
623.8076193937186,48.49184382189326,-40.05525219807185,3.5803723434190053,4.039914356828019,5.398145434130582,-0.2614071245270284,0.32720590227365565,0.4188047125286515,0.6534126201734405,0.706414996659396
623.9076193937186,48.84857402061262,-39.649624732877584,3.5542316309662962,4.072634947055392,5.405452608111389,-0.2614071245270284,0.32720590227365565,0.4188047125286515,0.6533877844444161,0.7063908292934004
624.0076193937186,49.20309833626335,-39.24115995166956,3.534480053173629,4.098805529079614,5.412278264418402,-0.19256538336507711,0.26117106448542216,0.3244869054291523,0.6533126930480676,0.7063184698724807
624.1076193937187,49.55563966030151,-38.83001912825881,3.516617299705868,4.123792605754076,5.419618315699232,-0.17484716570474634,0.24682670370199022,0.30248132672178807,0.6532452881390118,0.7062530306859622
624.2076193937187,49.90671210068572,-38.41663069941722,3.5045834568484575,4.144170449054049,5.427361598127466,-0.10517777082628582,0.19156857227643148,0.21854263053239076,0.653164599297822,0.7061744471718169
624.3076193937187,50.25671819965433,-38.001317376506044,3.496256434750617,4.161482008816266,5.435231509994451,-0.06468149393182909,0.15702359438084673,0.16982374642414977,0.6530790773863184,0.706090706530416
624.4076193937187,50.60610815264742,-37.58446482622493,3.4922196550028444,4.1749220897880805,5.4429378624589,-0.02002118330229663,0.11457640972958238,0.11631251629702327,0.6529895905526865,0.7060025913494314
624.5076193937188,50.955230012231276,-37.16639973519739,3.4902175366726143,4.1863797307610415,5.450448945125891,-0.02002118330229663,0.11457640972958238,0.11631251629702327,0.6529165874633245,0.7059295585838049
624.6076193937188,51.304661309416986,-36.747741773657175,3.495724134435408,4.189501218975639,5.456373125792678,0.05216310820763159,0.030515792668431532,0.06043346308183722,0.6528089680649226,0.7058229662856893
624.7076193937188,51.65449453840165,-36.32863907279617,3.5009404452561723,4.192552798242484,5.462058491748451,0.05216310820763159,0.030515792668431532,0.06043346308183722,0.6527401898509745,0.705752809470448
624.8076193937188,52.005224963712266,-35.9097951040918,3.511564637370801,4.187194806665624,5.464767749081446,0.10155235170257826,-0.0523811331789925,0.11426575711664233,0.6526404624474877,0.7056527195952986
624.9076193937188,52.35688918920794,-35.491337529091034,3.5217198725410612,4.181956693347724,5.4672911615978945,0.10155235170257826,-0.0523811331789925,0.11426575711664233,0.6525827390281357,0.7055922477387973
625.0076193937189,52.70974175962351,-35.0738956629095,3.534180450921543,4.169519002237045,5.4658320656320765,0.11883199987579984,-0.12047783881508733,0.16922161162226373,0.6524962388884139,0.7055041355765143
625.1076193937189,53.06375168392483,-34.65758110942265,3.546001592229972,4.1566100403215955,5.463655765089872,0.11797070982659619,-0.13133740325086496,0.1765406521730088,0.6524372991149487,0.705442135995202
625.2076193937189,53.41889095006175,-34.24271019269923,3.556673531178965,4.1410780423791165,5.458796017480733,0.09961824064712244,-0.15819031813088724,0.18694376325510118,0.6523824417171322,0.7053840307255894
625.3076193937189,53.775019735782614,-33.829406705098336,3.5655027524305,4.12489522927626,5.4522995634957105,0.07739235023286728,-0.1638742399149895,0.18123008133939114,0.6523373860246768,0.705335390170731
625.407619393719,54.1318932142088,-33.41773596924934,3.571423859311769,4.108568225928337,5.443840670883866,0.04214488005732919,-0.16113154463985513,0.16655199066079124,0.6522999133649388,0.7052942195840874
625.507619393719,54.489246324540346,-33.007684804379615,3.575638347317503,4.092455071464348,5.434462080349968,0.04214488005732919,-0.16113154463985513,0.16655199066079124,0.6522875665782274,0.7052773168265101
625.607619393719,54.846495413125915,-32.59910507438649,3.571793240849893,4.0786480962544935,5.421538273263538,-0.041868426331036046,-0.13417488487570062,0.14055555789382682,0.6522455895302538,0.7052326446895083
625.707619393719,55.20346539507933,-32.19191113918532,3.567606398216788,4.065230607766921,5.408688871336784,-0.041868426331036046,-0.13417488487570062,0.14055555789382682,0.6522454527285715,0.7052282964645297
625.807619393719,55.55936390719095,-31.78578725323943,3.5534697928122734,4.055983293648716,5.39241578949424,-0.1446512536544412,-0.09076708223942971,0.17077074808661138,0.6522141015899812,0.7051947688466308
625.9076193937191,55.913987630203984,-31.380642759285664,3.539004667446826,4.046906585424772,5.3760586815402975,-0.1446512536544412,-0.09076708223942971,0.17077074808661138,0.6522230694885445,0.7052001793907425
626.0076193937191,56.26637144297197,-30.976081852046534,3.5124518806176543,4.042720011358682,5.355455471189583,-0.2692146732574805,-0.041340422929367016,0.27237028263948126,0.6521992384566175,0.7051749153661948
626.1076193937191,56.61617805201017,-30.5719822615948,3.483234770136397,4.039435972566728,5.333851089068129,-0.29838784930955653,-0.030551601087212,0.2999478437071598,0.6521980965411078,0.7051717870911982
626.2076193937191,56.96253653043087,-30.16802343996125,3.4442832907243006,4.039587189820548,5.308611122593638,-0.41686852807898056,0.010379437489501542,0.4169977247244094,0.652195066962482,0.7051673579611792
626.3076193937192,57.30474254156641,-29.763968312607105,3.3984490854148794,4.041957799034266,5.280802877908923,-0.4948653300334282,0.0352916043336009,0.4961221545199662,0.652195395746467,0.7051665793344744
626.4076193937192,57.64192665708644,-29.35953774875917,3.3437282910536696,4.047123378882594,5.249735853192116,-0.5934813961718749,0.06611339412431572,0.5971525336836101,0.6521966496741651,0.7051670800284622
626.5076193937192,57.97333207921102,-28.954494843900196,3.2843801514364688,4.0537347182950265,5.2172711397300695,-0.5934813961718749,0.06611339412431572,0.5971525336836101,0.6522164847252486,0.7051856115426604
626.6076193937192,58.297492350181486,-28.54837675157943,3.2052109457173303,4.066626650054044,5.177917488476999,-0.7947255830182565,0.13022969722141275,0.8053251059926597,0.6522003724531596,0.7051701873370789
626.7076193937193,58.6140398168382,-28.141062938087824,3.1257383874154865,4.0796496197761885,5.1394339655941454,-0.7947255830182565,0.13022969722141275,0.8053251059926597,0.6522203613965294,0.7051893542330697
626.8076193937193,58.9212354511396,-27.731985864258988,3.0251706497384214,4.099640143818499,5.094968770154233,-1.0059041658928005,0.20099860396322689,1.0257892716126724,0.652203953842928,0.7051740172564475
626.9076193937193,59.21872299528404,-27.32101685685723,2.9245802331491184,4.119740004214827,5.0522695140357,-1.0059041658928005,0.20099860396322689,1.0257892716126724,0.6522233815408062,0.7051929055625477
627.0076193937193,59.50477154739928,-26.90752858768045,2.803448315320627,4.147562146651154,5.0061556325195875,-1.2077018154031056,0.27998721726895615,1.2397324375694825,0.6522062429200628,0.7051770275904599
627.1076193937193,59.77895292108512,-26.491314529868262,2.6795875579154975,4.176997701088922,4.962610127285608,-1.246841348453314,0.2982437172786918,1.2820150791270322,0.6522087190997584,0.7051798420806736
627.2076193937194,60.04011596027162,-26.07183279359913,2.544406242560456,4.212380785851446,4.921194470064261,-1.375044208902287,0.3692811459906334,1.4237679379800177,0.6522069158546862,0.7051785603161981
627.3076193937194,60.287568533133765,-25.648672535924998,2.4035927577106793,4.251566663905749,4.8839612245137545,-1.4347609690708985,0.4111290831725416,1.4925033203981686,0.6522066935912326,0.7051787404166596
627.4076193937194,60.52064217282673,-25.22136803396058,2.2570757789441185,4.295241263761632,4.8521632892779705,-1.4884434325890645,0.4584265840078139,1.5574398174384108,0.6522061702263597,0.7051785730448473
627.5076193937194,60.73890753355825,-24.78955177466428,2.108231435685178,4.341083922162423,4.825935080962888,-1.4884434325890645,0.4584265840078139,1.5574398174384108,0.652223468739071,0.7051953021787971
627.6076193937195,60.941825815196275,-24.352587028800265,1.952954110597303,4.395346208572877,4.809687936999122,-1.542479233990834,0.541795730248352,1.6348653769067027,0.6522044627216934,0.7051773861805182
627.7076193937195,61.12940883008609,-23.910343429291636,1.7987061871981846,4.449525781597725,4.79933574872272,-1.542479233990834,0.541795730248352,1.6348653769067027,0.6522214960801782,0.7051937087014882
627.8076193937195,61.30153276802778,-23.462150629304272,1.6445311000595262,4.511631215737927,4.80200986732471,-1.5298639367303077,0.6202046310778808,1.6507990335950664,0.6522023080952664,0.7051754707116163
627.9076193937195,61.458336558350126,-23.007886484574986,1.4915447063864606,4.573651678845729,4.810716712773454,-1.5298639367303077,0.6202046310778808,1.6507990335950664,0.6522192943809612,0.705191611402641
628.0076193937196,61.600295104187616,-22.546926595822356,1.345996874515658,4.642995961683396,4.834161673590804,-1.4426860505856065,0.6916053554445993,1.5998940615659356,0.6522001455087065,0.7051732912291205
628.1076193937196,61.727770657669,-22.079126288916232,1.2039526749520282,4.713211550263588,4.864551897252432,-1.41430656437378,0.7049570721692696,1.5802618553999948,0.6522011017181574,0.7051740710444009
628.2076193937196,61.841604210799865,-21.604092463197453,1.0725056865562808,4.787211343014952,4.905880236041905,-1.2806935502797079,0.7476090369623806,1.4829346721537875,0.6521982702106309,0.7051712099632049
628.3076193937196,61.942619378771724,-21.121595633161874,0.9495044679788542,4.863078452839752,4.954905727981722,-1.184902180461526,0.7676341136273555,1.4118269404098134,0.6521974897519005,0.7051702809391147
628.4076193937196,62.03187902010154,-20.631411546428694,0.8375823904574529,4.940876247623499,5.011367313930848,-1.060925304133468,0.7858274743388463,1.3202603229577348,0.652196829574353,0.705169456506342
628.5076193937197,62.11033263262664,-20.133394784294538,0.7314898600440819,5.019458995057401,5.072479277277529,-1.060925304133468,0.7858274743388463,1.3202603229577348,0.6522143562252868,0.7051859468334838
628.6076193937197,62.1798247777533,-19.627378648866703,0.6502925160685817,5.099920913609162,5.141213249955978,-0.8088476911742115,0.7997072709433384,1.1374384848058794,0.6521958543473712,0.7051681385523981
628.7076193937197,62.240809790904294,-19.11338802115095,0.5694077469511422,5.179891640703514,5.211094183731293,-0.8088476911742115,0.7997072709433384,1.1374384848058794,0.6522136190287751,0.7051848747649897
628.8076193937197,62.295439928166225,-18.59147046505779,0.5145097000436543,5.25850808524881,5.2836187896238425,-0.5497176448589345,0.780046573963222,0.9542861974381762,0.6521952972122407,0.7051672678985309
628.9076193937198,62.34414230994631,-18.061719423662968,0.4595379355577483,5.33651274264515,5.356262070383668,-0.5497176448589345,0.780046573963222,0.9542861974381762,0.6522132404048859,0.7051842123539835
629.0076193937198,62.38901600937444,-17.524492533705132,0.4294144563986598,5.409287151857918,5.426304844608281,-0.30504518587561025,0.7203473613546703,0.7822741760000271,0.6521950652189943,0.7051667880252679
629.1076193937198,62.430586859516794,-16.980020810335358,0.4027370977512124,5.479858982561027,5.494638444762298,-0.2565450839294541,0.7016838060128656,0.747111466723053,0.6521969782526902,0.7051685152265319
629.2076193937198,62.470292391196956,-16.428863218928722,0.3905390043345268,5.543420742987875,5.5571606282070745,-0.0895332077048101,0.6128971259409526,0.6194021975006164,0.6521950443736205,0.7051665997283197
629.3076193937198,62.50905857689656,-15.87157036705711,0.38631687991583247,5.601276832339907,5.614583055242454,-0.0028934182882145443,0.5478606897142586,0.5478683301702826,0.6521950772323475,0.705166578321102
629.4076193937199,62.547854249493064,-15.30886345700333,0.3909450434095477,5.651561331938294,5.665066947144282,0.0863743021662251,0.4628049370638445,0.4707960597173382,0.6521951281208513,0.7051665937573927
629.5076193937199,62.58738062534486,-14.74139329912405,0.3995824736261722,5.697841825644689,5.711835748977313,0.0863743021662251,0.4628049370638445,0.4707960597173382,0.6522132553214908,0.7051838370640765
629.6076193937199,62.628723298628906,-14.170430887730646,0.42212783523723957,5.726936239277973,5.74247251608899,0.21777681091101808,0.28817150373652733,0.3612056961571131,0.6521952388340673,0.7051666780149477
629.7076193937199,62.672024966207196,-13.596296406284035,0.4439055163283463,5.755753389651632,5.772845848445374,0.21777681091101808,0.28817150373652733,0.3612056961571131,0.6522133802569854,0.7051839588715939
629.80761939372,62.718144728060224,-13.02050213342532,0.47488734776696484,5.7662210389219535,5.785743086482091,0.3017950029055243,0.10454688165725146,0.3193904729997449,0.6521953329456788,0.7051667887983453
629.90761939372,62.76714243785146,-12.443357295124706,0.5050668480575241,5.776675727087682,5.798713217338029,0.3017950029055243,0.10454688165725146,0.3193904729997449,0.6522134602380115,0.7051840691711496
630.00761939372,62.81947609583367,-11.866367889694823,0.5396054121683304,5.769218282832361,5.794398467123963,0.33712738066920966,-0.07235416936028327,0.3448042874163527,0.6521953917560486,0.705166887032227
630.10761939372,62.87512631823951,-11.28992072535177,0.5734109218598369,5.759188469924389,5.787663770246002,0.33820548746484014,-0.10776972502523452,0.3549609350102414,0.652197347718282,0.7051687739543846
630.20761939372,62.93412831091125,-10.71506285765335,0.6064734040315441,5.738582503166701,5.770540627657742,0.3239633141857523,-0.22962098217540383,0.3970869229695352,0.6521954070907949,0.7051669478002753
630.3076193937201,62.99636184726054,-10.142468524182796,0.6378267788281443,5.712195816158096,5.747695541860611,0.30337035227335263,-0.29231653812454406,0.42128675400441457,0.6521953966253015,0.7051669580877851
630.4076193937201,63.061600493493415,-9.572840164754128,0.6664186100027903,5.679387475789415,5.71835254806065,0.26916140488208695,-0.3574130688974009,0.4474281659627129,0.6521953796902356,0.7051669602551482
630.5076193937201,63.129588161518114,-9.006688482519545,0.6933347504910052,5.643646168899667,5.686075549618939,0.26916140488208695,-0.3574130688974009,0.4474281659627129,0.65221342495625,0.7051841571234778
630.6076193937201,63.199721404496195,-8.444820583762246,0.7117920387310028,5.597493260657509,5.642568449696208,0.17935478998140097,-0.456847429195157,0.49079294437827486,0.6521953215917378,0.705166929909417
630.7076193937202,63.27179738231922,-7.887355494842344,0.729727517729147,5.5518085177379835,5.5995607031051255,0.17935478998140097,-0.456847429195157,0.49079294437827486,0.6522133778187337,0.7051841297124013
630.8076193937202,63.344924961683745,-7.334976643345898,0.7363290209587521,5.498624864839291,5.547707258979604,0.06204364202856383,-0.5263501140603519,0.5299942038244513,0.6521952524537561,0.7051668742055518
630.9076193937202,63.41886808198978,-6.7877459074321465,0.7425333851616099,5.445989853433244,5.496377107857266,0.06204364202856383,-0.5263501140603519,0.5299942038244513,0.6522133124914714,0.7051840708064427
631.0076193937202,63.49254449322438,-6.2460671490921635,0.7352992569682733,5.389330893441397,5.439260287603448,-0.0747907920948242,-0.5605279889393192,0.5654956135696623,0.6521951895618,0.7051668115972642
631.1076193937203,63.5656034403453,-5.709945302606317,0.7254148651495451,5.333070581070619,5.3821806500024545,-0.10532444725075502,-0.5630854886391068,0.5728512081724352,0.652197105080395,0.7051686315153395
631.2076193937203,63.63714586628099,-5.17945419650049,0.7059014966959272,5.276920048834912,5.323925443207615,-0.2188350931822588,-0.5567561935593346,0.5982192383021188,0.6521951378123982,0.7051667505329297
631.3076193937203,63.706525521206245,-4.654520672976122,0.6805610018238933,5.222042463343629,5.266202689430738,-0.28264513407547454,-0.54060987747716,0.6100387786382214,0.6521951137528118,0.7051667192147663
631.4076193937203,63.77303074556498,-4.1349671502189045,0.6484805272308827,5.169494131598408,5.21000926782554,-0.352772433152561,-0.5104894508906055,0.6205222550907985,0.6521950948490576,0.7051666930767593
631.5076193937203,63.83611493612232,-3.6205701843134,0.6132032839156185,5.118445186509336,5.155046012860166,-0.352772433152561,-0.5104894508906055,0.6205222550907985,0.6522131481830895,0.7051838744555201
631.6076193937204,63.894860101495276,-3.1107645862756326,0.5659001696393219,5.075406860769616,5.106857918950271,-0.47013915542538376,-0.4244344147607837,0.633384084025974,0.6521950604911224,0.7051666429626698
631.7076193937204,63.949099422682096,-2.6053460722723605,0.5188862540967729,5.0329634192935275,5.059640671494111,-0.47013915542538376,-0.4244344147607837,0.633384084025974,0.652213138664515,0.705183848771052
631.8076193937204,63.99793816858366,-2.1034431883960747,0.46149696637449533,5.001637619449267,5.022883467318646,-0.5717871640122574,-0.3098022622731289,0.6503214610011949,0.6521950390294894,0.7051666072325138
631.9076193937204,64.04122892940106,-1.6048284377624007,0.4043182499732566,4.970657393221947,4.987074108939372,-0.5717871640122574,-0.3098022622731289,0.6503214610011949,0.6522131274116331,0.7051838245644378
632.0076193937205,64.07817119923286,-1.1084660644317894,0.33770795055760405,4.952474800569908,4.963975554950867,-0.6657549640429032,-0.17952314069273778,0.6895347925898677,0.6521950334616128,0.7051665905326393
632.1076193937205,64.10854967102034,-0.614022734271082,0.26955712158435513,4.936840786839828,4.944194372837918,-0.6857516802237773,-0.15007774352119604,0.7019819769980905,0.6521969777242081,0.7051684388658169
632.2076193937205,64.13176652655858,-0.1206230342331496,0.19508296888059004,4.930744284276919,4.934601965881014,-0.7604113139990374,-0.0360378497205491,0.7612647982602528,0.6521950378510013,0.7051665878696951
632.3076193937205,64.14739597885684,0.3723947227421302,0.11676111618203253,4.930828726160891,4.932210973284245,-0.8024536211394675,0.03256995964358944,0.8031143233382337,0.6521950391928774,0.7051665869082405
632.4076193937206,64.15497086012938,0.8657947316105552,0.03406371808269838,4.938382281476274,4.938499761555976,-0.8469110985599846,0.11222453474895888,0.8543142016048312,0.6521950432400705,0.7051665904338058
632.5076193937206,64.15414267644485,1.3601940824320398,-0.05062739177331933,4.949604734951173,4.949863651157357,-0.8469110985599846,0.11222453474895888,0.8543142016048312,0.6522131168748463,0.7051838000173507
632.6076193937206,64.14439915353155,1.8566792909067078,-0.14168278675084542,4.975200719967028,4.97721771836655,-0.903629460564473,0.25424519763030107,0.9387155173523613,0.6521950466968827,0.7051665944749421
632.7076193937206,64.12571272755363,2.3554705888916754,-0.23204573280731328,5.000625239730064,5.00600619359779,-0.903629460564473,0.25424519763030107,0.9387155173523613,0.652213139779423,0.7051838237562089
632.8076193937206,64.09784385012507,2.85768949881357,-0.3241877119028161,5.039200524488632,5.04961776756967,-0.9131704833587175,0.383148439310306,0.9902944300679052,0.6521950525523039,0.7051666027526716
632.9076193937207,64.06085922651799,3.3635252934591007,-0.41550476023870864,5.077515368419672,5.094487856725049,-0.9131704833587175,0.383148439310306,0.9902944300679052,0.6522131511196864,0.705183837662259
633.0076193937207,64.01492222611661,3.873961066146392,-0.5037570152946472,5.127143032517176,5.151831403136946,-0.875201007927455,0.4916575718948928,1.0038445956814306,0.6521950653337095,0.7051666180617052
633.1076193937207,63.96021252705149,4.389194086915956,-0.5902305891162449,5.177800407824061,5.211332767305454,-0.86184790022933,0.5105063699434713,1.001697837115847,0.6521970159929464,0.7051684777538384
633.2076193937207,63.897119046640086,4.9097770612864124,-0.6717493730141769,5.233446400777349,5.276382136460013,-0.7997198675356472,0.5644403411723473,0.9788486937591473,0.6521950809198318,0.7051666350377929
633.3076193937208,63.826021776956495,5.435982160943053,-0.7494276502673632,5.290987766907923,5.343799523986145,-0.7565612450208785,0.5834756408436403,0.9554207140969043,0.6521950855989852,0.7051666393418389
633.4076193937208,63.747398659745556,5.968024328549026,-0.8222161413686909,5.3500042944426065,5.412816765204744,-0.7028891222996912,0.5938342317456824,0.9201587977301608,0.6521950915804672,0.7051666451790749
633.5076193937208,63.66166259999717,6.505993929152138,-0.892505053598676,5.4093877176171885,5.482521386206065,-0.7028891222996912,0.5938342317456824,0.9201587977301608,0.6522131657612509,0.7051838542107237
633.6076193937208,63.569569796456356,7.049885828767897,-0.9527694324229816,5.468194433718956,5.55057834430923,-0.6041782357096568,0.5813993098428716,0.8384846438611747,0.6521950946198913,0.7051666452917377
633.7076193937208,63.47127196203549,7.599612268689132,-1.013187255993961,5.526334364703256,5.618444618060119,-0.6041782357096568,0.5813993098428716,0.8384846438611747,0.6522131852058248,0.7051838685523356
633.8076193937209,63.36751331514977,8.154878275719792,-1.0650687769244722,5.580073067992197,5.680808652270489,-0.5224518435522563,0.5318496582285035,0.7455333579317074,0.6521950937368015,0.7051666389871349
633.9076193937209,63.25839417823954,8.715544830810282,-1.1173139612797098,5.63325803381506,5.742994564128759,-0.5224518435522563,0.5318496582285035,0.7455333579317074,0.65221318629873,0.7051838630863576
634.0076193937209,63.144481758505975,9.281050674042843,-1.163275847651577,5.6790551200417205,5.796971429479498,-0.46325166921252103,0.4541518199250323,0.6487341401293799,0.6521950925896082,0.7051666307218145
634.1076193937209,63.02586958652082,9.851166448549339,-1.2088190183340497,5.722968639766399,5.849240418279605,-0.4533666556606821,0.43506389420703784,0.6283485629072005,0.6521970335072564,0.7051684762024267
634.207619393721,62.902855602937684,10.425329603517483,-1.2516599181656194,5.7605383436459645,5.8949516163712286,-0.42342850957183265,0.3584023736475935,0.5547467567768672,0.6521950869997281,0.7051666184568576
634.307619393721,62.775597106498644,11.00308951043605,-1.2932831005409375,5.793804776111365,5.936392419798041,-0.41052917551414936,0.3102828259731698,0.5145965760109793,0.6521950788932684,0.7051666077469176
634.407619393721,62.64423935163461,11.583909626580974,-1.3337080279805609,5.82170381431091,5.972521444537642,-0.39954450480767545,0.2516147611859445,0.47217136652773695,0.6521950712791806,0.7051665996315236
634.507619393721,62.50887082631249,12.167338081818128,-1.3736624784613374,5.84686529042951,6.006062131643486,-0.39954450480767545,0.2516147611859445,0.47217136652773695,0.6522131318367209,0.705183797021753
634.607619393721,62.36959432622975,12.752517943928025,-1.4124347824432262,5.860481496244465,6.02828461359276,-0.39042964828616644,0.13483085295875608,0.41305528585220325,0.6521950481270977,0.7051665803229897
634.7076193937211,62.22639869974397,13.339240247817399,-1.4514777472718516,5.873964581540344,6.050640260006853,-0.39042964828616644,0.13483085295875608,0.41305528585220325,0.6522131284929154,0.7051838012731629
634.8076193937211,62.07926973013459,13.926508212318016,-1.491112811675908,5.875402869949387,6.06166448274346,-0.3994428351938315,0.01437303740263085,0.3997013419940742,0.6521950308351512,0.7051665768175841
634.9076193937211,61.92816123479099,14.514120364500101,-1.5310570951953002,5.876840173689651,6.073004713964948,-0.3994428351938315,0.01437303740263085,0.3997013419940742,0.6522131230015356,0.7051838153102896
635.0076193937211,61.77291325337888,15.101083268899224,-1.5732749927293583,5.866430500244062,6.073730403709186,-0.42389531778724565,-0.10302535806206592,0.4362355611888683,0.6521950368436664,0.7051666086754751
635.1076193937212,61.61344700340456,15.687135229740907,-1.6161423894678308,5.854247116188411,6.07323023772647,-0.42996198686204656,-0.12687065246111429,0.4482894964219746,0.6521969953328289,0.7051684930533134
635.2076193937212,61.44959089249889,16.271568336163366,-1.6608690786930385,5.834799882603121,6.066578588181649,-0.45123057767943453,-0.21166397673170956,0.49840813925817656,0.6521950786229179,0.7051666890381256
635.3076193937212,61.281229784720544,16.853904375370572,-1.7065148270754056,5.811088015774892,6.056478909573679,-0.46044477232758746,-0.2586684572356677,0.5281275973971482,0.6521951145685176,0.7051667481768623
635.4076193937212,61.108262381061785,17.433618263248682,-1.75291334226612,5.7824066553177005,6.042262151955756,-0.4659678708501393,-0.3103211752203465,0.5598439858163603,0.6521951670089612,0.7051668267510278
635.5076193937213,60.93064120748088,18.010307322904485,-1.7995101293511446,5.751374537795659,6.026321081691682,-0.4659678708501393,-0.3103211752203465,0.5598439858163603,0.6522133049754073,0.7051841278251212
635.6076193937213,60.748374456825836,18.583305524576783,-1.8456805031488484,5.711659336023073,6.0024652344252125,-0.45735555191938293,-0.39453457935338077,0.6040129428886706,0.6521953163415856,0.7051670303971396
635.7076193937213,60.56151962875131,19.152498785282454,-1.891416058340797,5.672205878087727,5.979245289262049,-0.45735555191938293,-0.39453457935338077,0.6040129428886706,0.6522135095903258,0.7051843849601799
635.8076193937213,60.37028011994712,19.71726490404177,-1.9341091722764525,5.6256808982638,5.948870805402829,-0.42281369942763003,-0.4619850948091737,0.6262600516155565,0.6521955404964355,0.7051673041767995
635.9076193937213,60.17475513422229,20.277523068394235,-1.976390542219225,5.579482388782872,5.919184344325815,-0.42281369942763003,-0.4619850948091737,0.6262600516155565,0.6522137751152753,0.7051846930959415
636.0076193937214,59.97534587436794,20.83281987804994,-2.0133661050514173,5.528338138297412,5.883550428467799,-0.36699707173054674,-0.5080226738783707,0.6267167524754109,0.6521958398347095,0.7051676360093807
636.1076193937214,59.77221736519969,21.3830900735929,-2.0489967552761037,5.4769559668236205,5.847686240356682,-0.3534141674363177,-0.5153469114539271,0.6248872001327979,0.6521979530133171,0.7051696630994662
636.2076193937214,59.56576545347658,21.92811242426328,-2.080242981119388,5.423648260812482,5.808904485142679,-0.3014397552707102,-0.5362522319045104,0.6151685803747087,0.6521961867734146,0.7051679854868321
636.3076193937214,59.356287307031295,22.467780122217075,-2.108804292256951,5.369561330110002,5.768816552886218,-0.2723246133109847,-0.5444837984241622,0.6087883883266673,0.6521963604277973,0.7051681453789936
636.4076193937215,59.144106256896904,23.001999082499268,-2.1343555296632744,5.31471272580072,5.727272028181682,-0.24182506336554443,-0.5515156226701583,0.6022033239039801,0.6521965275559399,0.7051682885722137
636.5076193937215,58.929461578613704,23.53071277696611,-2.1585380359998343,5.259561163533692,5.6852678112653505,-0.24182506336554443,-0.5515156226701583,0.6022033239039801,0.6522147469632381,0.705185608445716
636.6076193937215,58.71271555080395,24.05385504014132,-2.178130217733547,5.203660006236957,5.641128318511643,-0.19924887938692204,-0.5569799288436261,0.5915460734985865,0.6521967925018642,0.705168471553611
636.7076193937215,58.49390628463361,24.571436141120913,-2.198055105672244,5.147962013352581,5.597585116681387,-0.19924887938692204,-0.5569799288436261,0.5915460734985865,0.6522149649781093,0.7051857230438594
636.8076193937216,58.27328033357126,25.083483052082745,-2.2155420369202448,5.092930483419865,5.553968619492553,-0.17889698274400723,-0.5476848794975694,0.576162180002451,0.6521969067133713,0.7051684661244166
636.9076193937216,58.050831644965456,25.590037676027357,-2.2334317351946495,5.038161995470095,5.511015660327395,-0.17889698274400723,-0.5476848794975694,0.576162180002451,0.6522149797690152,0.7051856061191429
637.0076193937216,57.82660595857733,26.091252990201074,-2.2513482066981663,4.98556554685797,5.470322894475267,-0.1832719997184914,-0.5238716968780024,0.5550046672512334,0.6521968032712349,0.7051682266445419
637.1076193937216,57.60054218564822,26.58721074353271,-2.2699910410889443,4.933689221190948,5.430851559186626,-0.18732484141151295,-0.5173707018598506,0.5502390747237086,0.6521985993205905,0.7051698679072165
637.2076193937216,57.372522008318086,27.07810106823541,-2.2904108559190703,4.884038907637617,5.394424708922164,-0.2106650216065713,-0.49028882047307315,0.5336317820457984,0.6521964466717854,0.7051677557390488
637.3076193937217,57.142396079115535,27.56408397847491,-2.312428253248966,4.835921363530516,5.360360049537242,-0.22863778080571895,-0.47328304020744805,0.525615896791344,0.6521961808740788,0.7051674567170116
637.4076193937217,56.90996698102177,28.04534856317085,-2.33649675246441,4.7896761768034475,5.329185205349428,-0.25112731203555305,-0.45318751746819674,0.5181156751529422,0.6521958809917541,0.7051671506550032
637.5076193937217,56.6750616692151,28.522050243263962,-2.361609483667971,4.744357425056617,5.299634584576597,-0.25112731203555305,-0.45318751746819674,0.5181156751529422,0.6522136420137019,0.7051840751159474
637.6076193937217,56.43737182105046,28.994461407755775,-2.3907677644533933,4.702636707605923,5.275467989408347,-0.2903344429348904,-0.41763444548153855,0.50863800369908,0.6521952878210363,0.7051666548726948
637.7076193937218,56.1968433723904,29.462636906289067,-2.419801208746889,4.66087326305776,5.251588089724821,-0.2903344429348904,-0.41763444548153855,0.50863800369908,0.6522131784706114,0.7051837996687356
637.8076193937218,55.953201151611644,29.926861126697307,-2.4518827541215553,4.622462534622132,5.232484010863671,-0.3185954186330934,-0.3846039947548682,0.49942294055779884,0.6521950341242854,0.7051666953615313
637.9076193937218,55.706419899106265,30.38718436018585,-2.483742295984872,4.584002135146637,5.213640893645547,-0.3185954186330934,-0.3846039947548682,0.49942294055779884,0.6522132994472492,0.705184331405207
638.0076193937218,55.45633757743256,30.843864915370904,-2.517182339840292,4.548563794212758,5.198619001429804,-0.33136851597496597,-0.35493954642275527,0.485579215982565,0.6521956962652039,0.7051678926133415
638.1076193937218,55.20296168891688,31.296965306589172,-2.5503358997772754,4.513532939787795,5.184225380926471,-0.3315350008968103,-0.34907045393489033,0.4814204385253688,0.6521985490787692,0.7051710171655283
638.2076193937219,54.946291472950655,31.7466594419744,-2.582987376733143,4.480246019786431,5.171501540768882,-0.32256526758095605,-0.3290559157473782,0.4607886148093499,0.6521980502235369,0.705171035483586
638.3076193937219,54.686400504758915,32.193057399366204,-2.6146033292256723,4.447890135638998,5.159445438020706,-0.3098638782915493,-0.31903441264024623,0.4447455222018396,0.6522001471368873,0.7051736136126967
638.4076193937219,54.42342921987155,32.63627154684828,-2.6444874614187457,4.416547723690601,5.147738117779263,-0.28817069047438193,-0.3087656565195508,0.4223488812515445,0.652203026638344,0.7051770224637124
638.5076193937219,54.15753962027725,33.07638249093484,-2.6733045304661904,4.385671158038639,5.136211504510211,-0.28817069047438193,-0.3087656565195508,0.4223488812515445,0.6522248821482404,0.7051985786729738
638.607619393722,53.8891232529644,33.51352922308813,-2.6965825938271224,4.356651302829469,5.123667461865292,-0.22840972763677148,-0.2900402370553315,0.3691806370738003,0.6522116071750547,0.7051867510101414
638.707619393722,53.61832294494344,33.947744152185905,-2.719423566590805,4.327647279123929,5.111144246354058,-0.22840972763677148,-0.2900402370553315,0.3691806370738003,0.6522356247808853,0.7052104902686945
638.807619393722,53.34577345829342,34.37919776706296,-2.734021880510424,4.300772700559843,5.096226198373711,-0.14172916847628111,-0.2678604271990176,0.30304515448397834,0.6522246476089746,0.7052009453783274
638.907619393722,53.07166262439994,34.807935734983054,-2.748194797358055,4.273986657839935,5.081292807506733,-0.14172916847628111,-0.2678604271990176,0.30304515448397834,0.65225111961814,0.7052270825816419
639.007619393722,52.79682679432512,35.23416940009823,-2.751830506109608,4.249847432647899,5.062980775703123,-0.03344707173418626,-0.2408232474910903,0.24313482502460795,0.6522426390297208,0.7052199373143274
639.1076193937221,52.52155556296612,35.65796918651587,-2.7532145718274834,4.226239978779551,5.043936442577144,-0.008547291406126145,-0.23479650398067753,0.23495202589449948,0.6522554263109878,0.7052330261160035
639.2076193937221,52.246581838074405,36.07951092588675,-2.746626174843358,4.204490100099894,5.022120303833101,0.08603736644078175,-0.2133586010869478,0.23005286584140758,0.6522654461247516,0.70524343783311
639.3076193937221,51.97244823966734,36.498912504177326,-2.7350832379191194,4.183720329171742,4.998419361265223,0.14033381673858897,-0.20320482330921497,0.24695299215953864,0.6522783856526824,0.7052565722615788
639.4076193937221,51.699758282570045,36.916286213876816,-2.717821814477044,4.163872696468202,4.972362742966433,0.19935030858115454,-0.19520407067928386,0.2790074815146798,0.6522920927428625,0.7052703643506493
639.5076193937222,51.42897285266519,37.331697463170336,-2.697886783618924,4.14435228940027,4.945123759410165,0.19935030858115454,-0.19520407067928386,0.2790074815146798,0.6523243947166182,0.7053017755984159
639.6076193937222,51.16082647980753,37.74519151293409,-2.668529949805998,4.125172368411333,4.9130539547328365,0.28807997008899267,-0.1955675857377246,0.3481906801707323,0.6523206567064334,0.7052987751660147
639.7076193937222,50.89541388467732,38.15673091184663,-2.639721952797092,4.105615609837556,4.8810051755576636,0.28807997008899267,-0.1955675857377246,0.3481906801707323,0.6523529374542246,0.7053299740825005
639.8076193937222,50.63329074536105,38.56619663836864,-2.6051151744711603,4.0841347181544805,4.844252415832053,0.33940886552529825,-0.21760723690783856,0.40317649677509004,0.6523483403766543,0.7053259638609568
639.9076193937223,50.37447627224151,38.97352207399964,-2.571174287918623,4.062373994463692,4.807683401571772,0.33940886552529825,-0.21760723690783856,0.40317649677509004,0.6523789372899671,0.7053553754511602
640.0076193937223,50.11919657698842,39.378465982824615,-2.535454732201158,4.037480134534375,4.767575540649667,0.35060091255747095,-0.2498751872698372,0.4305329361376056,0.6523717773647755,0.7053487591365523
640.1076193937223,49.8673961927033,39.780941144578755,-2.5005965710823115,4.011910572753713,4.727410459763531,0.34796174431745475,-0.2572645890731694,0.4327383092579538,0.6523827782616405,0.7053593703661737
640.2076193937223,49.618998173958595,40.180731720671986,-2.4674417969319156,3.9840181752540236,4.686221275398869,0.32324739853044326,-0.2845036213203561,0.4306172212082278,0.6523875973305584,0.7053640422199522
640.3076193937223,49.37382779781831,40.57768404712209,-2.4364236228540466,3.9547700874153837,4.645036761352564,0.29770729511106025,-0.2991023101681433,0.42200927182973613,0.6523917845181533,0.7053680733658846
640.4076193937224,49.13159967561021,40.971636014844734,-2.4087882982012636,3.9240506915803497,4.604392999695352,0.2555828195962089,-0.3135989881689535,0.40455766344655947,0.6523932042295019,0.7053694394848352
640.5076193937224,48.89199875988801,41.36247308906201,-2.383230016241637,3.8926907927634473,4.564299170560627,0.2555828195962089,-0.3135989881689535,0.40455766344655947,0.652409847212656,0.7053852733845443
640.6076193937224,48.65424889565355,41.750040409451195,-2.3686699508217925,3.8594581444950737,4.5283567113286765,0.1372841522136028,-0.32953016155200676,0.35698328507298394,0.6523875940306613,0.7053640390756606
640.7076193937224,48.418068321332385,42.134338573093025,-2.3549415356004295,3.826505128339866,4.493093715170807,0.1372841522136028,-0.32953016155200676,0.35698328507298394,0.6523988881579321,0.7053747104770491
640.8076193937225,48.18225267802872,42.51533056146341,-2.3566021597619033,3.7935612376248633,4.465946775657358,-0.02165307216155654,-0.32601823501585414,0.32673650713822333,0.6523717751800847,0.7053487570537844
640.9076193937225,47.946484196691664,42.893056594050904,-2.3587674669780596,3.7609594141232705,4.4394368649589495,-0.02165307216155654,-0.32601823501585414,0.32673650713822333,0.652378861982537,0.7053553058720975
641.0076193937225,47.70932149674373,43.26764408514953,-2.378726703693115,3.73032342260393,4.424212197452809,-0.20199160102525454,-0.3036540487937085,0.3647004088749525,0.6523483425542023,0.7053259659338366
641.1076193937225,47.47031257167067,43.63917899094028,-2.4020567452496855,3.700475972408625,4.4117342428769515,-0.24173455391717,-0.2970595069435106,0.3829881789599449,0.6523367493313188,0.705314561417035
641.2076193937226,47.22828120085498,44.00785111733563,-2.437978249416999,3.67288022962849,4.40837692646922,-0.39076460963152715,-0.2698996625908681,0.4749134742320376,0.6523206599988672,0.705298778301488
641.3076193937226,46.98237360632531,44.37381865317472,-2.481702036074569,3.6467527168143428,4.41108267588009,-0.4769544378151027,-0.2539766137849738,0.5403606722377217,0.6523062920888173,0.7052845377646706
641.4076193937226,46.731626641020725,44.737258124425026,-2.5347443851505562,3.622296605287897,4.421081518670799,-0.5761405349357798,-0.23681790356294571,0.622913023980102,0.6522920927363103,0.7052703643450074
641.5076193937226,46.47527149983093,45.09830369543608,-2.5923584386441476,3.5986148149315973,4.435126927231587,-0.5761405349357798,-0.23681790356294571,0.622913023980102,0.6522964256286721,0.7052737497426518
641.6076193937226,46.211940372469485,45.457161927338724,-2.668139469867083,3.5775450407371916,4.46293588898226,-0.7566394427541794,-0.21282026173983914,0.7859998156096277,0.652265442820349,0.705243434687767
641.7076193937227,45.94134322826894,45.81385233010382,-2.7438034141425183,3.5562630145632026,4.491710565498438,-0.7566394427541794,-0.21282026173983914,0.7859998156096277,0.6522715440459521,0.7052483711277252
641.8076193937227,45.66202921839682,46.168502304988934,-2.8365827486301285,3.5361642671211957,4.533283513513228,-0.924759860299465,-0.20367201747394437,0.9469229588107961,0.6522426368424193,0.7052199352344926
641.9076193937227,45.37374714423224,46.52110037161376,-2.929058734660096,3.5157970653737967,4.5760478664432265,-0.924759860299465,-0.20367201747394437,0.9469229588107961,0.6522510925068589,0.7052270545036584
642.0076193937227,45.07520597329559,46.87164112093409,-3.036486330785124,3.4949849478498396,4.629813065636868,-1.0697503288194152,-0.21083376571694346,1.090328685661179,0.6522246497858503,0.7052009474564794
642.1076193937228,44.76612222103143,47.22007419926542,-3.145596833584257,3.4736203709362603,4.68623707475824,-1.0967834931831995,-0.21443490067257565,1.1175492640351918,0.6522194719606011,0.7051951095110761
642.2076193937228,44.44569500669654,47.56629230238202,-3.2624344699048904,3.450745114045967,4.748802008142234,-1.1839616480925466,-0.23426071605350232,1.206914772152499,0.6522116104700333,0.7051867541514547
642.3076193937228,44.113455483294075,47.9101677860535,-3.383068935454384,3.4264765187377333,4.8151735955723876,-1.2244115584237982,-0.2503868468429385,1.2497508701632272,0.6522068077824221,0.7051813672105709
642.4076193937228,43.768949598203406,48.25152138961829,-3.5076084459032457,3.4002437271140837,4.88517905644721,-1.2617038945104357,-0.27332744286651617,1.2909704134668423,0.6522030266378323,0.7051770224607072
642.5076193937228,43.41188023414045,48.59017912511544,-3.633778835354318,3.3729109828274257,4.957910560139912,-1.2617038945104357,-0.27332744286651617,1.2909704134668423,0.6522182165487315,0.7051908189358255
642.6076193937229,43.041853056974766,48.92576670342569,-3.764752503114668,3.3404081721197123,5.033059523398498,-1.3034309242460154,-0.32726951089694245,1.3438889489252992,0.6521980469264602,0.7051710323309862
642.7076193937229,42.65886065204198,49.25817117308325,-3.895095595539299,3.3076812210300104,5.110041561312807,-1.3034309242460154,-0.32726951089694245,1.3438889489252992,0.6522146933254725,0.7051863881414056
642.8076193937229,42.26275573735851,49.58689339112873,-4.026270582473026,3.2687832701483663,5.186115971561909,-1.3049757625238203,-0.3893316716840099,1.3618152926703724,0.652195694082268,0.7051678905078558
642.9076193937229,41.853603800298494,49.91182505978522,-4.156768158725437,3.2298501029799564,5.264090919913265,-1.3049757625238203,-0.3893316716840099,1.3618152926703724,0.6522132995742354,0.7051843313980733
643.007619393723,41.431592542053835,50.232456821180925,-4.284068035680866,3.1848625905943413,5.3382196147507655,-1.2661066492085329,-0.4489162069079313,1.3433360741060532,0.6521950362968395,0.7051666973871032
643.107619393723,40.99689809524761,50.54866100602158,-4.4096094278313736,3.139043184859525,5.412785551121749,-1.252453168193905,-0.460671150409933,1.3344874848940929,0.6521970335370446,0.7051684277152773
643.207619393723,40.54992744985669,50.860091583440465,-4.529866797370367,3.0897893285165634,5.483292012699424,-1.1845053266016845,-0.4995718627831244,1.285544598538831,0.6521952910955588,0.7051666579271796
643.307619393723,40.0911102955999,51.166539095674366,-4.6455207048772476,3.0388512135345334,5.5511691847252775,-1.130991752166056,-0.5171690624372713,1.2436262230308155,0.6521955700367102,0.7051668667898885
643.407619393723,39.621043386030266,51.46780691370164,-4.7546432235155445,2.9862870469722425,5.614672075004602,-1.054442273318719,-0.5317943708239969,1.18095459718045,0.6521958809456938,0.7051671505264756
643.5076193937231,39.140306852312,51.76377664654481,-4.86008745084744,2.9331076098898303,5.676580861846188,-1.054442273318719,-0.5317943708239969,1.18095459718045,0.6522142513849377,0.7051846638443138
643.6076193937231,38.650162644419844,52.05433344996867,-4.948068259466181,2.8787292830045828,5.724549046445909,-0.8718861320888276,-0.5391943130160585,1.0251419094533574,0.6521964432954837,0.7051677524235223
643.7076193937231,38.15099638781267,52.33951040670411,-5.035256872675084,2.8248098517029643,5.773505215386905,-0.8718861320888276,-0.5391943130160585,1.0251419094533574,0.652214742634168,0.7051852384752751
643.8076193937231,37.64452613303997,52.619386894889615,-5.101025821830123,2.77249967083449,5.805791837446038,-0.6543149952890617,-0.5183547906674486,0.834757331245446,0.6521968009698113,0.7051682243486141
643.9076193937232,37.13115197588039,52.89404508801979,-5.166457321359045,2.7206641917677334,5.839032017191861,-0.6543149952890617,-0.5183547906674486,0.834757331245446,0.6522149771714942,0.7051856036616083
644.0076193937232,36.61272788349364,53.16379991464108,-5.209581607275226,2.6732561983266616,5.855428184578156,-0.43366785034833377,-0.46964617392582414,0.6392459097318576,0.652196908728419,0.7051684679520349
644.1076193937232,36.0897411693362,53.428820316681396,-5.249489572305429,2.6273610903259033,5.870278278642501,-0.38984800377611606,-0.4560271438977298,0.5999518497510807,0.65219881867213,0.7051703495842087
644.2076193937232,35.56348215344524,53.689508444109364,-5.276465777269681,2.5862629082933584,5.876210252323529,-0.24154241030457735,-0.3967454623960338,0.46448864131169826,0.6521967955887829,0.7051684744324537
644.3076193937233,35.03476671556674,53.94622193056082,-5.2965208642169515,2.5487217403647042,5.8778495876377415,-0.1667207272025304,-0.35657739702768576,0.39362830303470353,0.6521966743574041,0.7051683992994815
644.4076193937233,34.50443201557385,54.19940756684022,-5.309045686909046,2.515765573586014,5.874950427614527,-0.09196706108762953,-0.30583677205392845,0.3193651068377107,0.6521965273119529,0.7051682883267453
644.5076193937233,33.973067611577385,54.44945494033861,-5.318242393017811,2.485181896380614,5.8702496717763,-0.09196706108762953,-0.30583677205392845,0.3193651068377107,0.6522144306906936,0.7051853520831288
644.6076193937233,33.44153735873415,54.6970912216469,-5.316557678810418,2.464278013108616,5.8599020194887705,0.0082995984428611,-0.20998928550919432,0.21015323781225612,0.6521961832194642,0.7051679821488364
644.7076193937233,32.909923088845204,54.942469076530266,-5.315727718966132,2.443279084557692,5.85034818341797,0.0082995984428611,-0.20998928550919432,0.21015323781225612,0.6522140967505963,0.705185033932149
644.8076193937234,32.37880542597317,55.18632744686943,-5.309082805432327,2.4308189292332902,5.8391130235384265,0.058908164395730545,-0.1281900507402467,0.1410774997696707,0.6521958374139758,0.7051676338088462
644.9076193937234,31.848191686251795,55.42876838953911,-5.303191988992753,2.417999924159263,5.828427652922451,0.058908164395730545,-0.1281900507402467,0.1410774997696707,0.6522137740885178,0.7051846920066839
645.0076193937234,31.318302945008636,55.67034291634331,-5.295533152333537,2.411153630501828,5.818619526773142,0.07140414841937281,-0.07374898810716979,0.10265215856633163,0.6521955424881044,0.70516730621299
645.1076193937234,30.789103967593714,55.91111317912951,-5.2884627718083825,2.4043594273256206,5.809370253699861,0.07046827627197283,-0.0664502929830475,0.0968577276125965,0.6521973644098774,0.7051690127038759
645.2076193937235,30.260573790160855,56.151295122288474,-5.282188075804503,2.399063709385838,5.8014668446750095,0.05864746572607715,-0.05287592392748053,0.07896447661623612,0.6521953195251736,0.7051670335470169
645.3076193937235,29.732628024986155,56.39093685914264,-5.276940960312865,2.3937371862745445,5.79448734708958,0.046714834828914586,-0.05454804967100357,0.0718175850053665,0.6521952333778848,0.7051669197655563
645.4076193937235,29.205135511186917,56.63002309713313,-5.273175488976972,2.3878385226044725,5.788622681396797,0.029379621419091895,-0.06398668997509183,0.07040922275311438,0.6521951669745568,0.7051668267254937
645.5076193937235,28.677964860396195,56.868487015943764,-5.2702375268350625,2.381439853606962,5.783308686695541,0.029379621419091895,-0.06398668997509183,0.07040922275311438,0.6522131859246107,0.7051839558670767
645.6076193937236,28.150846411367446,57.10612019966827,-5.270965317040093,2.3720345659431787,5.780105825628871,-0.008026104279212576,-0.09678179193244707,0.09711402370181287,0.652195075332931,0.7051666856818224
645.7076193937236,27.62370974914192,57.342839747302975,-5.271767927468015,2.3623563867499318,5.776873270126202,-0.008026104279212576,-0.09678179193244707,0.09711402370181287,0.652213140081626,0.7051838644984252
645.8076193937236,27.096228181301388,57.57829597062453,-5.2765547324672255,2.348094136696111,5.775428635132541,-0.04814625317367671,-0.14584892286685947,0.15359026660595032,0.6521950346127402,0.7051666059594002
645.9076193937236,26.568331976788677,57.81237613967986,-5.281369357784595,2.333509244409422,5.773917880182424,-0.04814625317367671,-0.14584892286685947,0.15359026660595032,0.6522131228618576,0.7051838143335122
646.0076193937236,26.039676626506182,58.04455671228653,-5.290386033519991,2.3120891810482638,5.773555296763322,-0.09101950666408964,-0.21861242773805292,0.23680359827270292,0.6521950327332134,0.7051665775310877
646.1076193937237,25.510151454813094,58.274612840615475,-5.30026895121925,2.2887436631831233,5.773317807900385,-0.1009436837316372,-0.2375020165246957,0.25806362614403766,0.6521969832239712,0.7051684275260999
646.2076193937237,24.97946157834773,58.501981860216574,-5.313390313950224,2.2588380310589375,5.773600772389643,-0.1396666298800937,-0.31824701718778936,0.3475455818320644,0.6521950506483113,0.7051665810273549
646.3076193937237,24.447382752904865,58.72617876790775,-5.328591297027317,2.2241395603425773,5.774139069561465,-0.1625020725045818,-0.3722272510446839,0.4061527421901353,0.6521950592567105,0.7051665860149535
646.4076193937237,23.91366193412492,58.94660429373331,-5.346201264282105,2.183354919680888,5.774851224361223,-0.18733708621194023,-0.43887257056521434,0.47718373512191187,0.6521950696800787,0.7051665957875719
646.5076193937238,23.37810512226553,59.16274542284862,-5.364934972903304,2.1394676626243565,5.775798571876992,-0.18733708621194023,-0.43887257056521434,0.47718373512191187,0.6522131481489648,0.7051838109890324
646.6076193937238,22.84040403093611,59.373655171195956,-5.3876314694302785,2.082942298056768,5.776263625167179,-0.22490318136773857,-0.5650344370146959,0.6081491231612888,0.6521950809177778,0.7051666098177678
646.7076193937238,22.30051636808612,59.5791242288166,-5.410121787567058,2.026438854355285,5.777185490076334,-0.22490318136773857,-0.5650344370146959,0.6081491231612888,0.6522131747384826,0.7051838417059056
646.8076193937238,21.758201341424055,59.77812989083648,-5.435113043245308,1.9578542251071933,5.77699289939198,-0.24614979212002497,-0.6832771505685462,0.726262614107186,0.6521950861097446,0.7051666214275276
646.9076193937238,21.2134592881388,59.9704989275944,-5.459728022457316,1.8895265100503233,5.7774510392896135,-0.24614979212002497,-0.6832771505685462,0.726262614107186,0.6522131810932399,0.7051838550198484
647.0076193937239,20.666257703974463,60.155347095028425,-5.483980315386238,1.8110788675534273,5.7752962490284725,-0.23547677120900107,-0.7804102609960696,0.8151622447384138,0.6521950899032727,0.7051666323434393
647.1076193937239,20.116708269906358,60.33249730756964,-5.5068756804482275,1.7316633195843443,5.7727235870346325,-0.2270865652102263,-0.7978002032098314,0.8294898868223932,0.6521970335217373,0.7051684873425691
647.2076193937239,19.565073286989275,60.50143280974538,-5.5257493081101865,1.6473955356175571,5.766092044604635,-0.17180904073660985,-0.8517512770777167,0.8689065453098829,0.6521950902174443,0.7051666387630624
647.3076193937239,19.011726526830124,60.661869802435,-5.540257922688526,1.5609447597683914,5.755953995035174,-0.11999763738943914,-0.8744983261950062,0.882692899879066,0.6521950858861116,0.7051666364623792
647.407619393724,18.45724412867127,60.813552278392955,-5.5481704128464004,1.4724320142617597,5.74023091579138,-0.04070766629908795,-0.8928326080436588,0.8937601356524913,0.6521950825565439,0.7051666354667113
647.507619393724,17.90222354905501,60.95633131677894,-5.552241179476311,1.3831487534573736,5.721929970671013,-0.04070766629908795,-0.8928326080436588,0.8937601356524913,0.6522131475664353,0.7051838379058507
647.607619393724,17.348008061624874,61.09005264549487,-5.537606492133729,1.2921439156378816,5.686362770738569,0.15665932837068697,-0.9057415223834434,0.9191897793899976,0.6521950680156954,0.7051666232939838
647.707619393724,16.795030709053226,61.214738329446774,-5.521940559296656,1.2015697633995168,5.6511589463331715,0.15665932837068697,-0.9057415223834434,0.9191897793899976,0.6522131512351999,0.7051838420173566
647.807619393724,16.245225919167474,61.330406655925906,-5.481781183597722,1.111810736869578,5.593393250922423,0.4092801405478908,-0.8932608306976455,0.9825605045520347,0.6521950540423529,0.7051666096449806
647.9076193937241,15.699094201510318,61.4371214254594,-5.4408531695429225,1.0224846537997931,5.536095924004691,0.4092801405478908,-0.8932608306976455,0.9825605045520347,0.6522131427052089,0.7051838327506478
648.0076193937241,15.158929324874936,61.53511684602658,-5.371609735319599,0.936552294398926,5.4526435193146625,0.6961183375625155,-0.8555796228665353,1.102994664971342,0.6521950473548267,0.7051666015012007
648.1076193937241,14.625448825421945,61.624527651786615,-5.297043489033056,0.8518264297216545,5.365098134338256,0.7590003142333521,-0.8449869146755407,1.135818807283634,0.6521969889081537,0.7051684500272213
648.2076193937241,14.100512702990637,61.70566483277884,-5.202618802331602,0.7708108002136492,5.259409823554381,0.9939185592498383,-0.799083549593842,1.2753072655845603,0.6521950453750303,0.7051665970610876
648.3076193937242,13.585466255396478,61.778806149196676,-5.095903971070703,0.6925790826488626,5.1427524797618736,1.1296019585500234,-0.7674382655093439,1.3656361433881425,0.6521950423846112,0.7051665923625959
648.4076193937242,13.081822778006499,61.84430394204493,-4.974638708953587,0.6180040323658302,5.012879339126351,1.2828822813630225,-0.726378227071978,1.4742497334574707,0.6521950416491015,0.7051665907603412
648.5076193937242,12.590773318517845,61.90247245414617,-4.8463504808172555,0.5453662096586159,4.876939335849386,1.2828822813630225,-0.726378227071978,1.4742497334574707,0.6522131102106347,0.7051837941570298
648.6076193937242,12.114362589890261,61.95394104867782,-4.691161274536809,0.4813199260175609,4.715788690653492,1.5468126369395458,-0.6378055775172261,1.6731483163509306,0.6521950347921708,0.705166581710262
648.7076193937243,11.652980525621173,61.998884013392,-4.53648001084282,0.41753936826582383,4.5556547293257745,1.5468126369395458,-0.6378055775172261,1.6731483163509306,0.652213122530499,0.7051838036056272
648.8076193937243,11.208657008664224,62.038116963110234,-4.3582937650851346,0.3639113098536316,4.3734604130161445,1.7744953111755,-0.5335917750397035,1.8529851029551898,0.6521950299176118,0.7051665750330054
648.9076193937243,10.781700108711494,62.071840135220405,-4.180844233967544,0.3105521323496492,4.19236223811905,1.7744953111755,-0.5335917750397035,1.8529851029551898,0.6522131230831613,0.705183802379827
649.0076193937243,10.373753861412952,62.10100638912242,-3.9848930581189705,0.26902009961415024,3.9939635074248194,1.9496723512979608,-0.4124949581000936,1.9928307424048126,0.6521950319370732,0.7051665754971345
649.1076193937243,9.985106732033891,62.12593415858306,-3.7876108621129427,0.2299595868655396,3.7945852809480143,1.978915773860881,-0.38468609114398566,2.015959084097455,0.6521969773159115,0.7051684283661749
649.2076193937244,9.616624930007161,62.14745179658084,-3.582674669785974,0.20003592379386373,3.5882547513149206,2.0612051706901187,-0.27437441544924773,2.079386466131969,0.6521950371311139,0.7051665795283949
649.3076193937244,9.268720288303117,62.16620828800807,-3.3749296573156293,0.17634069503283153,3.379533434152302,2.0892389476197786,-0.20424379246277552,2.099198634481972,0.6521950369715509,0.7051665786246096
649.4076193937244,8.94170978096903,62.18298583899167,-3.1650875447803575,0.1605287568733743,3.169155825753455,2.1028428298786728,-0.1177631534843455,2.1061377275692874,0.6521950385344977,0.7051665803937776
649.5076193937244,8.63571524064032,62.19844989891158,-2.9548032617924425,0.14875244152493708,2.9585451838291887,2.1028428298786728,-0.1177631534843455,2.1061377275692874,0.6522131088761619,0.7051837866921556
649.6076193937245,8.350667245751872,62.21385139280883,-2.7463437281473464,0.15376298976860822,2.750644820793271,2.07276147520411,0.05109608095590601,2.073391169697453,0.6521950347476783,0.7051665766450738
649.7076193937245,8.0863966803131,62.22948317219047,-2.539067580626888,0.1588725978642,2.5440331525635824,2.07276147520411,0.05109608095590601,2.073391169697453,0.6522131233387991,0.7051838004632516
649.8076193937245,7.8423149798756855,62.246763200513186,-2.340378480447407,0.18102818845169988,2.3473693013148607,1.977003686704489,0.2212160878976861,1.9893416335028777,0.6521950311988299,0.7051665733597368
649.9076193937245,7.618162150264419,62.26597209979785,-2.142678111776913,0.20314979724147353,2.1522870001017824,1.977003686704489,0.2212160878976861,1.9893416335028777,0.6522131245216394,0.705183801778558
650.0076193937246,7.412870550217989,62.28850593752396,-1.9589770257923578,0.24188002759809388,1.9738533216359129,1.8300114535739749,0.3854155248612998,1.8701569578556885,0.652195033287859,0.7051665756344268
650.1076193937246,7.226009025352663,62.31472598789955,-1.778802488596125,0.2830198582328087,1.8011769856374156,1.7940836906867303,0.41834554537278124,1.8422131485040947,0.6521969783997826,0.7051684289824498
650.2076193937246,7.056517311600993,62.345605134955875,-1.6105795379895511,0.33398986632857613,1.6448451839005445,1.6494171366485326,0.5315023168564053,1.7329372762721593,0.6521950378368471,0.7051665804439812
650.3076193937246,6.903542817373781,62.38176823781826,-1.450542443786775,0.39028514101093476,1.5021304445755819,1.5575953444267727,0.5888283231783202,1.6651792849891416,0.6521950372506193,0.7051665797395881
650.4076193937246,6.766062137232416,62.42385484036009,-1.3007837568887126,0.4522890490064671,1.377172380654175,1.4452165000629034,0.6447530102539872,1.5825160903717996,0.6521950383974748,0.705166581686322
650.5076193937247,6.643209844043834,62.47230751031203,-1.1562621068823895,0.5167643500318805,1.266486262568992,1.4452165000629034,0.6447530102539872,1.5825160903717996,0.6522131083869774,0.705183788212199
650.6076193937247,6.53337125891809,62.52774142392629,-1.033353636069035,0.5888171375111829,1.1893382019442404,1.2287969115665516,0.7117236244864222,1.4200325234048639,0.6521950340200068,0.7051665785082774
650.7076193937247,6.436179879868999,62.590181755799854,-0.9104739449123518,0.6599894999598414,1.1245216513795995,1.2287969115665516,0.7117236244864222,1.4200325234048639,0.6522131225272199,0.7051838028369655
650.8076193937247,6.349866064424963,62.65990530632778,-0.8086128702372827,0.733171652124834,1.0915106254145377,1.0215631386328599,0.7222740884717848,1.2511079510142868,0.6521950304941739,0.7051665764503191
650.9076193937248,6.274112593094383,62.736833841982644,-0.7064565563739734,0.805399060972029,1.0713302541506047,1.0215631386328599,0.7222740884717848,1.2511079510142868,0.6522131241443972,0.7051838058201012
651.0076193937248,6.20729405629316,62.820769387743326,-0.6233528056404676,0.8738890293110242,1.073429436828526,0.8340184509070858,0.6746956433496241,1.0727539268669297,0.6521950334772837,0.7051665808622128
651.1076193937248,6.149008573872719,62.91147458720948,-0.5429303096721595,0.9399316269476196,1.0854698450427382,0.7962350966850882,0.6564562859454764,1.0319521231871374,0.6521969794097027,0.7051684356270523
651.2076193937248,6.098121620282615,63.00840396574716,-0.47424350006217436,0.998720053920269,1.1055987714599391,0.6575406503212542,0.5625646261870718,0.8653546472180627,0.6521950399212447,0.705166588700959
651.3076193937248,6.053837120011541,63.11096064027546,-0.41290774080694836,1.0510856275871088,1.1292802127631938,0.5752325760210666,0.48820411823376353,0.7544771551055994,0.6521950406547725,0.7051665897556947
651.4076193937249,6.0152348482411755,63.21831758693902,-0.3606268382156854,1.094450367014746,1.1523338588708372,0.47736686751863955,0.3836424362955875,0.6124219502364137,0.6521950433434436,0.7051665935363193
651.5076193937249,5.981558998757193,63.329680835821996,-0.3128901514638106,1.1328146106443135,1.1752315469609698,0.47736686751863955,0.3836424362955875,0.6124219502364137,0.6522131150638694,0.7051838018880993
651.6076193937249,5.951404054431785,63.44336642727185,-0.2840656771037491,1.1479895769238782,1.1826129449800031,0.28571174181295356,0.1424830039748094,0.3192688613558757,0.6521950425502686,0.7051665938712469
651.7076193937249,5.92442604543047,63.55887779998414,-0.25549450292244724,1.1622378773213624,1.1899892119275932,0.28571174181295356,0.1424830039748094,0.3192688613558757,0.6522131329832006,0.7051838196586203
651.807619393725,5.898938265967566,63.67396188348223,-0.247596409360875,1.1484047150781855,1.1747924802032939,0.07557959012362378,-0.14387702593452298,0.16252037729164415,0.6521950428386222,0.7051665943350165
651.907619393725,5.874556522982092,63.7880829698604,-0.24003845034851093,1.13401701248473,1.159143236295889,0.07557959012362378,-0.14387702593452298,0.16252037729164415,0.6522131382649355,0.7051838242751121
652.007619393725,5.849432446519693,63.89873591503938,-0.2550703931138194,1.0891109359968192,1.1185810370067544,-0.1524077285513722,-0.4501786243352926,0.47527771831909527,0.652195049115741,0.7051665992238377
652.107619393725,5.823006216432498,64.00518939320033,-0.27420587229943794,1.0389718113679032,1.074547013964767,-0.20183220834475746,-0.5151423795247925,0.5532701975597338,0.6521969962087213,0.7051684531462495
652.207619393725,5.793816209584184,64.10552495918523,-0.3088354448565819,0.9687811081409753,1.0168166833262615,-0.38436038057293653,-0.7496383767249948,0.8424313610099389,0.6521950573802539,0.7051666045194576
652.3076193937251,5.760823125376261,64.19842023282982,-0.3528550831348592,0.886857350479866,0.9544750755228113,-0.48755069576634225,-0.8776692004277666,1.0039964672854977,0.652195058151942,0.7051666029641441
652.4076193937251,5.722875852107916,64.28244805088437,-0.40782189186873397,0.7916488251471366,0.8905203859790269,-0.6017276941474425,-1.013181089537369,1.178393880712272,0.6521950601401363,0.7051666032167453
652.5076193937251,5.679085024450294,64.35654702795142,-0.46799466128349193,0.6903307161933767,0.8340116909911459,-0.6017276941474425,-1.013181089537369,1.178393880712272,0.6522131303381437,0.7051838071837383
652.6076193937251,5.627965440671314,64.41905749214288,-0.5475586928204902,0.5677633934133238,0.7887812072961022,-0.7898841643743919,-1.2133590419002136,1.4478111609220436,0.6521950553969973,0.7051665940487617
652.7076193937252,5.569260150567379,64.46976703627472,-0.6265471092579473,0.44642748922327485,0.7693235881303051,-0.7898841643743919,-1.2133590419002136,1.4478111609220436,0.65221314252249,0.705183814221012
652.8076193937252,5.501589391470921,64.50740164597393,-0.7211845213275488,0.3116666496836156,0.7856482764745655,-0.9392488289748988,-1.3336354621497963,1.6311872696395775,0.652195048220562,0.7051665831136158
652.9076193937252,5.424774695193273,64.53190013363155,-0.8151094042250601,0.17830310346860567,0.8343832078623519,-0.9392488289748988,-1.3336354621497963,1.6311872696395775,0.6522131387946922,0.7051838075277859
653.0076193937252,5.337792635125383,64.5426857072524,-0.920296371867719,0.04001142193145386,0.9211657429354739,-1.0447634402852155,-1.368486660817266,1.7217103086731491,0.6521950443169314,0.7051665777835321
653.1076193937253,5.240484312181835,64.53985532980208,-1.0261266620565888,-0.09655361122930066,1.0306592678595656,-1.0618673333717052,-1.364712102890402,1.7291620390979785,0.6521969859411894,0.7051684284856485
653.2076193937253,5.132334759224583,64.52352054995079,-1.1365017859987199,-0.22992834001426304,1.159527210168004,-1.1114307647249198,-1.3164801137240554,1.722904012012254,0.6521950419517958,0.7051665788927214
653.3076193937253,5.013089556119805,64.49403325193298,-1.2487433924560316,-0.3588710600444982,1.2992876886740905,-1.1308857503820773,-1.2637293114433419,1.695852102342152,0.652195038430848,0.7051665794717432
653.4076193937253,4.8825284849764,64.45197546993663,-1.3626970041741917,-0.4810282504327974,1.4451059832758826,-1.1456777873906456,-1.1820850140728092,1.6461781717104131,0.6521950376737192,0.705166585874943
653.5076193937253,4.7405303956219935,64.39796221982297,-1.4772647829132823,-0.5992367518401052,1.594175625077647,-1.1456777873906456,-1.1820850140728092,1.6461781717104131,0.652213107443391,0.7051838009398149
653.6076193937254,4.586975448865995,64.33334726278898,-1.5931511109703238,-0.6987586314725592,1.7396534388904534,-1.1552736698977073,-0.9877163307504037,1.5199476314629914,0.6521950352964981,0.7051666047815991
653.7076193937254,4.421883969419436,64.25853281798796,-1.7086784779601207,-0.797530264547622,1.885639590142696,-1.1552736698977073,-0.9877163307504037,1.5199476314629914,0.652213129313857,0.7051838486361763
653.8076193937254,4.245276463041412,64.17531699209144,-1.823493233737402,-0.873978379156148,2.0221191311884903,-1.1448685255523912,-0.7611450539372482,1.3747966154794107,0.6521950469784562,0.7051666485735454
653.9076193937254,4.057202797039865,64.08411342890612,-1.937980086292667,-0.9500928845498902,2.158342721659205,-1.1448685255523912,-0.7611450539372482,1.3747966154794107,0.6522131554683294,0.7051839119354131
654.0076193937255,3.857851927472006,63.986869412491785,-2.049712669833562,-1.002640033856922,2.281799523702474,-1.1136272764420796,-0.5257544882169563,1.231496444459373,0.6521950856468466,0.7051667290609446
654.1076193937255,3.647342654997272,63.88413288638544,-2.1603251442181164,-1.0513453592123283,2.4025677499455296,-1.1040595757645375,-0.47667140279006626,1.2025652469097965,0.652197059306497,0.7051686344766911
654.2076193937255,3.4259601550186023,63.777358626395724,-2.2673988328824906,-1.084910525864338,2.513588732567067,-1.0595132634503863,-0.2990560986193356,1.1009100351748573,0.6521951550660592,0.705166846650695
654.3076193937255,3.193978948088053,63.66755439811479,-2.371650214296548,-1.1093956658538027,2.6182978215604242,-1.0272453702823607,-0.1987333164052958,1.0462924934338351,0.6521951990417975,0.7051669148759683
654.4076193937256,2.951759185727123,63.55584146325338,-2.472070731238906,-1.1231481445145455,2.7152523740482253,-0.9832091164948483,-0.08575524665251821,0.9869418063325792,0.6521952531019597,0.7051669929605868
654.5076193937256,2.6996360670206996,63.44309787256864,-2.570391642888413,-1.1317236691797992,2.808507016407896,-0.9832091164948483,-0.08575524665251821,0.9869418063325792,0.652213384209375,0.7051842815078292
654.6076193937256,2.4383147266845016,63.33083460294744,-2.658999188619389,-1.120397229988715,2.885405801277345,-0.8820336577323826,0.10987381134552487,0.8888507342587719,0.6521953779908767,0.7051671568729985
654.7076193937256,2.168004639533838,63.219344249005275,-2.7472025543926475,-1.1094098488541602,2.9627541389045597,-0.8820336577323826,0.10987381134552487,0.8888507342587719,0.6522135409824598,0.705184467551915
654.8076193937256,1.8896591780162277,63.11015118983134,-2.823502676073549,-1.0806167621458467,3.023226744461134,-0.7607198806746592,0.28453648489541483,0.8121919404243719,0.6521955270913697,0.7051673242938982
654.9076193937257,1.6035053110054336,63.00351219604121,-2.8995746641410323,-1.0521631136562988,3.0845713560667547,-0.7607198806746592,0.28453648489541483,0.8121919404243719,0.6522137009362843,0.7051846310435829
655.0076193937257,1.3105963391504718,62.90078359323902,-2.9628347224024063,-1.007915458371638,3.1295819470814075,-0.6320591629423425,0.43870886634362294,0.7693921333545604,0.6521956882909881,0.705167471995196
655.1076193937257,1.0112401975553242,62.80227975597275,-3.023869090905835,-0.9617154724919263,3.1731184864366555,-0.6045031613347434,0.4682045374381868,0.7646172643495602,0.6521977073540797,0.7051693780196184
655.2076193937257,0.7062543833530005,62.708872175548585,-3.0762713131768518,-0.9069881909737092,3.2071907911505035,-0.5028574105080049,0.5647844106807323,0.7562056637256813,0.6521958314818592,0.7051675626411155
655.3076193937258,0.39621705085956305,62.62108239454501,-3.1234661146972673,-0.8480138223020767,3.2365364222386592,-0.44590094649598533,0.6098105659965114,0.7554446243683259,0.6521958821861145,0.7051675717438097
655.4076193937258,0.08176119805434166,62.53941388853319,-3.1647400531530767,-0.7847563160539991,3.2605861558342517,-0.38569308819602854,0.6498881673427306,0.755720707890344,0.6521959167583888,0.7051675566451385
655.5076193937258,-0.236641272702019,62.46418769776449,-3.2033093619726887,-0.7197674993197112,3.2831777474847175,-0.38569308819602854,0.6498881673427306,0.755720707890344,0.6522139986837926,0.7051847174529297
655.6076193937258,-0.5582805979065075,62.39580198424423,-3.2329591846190486,-0.6500060697884452,3.297655679444791,-0.30450245247459895,0.690717430710154,0.7548591343090986,0.652195909904573,0.7051674312960889
655.7076193937258,-0.8830990286308595,62.33425496441892,-3.2634094298665155,-0.5809343267174141,3.3147135319511865,-0.30450245247459895,0.690717430710154,0.7548591343090986,0.6522139572104226,0.7051845516325319
655.8076193937259,-1.2106934824010902,62.279695511853326,-3.290340260197017,-0.5109328120500164,3.329773470718798,-0.2797656925951504,0.6946534338567802,0.7488739786654763,0.6521957946363467,0.7051671961731918
655.9076193937259,-1.541126336883843,62.2320754978176,-3.318316829456538,-0.44146746866432257,3.347554347063446,-0.2797656925951504,0.6946534338567802,0.7488739786654763,0.6522137915613085,0.7051842799653576
656.0076193937259,-1.8745115862580273,62.19127870644629,-3.349115634414435,-0.37409738026797273,3.369944269955004,-0.3177377627080431,0.6687152916301409,0.7403630373747038,0.652195580516422,0.7051669025516495
656.1076193937259,-2.21105907156407,62.15718287061816,-3.382067015763036,-0.3079659330005132,3.396059527599769,-0.3327751365301084,0.659261467552151,0.7384883032869567,0.6521973908738126,0.7051686134243095
656.207619393726,-2.551201879309689,62.12950641180636,-3.420659342794128,-0.24552000751780786,3.429459201322608,-0.40330364922208783,0.611860985800889,0.7328217378197023,0.6521953110601962,0.7051666496721292
656.307619393726,-2.8953683838551814,62.107950000273995,-3.4635066886241948,-0.18626562466151309,3.4685117075015155,-0.4503179328055904,0.5750336243144323,0.7303765533603143,0.6521951818115702,0.7051665839800171
656.407619393726,-3.244077135286909,62.09210488549243,-3.5114979888975864,-0.13140696513556546,3.5139558785673355,-0.5048943859579013,0.5247378820971215,0.7281951564516058,0.6521950839829657,0.7051665979747298
656.507619393726,-3.5977514061065383,62.081587878389364,-3.561987427493388,-0.07893317692584138,3.562861894606718,-0.5048943859579013,0.5247378820971215,0.7281951564516058,0.6522131080083359,0.7051839238859997
656.607619393726,-3.9570933968646815,62.07563064186208,-3.621541390928375,-0.03686611183259817,3.6217290285731045,-0.5908556493804085,0.4191269973207894,0.7244155149414493,0.652195067902899,0.7051669736009677
656.7076193937261,-4.322201814204505,62.074039665665424,-3.6806269558664293,0.0050465878994903,3.680630415608175,-0.5908556493804085,0.4191269973207894,0.7244155149414493,0.6522133015033894,0.7051846321624005
656.8076193937261,-4.693620018133149,62.075916262908954,-3.745369901420684,0.036124941069144385,3.7455441139886783,-0.6399608359753934,0.3113464500774488,0.71167863784025,0.6521954980347376,0.7051680477902756
656.9076193937261,-5.071356812455181,62.081085489266265,-3.8093659850182378,0.06725958607689635,3.809959718912157,-0.6399608359753934,0.3113464500774488,0.71167863784025,0.6522140582522977,0.7051861611542342
657.0076193937261,-5.45557527163549,62.08868164440692,-3.8741512861231047,0.08819317844176627,3.8751549936090255,-0.6389889807899113,0.21144315721208184,0.6730639838104122,0.6521966437982534,0.7051700861483092
657.1076193937262,-5.8461634739033235,62.09849673793593,-3.937500021403662,0.10781773953896719,3.9389758927306384,-0.6318990990293631,0.19219605028798759,0.6604814858119973,0.6521995073265359,0.7051733811682284
657.2076193937262,-6.242910724822043,62.10996133490046,-3.9973872076560704,0.12181670790786071,3.99924290313278,-0.5845847300987652,0.12779879751402612,0.5983910421377289,0.652198750157403,0.7051732729729673
657.3076193937262,-6.6455001919491945,62.1227214702028,-4.053641754745306,0.1328079609105447,4.055816740225798,-0.5420845706075004,0.09510066873712164,0.5503633516913765,0.6522002149855962,0.7051753106071359
657.4076193937262,-7.053459957874266,62.13641108626609,-4.104582793618745,0.1404816450808513,4.106986121509991,-0.47889300914363564,0.06179261447708073,0.48286317048472377,0.6522019681003595,0.7051776305167949
657.5076193937263,-7.466312702281953,62.15076821384656,-4.152472094533119,0.14666090652856076,4.155061241110658,-0.47889300914363564,0.06179261447708073,0.48286317048472377,0.6522220717209003,0.7051974051693299
657.6076193937263,-7.88299734805015,62.165386404254285,-4.18561447491322,0.1476232285693237,4.188216941637133,-0.3237676374276487,0.012370195244195692,0.3240038653717898,0.6522062710841374,0.7051829366181878
657.7076193937263,-8.303177633728707,62.18021057808744,-4.217991238655992,0.14886024809374354,4.22061718980071,-0.3237676374276487,0.012370195244195692,0.3240038653717898,0.6522268482789837,0.7052030265962254
657.8076193937263,-8.72534557634126,62.19490780894125,-4.231292862318855,0.14644314836078612,4.233826269748477,-0.1266565540945015,-0.02219194086278642,0.12858602153558835,0.6522113636212808,0.7051886533189107
657.9076193937263,-9.149108145343714,62.20944116407302,-4.243958517728308,0.144223954274507,4.246408417614259,-0.1266565540945015,-0.02219194086278642,0.12858602153558835,0.6522321251558189,0.7052086436189151
658.0076193937264,-9.572643115526162,62.223569243873804,-4.233922446526722,0.13930594875963226,4.236213572350035,0.10616598233308444,-0.04822736534537031,0.11660658031562637,0.6522166099061567,0.7051938985047638
658.1076193937264,-9.995333777874261,62.23724303123765,-4.219069355957775,0.13409544741337442,4.2211998080402395,0.15999081416835603,-0.05314013454301553,0.16858509577511063,0.652220940498124,0.7051978404401933
658.2076193937264,-10.415580448693241,62.25031505435442,-4.186579989285631,0.12742963335325638,4.188518869259564,0.3720528648797683,-0.06991666748551584,0.3785652845382462,0.6522210277119661,0.7051975059135877
658.3076193937264,-10.832143730541663,62.262692068522405,-4.142361791029859,0.11995071367479455,4.144098138497108,0.5028810073051038,-0.07894988395822988,0.5090406581847994,0.6522225489091404,0.7051982978892204
658.4076193937265,-11.243566655677819,62.27427167643334,-4.0837366611742825,0.11147362525406863,4.08525782380331,0.65797356578219,-0.08996360313845658,0.6640953720346074,0.6522234078014006,0.7051982279797857
658.5076193937265,-11.648650453966427,62.28496922094305,-4.017939304596048,0.10247726494022093,4.019245929928573,0.65797356578219,-0.08996360313845658,0.6640953720346074,0.6522415478102545,0.7052144074034464
658.6076193937265,-12.045248313293357,62.29460927985314,-3.9236723110439424,0.09103871661832831,3.9247283284803833,0.9397919631452528,-0.11598536678489821,0.9469221400414268,0.6522225902654782,0.7051951017529117
658.7076193937265,-12.432916584582111,62.30313322468105,-3.829693114729396,0.07944017993983585,3.830516948819652,0.9397919631452528,-0.11598536678489821,0.9469221400414268,0.6522388481266664,0.7052092410987125
658.8076193937266,-12.809436795754142,62.31026352394614,-3.709799881188938,0.06420081470484836,3.7103553607543076,1.191681127096017,-0.1551898409554897,1.2017436479601729,0.6522179125422773,0.7051879749467327
658.9076193937266,-13.174458378237636,62.31590765621185,-3.590631768479309,0.04868183060929586,3.590961767750295,1.191681127096017,-0.1551898409554897,1.2017436479601729,0.6522323102447307,0.705200485369718
659.0076193937266,-13.526149466455113,62.3196489440554,-3.450817401054134,0.027768235775662932,3.4509291227633323,1.3865863612880531,-0.21155971918549987,1.402632971269352,0.6522098216759509,0.7051781617565986
659.1076193937266,-13.864196399567115,62.32132522933486,-3.309646798382932,0.00555203295480792,3.309651455231551,1.4182929985110042,-0.22502760981769843,1.4360335841496192,0.6522070615953907,0.7051750870970698
659.2076193937266,-14.187667677617425,62.32054371474998,-3.1605460300658286,-0.0209773895309632,3.1606156455722996,1.5007596696633403,-0.275960414358038,1.5259206192920647,0.6522006005462879,0.7051691540406638
659.3076193937267,-14.496174204296876,62.317014656546526,-3.0092523449570776,-0.0501002145617258,3.0096693684072346,1.520212846361614,-0.30400486649345126,1.550311600000007,0.6521969637417636,0.7051667995235391
659.4076193937267,-14.789494208619,62.31042608875143,-2.8572506479398054,-0.08211514246693978,2.8584303667878292,1.514802058352827,-0.3333751454514099,1.5510526308267911,0.6521951035732175,0.7051672636943924
659.5076193937267,-15.067645263121278,62.30054769877747,-2.7057704421044884,-0.11545265701208834,2.7082324496574275,1.514802058352827,-0.3333751454514099,1.5510526308267911,0.6522141848172655,0.7051890372363361
659.6076193937267,-15.331080354364728,62.28701731680337,-2.561670190112937,-0.15345733630476346,2.5662625191080903,1.4229068241442802,-0.37795771365609343,1.472248573953632,0.6522013042588951,0.7051819918978082
659.7076193937268,-15.580132839255356,62.269781794604604,-2.4193795076984763,-0.1912531076703814,2.4269270597743353,1.4229068241442802,-0.37795771365609343,1.472248573953632,0.6522302654803162,0.7052166356120304
659.8076193937268,-15.816112393726824,62.248524131845194,-2.295291759475211,-0.2326280219185064,2.3070500769806728,1.2239720564312935,-0.4127023645234057,1.2916775281036128,0.6522304018162076,0.7052258841886385
659.9076193937268,-16.03952170939224,62.223197817830716,-2.172894553832054,-0.27389825837085635,2.1900892671330974,1.2239720564312935,-0.4127023645234057,1.2916775281036128,0.6522758933205065,0.7052805649902627
660.0076193937268,-16.25248956867453,62.19353303187098,-2.078145885313165,-0.31832053733965143,2.1023839528345536,0.9344646921509419,-0.4438259467817838,1.0345074827730834,0.6522962253773789,0.7053136435879296
660.1076193937268,-16.455855373840414,62.159461855466745,-1.9902481697741405,-0.3631980967715602,2.0231165648048557,0.8639335330254494,-0.4501001672049803,0.9741515847155341,0.6523495496180135,0.7053805991811006
660.2076193937269,-16.651703496099092,62.12079920380453,-1.9258207612932068,-0.40994138356494203,1.9689686494678085,0.5800385728155744,-0.4714207326298752,0.7474505021118232,0.6524137233296701,0.7054603445771314
660.3076193937269,-16.841704680252686,62.07742885647398,-1.8773782334754263,-0.4576436331720482,1.9323526403092746,0.40135329529555736,-0.48152301616346843,0.6268563493654401,0.6524962294612732,0.7055599621731435
660.4076193937269,-17.027847584512095,62.029238171752155,-1.8487439107824915,-0.5063033592789545,1.9168195374819443,0.18697208404116944,-0.4904332315772942,0.5248650444124147,0.6525964607183085,0.7056787399141297
660.5076193937269,-17.21178711517018,61.97615566966636,-1.8300467023783704,-0.555346682436695,1.912454148621449,0.18697208404116944,-0.4904332315772942,0.5248650444124147,0.6527335619001015,0.705834726993066
660.607619393727,-17.396518824993528,61.918096531981874,-1.8511475076631556,-0.605373835496477,1.9476202339858837,-0.20766750003084145,-0.49819044534627055,0.5397402249261907,0.6528532429597365,0.7059758475025057
660.707619393727,-17.58267191326004,61.85506819620548,-1.8719142576662446,-0.6551928800311155,1.9832651608137615,-0.20766750003084145,-0.49819044534627055,0.5397402249261907,0.6530282430477055,0.7061711328470395
660.807619393727,-17.77335778389085,61.787078940724534,-1.9290286926915474,-0.7045340423347491,2.0536601262224,-0.5605228692582411,-0.4899520461163567,0.7444722254423571,0.6531842867698027,0.7063492841135877
660.907619393727,-17.96906326750634,61.71417577626046,-1.9850809796173843,-0.753529246946396,2.1232882097450445,-0.5605228692582411,-0.4899520461163567,0.7444722254423571,0.6533929322461713,0.7065781137265364
661.007619393727,-18.172340011491414,61.636547060744164,-2.069846339031868,-0.7997038657313227,2.218961500357599,-0.8317903025310036,-0.4575790379375021,0.9493438172466435,0.6535777075441347,0.7067841143160425
661.1076193937271,-18.383627095826654,61.554320190761004,-2.1565654528648253,-0.8446799480483227,2.3160869515467217,-0.87649822714629,-0.44761312164822464,0.9841781591064993,0.6537922477323603,0.7070179474834051
661.2076193937271,-18.60425048419563,61.4677884041237,-2.2549082351461935,-0.8860477452193428,2.422744674070795,-1.001297710537842,-0.4026920146802124,1.0792395303247246,0.654007385403015,0.7072512130810844
661.3076193937271,-18.834834425651124,61.37722452222535,-2.3575200741922555,-0.9246823640593803,2.5323780078459657,-1.0442748731514757,-0.3719305871054153,1.1085316289218408,0.6542238007017154,0.7074840429432442
661.4076193937271,-19.075865692015963,61.28297013241102,-2.4634306286283985,-0.9598144829885447,2.6438105650403685,-1.0669987555652165,-0.3332033240035027,1.1178151902281093,0.65443339564386,0.7077082017660026
661.5076193937272,-19.327543748656687,61.18532266749214,-2.5701305041849443,-0.9931348153889025,2.7553380137615613,-1.0669987555652165,-0.3332033240035027,1.1178151902281093,0.6546482873572963,0.7079347871755912
661.6076193937272,-19.589829794086643,61.08484435144678,-2.675077779685642,-1.018923690322447,2.862559451621604,-1.0330219222801709,-0.25781801271103133,1.0647086078311214,0.6548059747318637,0.7081037676442073
661.7076193937272,-19.862502681666673,60.98166289235096,-2.778379971913683,-1.044705491593556,2.9682999903137843,-1.0330219222801709,-0.25781801271103133,1.0647086078311214,0.6549744151546496,0.7082796256327641
661.8076193937272,-20.14478683849868,60.87638955744977,-2.8700878997541976,-1.0632568359296193,3.060705744018285,-0.9009477210550492,-0.18688727547652412,0.9201269748297377,0.6550733946461293,0.7083855956572513
661.9076193937273,-20.43630036707944,60.76912943747939,-2.960182671859723,-1.0819455634772759,3.1517118607364365,-0.9009477210550492,-0.18688727547652412,0.9201269748297377,0.6551720422659362,0.7084873768225249
662.0076193937273,-20.73547384087959,60.66042176542287,-3.0293309091175695,-1.094433710043516,3.220967386145767,-0.6778141898389995,-0.1274070202225393,0.6896844385290173,0.6551930924271576,0.7085112033575099
662.1076193937273,-21.041615353508647,60.55037468153987,-3.092625692515014,-1.1063517671528258,3.2845620570612075,-0.6207503166232865,-0.1170099231245405,0.6316821017707572,0.6551917494804357,0.7085096115354999
662.2076193937273,-21.353041925500293,60.439293163772895,-3.1365849563006125,-1.1155043586243492,3.329041177606735,-0.3852417476934832,-0.08702156161134245,0.39494804259700544,0.6551440096800377,0.7084597371587714
662.3076193937274,-21.668356313273897,60.327329265578335,-3.167003351184436,-1.1235847084028292,3.360409621366139,-0.23341467039822905,-0.07620724638570398,0.24554012453936178,0.6550577869275113,0.7083691920435817
662.4076193937274,-21.98586936573799,60.21460475392846,-3.1804314528352413,-1.1308192928420964,3.3754846317599467,-0.04792993992460154,-0.07021214498675254,0.08501190766484819,0.6549349682473619,0.708239920226375
662.5076193937274,-22.30415216072121,60.1011717639193,-3.1852244468277027,-1.1378405073407731,3.3823565448980024,-0.04792993992460154,-0.07021214498675254,0.08501190766484819,0.654798155855937,0.7080936335794882
662.6076193937274,-22.620551395407436,59.9870295545946,-3.1545222285587404,-1.145144406050592,3.3559449043719662,0.3075101143987893,-0.07643248885754239,0.3168665268066585,0.6546008816755097,0.7078864606561438
662.7076193937274,-22.934466067691385,59.872132951545225,-3.1237712171188545,-1.152787654936348,3.3296945797285753,0.3075101143987893,-0.07643248885754239,0.3168665268066585,0.6544196019272306,0.7076914437424001
662.8076193937275,-23.242972505054922,59.75634337268273,-3.058196405338477,-1.162470127516512,3.2716818382895116,0.6519560031165714,-0.09890634010395394,0.6594157217662421,0.6541910991401385,0.7074489562754082
662.9076193937275,-23.545532365573255,59.63960182823053,-2.993000805026805,-1.1723607615269096,3.2144180770489483,0.6519560031165714,-0.09890634010395394,0.6594157217662421,0.6539916879343437,0.7072319841630024
663.0076193937275,-23.839427845791025,59.5216715603735,-2.896008679478153,-1.1852875902007245,3.129180874142087,0.9618835791122919,-0.1299173590508531,0.9706176074791869,0.6537574031904132,0.7069803170979179
663.1076193937275,-24.124032292758045,59.402471748583245,-2.795196335527912,-1.1988107752616035,3.04142562444522,1.0204226758607526,-0.13665419045204297,1.0295323235231237,0.6535478916932718,0.7067511522593971
663.2076193937276,-24.39761791600302,59.281810046953495,-2.6776266197647276,-1.2142862838265065,2.940097871493714,1.2095196595107458,-0.15839642213254548,1.21984721719049,0.6533445914724805,0.7065274403107676
663.3076193937276,-24.659167871949464,59.1595731431668,-2.55183241107322,-1.2305909580108174,2.833055375410397,1.2969139022123208,-0.16637478737526595,1.3075420603658432,0.6531566422868379,0.7063184048565017
663.4076193937276,-24.90770251949201,59.03567331249152,-2.417681216354469,-1.2474408838176414,2.7205314228166824,1.375601916013839,-0.16901859881063697,1.3859465783661564,0.6529848617846987,0.7061253525111729
663.5076193937276,-25.142592631547437,58.910084131115674,-2.2801210247530537,-1.264342743698709,2.6072043381876484,1.375601916013839,-0.16901859881063697,1.3859465783661564,0.6528488145248619,0.7059673451555674
663.6076193937276,-25.363051359254165,58.78286885131017,-2.1331276821832263,-1.280054229912706,2.4877243697833156,1.4561631194656188,-0.15260246676886302,1.4641374741996682,0.6526959941948302,0.7057949297610826
663.7076193937277,-25.569083311875204,58.65410041598503,-1.9875113702366314,-1.2953144765895959,2.3723492660404095,1.4561631194656188,-0.15260246676886302,1.4641374741996682,0.6525979244787911,0.7056764049007558
663.8076193937277,-25.76041266419118,58.524044040682654,-1.8403989114951345,-1.3068018579253362,2.2571661988674174,1.4588959832302018,-0.1108664352708284,1.4631024763682405,0.6524825370082856,0.7055435649850115
663.9076193937277,-25.93715807542458,58.39280952271374,-1.694509313172081,-1.3178885014524218,2.1466699594226,1.4588959832302018,-0.1108664352708284,1.4631024763682405,0.6524206286940206,0.7054638968803851
664.0076193937277,-26.099650468431655,58.260857835669015,-1.5542212313150225,-1.3229560314428523,2.0410331445131913,1.3917185056864079,-0.04797201988885463,1.3925450490961593,0.6523388616375551,0.7053677931799797
664.1076193937278,-26.248185283749994,58.128369969745336,-1.4168253283547372,-1.3265724517337798,1.940924645823861,1.3690577290462889,-0.032972061344323886,1.3694547171376918,0.6522915211263585,0.7053069134749467
664.2076193937278,-26.383430363376736,57.99578619705825,-1.2879077315922485,-1.3253088968113442,1.8480124450507343,1.2621134443064015,0.025473394972199165,1.2623704845053918,0.6522529598623993,0.7052568386690806
664.3076193937278,-26.5060452810806,57.86344624658078,-1.165760150991308,-1.3208634672135475,1.761725582677016,1.185253477436921,0.06077156639538636,1.1868104267567179,0.6522270874875946,0.705221196579367
664.4076193937278,-26.61688367254926,57.731742796028826,-1.0525431615140497,-1.312586979425998,1.682477840985924,1.0847851951353775,0.10148106256898226,1.0895216040285887,0.6522100952809003,0.7051962216398332
664.5076193937279,-26.71671406272501,57.600991503399044,-0.9440646420004872,-1.3024388731690975,1.6086034522583545,1.0847851951353775,0.10148106256898226,1.0895216040285887,0.6522182608244117,0.705197225357587
664.6076193937279,-26.807060268841163,57.47174210440797,-0.8562857261893945,-1.2850442294734363,1.544203327472997,0.8731281257365965,0.1726747428644464,0.8900389265507461,0.65219572355209,0.7051708106389386
664.7076193937279,-26.888323200831437,57.344101055174924,-0.7689729136157151,-1.2677767551869878,1.4827600085202897,0.8731281257365965,0.1726747428644464,0.8900389265507461,0.6522133157652427,0.7051841823680814
664.8076193937279,-26.96237988055918,57.21861935316192,-0.7046626008885853,-1.2440888520577345,1.429792450989093,0.6407480218590658,0.23554422283918275,0.6826705709412267,0.65219742145142,0.7051669999776619
664.9076193937279,-27.02964240053876,57.09538818907031,-0.6405877987026641,-1.2205344297738108,1.378425559147104,0.6407480218590658,0.23554422283918275,0.6826705709412267,0.6522193324583953,0.7051869081278228
665.007619393728,-27.092091330176107,56.97489279359315,-0.6003901740765731,-1.1913508899710445,1.3340859433194316,0.40310230316497997,0.2902284099758168,0.4967131936782052,0.652205834501208,0.7051739502798288
665.107619393728,-27.150269603315476,56.85724145836886,-0.5639113028195565,-1.1615216012443728,1.2911732601029737,0.35453834299780995,0.30043892827827,0.4647160275702014,0.6522124642132967,0.7051807963629192
665.207619393728,-27.205604908515326,56.74273918097134,-0.541944925238527,-1.128701094367286,1.2520664768364744,0.18761676989250375,0.33483467699538166,0.3838154677230951,0.6522148262246,0.7051840119350135
665.307619393728,-27.25901749569893,56.63157651137746,-0.5277881962925417,-1.0942306621773747,1.214866709641379,0.10375220315890665,0.35300580608913174,0.3679369766589989,0.652218412657012,0.7051886558111067
665.407619393728,-27.311443814123102,56.523957327663,-0.5219666447419307,-1.0578542529014436,1.1796206163868197,0.022165603631941533,0.372720457814656,0.3733789678837509,0.6522210966135304,0.7051925549109046
665.5076193937281,-27.363529650579146,56.420035504661904,-0.519750084378736,-1.0205822071199695,1.1453070294473755,0.022165603631941533,0.372720457814656,0.3733789678837509,0.6522408465226247,0.7052126966982978
665.6076193937281,-27.416178942997355,56.320061991594976,-0.5287503528338464,-0.9800600757858942,1.1135953878188296,-0.07878476978684779,0.4038343123220785,0.41144767803332255,0.6522235150806908,0.7051974302590208
665.7076193937281,-27.469447902129687,56.22407515557798,-0.536628829812533,-0.939676644553677,1.0821102981238215,-0.07878476978684779,0.4038343123220785,0.41144767803332255,0.6522414056679862,0.7052155328932982
665.8076193937281,-27.523850176168825,56.13228521353363,-0.549193555083309,-0.8970187356966126,1.0517871329959276,-0.11596922056477466,0.4244177465693646,0.4399764581445452,0.6522223699871126,0.7051982660647307
665.9076193937282,-27.57934937777999,56.044705428696794,-0.5607904771397891,-0.8545769610396665,1.0221485907589287,-0.11596922056477466,0.4244177465693646,0.4399764581445452,0.6522388430767536,0.705214572047279
666.0076193937282,-27.635993029456998,55.96143560902183,-0.5718117371396114,-0.8112727634920075,0.9925382408323514,-0.10367394690354015,0.43057808412392296,0.4428834765425169,0.6522186830276786,0.7051957610044977
666.1076193937282,-27.693670925208835,55.88245967300775,-0.5816390157604084,-0.7682553790809756,0.9635975675257749,-0.09677177936972425,0.43003841581562874,0.4407922598680678,0.6522182111923813,0.7051954638363823
666.2076193937282,-27.75219361131998,55.807764131585245,-0.5888860386463315,-0.7256785499458862,0.9345566458830266,-0.06491352257183891,0.42359169318343204,0.4285366821483214,0.6522136772294036,0.7051910865405594
666.3076193937283,-27.811371556366787,55.737303713703774,-0.594333089020683,-0.683639949992043,0.9058672098768066,-0.04574463799798267,0.41743485989928464,0.4199338449859714,0.6522110287976826,0.7051883210746194
666.4076193937283,-27.870995134876683,55.671010751108135,-0.5978595950941304,-0.642353829910764,0.8775275142393794,-0.027213117297517575,0.4086604264771152,0.40956549893943234,0.6522084401527148,0.7051854625553071
666.5076193937283,-27.930917159972598,55.608818670249434,-0.6005809068238828,-0.6014877872630431,0.8499911669352741,-0.027213117297517575,0.4086604264771152,0.40956549893943234,0.6522240583963514,0.7051998212574212
666.6076193937283,-27.990965937611925,55.550577743320424,-0.6013717366988239,-0.5627710259799618,0.8236256390998877,-0.01311235103806746,0.38449084765429026,0.3847143689539814,0.6522037579474428,0.7051799031390266
666.7076193937284,-28.05116867303701,55.49622309496069,-0.602682971802631,-0.5243219412145239,0.798836818467838,-0.01311235103806746,0.38449084765429026,0.3847143689539814,0.6522198620414755,0.7051945965508918
666.8076193937284,-28.111583960625925,55.44544691940206,-0.6055626008244733,-0.4900917871953047,0.7790353158834253,-0.035951252397285804,0.33772946400337345,0.33963757655026816,0.6522000725688064,0.7051750998835307
666.9076193937284,-28.17231997697037,55.39812638800254,-0.6091577260642028,-0.45631884079495966,0.7611176122572425,-0.035951252397285804,0.33772946400337345,0.33963757655026816,0.6522167458685112,0.7051903281020153
667.0076193937284,-28.23379910112353,55.3537221107789,-0.6189068060442244,-0.42973665898935376,0.7534714531070141,-0.10543846163139747,0.2602515406520861,0.28079909829445693,0.6521975169013825,0.7051714051698164
667.1076193937284,-28.296282318846437,55.31198394230576,-0.6310765204964042,-0.40534630760991075,0.750042134693003,-0.12615642327093024,0.23943820801456472,0.27064016440606165,0.6521985806344208,0.705171852306305
667.2076193937285,-28.360377788530467,55.27229320564218,-0.6506149787899683,-0.38825424295601557,0.7576550717834731,-0.21697496378420356,0.14933137282420272,0.2633970269739533,0.6521959922136703,0.7051688811630275
667.3076193937285,-28.42662965778569,55.234106807859966,-0.6754711165950412,-0.37655726145560603,0.773341192817955,-0.2759731964112543,0.08845128224099141,0.289801370713667,0.6521955458616508,0.7051680189389473
667.4076193937285,-28.495691293482714,55.19674817087705,-0.7068215955198087,-0.3717817429403122,0.7986353562652385,-0.34565873762912636,0.012010671179919385,0.345867343242396,0.6521952703371252,0.7051673932565745
667.5076193937285,-28.568101746722856,55.15963004993891,-0.7413874692827291,-0.37058067582231996,0.8288458342191128,-0.34565873762912636,0.012010671179919385,0.345867343242396,0.65221319940521,0.7051841745971894
667.6076193937286,-28.64481187971071,55.12164371738322,-0.7884939912771213,-0.3842368448725516,0.8771321036410298,-0.4686705420632773,-0.1368617670897645,0.48824504123321016,0.6521950881296109,0.7051667104773012
667.7076193937286,-28.726004631548758,55.08253572406051,-0.8353610454834597,-0.3979230215815312,0.9252949840001266,-0.4686705420632773,-0.1368617670897645,0.48824504123321016,0.6522132150048189,0.7051838185008005
667.8076193937286,-28.812609798523756,55.041085316622926,-0.8929168741556535,-0.4261448724526563,0.9893937519863332,-0.5715383015467232,-0.2807577682643484,0.6367738645513733,0.652195211731348,0.7051665845209325
667.9076193937286,-28.904759177447076,54.99706704053633,-0.9500707043103388,-0.45422064927909755,1.053067301467607,-0.5715383015467232,-0.2807577682643484,0.6367738645513733,0.6522134240995454,0.7051838884887771
668.0076193937286,-29.003185025095526,54.94933404864779,-1.015446639963629,-0.4957673482051895,1.1300075850010165,-0.6500115415244936,-0.4124715101004415,0.7698361843662501,0.6521954668455167,0.705166797878706
668.1076193937287,-29.108024438621896,54.89761474493127,-1.0815525402360615,-0.53899805869131,1.208418306946762,-0.6639930348244437,-0.4375856706980221,0.7952156748301764,0.6521975494994688,0.705168828473147
668.2076193937287,-29.219697707259133,54.841168678324316,-1.1516537092791947,-0.5894529555132703,1.293739174973015,-0.7092791525199914,-0.5193576366584076,0.8790957120557942,0.6521957437606274,0.7051671850962665
668.3076193937287,-29.33845059213849,54.779554092338515,-1.223793411736429,-0.6435181876797865,1.3826734873006592,-0.7313322018829683,-0.5578868335395311,0.9198285212732616,0.6521958724083831,0.7051674075812201
668.4076193937287,-29.464530290472357,54.712339536661645,-1.298124531969738,-0.701301666945208,1.475449534400204,-0.7528470360321269,-0.5931232959336237,0.9584226123383794,0.6521959977925595,0.7051676445529174
668.5076193937288,-29.598106978849525,54.63924375348744,-1.373409235572968,-0.7606139965385839,1.5699638785932373,-0.7528470360321269,-0.5931232959336237,0.9584226123383794,0.6522141896426695,0.705185094434064
668.6076193937288,-29.739428819804985,54.55991729620204,-1.4518481276086592,-0.8240881470235055,1.6694263265281892,-0.7826397744876916,-0.6281989110832409,1.0035730608661804,0.6521962406919548,0.7051681360048728
668.7076193937288,-29.888526831438327,54.474367486944246,-1.5301121050574462,-0.8869080381318439,1.7685725662652934,-0.7826397744876916,-0.6281989110832409,1.0035730608661804,0.6522144622143992,0.7051856189238336
668.8076193937288,-30.045621305999507,54.38249153000149,-1.6109556640988456,-0.9501051889629175,1.8702614848695394,-0.8093022484138201,-0.6264345148637529,1.0234208961616185,0.6521965175801636,0.7051686596399348
668.9076193937289,-30.2107633836515,54.28434883853085,-1.691885888940246,-1.0127486404493071,1.9718361163968585,-0.8093022484138201,-0.6264345148637529,1.0234208961616185,0.6522147768757204,0.7051861646415343
669.0076193937289,-30.384225921652366,54.18010475981767,-1.7763393350705772,-1.0727253101407646,2.0751195204940798,-0.8467553145101927,-0.5953916492802999,1.0351259723743633,0.6521968735711943,0.7051692224621282
669.1076193937289,-30.566124075884375,54.06988620182266,-1.8617712087693559,-1.1314943695428537,2.178639837630279,-0.8563779815775181,-0.5855717995541435,1.0374379883944207,0.6521990295170088,0.705171364774651
669.2076193937289,-30.756743459597125,53.95398365241352,-1.9505096888110867,-1.1866288826766258,2.283106688560195,-0.8969302065477736,-0.5396910571693987,1.0467808904476883,0.6521973205818434,0.7051698042621618
669.3076193937289,-30.9563267654854,53.83268086872727,-2.041635527213457,-1.2388298746529545,2.3880902588287625,-0.9238570375581591,-0.5062106872093229,1.053451985469994,0.6521975675950663,0.7051700827648364
669.407619393729,-31.165173419030186,53.7063489821901,-2.1358073110880986,-1.2871415608775352,2.4936732480089754,-0.9572764098261157,-0.4626060745593468,1.0631944812821337,0.6521978237724099,0.7051703438548543
669.507619393729,-31.383540532188178,53.57532179572952,-2.231534952070732,-1.3334021683334802,2.5995594982284502,-0.9572764098261157,-0.4626060745593468,1.0631944812821337,0.65221614572595,0.7051877771176087
669.607619393729,-31.611895604052343,53.440247630352694,-2.3334363399171383,-1.3709202445596862,2.7063531678976194,-1.0176248133796946,-0.3742544360855942,1.0842631801070275,0.6521983013726037,0.7051707412400507
669.707619393729,-31.85032736211101,53.30128433371627,-2.4351988212551308,-1.4083456881682541,2.8131176435450564,-1.0176248133796946,-0.3742544360855942,1.0842631801070275,0.6522165862938107,0.705188075437541
669.807619393729,-32.09926485245079,53.15916919223704,-2.541709645352194,-1.4369966833347922,2.919802628465076,-1.0610171109614295,-0.2886054656921456,1.0995682900940345,0.6521986314426178,0.7051708702626247
669.9076193937291,-32.35874090254087,53.014026496575056,-2.647811356448361,-1.4658572299040133,3.0264901119611767,-1.0610171109614295,-0.2886054656921456,1.0995682900940345,0.6522167911741888,0.7051880238360505
670.0076193937291,-32.62897678238824,52.86646929988019,-2.755908673363636,-1.487896675865575,3.1319114186025034,-1.076030373836198,-0.22570835740741457,1.0994478741721325,0.6521986694983292,0.7051706051068679
670.1076193937291,-32.90994639378552,52.71657942049522,-2.863472516969426,-1.5097717307959135,3.2371106769076814,-1.0754756830671803,-0.2169630376541436,1.097142153313294,0.6522004794556531,0.7051721477958033
670.2076193937291,-33.20163406496081,52.56460883726534,-2.970198171940625,-1.5299190202870219,3.3410671033721298,-1.0620298607046263,-0.20224978021317375,1.0811162743315657,0.652198286818559,0.7051698683553236
670.3076193937292,-33.503937082987505,52.41059962728877,-3.075566906286329,-1.5503757662823028,3.444238204845753,-1.0455978332457219,-0.20811328031162102,1.0661078586757589,0.6521979181045868,0.7051693299595854
670.4076193937292,-33.81667305926852,52.25448945764553,-3.1787278363583717,-1.5721411807131753,3.5462569773965607,-1.018063879606427,-0.22809770822902165,1.0433037081591445,0.6521974455688809,0.7051687132791422
670.5076193937292,-34.13963616230246,52.09613485103304,-3.2805342243190374,-1.5949509515360827,3.647707956338386,-1.018063879606427,-0.22809770822902165,1.0433037081591445,0.6522149631537411,0.7051852646697061
670.6076193937292,-34.47232516446213,51.93510075319639,-3.375230551555872,-1.62405817885571,3.7456302866759663,-0.9411149934596279,-0.29723062371077624,0.9869364085826464,0.6521962960284803,0.7051674228908523
670.7076193937293,-34.814553794585095,51.771208782192225,-3.469342050901856,-1.6537812412267945,3.8433483656818743,-0.9411149934596279,-0.29723062371077624,0.9869364085826464,0.6522138198880989,0.7051841275343709
670.8076193937293,-35.165504084114524,51.603725872958435,-3.5528251967491395,-1.6929573600223375,3.935564953282993,-0.8291578556443436,-0.3948496169785327,0.9183730013479382,0.6521952737044061,0.7051666010165123
670.9076193937293,-35.52493239306774,51.43245588887127,-3.6357409823135924,-1.7324423217201996,4.0274022506526315,-0.8291578556443436,-0.3948496169785327,0.9183730013479382,0.6522131371523384,0.7051838861039936
671.0076193937293,-35.891737938226946,51.25653654450551,-3.7046511161421165,-1.782393975957985,4.111127360939374,-0.6831888709011679,-0.4980738599697867,0.845473005665122,0.6521951763902173,0.705167233490686
671.1076193937294,-36.2655060557872,51.075743377243434,-3.7701655225630555,-1.8337684635663614,4.192475980312075,-0.6475258943694769,-0.5179052507852343,0.8291656243899089,0.6521977755775958,0.7051703621884663
671.2076193937294,-36.645174293247166,50.88950054712614,-3.823625368376071,-1.8906902962176808,4.2655387413433195,-0.5007783280728542,-0.579617453744486,0.7659865054638264,0.652197200488121,0.7051706984738114
671.3076193937294,-37.02987243194261,50.697483267661696,-3.8686563740836495,-1.9501120610137617,4.332371081896078,-0.4062300796384234,-0.6056213885206454,0.7292462847603095,0.6521994860360293,0.7051740174774623
671.4076193937294,-37.41854810176149,50.49939960464116,-3.9030907830804003,-2.0118611348916473,4.39109358668825,-0.29033092239069025,-0.6258331027697037,0.689897903329604,0.6522029201800856,0.7051787114147232
671.5076193937294,-37.810308834681564,50.2950843256381,-3.932123875319476,-2.074444445168632,4.445775289749634,-0.29033092239069025,-0.6258331027697037,0.689897903329604,0.6522258088046449,0.705202227588978
671.6076193937295,-38.203482270922585,50.08439791128661,-3.9386936650486266,-2.138366254251133,4.481731587725241,-0.06374160885983704,-0.632045181869166,0.6352512137918885,0.6522141681696034,0.7051931694399921
671.7076193937295,-38.59767034547184,49.8674010599521,-3.9450678259346117,-2.201570772438064,4.517795260663987,-0.06374160885983704,-0.632045181869166,0.6352512137918885,0.652240548085945,0.7052206267215313
671.8076193937295,-38.99094114956025,49.64426142660524,-3.9280922418745,-2.261745365994871,4.532703471580057,0.17017210440293828,-0.5944622158676713,0.6183396083150637,0.6522327862513717,0.7052158718995925
671.9076193937295,-39.38289951322577,49.41511457892636,-3.911075031434202,-2.3211915875816516,4.548014763363008,0.17017210440293828,-0.5944622158676713,0.6183396083150637,0.652263453427034,0.7052480002645427
672.0076193937296,-39.77160045612723,49.180489070617405,-3.870766088828744,-2.3733081262639364,4.540420858975191,0.4020931567882753,-0.5144667616590445,0.6529586170561689,0.6522602457671047,0.7052481260283814
672.1076193937296,-40.15651334910367,48.94065520574487,-3.826760863884684,-2.423032353281366,4.529369105560694,0.45023601692210113,-0.49253606319255727,0.6673112051202956,0.6522794821854817,0.7052698516640957
672.2076193937296,-40.536211225172245,48.69626318074469,-3.767977240300118,-2.4650270891288484,4.502667102236044,0.6227037935107442,-0.3968772144515845,0.738425038716538,0.6522971777681728,0.7052902846952309
672.3076193937296,-40.90972378936938,48.4478912563447,-3.7006154938279727,-2.5012490860412866,4.466632067182389,0.7163825187539835,-0.3315861334156609,0.7894005808522375,0.6523190444430124,0.7053148157113454
672.4076193937296,-41.27600527581426,48.196265620360464,-3.623501911811032,-2.529993093651559,4.419347367974461,0.8162931696595119,-0.2483620505254982,0.8532398531327535,0.6523429026389789,0.7053413084779279
672.5076193937297,-41.63427400114715,47.94202450074262,-3.5418725948450622,-2.5548292987041146,4.367151728945475,0.8162931696595119,-0.2483620505254982,0.8532398531327535,0.6523865197626953,0.7053866195405323
672.6076193937297,-41.983291319636635,47.686405176033496,-3.444335996276796,-2.5629530217483625,4.293271322306236,0.9666833931864631,-0.07887101728742785,0.9698955717140108,0.6523950639535906,0.7053984537141771
672.7076193937297,-42.32289150229846,47.42971551877216,-3.3476676569581274,-2.570840123477107,4.220911949084381,0.9666833931864631,-0.07887101728742785,0.9698955717140108,0.6524404774709303,0.7054452661052915
672.8076193937297,-42.652104276938566,47.173415759362214,-3.2406950907092082,-2.5610184208276565,4.130486656892303,1.0595777570802203,0.09864042057451872,1.0641592718527937,0.6524494991534161,0.7054572079805715
672.9076193937298,-42.970875897224154,46.91780711938226,-3.1347373150011624,-2.5511543787702022,4.041653955793231,1.0595777570802203,0.09864042057451872,1.0641592718527937,0.6524939883875462,0.7055026593261825
673.0076193937298,-43.278742316716176,46.66436470640799,-3.0246689356810657,-2.5236373361039766,3.939209003677262,1.0900092907183399,0.27416028631305656,1.1239591257886363,0.652500489512106,0.7055115971051348
673.1076193937298,-43.575764266608445,46.41348696985453,-2.9158042028956745,-2.4933684264472316,3.836508863488787,1.0881514360202948,0.31033696132394856,1.131539914133307,0.6525246055754061,0.7055369295460364
673.2076193937298,-43.86199260787262,46.16624369052716,-2.8089011185407586,-2.4521086604871267,3.728640821609866,1.0584086862434299,0.4376519553070075,1.1453244872522328,0.6525414925723996,0.7055549462004396
673.3076193937299,-44.13764263663892,45.923342910948094,-2.7046494993866936,-2.404747721195497,3.6191076962598983,1.0277042492489132,0.5032346629599624,1.1442994144579028,0.6525562708430889,0.705570491840985
673.4076193937299,-44.403051260211505,45.68551464225531,-2.6042066347814425,-2.3508577394397996,3.508336401732834,0.9831705644216773,0.5669910235736038,1.1349463333384018,0.6525663659381489,0.7055810885761344
673.5076193937299,-44.6585560708676,45.45326382342915,-2.5058895783392523,-2.2941586370824263,3.3974470460816857,0.9831705644216773,0.5669910235736038,1.1349463333384018,0.6525894103816173,0.7056035081136287
673.6076193937299,-44.9048496850197,45.227279992197566,-2.41697730649616,-2.228983569997182,3.287878807899527,0.8874668470936576,0.6421745640291938,1.0954385310807917,0.6525709074211806,0.7055858495708244
673.7076193937299,-45.1421100814339,45.007592508017936,-2.3282306217867745,-2.1647661135942475,3.1791304085852743,0.8874668470936576,0.6421745640291938,1.0954385310807917,0.6525832046773534,0.7055970032913601
673.80761939373,-45.37115557135132,44.79455376619086,-2.249321178748144,-2.097550126233163,3.0755751164986522,0.7907220625640285,0.6642289585569323,1.0326865398615102,0.6525543004176944,0.7055684217135177
673.90761939373,-45.59213407891337,44.58811989836028,-2.1702489724917235,-2.031127230377455,2.9724499034604728,0.7907220625640285,0.6642289585569323,1.0326865398615102,0.6525568890518276,0.7055693365770188
674.00761939373,-45.80576181069757,44.38825796394032,-2.0993018287444505,-1.9660641497215388,2.87619130257187,0.7140597978404668,0.6447630076002886,0.9620814574981361,0.6525194643975991,0.7055316969695592
674.10761939373,-46.01216168424698,44.19484946578261,-2.028882047251768,-1.9022338556166931,2.7811609092454317,0.7016094859919662,0.6365095706261668,0.9473121472527511,0.6524988017739921,0.7055095928719421
674.20761939373,-46.211703965252674,44.00765439224543,-1.9616936659295798,-1.8416285165787583,2.6906946374541114,0.666685085996823,0.5950858091103024,0.8936420559122397,0.652471906794633,0.7054811769081257
674.3076193937301,-46.40456604157833,43.826411814837876,-1.8957834928384234,-1.78379006186335,2.6030562876205936,0.6532435621814208,0.5633099505643653,0.8625805770687741,0.6524453977338643,0.7054528047617915
674.4076193937301,-46.59090088837101,43.65076929932934,-1.8310703582992627,-1.7297170495855247,2.5188766799248117,0.6426715907649212,0.5203953429715835,0.8269450323708502,0.6524181619874398,0.7054234786666139
674.5076193937301,-46.770794566247154,43.480399571085606,-1.766803199222756,-1.6776775152883545,2.4364308711900433,0.6426715907649212,0.5203953429715835,0.8269450323708502,0.6524089484812318,0.7054111093418005
674.6076193937301,-46.94434687111769,43.31464013412042,-1.7037432617636679,-1.6346794570292058,2.361126432285743,0.631868870810546,0.4272809030786512,0.7627760090846474,0.6523644183267182,0.7053649950983215
674.7076193937302,-47.11156185294004,43.15330859293285,-1.6405563746825989,-1.591951366721331,2.285986520633406,0.631868870810546,0.4272809030786512,0.7627760090846474,0.6523571774059426,0.7053543162576749
674.8076193937302,-47.27251592154613,42.9955503595026,-1.578294718176575,-1.5598389900065526,2.2190339997775466,0.6210893746646877,0.31870296256526504,0.6980856606959132,0.6523155671660644,0.7053109326294985
674.9076193937302,-47.4272399464905,42.84115997531474,-1.516185780710092,-1.5279686937500188,2.1525583965847734,0.6210893746646877,0.31870296256526504,0.6980856606959132,0.6523120800372813,0.7053039120581057
675.0076193937302,-47.57590369369059,42.68916617090484,-1.4565349925216569,-1.5080435975791504,2.096590011575828,0.5923592426533261,0.19757977488353318,0.6244415423399133,0.6522747411787159,0.7052648028905063
675.1076193937303,-47.71862544460621,42.539264624714605,-1.3980480229859764,-1.4903951047265667,2.0434813047267917,0.5827979993301327,0.17079918664768945,0.6073103573813948,0.6522597599622405,0.705247162913785
675.2076193937303,-47.85569006845683,42.39065989299392,-1.3431767208984364,-1.4813240074247271,1.9996110918216896,0.5370793098236004,0.06840293249496177,0.5414177187851403,0.6522432881863729,0.7052283329947242
675.3076193937303,-47.98738013775134,42.24275804256803,-1.2912124668457376,-1.477814618626151,1.962438707721342,0.5040914501734479,0.0063691540887232945,0.5041316854372234,0.6522310766668539,0.7052138234604266
675.4076193937303,-48.11406205199137,42.09486842229588,-1.2430866745313882,-1.4810761426129209,1.9336108762144142,0.46085741811076,-0.06587510519176787,0.4655417159737056,0.6522210661512925,0.7052016994193162
675.5076193937304,-48.23606643235398,41.94643143250859,-1.1970009327203017,-1.487663653132099,1.9094382361793258,0.46085741811076,-0.06587510519176787,0.4655417159737056,0.6522311410942733,0.7052090012595514
675.6076193937304,-48.35405499665346,41.79647039582018,-1.1599629300775804,-1.5071094715976943,1.9018130713962524,0.3671307212330755,-0.19180856975247107,0.4142167233509612,0.6522069010360857,0.7051839425466234
675.7076193937304,-48.46821563605508,41.644800405811615,-1.1232498579542647,-1.5262903285729457,1.8950600018177752,0.3671307212330755,-0.19180856975247107,0.4142167233509612,0.6522203982027298,0.7051951186532115
675.8076193937304,-48.57942994692074,41.49047170239918,-1.097565965140409,-1.55637096654492,1.904453106101215,0.25382799311268656,-0.29646479891071875,0.39028198405868925,0.6521990669348681,0.7051734287958017
675.9076193937304,-48.68791740346925,41.333352281750095,-1.0721831658291345,-1.5860174464359986,1.9144263060997546,0.25382799311268656,-0.29646479891071875,0.39028198405868925,0.6522150294208572,0.7051875246181063
676.0076193937305,-48.79470276015241,41.17271313981725,-1.059442527974341,-1.623735555525337,1.93879746862787,0.12558347867139275,-0.37208922195093797,0.3927105794440258,0.6521956957442157,0.7051682670664531
676.1076193937305,-48.90010896219922,41.00844028032586,-1.0491118658095615,-1.661902761941123,1.9653387741379227,0.09730687755043305,-0.38418705811833154,0.39631846291112055,0.6521970788202793,0.7051689636848208
676.2076193937305,-49.00497243375546,40.84017354533764,-1.0477397237928947,-1.7031503726603423,1.9996198940565364,-0.008854258652966573,-0.41671320469463113,0.41680726104899274,0.6521950727563851,0.7051666295597397
676.3076193937305,-49.10990245827376,40.667755057587605,-1.0519545931605334,-1.74538042339357,2.03788156879566,-0.07052290231307556,-0.426033079246415,0.43183059683496455,0.6521953438490509,0.7051666324354349
676.4076193937306,-49.21558541145594,40.491079192752636,-1.0627482426639758,-1.7881516406618676,2.0801250244365357,-0.13932964231161393,-0.4274627053148202,0.44959661215554897,0.6521958205169777,0.7051669699855891
676.5076193937306,-49.32255688393392,40.31012671515983,-1.0766812068951404,-1.8308979111933592,2.1240126135438513,-0.13932964231161393,-0.4274627053148202,0.44959661215554897,0.6522144613712396,0.7051847119878679
676.6076193937306,-49.43171158585804,40.12500509295993,-1.1022813148832242,-1.8717480018508776,2.1722027252476788,-0.2522361582280871,-0.4021210627249988,0.47468350361556383,0.6521969737168468,0.7051681338273884
676.7076193937306,-49.54320089813753,39.935819687461176,-1.1275049307060387,-1.9119601081233868,2.219652861107255,-0.2522361582280871,-0.4021210627249988,0.47468350361556383,0.6522155995991806,0.7051860000922747
676.8076193937306,-49.65784016152468,39.742976997277296,-1.1618927229103613,-1.946397658805573,2.266816831099476,-0.3386931950404759,-0.338144050822151,0.4785963638319239,0.6521979620046618,0.7051693713513835
676.9076193937307,-49.77572289979095,39.54664651114258,-1.1957620424144164,-1.9802120638877958,2.313241595693338,-0.3386931950404759,-0.338144050822151,0.4785963638319239,0.6522163964323752,0.705187107094623
677.0076193937307,-49.89739601691639,39.347543310618434,-1.2353611740447115,-2.0045860210392052,2.354672449850068,-0.3894777494948033,-0.23746703804062397,0.4561617163981694,0.6521985325430104,0.7051702812642459
677.1076193937307,-50.02289785042018,39.14598053772601,-1.274756704919788,-2.0262658221564926,2.3939001313291004,-0.3950738896892607,-0.21115991759961406,0.44796416052501115,0.65220058593798,0.7051724111821995
677.2076193937307,-50.15239150662524,38.94274182209498,-1.3148873892970365,-2.0387874382136606,2.426022066006449,-0.3981494301169066,-0.09838604828035047,0.4101253262097343,0.6521986483453105,0.7051707196377279
677.3076193937308,-50.285853415386576,38.73850466469395,-1.3541289553369154,-2.0446167770570223,2.4523708921582172,-0.38599786628643096,-0.023138036676735307,0.38669073110036056,0.6521985596066279,0.7051707637164979
677.4076193937308,-50.42315080433487,38.534103669950724,-1.3914024155615694,-2.0419992426313267,2.4709839313393926,-0.35923127165000523,0.06899114817853436,0.365796234341296,0.652198400646859,0.705170712822178
677.5076193937308,-50.564087202249304,38.33024870142843,-1.427325542726578,-2.0351001278134717,2.4857374630371023,-0.35923127165000523,0.06899114817853436,0.365796234341296,0.6522162565402533,0.7051877840809881
677.6076193937308,-50.70814606864358,38.128236214196384,-1.4559114642209956,-2.010971216946003,2.4826766658256996,-0.2802703932178102,0.23966901215875547,0.36877191962460976,0.6521979393533033,0.705170381547291
677.7076193937309,-50.8551385670318,37.92833743756254,-1.483938503542783,-1.9870043157301218,2.4799717000455717,-0.2802703932178102,0.23966901215875547,0.36877191962460976,0.6522157669314558,0.7051873657608821
677.8076193937309,-51.0042613545796,37.731881992473554,-1.5017028582703809,-1.9475782458095976,2.4593032546004205,-0.17438981784188218,0.389232560210357,0.42651353377687096,0.6521974174080329,0.705169875814041
677.9076193937309,-51.15530358949588,37.539070330693605,-1.519141840054573,-1.9086549897885532,2.439417102557317,-0.17438981784188218,0.389232560210357,0.42651353377687096,0.6522152639465737,0.7051868264103683
678.0076193937309,-51.307313269065254,37.350981174299235,-1.5248815655672776,-1.857570007215456,2.4032956790027606,-0.05655788931149899,0.5050769942955649,0.508233770040927,0.6521969495196492,0.7051693240909346
678.1076193937309,-51.460003937855646,37.1678141586982,-1.5285484417470674,-1.8054665019649407,2.3656224611050907,-0.03132627524541388,0.525259107430009,0.5261924224643693,0.6521986975180274,0.7051709077031202
678.207619393731,-51.61263229902213,36.99017201275785,-1.5244283798516969,-1.7477785231897978,2.3191834018509145,0.05956170097598856,0.5873927179297729,0.5904047775044498,0.6521965890621408,0.705168802617111
678.307619393731,-51.764687597634385,36.81838289332314,-1.51581408496679,-1.6875256380700696,2.2683551572290224,0.10835846765757018,0.614570014316967,0.6240495653477004,0.6521964486000437,0.705168560621195
678.407619393731,-51.915625349005836,36.65275269816926,-1.5021666185194376,-1.6247264416738327,2.2127450282552292,0.15956874246014796,0.6381060444447145,0.6577548992802661,0.6521963344552938,0.7051683366493394
678.507619393731,-52.06504416714551,36.49347058422407,-1.4862097442734192,-1.5609158372293468,2.15529061958861,0.15956874246014796,0.6381060444447145,0.6577548992802661,0.652214308545771,0.7051853309071923
678.607619393731,-52.2123071591983,36.34076129741371,-1.4620252684429151,-1.494478777636872,2.090690006283231,0.23838260775775888,0.6592761470873879,0.7010501449966191,0.6521961502034399,0.7051679194732021
678.7076193937311,-52.35731777300384,36.19460980038542,-1.4381870076671337,-1.4285511629281182,2.0271014513649344,0.23838260775775888,0.6592761470873879,0.7010501449966191,0.6522141605772613,0.705184949908084
678.8076193937311,-52.49951863756182,36.05502856326499,-1.4080990470059473,-1.3632612389140064,1.959904112885222,0.2982517754445813,0.6468103971229295,0.7122624596187608,0.6521959877587526,0.7051675340382202
678.9076193937311,-52.63883728338522,35.921936491359176,-1.3782738694614824,-1.2985801992016988,1.893660316159963,0.2982517754445813,0.6468103971229295,0.7122624596187608,0.6522139936833176,0.7051845781114712
679.0076193937311,-52.77484158411575,35.795042577857465,-1.3435787623487667,-1.238246702023963,1.8271449821259025,0.34472295293743027,0.5974961154359701,0.6898083228281433,0.6521958024779808,0.7051671719642574
679.1076193937312,-52.90745023625955,35.67415897359738,-1.308474287385827,-1.1796518594350387,1.7617274108721792,0.35271216675902994,0.5827823626899793,0.6812056626616989,0.6521976349520842,0.7051688544473029
679.2076193937312,-53.03642794034205,35.55885265531241,-1.2712581638566571,-1.1263363033863687,1.6984495245659406,0.37541443984124034,0.5171393282269332,0.6390376252149133,0.6521955702563748,0.7051668512857686
679.3076193937312,-53.161661485125464,35.44872511733509,-1.2332844664881712,-1.0770171157726762,1.6373626485749293,0.382796164450661,0.4720529438976018,0.6077556131871839,0.6521954400398279,0.7051667238509939
679.4076193937312,-53.28306725419844,35.34327579972391,-1.1947875286446357,-1.0328377822918493,1.5793261610998222,0.3859210753647776,0.4151320477956647,0.5668065750480744,0.6521953162416365,0.7051666427758123
679.5076193937313,-53.40061640168611,35.24206768173368,-1.156195421108149,-0.9913245775122734,1.5229945074659126,0.3859210753647776,0.4151320477956647,0.5668065750480744,0.6522132810790392,0.7051838301955418
679.6076193937313,-53.514327289058215,35.14426521179197,-1.11804500918617,-0.9610541915121802,1.474330289178525,0.3790597109426572,0.30177633293617717,0.4845154482370374,0.6521951411798962,0.705166689608037
679.7076193937313,-53.624236491422145,35.04966867430541,-1.0801390380918956,-0.9308765582185556,1.425914271003313,0.3790597109426572,0.30177633293617717,0.4845154482370374,0.6522132286437661,0.7051840991796677
679.8076193937313,-53.73045653247775,34.957331004848925,-1.0438042751854757,-0.9120162413679727,1.386110020674564,0.362453845547092,0.19019969199108933,0.4093271466509159,0.6521952291793166,0.7051672043951125
679.9076193937314,-53.83302469076859,34.86708037917206,-1.0075588906307582,-0.8929962721688594,1.3463347504230008,0.362453845547092,0.19019969199108933,0.4093271466509159,0.6522135415187769,0.7051849440673168
680.0076193937314,-53.93209725326197,34.77806094897668,-0.9732698751315477,-0.8838657517180244,1.3147140057437003,0.3424105244917015,0.09488311623662637,0.35531362629296287,0.6521958302494931,0.7051684381139067
680.1076193937314,-54.027726964656054,34.690093730176535,-0.9393953769180761,-0.8757378940459315,1.2842821081222993,0.33775435360842876,0.0776730654136506,0.34657049567469067,0.6521983520288114,0.7051712509515942
680.2076193937314,-54.120049707836436,34.60266925086907,-0.9069800648051747,-0.8724162627991104,1.2584605570101772,0.3208359181905578,0.023875830649986662,0.32172308230900243,0.6521972182803129,0.7051706239914488
680.3076193937314,-54.20915896403696,34.5155006606272,-0.8753473462333424,-0.871388835159696,1.2351321704978488,0.3127596017032525,-0.0007097760903778116,0.3127604070845215,0.652198284907634,0.7051721241330073
680.4076193937315,-54.29514378337541,34.42831109043151,-0.8444422747869152,-0.8727501836234463,1.2144034084529156,0.3064682591985155,-0.02385355088093455,0.30739516226804514,0.6521996365744804,0.7051739119632249
680.5076193937315,-54.37805566955812,34.34091680431474,-0.8137954488670568,-0.8751355387115403,1.195041942239967,0.3064682591985155,-0.02385355088093455,0.30739516226804514,0.6522193566356408,0.7051931866496699
680.6076193937315,-54.45793632319314,34.25304337402501,-0.7835367598686948,-0.88106160120156,1.179067173310066,0.3048882461099929,-0.05810030347547912,0.31037475393461106,0.6522032221537583,0.7051782906517721
680.7076193937315,-54.53476555794947,34.16464671238746,-0.7530479352576885,-0.8868716315491092,1.1634528282841752,0.3048882461099929,-0.05810030347547912,0.31037475393461106,0.6522235388442873,0.7051980529907494
680.8076193937316,-54.608488055053286,34.07545217026268,-0.7215896532252082,-0.8959767800000766,1.1504199311299252,0.316542837620029,-0.09209203721885162,0.3296669703923315,0.6522079075329932,0.7051835013694119
680.9076193937316,-54.679064306187726,33.985394032076556,-0.6899353694631981,-0.9051859837219639,1.1381443138561205,0.316542837620029,-0.09209203721885162,0.3296669703923315,0.6522286618230718,0.7052034900902028
681.0076193937316,-54.74635122481498,33.894142376461055,-0.6564050152634783,-0.9185681211987891,1.1289973150303416,0.3353556441104475,-0.13541664154913613,0.361664312374307,0.6522133196955335,0.7051889678226853
681.1076193937316,-54.81030375660444,33.8015759073236,-0.6225937519898563,-0.9329181262287282,1.1215878076472336,0.33883203940995754,-0.14568884720280698,0.368825692068752,0.6522180254480756,0.7051933775274484
681.2076193937316,-54.870829546442785,33.707389316643244,-0.5880346355962202,-0.9506885105867677,1.1178521265455759,0.34538582695351444,-0.1872302943383266,0.3928696381477951,0.6522187147156285,0.705193780490275
681.3076193937317,-54.92790902819077,33.611336460896474,-0.5536109442920623,-0.9708483466467155,1.1176008186408106,0.34241762614627,-0.21420223809191608,0.4038965579195156,0.6522210746461067,0.7051955842875318
681.4076193937317,-54.98157530419183,33.51311681654748,-0.5198866536159729,-0.9940564107564236,1.1217977894317488,0.33147093391764104,-0.24776530474740682,0.41383647285952035,0.6522230057090128,0.7051967887056996
681.5076193937317,-55.031906614883844,33.41247234894808,-0.4867395602242013,-1.0188329412311699,1.1291306220384802,0.33147093391764104,-0.24776530474740682,0.41383647285952035,0.6522424288439265,0.7052144684455367
681.6076193937317,-55.07915091756408,33.30891400090841,-0.4572199443453176,-1.0501899609415632,1.145403436161066,0.2910104208777561,-0.314266419715002,0.42831115747775533,0.6522249204875784,0.7051968274726248
681.7076193937318,-55.12341785989423,33.20232367271566,-0.42811890225753535,-1.0816166029130705,1.1632627691830457,0.2910104208777561,-0.314266419715002,0.42831115747775533,0.6522427225761339,0.7052126979615468
681.8076193937318,-55.1651608827984,33.092130344698724,-0.4049710290058511,-1.1199562088937858,1.190925457018112,0.2284138944505209,-0.3834323535855554,0.4463107403527413,0.6522233192607838,0.7051930940588118
681.9076193937318,-55.20451591622675,32.978217562041394,-0.38212963956079377,-1.1582994442523502,1.219705154529637,0.2284138944505209,-0.3834323535855554,0.4463107403527413,0.6522391097759598,0.7052070310168621
682.0076193937318,-55.2420829599325,32.86002027074736,-0.3668365096322497,-1.2033498355355987,1.2580221983266926,0.15086650253199219,-0.4495130187115398,0.47415467473957984,0.6522176931087115,0.7051856748981773
682.1076193937319,-55.27806917375419,32.737395970151084,-0.3531614364440447,-1.2493344129832324,1.2982909826596574,0.13293280406712316,-0.46260594705666674,0.4813267005364898,0.6522154913389674,0.7051828636124191
682.2076193937319,-55.31300912302057,32.60995831995271,-0.34541755115427214,-1.2991811463147283,1.3443157871516147,0.060950336966113156,-0.5066913737755829,0.5103440916037632,0.6522088332604755,0.7051761914739507
682.3076193937319,-55.347329482724746,32.477467020401996,-0.34182801144924124,-1.3510164616686602,1.3935895626442705,0.013830824498747507,-0.5277633642128365,0.52794456177857,0.6522039846096829,0.7051717716847479
682.4076193937319,-55.38155601806519,32.33968708880379,-0.3436165385239589,-1.4048645191798839,1.44627682094325,-0.04604389561966149,-0.5466165461737813,0.5485523574598763,0.6521996150313797,0.7051684919569259
682.5076193937319,-55.416147891395696,32.19646755415491,-0.3482209280859261,-1.4595261737972745,1.5004914084246985,-0.04604389561966149,-0.5466165461737813,0.5485523574598763,0.6522146024188453,0.7051844795651055
682.607619393732,-55.452008829155254,32.04762270078222,-0.3650934125317059,-1.5164161158810576,1.55974710654575,-0.17131374734984883,-0.5658622547942088,0.5912262607765608,0.6521957463990349,0.7051692342440942
682.707619393732,-55.48937473914518,31.893151777920107,-0.3822247872666947,-1.5730023413604912,1.6187748929133592,-0.17131374734984883,-0.5658622547942088,0.5912262607765608,0.6522165965725417,0.7051929205967975
682.807619393732,-55.529341935747524,31.732969330588503,-0.4126830149397187,-1.6303018601843975,1.6817227554327863,-0.3043240204605979,-0.5715634590952589,0.6475321592031087,0.6522062615757739,0.705188154709665
682.907619393732,-55.57213185734381,31.56708132727455,-0.4431154169857854,-1.6874582060939363,1.744668011423449,-0.3043240204605979,-0.5715634590952589,0.6475321592031087,0.6522387492228277,0.7052254963707792
683.007619393732,-55.61881209466151,31.39546867930591,-0.48612603026773143,-1.7447160978245706,1.8111744199033013,-0.4274091589286204,-0.5718776255900404,0.7139486030426652,0.6522434988613492,0.7052377981799134
683.1076193937321,-55.66963757899372,31.218139250495597,-0.5307431221182377,-1.8018643526757459,1.8784044844280476,-0.45117484110876815,-0.5713680743000595,0.7280248715386587,0.6522786660311095,0.7052804531103141
683.2076193937321,-55.72531280436018,31.03510621801396,-0.5823328549916026,-1.8588050277958492,1.9478880063704378,-0.5308093307550594,-0.5689227522646532,0.7780948808860152,0.6523222998149177,0.7053325045151124
683.3076193937321,-55.78627289561528,30.846382708667157,-0.6375537497071306,-1.915654077146559,2.01896144763932,-0.5696061485533557,-0.5682690226650308,0.8045998052388881,0.6523821928504085,0.7054012824468766
683.4076193937321,-55.85295050269342,30.65197530652769,-0.6965345644509698,-1.9725076113442463,2.091876353010829,-0.6053394318536502,-0.569089750030466,0.8308423264053405,0.6524582359379643,0.7054865307115925
683.5076193937322,-55.9256306562978,30.45187909664306,-0.7570685076363486,-2.029416586347306,2.1660296411167326,-0.6053394318536502,-0.569089750030466,0.8308423264053405,0.6525701950018495,0.7056068818362214
683.6076193937322,-56.004677557877564,30.246054673492306,-0.8220198359395062,-2.0869662697594986,2.243021360083735,-0.6440657423058682,-0.5771881400596919,0.8648507555859424,0.6526647947073912,0.7057113126164892
683.7076193937322,-56.09009987018306,30.034472105816008,-0.8864264101701076,-2.1446850837654807,2.3206520396589427,-0.6440657423058682,-0.5771881400596919,0.8648507555859424,0.6528155791240567,0.7058696292794053
683.8076193937322,-56.18207503953015,29.81700777851565,-0.952308853501713,-2.2041628560849627,2.401088513279418,-0.6547870511844129,-0.5970860921630712,0.8861477776608969,0.6529497065258364,0.7060120939942013
683.9076193937323,-56.280579860136264,29.593606062446288,-1.0177875586201692,-2.2638714653012832,2.482137289895018,-0.6547870511844129,-0.5970860921630712,0.8861477776608969,0.6531397650714468,0.706207571125217
684.0076193937323,-56.38559030096191,29.36402886407691,-1.0824451206171866,-2.326738997210356,2.5662037721676367,-0.6427769534796514,-0.6302271375358387,0.9001935663018255,0.6533109334817059,0.7063844355511394
684.1076193937323,-56.49703127126073,29.128179106009316,-1.1462871035570767,-2.3903744043331088,2.6510118665656965,-0.637196578399823,-0.6380020859077727,0.9017018027857717,0.6535179955108948,0.7065946115517092
684.2076193937323,-56.61473318489255,28.88583358658534,-1.2077447909983232,-2.456408159653177,2.737259309417778,-0.6055344470706313,-0.6659481151538522,0.9000882504877528,0.6537331975778286,0.7068113964020303
684.3076193937324,-56.738489281751335,28.636835592708923,-1.2668958582576162,-2.5238163977218893,2.823946586796605,-0.578618571202247,-0.6809074302024282,0.8935515538820379,0.6539583314148633,0.7070363102847079
684.4076193937324,-56.868001406592,28.381017470230887,-1.32275972314244,-2.5927931446806305,2.910716333872254,-0.5403485598180693,-0.6972138175014425,0.8820905131631314,0.6541862073529465,0.7072623791849382
684.5076193937324,-57.00297912170536,28.118252086675255,-1.3767945791242593,-2.662514526430791,2.9974233795980383,-0.5403485598180693,-0.6972138175014425,0.8820905131631314,0.6544295063456979,0.7075016199455494
684.6076193937324,-57.142811597189116,27.848322863697362,-1.4224410660742368,-2.735082037909834,3.0828578203594508,-0.4534239193758258,-0.7250353730300513,0.8551429955317187,0.6546257806721475,0.7076946110627818
684.7076193937324,-57.28732282339345,27.571189483041163,-1.4677834580118299,-2.8075855752128556,3.168110642284525,-0.4534239193758258,-0.7250353730300513,0.8551429955317187,0.6548427113694032,0.7079058641879422
684.8076193937325,-57.435710344704276,27.286649768338357,-1.5031623745933536,-2.882330597166299,3.250742499146028,-0.35203518758358576,-0.7452397411221738,0.8242032789578401,0.6549987836249764,0.7080579543782898
684.9076193937325,-57.58778675810157,26.99469050991605,-1.5383658933517201,-2.9568545712785337,3.333100445158921,-0.35203518758358576,-0.7452397411221738,0.8242032789578401,0.6551619653048651,0.7082157328054184
685.0076193937325,-57.742671940029666,26.695232920834908,-1.5628980136569464,-3.0318740050497306,3.4109984144805936,-0.24564263680345938,-0.7462069370063211,0.7855985602406053,0.6552520988355997,0.7083031231043917
685.1076193937325,-57.900120517057346,26.388323915754484,-1.5857434914282134,-3.1062568229250505,3.487608617745886,-0.22385886316295459,-0.7431327117648737,0.776117914953408,0.6553222025561987,0.7083707336768116
685.2076193937326,-58.059494924553604,26.074057210120557,-1.6021376618931384,-3.1790400133891628,3.5599354621096406,-0.15011323218637296,-0.7209735341675275,0.7364352106244343,0.6553446810664149,0.708392419256467
685.3076193937326,-58.22039220448771,25.752582916207956,-1.6151752062888067,-3.2500802174508565,3.6292991564316512,-0.11425165721289954,-0.7005424381250864,0.7097979633600919,0.655324349250841,0.7083727938472894
685.4076193937326,-58.38240986727835,25.42412809778577,-1.6246461432522392,-3.3185407317180218,3.69488669364244,-0.07894531775391567,-0.6696171074596763,0.6742547247130941,0.6552601947300994,0.7083108310266942
685.5076193937326,-58.54526920819238,25.088925939076592,-1.6325406750276326,-3.385502442464005,3.7585656630620967,-0.07894531775391567,-0.6696171074596763,0.6742547247130941,0.6551727403657239,0.7082259475106762
685.6076193937326,-58.70854512737424,24.747503457704937,-1.6349926339828185,-3.4451196951941263,3.81340407344836,-0.027581856814275385,-0.5921778089157483,0.5928198007806248,0.6550136095108013,0.7080718269039218
685.7076193937327,-58.87218230005662,24.400030599140866,-1.6377508196642465,-3.504337476085715,3.8681531631528903,-0.027581856814275385,-0.5921778089157483,0.5928198007806248,0.6548588160506355,0.7079207254823112
685.8076193937327,-59.03584719198593,24.047251480307217,-1.636922887834424,-3.5542225108224184,3.9130568865214577,0.005763055494824032,-0.4970989314456242,0.4971323369617167,0.6546447389404794,0.707711796192036
685.9076193937327,-59.199510665491935,23.689343734567665,-1.6363465822849415,-3.603932403966992,3.9580246221718873,0.005763055494824032,-0.4970989314456242,0.4971323369617167,0.6544480635593403,0.707517998092583
686.0076193937327,-59.362947665025104,23.327132911991573,-1.633258506207258,-3.6435795135176003,3.9928943160849517,0.03073183817222902,-0.39551104256104913,0.3967032022371033,0.6542057929356973,0.7072792230347988
686.1076193937328,-59.526101957731804,22.9608685351891,-1.6297405149690314,-3.6813668257817422,4.025980110742956,0.03639290909005127,-0.37311513703157584,0.374885781691075,0.653978624758248,0.7070533308338574
686.2076193937328,-59.68879660578357,22.591217064524724,-1.624195089648241,-3.711989961146687,4.051774816162818,0.061963263156515125,-0.2880635631548888,0.2946524433947463,0.653749612194448,0.7068242858933556
686.3076193937328,-59.850872556332384,22.218667191338067,-1.6169719769634585,-3.738131989248189,4.072864979756355,0.08167406843394603,-0.23869182750485896,0.2522785008124201,0.6535295567313423,0.7066025849617167
686.4076193937328,-60.01210828296251,21.843769539180347,-1.6072898850438424,-3.75897071103708,4.088183163827039,0.11113141172969415,-0.1826871283536171,0.21383352763101904,0.6533211320961607,0.7063910660322648
686.5076193937329,-60.172281614408284,21.466959032434787,-1.5961767438708703,-3.777239423872446,4.100648468587677,0.11113141172969415,-0.1826871283536171,0.21383352763101904,0.6531457006334588,0.7062104115345624
686.6076193937329,-60.33087751381088,21.088992020292526,-1.577814238621294,-3.785503698863269,4.101162765083042,0.18880443965084848,-0.0836153482193488,0.2064912658920804,0.65295297416197,0.706013197191831
686.7076193937329,-60.4877149154748,20.710023573665016,-1.558933794656205,-3.7938652336852057,4.101668927093762,0.18880443965084848,-0.0836153482193488,0.2064912658920804,0.6528159747850882,0.705869318737747
686.8076193937329,-60.64199074910841,20.330852537466793,-1.5296929020525942,-3.7927705496455886,4.0896294229244035,0.29755490946583985,0.009970118232981218,0.29772189607888055,0.6526648414309134,0.7057127704590819
686.907619393733,-60.79347226476637,19.95162533309331,-1.4999374111060033,-3.79177353782229,4.077665851852594,0.29755490946583985,0.009970118232981218,0.29772189607888055,0.6525718370026535,0.7056127025214881
687.007619393733,-60.941106291818144,19.573088804355393,-1.4569159623931842,-3.7819791453864586,4.0528965416864695,0.4336094380799016,0.09654379293905818,0.4442272489920308,0.652465630968971,0.7055016479542993
687.107619393733,-61.08453197328401,19.19542830232071,-1.4111288181523405,-3.7709711231920817,4.026351667871123,0.464408063146176,0.11369736139812159,0.478123351347827,0.6524019662340449,0.705432949275975
687.207619393733,-61.222848648890434,18.819150898983292,-1.3556996711989835,-3.754882924657444,3.9921256714153017,0.577225080169811,0.17188640596809113,0.6022737996407217,0.6523568659287545,0.7053840434639922
687.307619393733,-61.35542188530383,18.444575605677613,-1.294709421134108,-3.7361173083186463,3.954092187429573,0.6369190405326552,0.20052843118276842,0.6677406052545108,0.6523357186127253,0.7053602179441596
687.4076193937331,-61.48158881433349,18.072022311189702,-1.2277491818832968,-3.7145394897441535,3.9121824694770897,0.6953388869144125,0.22774061669374301,0.7316843282095227,0.6523361162236714,0.7053592510449286
687.5076193937331,-61.60088703808728,17.70170706529867,-1.15821529319184,-3.691765428074774,3.8691852684139563,0.6953388869144125,0.22774061669374301,0.7316843282095227,0.6523756205314343,0.7053978416703248
687.6076193937331,-61.712698020204336,17.333927852837764,-1.0812093707204957,-3.665283209622548,3.8214283599296714,0.7589775466015194,0.26149640914794425,0.8027622862607153,0.6523993677687336,0.7054236227176164
687.7076193937331,-61.8170240695434,16.968707013921165,-1.0053116160603264,-3.6391335687077473,3.7754396533756713,0.7589775466015194,0.26149640914794425,0.8027622862607153,0.6524791896787233,0.7055048113305008
687.8076193937331,-61.913696394666,16.60623113087927,-0.9290926401744806,-3.611188681155936,3.7287929447657904,0.7494088335928419,0.27635936031273545,0.7987415701586141,0.6525417616168975,0.7055712795785744
687.9076193937332,-62.002858614515496,16.24649405956516,-0.8541517568151793,-3.5835527451246563,3.6839415713011676,0.7494088335928419,0.27635936031273545,0.7987415701586141,0.6526589078000636,0.7056911301862395
688.0076193937332,-62.0849741809939,15.889527959936924,-0.7865477262968694,-3.555951395143541,3.641901653033216,0.6636448873811069,0.27315607356652627,0.7176620214790271,0.6527566484758911,0.705793491158134
688.1076193937332,-62.160397265642565,15.535289898913161,-0.7223378376186727,-3.528853803859778,3.602024586350188,0.6361701892386242,0.2703580193608464,0.6912351034985323,0.6528901679375643,0.7059305589185667
688.2076193937332,-62.22993239580124,15.183698146497873,-0.6680993990222106,-3.5029827232842856,3.5661246145643912,0.5124415813844581,0.25415698013521304,0.5720071196088867,0.6530334051025407,0.7060770928394747
688.3076193937333,-62.29432636065556,14.834648162836338,-0.6212378326100693,-3.4782475177497387,3.5332905682095093,0.4304543856137103,0.24124075491512023,0.4934451133875924,0.6531899384618944,0.7062361309317788
688.4076193937333,-62.354486208501044,14.487997882475751,-0.5834420730473391,-3.4550149651831483,3.5039310869709306,0.33300552653271354,0.22442210058404136,0.4015693712571756,0.6533548812509478,0.7064026746306794
688.5076193937333,-62.411165388173124,14.143618496460277,-0.5501415203940602,-3.432572755124739,3.476379066167286,0.33300552653271354,0.22442210058404136,0.4015693712571756,0.6535431847737377,0.7065906763427243
688.6076193937333,-62.46568248096412,13.801261398498005,-0.5341713472860579,-3.4134702073351924,3.4550134420326595,0.1638850365845368,0.19094515715583782,0.2516313936248467,0.6536955871037949,0.7067434702296919
688.7076193937334,-62.51828019050982,13.460869103550188,-0.5177828436276005,-3.3943756916196044,3.4336402562023225,0.1638850365845368,0.19094515715583782,0.2516313936248467,0.6538813598741733,0.7069268864239174
688.8076193937334,-62.570215687385414,13.122181785490138,-0.5157772215538114,-3.3782229992212525,3.417369862151477,0.02529366259850563,0.16449997272107786,0.16643320099331865,0.6540217772310748,0.7070658981975332
688.9076193937334,-62.621666941227815,12.785181985431542,-0.5132478552939603,-3.361773001949141,3.4007265514295604,0.02529366259850563,0.16449997272107786,0.16643320099331865,0.6541857674245427,0.7072261323157822
689.0076193937334,-62.67363912510853,12.449783614092222,-0.5220798758211129,-3.345660990232552,3.386150448267361,-0.08334799709953034,0.16770013994863975,0.18727046098970515,0.6542943476701546,0.7073324865036464
689.1076193937334,-62.726325091047876,12.116075168275811,-0.5319276534682507,-3.328409234651435,3.37064608967438,-0.10248556710102874,0.17390783503795593,0.20185942274664403,0.6544002740690712,0.7074352894910958
689.2076193937335,-62.780296883748974,11.784244413591788,-0.5471415053601469,-3.308168139593306,3.3531090448579217,-0.1627810632450546,0.2143715644498536,0.26917065626822734,0.6544748703108946,0.7075074008526643
689.3076193937335,-62.83587800771349,11.454558862727575,-0.5649810045434129,-3.284925422098675,3.3331574466630047,-0.19112615487048168,0.24892124019143003,0.3138327435020364,0.654520869505445,0.7075515720882143
689.4076193937335,-62.893387623169794,11.127400007630843,-0.5856282066123579,-3.257516231707978,3.309739022373358,-0.21881352924732864,0.2969204012393039,0.36883747810354195,0.6545341590688174,0.7075640210835639
689.5076193937335,-62.95304451147727,10.803132986466167,-0.6075095595370957,-3.227824191584041,3.284496441877221,-0.21881352924732864,0.2969204012393039,0.36883747810354195,0.654532030459603,0.707561298276931
689.6076193937336,-63.015177200411024,10.48250649685741,-0.6335566520331376,-3.187907505279909,3.2502535737316576,-0.2573173982082969,0.4021386788410836,0.47741780490545116,0.6544614964310896,0.7074929667802098
689.7076193937336,-63.07981945260539,10.165726439723553,-0.6592883918539731,-3.1476936373957916,3.2159969556166166,-0.2573173982082969,0.4021386788410836,0.47741780490545116,0.6543965598441618,0.7074294861546182
689.8076193937336,-63.14717839534576,9.853744285821145,-0.6869279869038564,-3.095756426448654,3.1710531233471833,-0.27127309643816944,0.5206610638129873,0.5870920168270252,0.6542695651133946,0.7073063412565019
689.9076193937336,-63.21722755951835,9.546771948495277,-0.7140552965476795,-3.0436903200673435,3.126327834856646,-0.27127309643816944,0.5206610638129873,0.5870920168270252,0.6541558438850584,0.7071952452200871
690.0076193937336,-63.28990516762284,9.245811101672132,-0.7395571751853954,-2.9795934405530184,3.0700035645508255,-0.24755333469740964,0.6398753823331114,0.6860926748156937,0.653989816731897,0.7070336525417076
690.1076193937337,-63.36506364066925,8.95112758801244,-0.7634368574141512,-2.913713588328676,3.0120695061816822,-0.23633494898347074,0.6638567391753619,0.7046701201694053,0.6538315909031696,0.706878815066848
690.2076193937337,-63.442362689249634,8.66342924442067,-0.7825426113746312,-2.84066232416306,2.946478470740369,-0.17331032317009187,0.7467153189518079,0.7665639149311829,0.6536633913769907,0.7067138100789043
690.3076193937337,-63.52139386290288,8.383176832669978,-0.79714733847757,-2.7636131102805903,2.876282549152053,-0.1210687298786044,0.790392720101341,0.7996113364276518,0.6534959955429412,0.7065489791946611
690.4076193937337,-63.60157729835797,8.11085952000844,-0.8053824582168189,-2.682029353176268,2.8003432566923783,-0.04680871541530762,0.836891914962558,0.8381999362732788,0.6533324086007973,0.7063873083634655
690.5076193937338,-63.68234958775674,7.846841044265566,-0.8100633297583506,-2.598340161679993,2.721685910243575,-0.04680871541530762,0.836891914962558,0.8381999362732788,0.653194667900927,0.7062499488537223
690.6076193937338,-63.76251764343068,7.591708947455019,-0.7983574274818368,-2.5070402752170886,2.631088277419819,0.12270975082003,0.9099332874442191,0.9181700662433717,0.6530333858083537,0.7060901019090567
690.7076193937338,-63.841739837424775,7.345554586370476,-0.786086452399831,-2.416046946472646,2.5407114669332977,0.12270975082003,0.9099332874442191,0.9181700662433717,0.6529225570406043,0.7059784425225275
690.8076193937338,-63.91847767885508,7.108892844761006,-0.7548611115150968,-2.3193198117928766,2.4390694305518963,0.3137466226968976,0.963891869636679,1.0136688214626126,0.6527933727835149,0.7058497322886024
690.9076193937339,-63.99239505689312,6.881780322929851,-0.7234864492454,-2.222930624829187,2.3377025484533305,0.3137466226968976,0.963891869636679,1.0136688214626126,0.6527189022735006,0.7057737637370626
691.0076193937339,-64.06189862740227,6.664560362584994,-0.6730689998946249,-2.1229109494676264,2.227054731700299,0.5017637960629879,0.9967799921904925,1.115946799749351,0.6526285656336063,0.7056835918487881
691.1076193937339,-64.1265776761475,6.457267558795567,-0.6199471192396727,-2.0228791193377953,2.115744399048813,0.5390829917326483,1.0012325490353906,1.1371354753165202,0.652578460856062,0.7056328047683265
691.2076193937339,-64.18533296411758,6.260035263345298,-0.5558272667526856,-1.9219012429944489,2.0006619750196104,0.6649041011154171,1.0098042428616518,1.2090500703368305,0.6525446980033673,0.7055988115823233
691.307619393734,-64.23747524769296,6.0728930003853145,-0.48592117165974796,-1.8209802757936129,1.8846985302420556,0.7270459452809295,1.0079397395396565,1.2427945627064478,0.6525323724321622,0.7055865598078134
691.407619393734,-64.28230932862866,5.895821179079552,-0.4098527537443583,-1.720593745313651,1.7687346087427278,0.787335697525021,0.9992049263593042,1.2721273463996887,0.6525384011850918,0.7055931504625249
691.507619393734,-64.31935792551548,5.728757829179946,-0.3311191839918384,-1.620673252677698,1.6541528665611078,0.787335697525021,0.9992049263593042,1.2721273463996887,0.652579348052467,0.7056343336976472
691.607619393734,-64.34795109106601,5.571492691935368,-0.24407685152344968,-1.5238853798030825,1.543308187053767,0.8618237838071114,0.9632689857769601,1.2925275135545007,0.652598857947497,0.7056563446931217
691.707619393734,-64.36804965729931,5.423920498883911,-0.15789447314271893,-1.4275584812253648,1.4362638622368407,0.8618237838071114,0.9632689857769601,1.2925275135545007,0.6526673074412171,0.7057260826010732
691.8076193937341,-64.37930649919815,5.285598596343561,-0.06884316521511555,-1.3372032497424882,1.338974201588181,0.8807966558089413,0.8988771107339659,1.2584843300914228,0.6527093890910619,0.7057716126487396
691.9076193937341,-64.38178683244062,5.156372656922954,0.019236500365798603,-1.247315538669071,1.2474638655895562,0.8807966558089413,0.8988771107339659,1.2584843300914228,0.6527952419813992,0.7058595401643968
692.0076193937341,-64.3756243296702,5.03556855362307,0.10437754753543153,-1.166164748559008,1.1708265854562776,0.8423452227131348,0.8067941634628784,1.166388570085204,0.6528489666748605,0.705917288724066
692.1076193937341,-64.36102141534401,4.922912520579685,0.18745073770446738,-1.0873118960969315,1.1033516839429998,0.8275108965717191,0.7835575742366142,1.1396213213556938,0.6529242755259516,0.7059957800418636
692.2076193937341,-64.3384148269213,4.81771276115678,0.26475561460476266,-1.0164221221206222,1.0503377865243804,0.7535594554445554,0.6860190781272919,1.019055458964091,0.6529939162494469,0.7060687684713475
692.3076193937342,-64.30826951061195,4.719386397011308,0.3371411001658009,-0.9512527013955492,1.0092303123337787,0.696976195180991,0.6215165641031138,0.9338408087589184,0.6530608212096296,0.7061387940003132
692.4076193937342,-64.27121483080148,4.62721524971068,0.4027591490455863,-0.8934047150151315,0.9799933249523658,0.6190711569784129,0.5406021595370859,0.8218879438821034,0.6531201709305443,0.7062010192276674
692.5076193937342,-64.22784356011202,4.540577789006833,0.46466626474344164,-0.8393444990614106,0.9593820540823518,0.6190711569784129,0.5406021595370859,0.8218879438821034,0.6531875971305029,0.7062701152626886
692.6076193937342,-64.17938693254935,4.4582824348165815,0.5097009732671527,-0.8013847373214769,0.9497434281748388,0.4447617004596,0.3767667782594776,0.5828946520562196,0.6532062855723039,0.706291766389737
692.7076193937343,-64.12619302672032,4.380027794975714,0.5541771433131227,-0.7637080594955206,0.9435901156270697,0.4447617004596,0.3767667782594776,0.5828946520562196,0.6532473451995633,0.7063335574949545
692.8076193937343,-64.06985626745225,4.304366711706043,0.5789085305192103,-0.7437696272714749,0.9425117214971176,0.24407761391871807,0.19688165317823245,0.3135861396402089,0.653237070799251,0.7063251642348158
692.9076193937343,-64.01074502633071,4.23097415724477,0.6033162919110877,-0.7240814619536472,0.9424884676378146,0.24407761391871807,0.19688165317823245,0.3135861396402089,0.6532476146494952,0.7063352190458266
693.0076193937343,-63.95060611455566,4.158282782477555,0.606456417972375,-0.7234830821398852,0.9440429847430211,0.030174047553851113,0.004692423157293957,0.030536731666456658,0.6532071730976295,0.7062953037966336
693.1076193937344,-63.88995562939169,4.085826508746069,0.6058551728656132,-0.7262706101541504,0.9457956912894582,-0.015742742153161737,-0.03663112370972521,0.03987070547078554,0.6531728421781156,0.7062597750855907
693.2076193937344,-63.83015373493948,4.012383383336815,0.5908868696994961,-0.7419501332893896,0.9484921154503143,-0.1850061182076631,-0.188216700949684,0.2639181507411921,0.6531225027775686,0.706207603786752
693.3076193937344,-63.7721647176948,3.93709225975844,0.5671907885232949,-0.7653802835798221,0.9526344362232587,-0.281061746600358,-0.273313692624813,0.39204091620423315,0.6530639153240146,0.7061462464698733
693.4076193937344,-63.71705969157882,3.859003871488563,0.5332957100566055,-0.797806002226079,0.9596346865097871,-0.38749152389451846,-0.36689165466499185,0.5336283044900372,0.652997448353342,0.7060761595069673
693.5076193937344,-63.665667578192625,3.777388812992611,0.4945465576671448,-0.8344951676925866,0.9700301452030761,-0.38749152389451846,-0.36689165466499185,0.5336283044900372,0.6529433182449456,0.7060167122804085
693.6076193937345,-63.61937163191569,3.6910266576573982,0.4377741705805858,-0.887166398314227,0.9892979544734526,-0.5614814096757228,-0.5229710445126852,0.767307035553647,0.6528503403168544,0.7059193765906515
693.7076193937345,-63.578401621906,3.599695162603391,0.38162602961300074,-0.9394635027655073,1.014016814212969,-0.5614814096757228,-0.5229710445126852,0.767307035553647,0.6527921596523989,0.7058543995467293
693.8076193937345,-63.54398771776759,3.50219859277601,0.31179474024059206,-1.0056251413587995,1.0528522617037035,-0.6893703462319176,-0.6582896532569051,0.9531929195336117,0.652699275316182,0.7057558709963572
693.9076193937345,-63.51625509547468,3.398344630373821,0.24285770561738465,-1.0714541066845051,1.098632681067167,-0.6893703462319176,-0.6582896532569051,0.9531929195336117,0.6526450051091276,0.705693741889844
694.0076193937346,-63.49598298190185,3.2871109629169633,0.16591341654792324,-1.149020181729896,1.1609369663393476,-0.7595815325502091,-0.7711346888515318,1.0824106489412755,0.6525590968012475,0.7056013989045105
694.1076193937346,-63.48321362433827,3.1682891911542423,0.08936741415489133,-1.227716213748409,1.230964514603675,-0.7669237940928979,-0.791143889095961,1.1018533292592658,0.6524983390973098,0.7055330618161516
694.2076193937346,-63.47816750266197,3.0412908849567177,0.011842007247776348,-1.3118268397397084,1.3118802882112097,-0.7716088159924921,-0.8503938414469696,1.1482812593124863,0.6524398022400139,0.7054671099080639
694.3076193937346,-63.48082210324643,2.905811581155269,-0.06469174821391455,-1.3981547502527099,1.399650573515115,-0.7583432983086795,-0.872989199980211,1.156371350981931,0.6523896950746818,0.705409617597536
694.4076193937346,-63.491034018007404,2.761597472110657,-0.13910069861135813,-1.4863331364709376,1.4928279193951668,-0.7296629652970515,-0.8871138362693023,1.1486422425744776,0.6523462700073245,0.7053590696807647
694.5076193937347,-63.50859240269503,2.6085285892821806,-0.21206699514107988,-1.575044520097888,1.5892569492434359,-0.7296629652970515,-0.8871138362693023,1.1486422425744776,0.6523274694249913,0.7053326562745315
694.6076193937347,-63.53295020707984,2.4465705199201304,-0.27728482868636056,-1.6636699034197542,1.6866192290390616,-0.6466030137643759,-0.8792458425419293,1.0914067569134986,0.6522789478062173,0.7052787529264117
694.7076193937347,-63.563911705017304,2.2758073003654054,-0.34194513006281285,-1.751594487673967,1.7846595533107992,-0.6466030137643759,-0.8792458425419293,1.0914067569134986,0.6522724049787585,0.7052656496718038
694.8076193937347,-63.60063603940373,2.0965044561752855,-0.39584960632124255,-1.835425249989151,1.8776268956111648,-0.5350371352934893,-0.8324436031497533,0.9895590374343551,0.6522350693052991,0.7052241184463521
694.9076193937348,-63.64289618571233,1.9087997131605778,-0.44935331985060367,-1.9186696103041452,1.9705865826107258,-0.5350371352934893,-0.8324436031497533,0.9895590374343551,0.6522385975565301,0.7052223653984053
695.0076193937348,-63.68965902137701,1.7132428120927417,-0.4900162317877739,-1.9945999162301133,2.0539096214879233,-0.4043013591735634,-0.7548252746344162,0.8562831215529783,0.6522100127854163,0.7051909022857444
695.1076193937348,-63.74058952496035,1.5100709565412236,-0.5281500351971529,-2.0685363090357383,2.1348969346265756,-0.37515032378695967,-0.7351636110491442,0.8253504107034042,0.6522048395615864,0.7051825431883798
695.2076193937348,-63.794827767131125,1.2998626288486956,-0.5570526931390032,-2.1358789492717234,2.207325664435472,-0.26600651468922487,-0.6553733211147128,0.7073002586497741,0.6521985226274025,0.7051738492151134
695.3076193937349,-63.85174969256714,1.0830870791465717,-0.5802796226181252,-2.1987460482891747,2.274029161047214,-0.20360574912741725,-0.6054982342679175,0.6388140674557055,0.652196284823962,0.7051697216615131
695.4076193937349,-63.910659694982705,0.8603002150175575,-0.5968677107203906,-2.2560731160255365,2.3336917039218728,-0.13420508634591766,-0.5452122144729421,0.5614867442884156,0.6521956439884448,0.7051677153445972
695.5076193937349,-63.97101749148649,0.6319668423425866,-0.6102882193549855,-2.310594337472843,2.3898321913986025,-0.13420508634591766,-0.5452122144729421,0.5614867442884156,0.6522141894349919,0.7051844903860264
695.6076193937349,-64.03191432753026,0.3989545918317932,-0.6118083820425875,-2.3534716088747025,2.431694493581965,-0.01810037808468179,-0.42800500340857983,0.42838756591384264,0.6521973047545191,0.70516795127338
695.707619393735,-64.09318566762495,0.16146740592722558,-0.613618419851056,-2.3962721092155705,2.4735900199072898,-0.01810037808468179,-0.42800500340857983,0.42838756591384264,0.6522169604775718,0.7051865435891027
695.807619393735,-64.15394971152227,-0.07951409495235438,-0.6052347323282412,-2.4273372738855614,2.501654516996827,0.08129678514087235,-0.3118851908211028,0.3223065924360792,0.6522005599225215,0.7051710556728341
695.907619393735,-64.2140667008294,-0.3238072482950719,-0.597105053814152,-2.458525792967679,2.5299967430765116,0.08129678514087235,-0.3118851908211028,0.3223065924360792,0.6522202607735627,0.7051901236898873
696.007619393735,-64.27277234930484,-0.5705043486371228,-0.5800562521226428,-2.4791459054275005,2.5461008770322726,0.16959604728209932,-0.20949487631421748,0.26953835062124526,0.6522035722495325,0.7051746523749312
696.107619393735,-64.32987136050282,-0.8194062045043485,-0.5616433034563248,-2.4986072064544036,2.5609531765464224,0.18804227357844683,-0.19066241421359864,0.26779106192386126,0.6522066138738233,0.7051780244396294
696.2076193937351,-64.38480797658724,-1.0699546238119102,-0.5373486557433083,-2.5127149047315385,2.569529095046243,0.25820642751804196,-0.13017102870431163,0.2891626807275942,0.6522054279694611,0.7051773764799228
696.3076193937351,-64.43717523333682,-1.3218226426426094,-0.5092365565713298,-2.5241292758251634,2.574985528430459,0.3009905994594692,-0.10092959139151336,0.3174620030514337,0.6522058271338272,0.7051782091470019
696.4076193937351,-64.48649525351541,-1.5746801194791862,-0.4763788390086309,-2.532560719448718,2.5769750864045657,0.3525380649966927,-0.07052658054696637,0.3595234148637055,0.6522058907986668,0.7051786671482543
696.5076193937351,-64.53237044709131,-1.8282888243268505,-0.44112503250895363,-2.539613377503416,2.5776398898023625,0.3525380649966927,-0.07052658054696637,0.3595234148637055,0.6522237149169412,0.7051959617196001
696.6076193937351,-64.574065387551,-2.082245957931277,-0.3960258887354363,-2.5413105121678483,2.571982819500065,0.4513252701661315,-0.016673820515140686,0.4516331650588813,0.6522051531112183,0.7051785283206715
696.7076193937352,-64.61141135007371,-2.3364603782506954,-0.3508933617188129,-2.5429778942193626,2.5670727924596672,0.4513252701661315,-0.016673820515140686,0.4516331650588813,0.6522225421534651,0.7051952408525719
696.8076193937352,-64.64359404540632,-2.5904587164408963,-0.29609381655374145,-2.5388529235592268,2.5560605852887357,0.5460360507166503,0.04220705367266597,0.5476648647320399,0.6522036186238983,0.7051772984513309
696.9076193937352,-64.6704732468081,-2.8441329735285135,-0.241490211482064,-2.5346322181919594,2.546110367548576,0.5460360507166503,0.04220705367266597,0.5476648647320399,0.6522207834254936,0.7051936460831781
697.0076193937352,-64.69135103291777,-3.096973291977188,-0.1790097558503016,-2.524251582386063,2.5305909475591126,0.619699760543081,0.10318033202133747,0.6282308287032604,0.6522017379520509,0.7051754587342722
697.1076193937353,-64.706117649117,-3.3488443326943065,-0.11615718854793461,-2.5129884382594567,2.5156715571149317,0.6308182647309251,0.11514736688910338,0.6412414515762601,0.6522027368973529,0.7051763146718558
697.2076193937353,-64.71444726414059,-3.5993967023264584,-0.0507235963297628,-2.4982847050209336,2.4987995819125146,0.6565824437236554,0.15403497906924912,0.6744088375629363,0.6521999063312423,0.7051734967264345
697.3076193937353,-64.71622644029945,-3.8484209275042494,0.015202383325426977,-2.481882741370019,2.4819293008402017,0.6603699880481124,0.17202637620790118,0.6824086717106447,0.6521991061427975,0.7051726037179364
697.4076193937353,-64.7114103204199,-4.095716039789904,0.08102727011593988,-2.4637869525420606,2.465118976037249,0.6547701726000479,0.1875833254400352,0.6811104777566108,0.6521984288465261,0.7051718364183912
697.5076193937354,-64.7000337425453,-4.341156818416966,0.14650428737595955,-2.445028619998053,2.4494139010851397,0.6547701726000479,0.1875833254400352,0.6811104777566108,0.6522159654011853,0.7051884339623999
697.6076193937354,-64.68228036126311,-4.584607438907247,0.20924296239460613,-2.4247493456379137,2.433760877013837,0.6242731811527533,0.1989055621485863,0.6551949537047912,0.6521975255654077,0.7051708120783993
697.7076193937354,-64.65823469911787,-4.82608784566035,0.27167028050989567,-2.404858789423051,2.4201550649447294,0.6242731811527533,0.1989055621485863,0.6551949537047912,0.6522154293805106,0.7051878416938842
697.8076193937354,-64.62820832168458,-5.065622839304825,0.33012533475106376,-2.3858299181282097,2.408561216759948,0.5837695070094355,0.18611794722782116,0.6127207582531682,0.6521973466262159,0.7051706590215961
697.9076193937354,-64.59227694067441,-5.303275241381561,0.3885022854520206,-2.3672181234054235,2.398886339445981,0.5837695070094355,0.18611794722782116,0.6127207582531682,0.6522156526236128,0.7051881828185915
698.0076193937355,-64.55079359602519,-5.539277804144414,0.4425941402963744,-2.351978682789053,2.393259972781648,0.5410495792297239,0.14841172531273905,0.5610353708947103,0.6521979800250457,0.7051715053317994
698.1076193937355,-64.5038568887631,-5.773768141484665,0.49600675970053754,-2.337996355920408,2.390031310666397,0.5322697017880912,0.13747097701699212,0.5497356682657493,0.6522005537684092,0.7051741621147491
698.2076193937355,-64.45172988335766,-6.007069038599033,0.5466542515475241,-2.327917186854341,2.3912401175094926,0.49921184790015527,0.0889933204933858,0.507082123700221,0.6521994469494057,0.7051733596758393
698.3076193937355,-64.3946056811295,-6.23947467130047,0.5954535721063814,-2.320791275300424,2.3959626666634057,0.47806218487730084,0.055530877911835655,0.48127656395394713,0.6522004783408429,0.705174631535552
698.4076193937356,-64.33272194433293,-6.47135766289984,0.6417951658128649,-2.3175321573548056,2.4047570220781935,0.45020584025922944,0.012096378277047584,0.45036831701501856,0.6522016955332529,0.7051761058428662
698.5076193937356,-64.26629139855034,-6.703050396743987,0.6868157498387981,-2.3163225195271004,2.4160020465005827,0.45020584025922944,0.012096378277047584,0.45036831701501856,0.652221149476867,0.7051949551932918
698.6076193937356,-64.19575049972734,-6.935217377288792,0.7258516876123691,-2.3241716951736646,2.434878793914833,0.3882167489387403,-0.08105977880892343,0.3965891222627223,0.6522045857832595,0.705179497844847
698.7076193937356,-64.12122424722139,-7.168039845700257,0.7646733625062518,-2.3322776730545587,2.4544336404872316,0.3882167489387403,-0.08105977880892343,0.3965891222627223,0.6522242947179947,0.7051985561517297
698.8076193937356,-64.0432867604068,-7.402366018363857,0.796360685650417,-2.3508806733548737,2.482101988638474,0.31558085604162633,-0.18794097293598733,0.36730516741272673,0.6522078657408626,0.705183156700758
698.9076193937357,-63.962072787561524,-7.638393790564078,0.8279187712545867,-2.369674770648477,2.510141033974708,0.31558085604162633,-0.18794097293598733,0.36730516741272673,0.652227639263937,0.7052021721237227
699.0076193937357,-63.87821773125262,-7.877062225303967,0.8517099984047405,-2.3999553011444705,2.5466046746352387,0.23695428176860578,-0.3041465408533941,0.38555473017661335,0.652211156362535,0.7051865863422648
699.1076193937357,-63.79191735796831,-8.11865991923208,0.8740318570252171,-2.4323889809854333,2.5846562328314193,0.21951501658408212,-0.3297805626464805,0.396159137223085,0.6522146012678454,0.7051898950261378
699.2076193937357,-63.70368731330437,-8.363949426614363,0.8908370293184036,-2.4730391137030527,2.628595265671385,0.1544999844883717,-0.4277778228956227,0.45482316450267335,0.6522139744216472,0.7051892361841703
699.3076193937358,-63.613897082199735,-8.613498151591646,0.9043319370022811,-2.518980024518736,2.676392463038018,0.11860432796283438,-0.48662097749618827,0.5008662120275846,0.652215048053399,0.7051901134579969
699.4076193937358,-63.52294481473016,-8.86796140820671,0.9141590918363321,-2.571320753260353,2.728988321949073,0.08188422690489283,-0.5547614930933289,0.5607720934880334,0.6522158328681373,0.7051906454870349
699.5076193937358,-63.43111948441199,-9.127867290998273,0.9223475145268233,-2.6267969025696982,2.7840235101204818,0.08188422690489283,-0.5547614930933289,0.5607720934880334,0.6522343778822103,0.7052080417903589
699.6076193937358,-63.338846095394224,-9.394140652461212,0.9252020835127023,-2.6944957633708158,2.848913181225346,0.03321047008216005,-0.6754585861138122,0.676274527745906,0.6522164274914355,0.7051906727051179
699.7076193937359,-63.24615983469253,-9.666967521728925,0.9285231305209191,-2.7620416219822124,2.9139370489896477,0.03321047008216005,-0.6754585861138122,0.676274527745906,0.6522343746782535,0.7052075239446456
699.8076193937359,-63.15331817159087,-9.947309491643047,0.9294622650145845,-2.840923483264124,2.989104605036031,0.014866453859307738,-0.7873543991481202,0.7874947373209857,0.6522159062123454,0.7051897981485062
699.9076193937359,-63.06029761282009,-10.235338611965265,0.9309489104005156,-2.919658923178954,3.0644859440817145,0.014866453859307738,-0.7873543991481202,0.7874947373209857,0.652233585391777,0.7052066703739246
700.0076193937359,-62.96708392782122,-10.53193718569264,0.9333470179814145,-3.008715770313782,3.1501598757062563,0.028622248254108085,-0.888040690252438,0.8885018292829489,0.6522152077226223,0.7051894768220579
700.107619393736,-62.873587183942874,-10.837309847382155,0.936681099135253,-3.099025259973637,3.23748807618374,0.03464588166559812,-0.907099450151984,0.9077608438252988,0.6522173388363992,0.7051921873679777
700.207619393736,-62.77963850999264,-11.152018712330257,0.9422333353738684,-3.1947890280480427,3.3308378213335335,0.06214649699478858,-0.9685942473815397,0.9705859071454389,0.652216435876509,0.7051924981829416
700.307619393736,-62.6850725729824,-11.47639386743439,0.9494001785438966,-3.2932088605740235,3.427329178585337,0.07986470010785265,-0.9966835986721034,0.9998782756842414,0.6522188361830906,0.7051965746052253
700.407619393736,-62.589693888373425,-11.81074960555765,0.958478237482787,-3.3942678674527214,3.5270008346681965,0.09993934910065777,-1.0208977400665922,1.02577778742364,0.6522232139339362,0.7052032899551832
700.507619393736,-62.493346367879624,-12.155280881003334,0.9684721723928551,-3.4963576414594035,3.6280097995582783,0.09993934910065777,-1.0208977400665922,1.02577778742364,0.6522483780151271,0.7052306948172077
700.6076193937361,-62.39577195362095,-12.510193715122863,0.9818114738072937,-3.6006886514791776,3.7321458351718504,0.13197599740808372,-1.0361507549240816,1.044521924528922,0.6522409073630625,0.7052280548810052
700.7076193937361,-62.296930926253154,-12.875443334045485,0.9950090735481051,-3.7043037269716095,3.8356106629973294,0.13197599740808372,-1.0361507549240816,1.044521924528922,0.6522741104011999,0.7052653222885245
700.8076193937361,-62.196610436319524,-13.250921334745332,1.0104710988404833,-3.8054790924652764,3.937349738692543,0.15182066999539184,-1.0027139123438493,1.0141423498926363,0.6522765849079869,0.7052746184653551
700.9076193937361,-62.09480422308548,-13.636482813553666,1.0256531658400259,-3.905750483699684,4.038174248038088,0.15182066999539184,-1.0027139123438493,1.0141423498926363,0.6523218772655748,0.7053261094603268
701.0076193937361,-61.99144659364497,-14.031562401180482,1.0411427440143641,-3.997889254685305,4.131234283618151,0.1510379961702757,-0.911435143953868,0.9238649781874733,0.6523386017452052,0.705351888251078
701.1076193937362,-61.88658701839833,-14.435823342084584,1.055997921125102,-4.086913565123702,4.221136588433578,0.14783586771307333,-0.8844266194392754,0.896697211412672,0.6523842009786149,0.7054067503050744
701.2076193937362,-61.78031848439751,-14.848464524855308,1.069367043803161,-4.166142890274579,4.301196630771225,0.12813183025359598,-0.7619125557436548,0.7726114861455039,0.652435732349756,0.7054688757763617
701.3076193937362,-61.672767954133235,-15.268736430347348,1.081370529174399,-4.23775378918873,4.373547690279638,0.11281990978291567,-0.6753884556076405,0.684746594012339,0.652500007319522,0.7055447742034547
701.4076193937362,-61.56410355933835,-15.695678033180759,1.091627162375153,-4.299369927003783,4.435789854226611,0.0938047172362877,-0.563554696301812,0.5713083411780432,0.6525758670643412,0.7056333208388179
701.5076193937363,-61.45447181951462,-16.128432799362745,1.101007634098784,-4.355725396633977,4.492723176562965,0.0938047172362877,-0.563554696301812,0.5713083411780432,0.6526821004058901,0.7057523726307412
701.6076193937363,-61.34411392738029,-16.565325004545375,1.1073265139320467,-4.3893787436979075,4.526899354313493,0.06577593211840882,-0.3321028947551963,0.33855399266708774,0.6527643771415983,0.7058500449197868
701.7076193937363,-61.23305239632647,-17.005923393389043,1.113904107143889,-4.422589033173435,4.560710045185723,0.06577593211840882,-0.3321028947551963,0.33855399266708774,0.6528956271443953,0.7059957489959816
701.8076193937363,-61.12142487386346,-17.448185123079387,1.1192792690756401,-4.430790051842976,4.569976648265633,0.05719358955768139,-0.0792943305119388,0.0977685917758311,0.6530023943987503,0.7061192887915823
701.9076193937364,-61.00921097900808,-17.891660599916342,1.1249986280314095,-4.438719484894172,4.579066780322355,0.05719358955768139,-0.0792943305119388,0.0977685917758311,0.6531571587459437,0.7062896036560006
702.0076193937364,-60.89638625692695,-18.334182085802436,1.1314263495767194,-4.420413358652717,4.562913526012946,0.06659659210472046,0.18337446106847677,0.19509305229073848,0.6532853982038993,0.7064354153095628
702.1076193937364,-60.782899790414504,-18.77513050764811,1.138355837089479,-4.397715045078595,4.542659092375997,0.07003349877934228,0.23868820311873007,0.24875037539534342,0.6534426422424602,0.7066094670217954
702.2076193937364,-60.66865817573679,-19.21287076219715,1.1464155514977519,-4.3579780765242555,4.506244726175216,0.08310153538949183,0.43788747769254144,0.445703161649126,0.6536025922843134,0.7067864261607788
702.3076193937364,-60.5535904178081,-19.64627945601038,1.1550328405791994,-4.308262898804701,4.460406939734708,0.08843556995529678,0.5470344575365611,0.5541367590817612,0.6537690437791946,0.706969676623148
702.4076193937365,-60.437637919959556,-20.074138329135994,1.1640542764943418,-4.24713412713204,4.403767779126688,0.091055658013592,0.6646131129811117,0.6708216773500483,0.6539375347491945,0.7071547074999488
702.5076193937365,-60.320777214020026,-20.49552867628439,1.173159842295703,-4.180672815833914,4.342157206807228,0.091055658013592,0.6646131129811117,0.6708216773500483,0.6541239189972093,0.7073563857714705
702.6076193937365,-60.20302773016939,-20.908954933556274,1.181780399908445,-4.094805806029906,4.261929082317536,0.08288649958399819,0.8512523470608588,0.8552781595422093,0.6542702669935528,0.7075192064569772
702.7076193937365,-60.0844352576806,-21.31417925242405,1.1900690498668467,-4.009680571323801,4.18255933938809,0.08288649958399819,0.8512523470608588,0.8552781595422093,0.6544478700147309,0.7077109217089218
702.8076193937366,-59.96517442615748,-21.7098756811912,1.1957890570937906,-3.90969167576388,4.088471654371916,0.054134413417982086,0.9927018023921783,0.9941767464534605,0.6545808093209791,0.7078588920606542
702.9076193937366,-59.84532484838098,-22.09588133975571,1.20120249843559,-3.81042149552464,3.995272132884584,0.054134413417982086,0.9927018023921783,0.9941767464534605,0.6547408734743699,0.7080313541662645
703.0076193937366,-59.72520007018576,-22.47122335744707,1.2025540060844917,-3.7004510772399835,3.8909477396383023,0.012338793596830612,1.0926088498100008,1.09267851837151,0.6548533135679736,0.7081568326755798
703.1076193937366,-59.60491279047572,-22.835755543478104,1.2030490689350932,-3.5899612275405572,3.7861786378233795,0.002964252783955873,1.1081094335494655,1.1081133983107887,0.6549741033012185,0.7082885171269105
703.2076193937366,-59.48473592466366,-23.189018429950593,1.2006417311337172,-3.4756705540757986,3.6772036069558807,-0.03087214262695115,1.147522170111666,1.1479373763791152,0.6550782693188814,0.7084024426169906
703.3076193937367,-59.36485900889954,-23.53082569981438,1.1965825059564834,-3.3602998390908976,3.5669909871144068,-0.048635254505361714,1.1576982947789314,1.1587194352883043,0.655171156301265,0.7085035934644047
703.4076193937367,-59.24547974932453,-23.861060186717406,1.1907368000480054,-3.2443852869042646,3.455993347341605,-0.06627133234820892,1.1585420111194267,1.1604359012973755,0.6552502840286842,0.7085895226604326
703.5076193937367,-59.126737425981446,-24.17970600535231,1.184109666813183,-3.1285310857922957,3.345119199342401,-0.06627133234820892,1.1585420111194267,1.1604359012973755,0.6553333605206759,0.7086770428626176
703.6076193937367,-59.008831146572696,-24.486876883432057,1.1749766656582432,-3.014587834057227,3.2354767769352333,-0.08955743664757321,1.1345653554388961,1.1380944952951284,0.6553654369998924,0.7087137977200608
703.7076193937368,-58.89178126719008,-24.782662840060652,1.1660209219934838,-2.9011312985133118,3.126686361268119,-0.08955743664757321,1.1345653554388961,1.1380944952951284,0.655418953422834,0.7087687655525676
703.8076193937368,-58.77573674824745,-25.067379723647417,1.1554731265496372,-2.7919280410300082,3.021585731444344,-0.10447914182171547,1.090274177533841,1.0952687675967463,0.6554212174046813,0.7087727275259338
703.9076193937368,-58.660711831301576,-25.34112115686281,1.1450252123674634,-2.6829006232765993,2.9170256240449994,-0.10447914182171547,1.090274177533841,1.0952687675967463,0.6554451711918148,0.7087951282197335
704.0076193937368,-58.54681239215875,-25.60427840067612,1.13336444133322,-2.578640250475177,2.81671803669612,-0.11678721846727119,1.042902256221661,1.049420969120378,0.6554193353663749,0.7087678983353239
704.1076193937369,-58.43406929796547,-25.856958770912073,1.1214515566222478,-2.4751141355390454,2.7173228696265848,-0.11977030235775521,1.0332135679197836,1.0401323003639478,0.6554013371035896,0.7087458755180193
704.2076193937369,-58.32257464027691,-26.099450726403994,1.1084742231522275,-2.3745765670846,2.62055890533684,-0.1328348717087462,0.9980267304766407,1.0068279187069518,0.6553694620921902,0.7087083555632043
704.3076193937369,-58.21240581963804,-26.331955257580823,1.094764416676303,-2.2758793200209446,2.525497140627881,-0.14060458583003776,0.9774437966234483,0.987504949412456,0.6553319855061075,0.7086631952395035
704.4076193937369,-58.103646485222356,-26.55470306446922,1.0803305302640183,-2.1794524259100614,2.4325145285127867,-0.14677804754641588,0.9527694365071667,0.9640090219410408,0.6552896949433776,0.708611146129582
704.507619393737,-57.996347322433664,-26.767884459877738,1.0656527255093733,-2.0841754822593233,2.340812502580341,-0.14677804754641588,0.9527694365071667,0.9640090219410408,0.6552629512881912,0.7085716160902971
704.607619393737,-57.89051882219947,-26.971860291549884,1.0511711386382976,-1.9937682924721292,2.2539016763766258,-0.13975128590934838,0.9033467840875976,0.9140929024091157,0.655200441881431,0.7084958979359791
704.707619393737,-57.78610046476516,-27.1667203868767,1.0371960100473596,-1.903433614063349,2.1676796549316104,-0.13975128590934838,0.9033467840875976,0.9140929024091157,0.6551750203538279,0.7084534460856997
704.807619393737,-57.68286481304765,-27.352899442013513,1.0267314050489065,-1.818437319306369,2.0882748052782314,-0.09893604331667127,0.8488502837190015,0.8545964807071157,0.6551158019569939,0.7083771147452528
704.907619393737,-57.580686352759315,-27.530498922525595,1.0168378007172372,-1.7335522909344496,2.009766816914725,-0.09893604331667127,0.8488502837190015,0.8545964807071157,0.6550943935116005,0.7083352973695819
705.0076193937371,-57.4790653301764,-27.700008676915566,1.0136318312383317,-1.6546853186281731,1.9404723633649599,-0.028176573671279348,0.7881176878213754,0.7886212076534361,0.6550377258962831,0.7082589716205825
705.1076193937371,-57.37778770513336,-27.861577950762513,1.012187005807704,-1.5768974154746527,1.873800414573709,-0.010732382205616009,0.775130330215035,0.7752046264355474,0.6550000638938746,0.7082001747306944
705.2076193937371,-57.276345692959346,-28.015589781591114,1.0164003975445943,-1.503138105062308,1.8145230588281636,0.056565167227151325,0.7277560919630492,0.7299510583133405,0.6549551532928234,0.7081345086581988
705.3076193937371,-57.1743525396535,-28.162313897813924,1.024147188796013,-1.43182691282875,1.7603993219208773,0.09518752529576824,0.7005363869090351,0.7069737578973478,0.6549062161291265,0.7080655938618802
705.4076193937371,-57.0713784029938,-28.302056031757672,1.0359768305575594,-1.3635132068368996,1.7124299281053026,0.1374872882165447,0.6678592207668272,0.6818641310293517,0.6548486971345499,0.7079896818962826
705.5076193937372,-56.967093283496936,-28.435068056337556,1.049725559379217,-1.2967272847602018,1.6683600933418348,0.1374872882165447,0.6678592207668272,0.6818641310293517,0.6547984484456097,0.707922386347832
705.6076193937372,-56.86097030314135,-28.561842376307993,1.0702245160660977,-1.2366705502641782,1.63546157542133,0.20087491405925695,0.598120817965378,0.6309510630642338,0.6546998412994117,0.7078113381921335
705.7076193937372,-56.75294347696442,-28.68251882724461,1.0903120074720278,-1.1768584684676269,1.6042992639908713,0.20087491405925695,0.598120817965378,0.6309510630642338,0.6546246323691685,0.7077251575629279
705.8076193937372,-56.64262662405068,-28.79776312281443,1.1143587963938564,-1.1254183690890716,1.5837809294796645,0.23526162301076425,0.5118253605107467,0.5633056283436326,0.6545020530736002,0.7075968494907017
705.9076193937373,-56.53001443629621,-28.907745832920806,1.1378849586949382,-1.074235833037985,1.5648529656830366,0.23526162301076425,0.5118253605107467,0.5633056283436326,0.65440582317642,0.707496768746932
706.0076193937373,-56.414974031073534,-29.013252168577342,1.16231461051371,-1.0327873832927563,1.5548713878975124,0.23984218464351104,0.4123062162699824,0.47699128871441826,0.6542682544875112,0.7073605950100957
706.1076193937373,-56.29755002697096,-29.114541922853864,1.1861303584886431,-0.9933567368933739,1.5471466750311196,0.23766143056433742,0.3894370177694786,0.45622817360074613,0.6541487327784065,0.7072449276608495
706.2076193937373,-56.17780160289734,-29.21229630311197,1.2088216029546948,-0.9614269538214282,1.5445360000026895,0.22241264730987534,0.29923651618399205,0.3728402852446601,0.6540289048843507,0.7071322715796656
706.3076193937374,-56.05582915611794,-29.30704261136257,1.2304018098912652,-0.9344911965772481,1.5450444687011693,0.20977661664052472,0.2433912750002254,0.32131844272525195,0.6539197102982647,0.7070330030730843
706.4076193937374,-55.93177300691759,-29.399404888709537,1.25044773529556,-0.9137982950011548,1.548756553707784,0.19195419842061323,0.17488710629583104,0.259676556970069,0.6538247505351432,0.7069504704369136
706.5076193937374,-55.805768462395896,-29.489910282678196,1.2696431551376257,-0.8963095843715677,1.554144334488968,0.19195419842061323,0.17488710629583104,0.259676556970069,0.6537670713857772,0.7069065349407809
706.6076193937374,-55.678092425045946,-29.579579080159824,1.285090639551703,-0.8926913833787282,1.5647222941538323,0.1541451929597613,0.03228477038546407,0.15748983113662984,0.6536983247432007,0.706854979450638
706.7076193937374,-55.54881263512595,-29.66868679464579,1.3005051588476828,-0.8894629063401811,1.575581775073753,0.1541451929597613,0.03228477038546407,0.15748983113662984,0.653693932614113,0.7068675640030634
706.8076193937375,-55.41823170428966,-29.758551870533985,1.3123872068895703,-0.9026481623601237,1.5928383112605988,0.12043146530439208,-0.1358957968787617,0.18158030026596125,0.6536858559504427,0.7068792512614632
706.9076193937375,-55.28639082627415,-29.849496165754413,1.3244303534200124,-0.916237742048003,1.6104680565020475,0.12043146530439208,-0.1358957968787617,0.18158030026596125,0.6537483508310389,0.706960655043882
707.0076193937375,-55.15350841867363,-29.943024851580272,1.3341538288043657,-0.9483366171281735,1.6368594253323823,0.09968717605585509,-0.32337481548330504,0.3383914956952267,0.6538105610863344,0.7070439840123446
707.1076193937375,-55.019602721646315,-30.039606515509373,1.3439234756326612,-0.9839248529193859,1.6656045222528089,0.09719031585077142,-0.3646408506094494,0.3773710474166712,0.6539288203543934,0.7071827101148448
707.2076193937376,-54.884749266768004,-30.140464960993462,1.3532229230396917,-1.0326414973384619,1.702222294961944,0.0931966058433169,-0.5204878713204011,0.5287657624434065,0.6540778962774922,0.7073524640607806
707.3076193937376,-54.748960001729415,-30.246496650046026,1.3625816220089615,-1.0896127483770233,1.7446732123989017,0.09420158392037714,-0.6118307588693177,0.6190402377161868,0.6542612571519745,0.7075562337567405
707.4076193937376,-54.61222566320183,-30.358719874225695,1.3721545472714993,-1.1564349879710132,1.794477635135465,0.0973658263745959,-0.7160723153819604,0.7226615148201055,0.6544731771746455,0.7077881854402284
707.5076193937376,-54.47452337934278,-30.477943734599734,1.3818911299089611,-1.2280422195092255,1.8487051651948752,0.0973658263745959,-0.7160723153819604,0.7226615148201055,0.6547273234141957,0.7080609557071628
707.6076193937377,-54.335784562515045,-30.605568886732307,1.3926272835998932,-1.3181075316800663,1.9175031202317598,0.10848022829026782,-0.897532899214751,0.9040648566904617,0.654961934909369,0.7083151786384633
707.7076193937377,-54.19597943301357,-30.74186730439642,1.4034753064289225,-1.4078608216015618,1.9879172590317693,0.10848022829026782,-0.897532899214751,0.9040648566904617,0.6552446745358625,0.7086149605568496
707.8076193937377,-54.05497856227457,-30.88824411684214,1.4160851290499812,-1.5139404462921975,2.0729960848095974,0.12828342841071938,-1.0562305987807132,1.0639923476254292,0.6554933317780554,0.7088813783764688
707.9076193937377,-53.912728632227484,-31.0449193144653,1.428913471891056,-1.6195635061702927,2.1598100982888204,0.12828342841071938,-1.0562305987807132,1.0639923476254292,0.6557749396157599,0.7091779084813622
708.0076193937377,-53.76898014088983,-31.21305974055091,1.4451335327497552,-1.7384212496125269,2.2606457857395896,0.16525988994636276,-1.1822029909762009,1.1936979279106417,0.656006732988955,0.7094250908747388
708.1076193937378,-53.623608639510245,-31.392881621745754,1.4624510779549784,-1.858338212794484,2.3647799196846786,0.175334761692854,-1.2036413609173708,1.2163448542123696,0.6562393498321443,0.7096707592542899
708.2076193937378,-53.476320307519785,-31.58501910006286,1.4831758053107527,-1.9839527735587712,2.477070664549306,0.21613647240906553,-1.2656533859553305,1.2839756493351528,0.6564409757191021,0.7098840788731687
708.3076193937378,-53.32688020411852,-31.789789249338824,1.5060262163396962,-2.111866702457043,2.5938573463568204,0.23874133825581628,-1.2894308623462059,1.3113463979296462,0.656611626916883,0.7100646277844817
708.4076193937378,-53.17503896297297,-32.007460942236364,1.5311256435602223,-2.2418142687750002,2.7147885648887824,0.2604728809282646,-1.3062148821487054,1.3319322205149278,0.6567440945258828,0.7102051132614476
708.5076193937379,-53.02062403421227,-32.238173443524666,1.5571729316530547,-2.3724357569899004,2.837822926138488,0.2604728809282646,-1.3062148821487054,1.3319322205149278,0.6568524589151898,0.7103185820663741
708.6076193937379,-52.86341714691372,-32.48202876238554,1.5858441464815298,-2.5039935862284874,2.9639307577612426,0.2832022803795391,-1.310274539015913,1.3405308273984355,0.6568791173168437,0.7103498107901296
708.7076193937379,-52.703416720863636,-32.738979493703525,1.61416437451949,-2.6350210401301086,3.0901233810151103,0.2832022803795391,-1.310274539015913,1.3405308273984355,0.656894875829669,0.7103660330537165
708.8076193937379,-52.540518339298465,-33.008918395810554,1.643386674934747,-2.764154476144698,3.2157844659342225,0.29069231844466337,-1.2881067932445254,1.3205003350266247,0.6568267979361547,0.7102975968341527
708.907619393738,-52.37472621021273,-33.291774377391306,1.67245590677922,-2.8929651554691795,3.34160981427807,0.29069231844466337,-1.2881067932445254,1.3205003350266247,0.6567473458226905,0.7102134455799859
709.007619393738,-52.206000564699096,-33.58729253753874,1.7019486279744582,-3.0184247291942983,3.4651864276075846,0.29564952166841213,-1.2533578115974855,1.287755583779468,0.656586915860939,0.7100473515887097
709.107619393738,-52.034321164847405,-33.89537608319675,1.7316713373019998,-3.1431228201038954,3.588580037102581,0.2976766998030109,-1.2452606574053369,1.2803458604951958,0.6564040719165144,0.7098551827197308
709.207619393738,-51.85962106287512,-34.215788652004846,1.7623425190567705,-3.2652511729349745,3.7104873503124343,0.3105204104074004,-1.2149052365913184,1.253960788532316,0.6561801931293167,0.7096194549455436
709.307619393738,-51.681814880734855,-34.548356887646065,1.7939865604147731,-3.385805382454141,3.8317183960730024,0.3220054759219784,-1.1975195779762764,1.2400567189287024,0.6559267711490983,0.7093514174290417
709.4076193937381,-51.50077339758743,-34.892885481681766,1.8271309194370258,-3.5044510353196356,3.952161997655923,0.3406853873418182,-1.176797547494874,1.225119994505924,0.6556488411497424,0.7090562734555209
709.5076193937381,-51.316356878706976,-35.24921457295128,1.8611994581712152,-3.6221307900691495,4.0723328551904725,0.3406853873418182,-1.176797547494874,1.225119994505924,0.6553709839825708,0.7087578563606478
709.6076193937381,-51.128207393702255,-35.617036665942386,1.9004205269395935,-3.7356108188543486,4.19122731060426,0.3975672719006842,-1.1331184844126052,1.2008402205972584,0.6550489733029861,0.7084147559129629
709.7076193937381,-50.93617750464875,-35.996263340249975,1.9401772541296711,-3.848922667295635,4.310277656516376,0.3975672719006842,-1.1331184844126052,1.2008402205972584,0.654759015376463,0.7080999218324447
709.8076193937382,-50.73961839009003,-36.38646316280242,1.9885476583153696,-3.9567193926307445,4.428312335575682,0.4899115873186779,-1.0749937333923367,1.181365688608697,0.6544386954855871,0.7077547913329039
709.9076193937382,-50.53831406632185,-36.78751007073255,2.0375388170472486,-4.064218765970002,4.5463654284094925,0.4899115873186779,-1.0749937333923367,1.181365688608697,0.654163237471814,0.7074514091491014
710.0076193937382,-50.33131145007328,-37.198823001658546,2.0988029454285573,-4.164286939566844,4.66328848762186,0.618229805320436,-0.9972174816297622,1.1733076313800015,0.6538681311299048,0.7071292547871078
710.1076193937382,-50.11824092787137,-37.62017706659712,2.163085396928861,-4.262500909112282,4.779942722940298,0.6494941336905018,-0.9780429758371509,1.1740573632845905,0.653611453156228,0.7068440712705468
710.2076193937382,-49.89817905630241,-38.05100194788379,2.2377447466514355,-4.354225106808131,4.895587588014781,0.7746160241102361,-0.8990119212462928,1.1866981163511217,0.6533732044823352,0.7065775114885051
710.3076193937383,-49.67039312854553,-38.49082891701635,2.3193420393054325,-4.441410650410811,5.01053650429493,0.8516602702166044,-0.8481861804926507,1.2019754625798862,0.6531608365245668,0.7063371879614195
710.4076193937383,-49.43402631484581,-38.93909318009667,2.4093643678233856,-4.5229412353802,5.12464965394119,0.9417652086620705,-0.7868968326074443,1.2272442028438926,0.652973457773768,0.7061227427765303
710.5076193937383,-49.188381052020105,-39.395321787797826,2.503540888689614,-4.6016309186409625,5.238580350890234,0.9417652086620705,-0.7868968326074443,1.2272442028438926,0.6528289592251597,0.7059515654687147
710.6076193937383,-48.9322256821563,-39.85866223888173,2.6140082353902843,-4.669022545805382,5.350963519584786,1.102572077517407,-0.6753313260685923,1.2929569157905512,0.6526732186828704,0.705772563140104
710.7076193937384,-48.665311998229626,-40.32894115009272,2.72426544314205,-4.736555678412257,5.464117668882813,1.102572077517407,-0.6753313260685923,1.2929569157905512,0.6525763444990824,0.7056525480491103
710.8076193937384,-48.38638021507092,-40.805286587870356,2.8492589740638232,-4.793900094595342,5.576715414851691,1.247003467687673,-0.5757311315131206,1.373493350627683,0.6524649499854664,0.7055219095292786
710.9076193937384,-48.09521930032603,-41.287555252987566,2.973959320832619,-4.851473207746667,5.690450450311552,1.247003467687673,-0.5757311315131206,1.373493350627683,0.6524087693495954,0.7054469668673161
711.0076193937384,-47.79070911231776,-41.77498692505119,3.1117128635966402,-4.9002429381433545,5.804751312355821,1.3748158733293219,-0.4898766342193732,1.4594854580681396,0.6523335436510842,0.7053570650836282
711.1076193937384,-47.472584158839865,-42.26740764590208,3.251164037089914,-4.947919913488408,5.9204711861778305,1.3997724553402353,-0.4732666160185315,1.4776143666623112,0.6522928575862805,0.7053030439772923
711.2076193937385,-47.14010363296146,-42.76431780531151,3.3980033375095053,-4.990538612198914,6.037541082392234,1.4844595519063315,-0.4137800464640935,1.5410496708729975,0.6522605309322914,0.7052598219544408
711.3076193937385,-46.7928025779879,-43.26537713957398,3.548759780485477,-5.030016547300465,6.155872192119312,1.526479304499639,-0.37822259083325016,1.5726383548935583,0.652240101250722,0.7052305356252845
711.4076193937385,-46.430211631875856,-43.77018582684216,3.7036673536021514,-5.065475426836923,6.275045272030081,1.5669053569868034,-0.3335362023595507,1.602010860149947,0.6522275327945319,0.7052110806043785
711.5076193937385,-46.05201036973062,-44.27840105053777,3.860357889300867,-5.098829047072886,6.395343672138476,1.5669053569868034,-0.3335362023595507,1.602010860149947,0.6522389795806147,0.7052165479932164
711.6076193937386,-45.65775177228191,-44.78933136025739,4.022602399474899,-5.1226862600670655,6.513312873134617,1.6170514564811214,-0.23460965346350987,1.633981977381019,0.6522186129649366,0.7051934835262166
711.7076193937386,-45.24740627505192,-45.30277303453153,4.184307545123048,-5.146147225413422,6.632590813385364,1.6170514564811214,-0.23460965346350987,1.633981977381019,0.6522372651420192,0.7052090301882002
711.8076193937386,-44.82071785878753,-45.81777388217577,4.3483181397577475,-5.15756939548346,6.745990862265817,1.634414334597308,-0.10942402223264104,1.6380732076982183,0.6522214980431098,0.7051929699034327
711.9076193937386,-44.37771397313867,-46.334077941835396,4.511759573217516,-5.168511797706727,6.860720709193278,1.634414334597308,-0.10942402223264104,1.6380732076982183,0.6522426855987928,0.705212995394726
712.0076193937387,-43.91843095105656,-46.85049009223964,4.673885758961695,-5.164400778823088,6.96536025573218,1.6142728241488118,0.04632739873316871,1.6149374534819492,0.6522278428083809,0.7051993583463138
712.1076193937387,-43.4430021895469,-47.36658121939582,4.834533045241089,-5.156856293373924,7.068654511011152,1.6042772464498354,0.08333600809116937,1.6064402801602171,0.652232625791745,0.7052048386552388
712.2076193937387,-42.95173132821443,-47.88125131978323,4.9908694898948625,-5.1370172765004165,7.162242998127553,1.5469469542548944,0.23194175305370762,1.5642384268672476,0.6522328261023386,0.7052061923218914
712.3076193937387,-42.444993403999014,-48.393626690826586,5.143008805336338,-5.108834534092956,7.249188221346436,1.497726295521149,0.3251175739434425,1.5326074165233488,0.6522340779086023,0.7052086309080049
712.4076193937387,-41.923336510501784,-48.90267048429587,5.289009921045839,-5.070346297384536,7.326802680591472,1.424881060584146,0.4364734777951087,1.4902332480621812,0.6522343872918281,0.7052101324645802
712.5076193937388,-41.38731111309416,-49.40752274664546,5.431498027104285,-5.026698949605016,7.4005995127690785,1.424881060584146,0.4364734777951087,1.4902332480621812,0.6522518234238257,0.7052278059074067
712.6076193937388,-40.83812729743952,-49.90662674022004,5.557223399206026,-4.962349264620817,7.450345101588634,1.2493767071368311,0.6421680044624671,1.4047497650084795,0.6522323459286545,0.7052101371977463
712.7076193937388,-40.276158073983105,-50.39965082665992,5.682161069919738,-4.898132464174556,7.501910160826516,1.2493767071368311,0.6421680044624671,1.4047497650084795,0.652248292768082,0.705225957260619
712.8076193937388,-39.703073658354214,-50.884956027097665,5.786156762074756,-4.814670902320261,7.527327943762835,1.0350312351924023,0.8300441594890566,1.3267490209251351,0.6522275763778421,0.7052066195887818
712.9076193937389,-39.11928282597064,-51.362272896532346,5.88965988559402,-4.731666486371337,7.554916366593679,1.0350312351924023,0.8300441594890566,1.3267490209251351,0.652242635692861,0.7052210875617805
713.0076193937389,-38.52668542042216,-51.83020134497305,5.969891340425002,-4.632670695322855,7.556536269203276,0.8002290193318429,0.9832574827634735,1.2677388377702898,0.6522213434951327,0.7052007117552871
713.1076193937389,-37.925857169997435,-52.288465516689165,6.045898243629999,-4.532205551569312,7.556042134213123,0.7492593847485507,1.0103125912812092,1.2578239772460726,0.652220003291127,0.7051991185376296
713.2076193937389,-37.31831081080458,-52.73626401969335,6.105778953900227,-4.424318225554698,7.540233974809166,0.5580705375382025,1.0923076859004746,1.2266127365821,0.6522148459814909,0.7051937106157958
713.307619393739,-36.705145085463165,-53.17316885502068,6.155545167018761,-4.313183347055699,7.5162681490568595,0.4458875807111671,1.1262014921553851,1.2112578319934504,0.6522117896320633,0.7051901601566519
713.407619393739,-36.08761170683255,-53.598798137850544,6.193158462177378,-4.199004996302823,7.482436414471914,0.31664030996089143,1.1529532736431753,1.1956430642531424,0.6522089744154461,0.7051867353664318
713.507619393739,-35.46671265906487,-54.0129338711127,6.224822493173473,-4.083709668938479,7.444803538824918,0.31664030996089143,1.1529532736431753,1.1956430642531424,0.6522245113727058,0.7052007143526499
713.607619393739,-34.844210299133636,-54.415359799566524,6.233171108100135,-3.9660486065391507,7.387960720813654,0.08631291843966515,1.1699730338909156,1.1731525134957883,0.6522042358805483,0.70518056643356
713.707619393739,-34.22046162373128,-54.80611479505107,6.241802399944103,-3.849051303150033,7.33316392386185,0.08631291843966515,1.1699730338909156,1.1731525134957883,0.6522204382488883,0.7051951461816971
713.8076193937391,-33.597277815008404,-55.185244499240106,6.229253235597842,-3.73346133373972,7.262391438344242,-0.12049517735459347,1.1501421960923224,1.1564368374441316,0.6522007846966269,0.7051756153060976
713.9076193937391,-32.97495496733525,-55.5528399216337,6.21720371786238,-3.6184471141304617,7.1935235863352025,-0.12049517735459347,1.1501421960923224,1.1564368374441316,0.6522176057915634,0.705190860836853
714.0076193937391,-32.35504291936775,-55.909227364595814,6.187425779607997,-3.50804402631631,7.112707688969875,-0.29030308421288553,1.100147982505366,1.137805547584534,0.652198510099926,0.705171978081932
714.1076193937391,-31.737846974575692,-56.254572341176,6.156046798750548,-3.399055032800451,7.032104045334721,-0.3199931138480703,1.087104774160565,1.133222124260234,0.6521996764696104,0.7051724703201226
714.2076193937392,-31.124241558720744,-56.58925536825562,6.116701112487313,-3.2944444011766705,6.947474103006634,-0.40665583690197415,1.0339888236406138,1.111081390853139,0.6521971471815848,0.705169534998333
714.3076193937392,-30.514667754429713,-56.913590044203765,6.0742230392467516,-3.192848360895714,6.862249353250761,-0.43824932679904194,1.0002727199085584,1.092065925955516,0.6521967110858253,0.7051686935032758
714.4076193937392,-29.909481893602663,-57.227951472731775,6.02922618886988,-3.0949979689306772,6.777210404306438,-0.45675927242287395,0.9597083788529263,1.06285897718596,0.6521963978668652,0.7051680748468527
714.5076193937392,-29.308843071077654,-57.53265272773064,5.983550261627583,-2.9990271310453624,6.693058902039462,-0.45675927242287395,0.9597083788529263,1.06285897718596,0.6522142487587722,0.7051848582706519
714.6076193937392,-28.71276894122619,-57.82825537828893,5.9384618403429,-2.91047934396327,6.613336453020189,-0.44011784042218327,0.8867951727870578,0.9900047433908153,0.6521960335532717,0.705167408113194
714.7076193937393,-28.12112334639388,-58.114869336821386,5.8944500563006725,-2.8217998266845443,6.535066620020023,-0.44011784042218327,0.8867951727870578,0.9900047433908153,0.65221405037502,0.7051845638094221
714.8076193937393,-27.533463230202067,-58.39303557310593,5.857114627906795,-2.7392361546094666,6.4660039031197165,-0.36482493021116547,0.829689078052436,0.9063559984592604,0.6521959586891544,0.7051674412598604
714.9076193937393,-26.94957589206231,-58.66281074317667,5.82063213488567,-2.656267246804204,6.398086755906683,-0.36482493021116547,0.829689078052436,0.9063559984592604,0.6522141344438352,0.7051849522186856
715.0076193937393,-26.36861035456384,-58.92452510838982,5.7953262965465155,-2.576578738851089,6.34228388523748,-0.24783544055287055,0.8020319240050433,0.8394507804018453,0.6521962301751982,0.7051682020324129
715.1076193937394,-25.790227632599674,-59.17817962038101,5.772757721507688,-2.496539731536583,6.289470752167259,-0.21969252394576225,0.8000053680692809,0.829622440642323,0.6521984933786601,0.705170743353519
715.2076193937394,-25.2136009081127,-59.423837351440554,5.759394862553462,-2.4164990057507207,6.2458063232541425,-0.10926793861798997,0.803359588369158,0.8107565051447245,0.6521970372159693,0.7051698183019163
715.3076193937394,-24.63808728499878,-59.661455172006235,5.752066468174803,-2.3356817831863363,6.2081944272557585,-0.04230284233713269,0.8130681815968658,0.8141679178124339,0.6521977249840353,0.7051710006332199
715.4076193937394,-24.062941342265326,-59.89092723650408,5.752035823441085,-2.2534889712632644,6.177712251129437,0.03554358490080889,0.830566928789892,0.8313271134920807,0.6521986570595069,0.7051724668159675
715.5076193937394,-23.487560041996584,-60.11212329898651,5.755590181931168,-2.1704322783842565,6.151227082249096,0.03554358490080889,0.830566928789892,0.8313271134920807,0.6522179373914121,0.7051914367772619
715.6076193937395,-22.910888454251808,-60.3247315052137,5.773036865158383,-2.083031198437581,6.137342553592886,0.17156203433345585,0.8759789321831708,0.8926212081579745,0.6522013784343422,0.7051762889045249
715.7076193937395,-22.332726957564173,-60.52865473039658,5.7901930685917335,-1.9954333052192443,6.12438485459119,0.17156203433345585,0.8759789321831708,0.8926212081579745,0.6522213122389666,0.705195877198428
715.8076193937395,-21.752051750745114,-60.723480850292844,5.819109857445402,-1.9027830449903596,6.1223053541391605,0.2849252293758999,0.9261101109256248,0.9689490821986376,0.6522053884062495,0.7051812762218219
715.9076193937395,-21.16871613885356,-60.909128604237296,5.847602380382998,-1.810172033897776,6.121370466763674,0.2849252293758999,0.9261101109256248,0.9689490821986376,0.6522259727805154,0.7052013682061564
716.0076193937396,-20.58190289251009,-61.08521500549429,5.885323966627536,-1.7131572463425901,6.129595903716378,0.37339580239766545,0.9680457797645459,1.0375630375876659,0.6522106364325552,0.7051871476843085
716.1076193937396,-19.99145239150504,-61.25166777151115,5.9239274809897555,-1.6157918432543092,6.140333873719961,0.3893940087279927,0.9751296324727625,1.0500026162632743,0.652215556142604,0.7051920807333919
716.2076193937396,-19.396885664704804,-61.4082790400779,5.967109393945287,-1.5165979128656604,6.156822536716367,0.4412593453909395,0.9945003974392537,1.087998552573336,0.6522167070960148,0.7051932546193258
716.3076193937396,-18.797921638485505,-61.55495464992872,6.012613574530793,-1.4168223640748534,6.177289665215207,0.4663234732369388,0.9998345641072022,1.1032346700839313,0.6522198016884855,0.7051960858547075
716.4076193937397,-18.194279033948384,-61.69163524134836,6.060607348746553,-1.316806395662976,6.202011006064052,0.4908146173815331,0.9990549186606488,1.1131081345203693,0.6522227544279628,0.7051985683789113
716.5076193937397,-17.58576422598668,-61.818320606321386,6.109688810484717,-1.2169009037968885,6.229698642039103,0.4908146173815331,0.9990549186606488,1.1131081345203693,0.6522434819236208,0.7052177508380499
716.6076193937397,-16.972089144730855,-61.93513368356739,6.162464817934796,-1.119056310375615,6.263246734567913,0.5262185592073988,0.9725984193903807,1.1058271372393507,0.6522275356344776,0.7052017849341451
716.7076193937397,-16.353211570141198,-62.04217632250803,6.215086673855549,-1.0217964684365548,6.298521285702402,0.5262185592073988,0.9725984193903807,1.1058271372393507,0.6522471050702761,0.7052194282773326
716.8076193937397,-15.728869250185435,-62.13985060135244,6.27069334878936,-0.9301872713011056,6.3393093814895725,0.5549041548245335,0.9105358506683234,1.06629928087466,0.6522295863457305,0.705201578062595
716.9076193937398,-15.099025394532232,-62.22831664922923,6.326183764271826,-0.8391336862342524,6.381594343321231,0.5549041548245335,0.9105358506683234,1.06629928087466,0.6522472689025505,0.7052171198280167
717.0076193937398,-14.46348401252423,-62.3082439888699,6.38381456957563,-0.7568195667795893,6.428519605273561,0.5745267507198182,0.8183218009055153,0.9998657695560529,0.6522275834400251,0.7051970289040838
717.1076193937398,-13.822221172266957,-62.37990803114887,6.441482169278457,-0.6768179440887614,6.476941798918131,0.5772286421506245,0.7950360393519166,0.9824842030218277,0.6522267717609738,0.7051949513845844
717.2076193937398,-13.175160449152708,-62.44400034023041,6.499622598556925,-0.6047585523120261,6.527696900918916,0.5801946456024432,0.6980330295333843,0.9076761190564061,0.6522209253191257,0.7051882378053733
717.3076193937399,-12.522305973694783,-62.501098255782686,6.557346324031011,-0.5383218133181964,6.5794058385219865,0.5736280732450724,0.6349371874624544,0.8556835854669563,0.6522160503443808,0.7051827461173558
717.4076193937399,-11.863732195061155,-62.551903138732584,6.613847013610544,-0.4789486378349562,6.631166120459437,0.5555638990674476,0.5579719233674874,0.787390572215237,0.6522105251161772,0.7051770884954855
717.5076193937399,-11.199569674204612,-62.597008142899256,6.669403403517301,-0.42315144549819483,6.682813696690592,0.5555638990674476,0.5579719233674874,0.787390572215237,0.6522229271319727,0.7051891190452423
717.6076193937399,-10.530232258443538,-62.637496359665455,6.718850484577703,-0.38176308108713763,6.729687577012114,0.48645009303596687,0.4148455317318258,0.639320348661422,0.6521997224800519,0.7051680514921238
717.70761939374,-9.855914959520435,-62.67359844011551,6.76749549388131,-0.34027852791394564,6.7760449184065425,0.48645009303596687,0.4148455317318258,0.639320348661422,0.6522141863111854,0.7051838251075492
717.80761939374,-9.177441557588697,-62.706455721773466,6.8050812776903955,-0.3122206011436164,6.812239932632352,0.36711710584955926,0.28326556793051516,0.46369640001012924,0.6521951405029242,0.7051688481030072
717.90761939374,-8.495097844290255,-62.736261454048176,6.84179298827536,-0.2838940443505584,6.847680419151553,0.36711710584955926,0.28326556793051516,0.46369640001012924,0.6522163890099585,0.7051935465282967
718.00761939374,-7.810139526552883,-62.764017574126285,6.862269622435134,-0.26711353794765375,6.867466345978766,0.1973564099400975,0.171974299380786,0.2617722525248924,0.6522072450368624,0.7051907479672296
718.10761939374,-7.12305600904115,-62.789933213037195,6.8787734498246715,-0.25150122037364997,6.8833695991034975,0.15628573791011968,0.15192398341774593,0.21795900672288393,0.6522258279622118,0.7052158929722258
718.2076193937401,-6.435054624704806,-62.81460076819487,6.881818297121803,-0.24144902181412442,6.886052621403312,-0.0049391511049779735,0.09008857884278387,0.0902238729580497,0.6522503113288224,0.7052482471107011
718.3076193937401,-5.747071418931685,-62.83834631501123,6.8761370146279654,-0.23393146442289128,6.880115127959984,-0.10123872868457467,0.06338977760218656,0.11944682536645164,0.6522887519372539,0.7052954892926592
718.4076193937401,-5.060177542187161,-62.861469818787796,6.860077070226049,-0.22886597136368853,6.863893723120243,-0.2107760211719863,0.04142359468251633,0.2148079265239414,0.6523415018587715,0.7053578983525983
718.5076193937401,-4.37522371527026,-62.884149297950756,6.838999468108846,-0.22472361189543594,6.842690583866584,-0.2107760211719863,0.04142359468251633,0.2148079265239414,0.6524289399498527,0.7054547734249593
718.6076193937402,-3.6936529613488926,-62.90655767373712,6.799084426585414,-0.2223925376510225,6.802720594044648,-0.39282601790289107,0.03014372680865729,0.3939808683265692,0.6524988037625497,0.7055361289629776
718.7076193937402,-3.015708648779712,-62.92864620886819,6.759801824795115,-0.21937816497015605,6.763360665362231,-0.39282601790289107,0.03014372680865729,0.3939808683265692,0.6526255158776736,0.7056726486686338
718.8076193937402,-2.3426758034210455,-62.9502949562682,6.706231866113706,-0.213921334615813,6.709642924886743,-0.5263090088128344,0.061920219501136575,0.5299389458613295,0.6527377505907552,0.7057960548650503
718.9076193937402,-1.674684161853588,-62.971377488632285,6.65360096523241,-0.20772931266569794,6.656842890731478,-0.5263090088128344,0.061920219501136575,0.5299389458613295,0.6529092858662567,0.705976336214905
719.0076193937402,-1.012548145552974,-62.991411942182616,6.592604868957756,-0.19477612136314354,6.595481536298831,-0.5994599491413166,0.1358857681065797,0.6146683435792225,0.6530671551654483,0.7061435714755946
719.1076193937403,-0.3563091224399897,-63.01014631149068,6.532069653763159,-0.17960164451712726,6.534538293737884,-0.6068090299861681,0.15606955420356794,0.6265579818516837,0.6532675544843438,0.7063509587592686
719.2076193937403,0.2938118794058436,-63.02698920593641,6.470647399858073,-0.15749593364408682,6.472563846143541,-0.6099985112805284,0.24052740823716567,0.6557069603700643,0.6534844695953428,0.7065733268202483
719.3076193937403,0.9378486671747535,-63.04144067460154,6.4103614019441,-0.1305872094305902,6.411691377694469,-0.5950152986960309,0.29379035248712276,0.6635932315031813,0.6537211746362706,0.7068134685809497
719.4076193937403,1.575964380570446,-63.05290948329592,6.352453319965848,-0.09783813551343376,6.353206708671289,-0.5628086015420108,0.35630835931147425,0.6661149817298126,0.6539718026283554,0.7070655064353135
719.5076193937404,2.2083956695594638,-63.06091175505071,6.296172459811634,-0.06220729958227823,6.296479761883763,-0.5628086015420108,0.35630835931147425,0.6661149817298126,0.6542500237260441,0.7073422390772497
719.6076193937404,2.8357775288821903,-63.06459786350982,6.248969327881434,-0.015372524146359407,6.2489882361308355,-0.4642634716803343,0.4663301965438754,0.6580307161108256,0.654493910790999,0.7075845509874764
719.7076193937404,3.4583531443120727,-63.063803464941735,6.20254298071339,0.031260495508038735,6.202621755852629,-0.4642634716803343,0.4663301965438754,0.6580307161108256,0.6547712318540578,0.7078569262500716
719.8076193937404,4.0771592472159375,-63.057686669883516,6.169517883114538,0.08762602838265832,6.170140130574038,-0.32442521785315137,0.5604811346860443,0.6476039100546108,0.6549995481154041,0.7080809272616904
719.9076193937404,4.692488909438265,-63.046121661371814,6.137075361329216,0.1436741418512755,6.138756897749806,-0.32442521785315137,0.5604811346860443,0.6476039100546108,0.6552458676235956,0.7083204484652742
720.0076193937405,5.305653338643567,-63.02842883518838,6.12098075072098,0.20737217808794678,6.124492515379679,-0.15801641751059559,0.6330230319164138,0.6524471987368264,0.6554272411521697,0.7084967541915086
720.1076193937405,5.917078676030047,-63.004487281920696,6.1080877230773405,0.2716425813701031,6.114125066174354,-0.12109955374350867,0.6452565402019954,0.6565219757101252,0.6555943839075403,0.7086583211902003
720.2076193937405,6.5278495180587734,-62.97393287109009,6.106742200231541,0.33918715769778957,6.116154692945222,0.014222291758847483,0.6810323448804403,0.6811808338145053,0.6557157273315859,0.7087753607682258
720.3076193937405,7.138729386730959,-62.9365815518855,6.1121497437943875,0.4080873814351462,6.12575789608538,0.08737612149780771,0.6951846794568475,0.7006542122613119,0.655792092303433,0.7088488658702877
720.4076193937406,7.7505336093173645,-62.892272450817046,6.125089690645324,0.47826728835352045,6.143733662648362,0.16377690683069046,0.7067859540983048,0.7255131012750077,0.6558179578389197,0.708873739586727
720.5076193937406,8.36386146291619,-62.84091179221119,6.141467381328397,0.548945883763367,6.165951928066049,0.16377690683069046,0.7067859540983048,0.7255131012750077,0.6558100049028495,0.7088659293483747
720.6076193937406,8.979640801773472,-62.782378262934806,6.1696757925343215,0.6211196967145012,6.20086196126238,0.27427045423470364,0.7201343974044532,0.7705957645816551,0.6557157241310007,0.708775355639406
720.7076193937406,9.597979733298219,-62.71666562127632,6.1971028379577975,0.6931331364549629,6.2357451141845495,0.27427045423470364,0.7201343974044532,0.7705957645816551,0.6556098928085679,0.7086731106907576
720.8076193937407,10.219540823051824,-62.64371166123704,6.231274395686601,0.7656611162484801,6.278138063094366,0.33284192549924985,0.7235640296911463,0.7964475202001311,0.655427238745842,0.7084967476510095
720.9076193937407,10.844332472248125,-62.563527729463715,6.264558588236533,0.8380175192176111,6.320361355805833,0.33284192549924985,0.7235640296911463,0.7964475202001311,0.655244492658004,0.7083191732027084
721.0076193937407,11.472587170418691,-62.47614011534621,6.299482495412566,0.9097827917055038,6.364839702466417,0.3418846990541442,0.7153019605559523,0.7928064342716524,0.6549995489141082,0.7080809215152233
721.1076193937407,12.104234771787505,-62.38159703610874,6.333416086848282,0.98102030561337,6.408943763926654,0.3385801907326065,0.7115548281202245,0.7880017886894233,0.6547542929704999,0.7078408001494026
721.2076193937407,12.739186096904934,-62.280009164915,6.365566576502076,1.050760895326877,6.451708014086541,0.31382742933031893,0.6925527335616312,0.7603400187835466,0.6544939103807844,0.7075845418829508
721.3076193937408,13.377273533103027,-62.171493559222164,6.3957782516481485,1.1193188352772157,6.492984991455147,0.2912513031372228,0.6794870346428655,0.7392766409314481,0.6542313766896345,0.7073244696475693
721.4076193937408,14.018246668809528,-62.05619460381591,6.423168807222086,1.1864196137238423,6.531821264080902,0.25768207150135614,0.6636862753359785,0.7119547190956559,0.6539717953114675,0.7070654889182656
721.5076193937408,14.66185195988939,-61.934234211066816,6.448937014372227,1.2527882412574554,6.569495185535424,0.25768207150135614,0.6636862753359785,0.7119547190956559,0.6537386614931825,0.7068301002481513
721.6076193937408,15.307525914153059,-61.80583024351811,6.466899437898197,1.3162856614135063,6.599499699396221,0.1762072108142104,0.6356567860990802,0.659627569812493,0.6534844542352799,0.706573300661155
721.7076193937409,15.955096893997098,-61.67102339344623,6.484520158979622,1.379851340023429,6.629705228196617,0.1762072108142104,0.6356567860990802,0.659627569812493,0.6532831898387016,0.7063658135170454
721.8076193937409,16.603802110907157,-61.53001237592295,6.4926105205635265,1.4412336797362297,6.650650035247549,0.07870383426989613,0.6160655513290408,0.6210725054799466,0.6530671354918116,0.7061435416408516
721.9076193937409,17.253456682135006,-61.382808680192646,6.500480903990518,1.5028402348691479,6.671939804486168,0.07870383426989613,0.6160655513290408,0.6210725054799466,0.6529087692988909,0.7059757929552726
722.0076193937409,17.90318343282533,-61.22948997069304,6.497499136908124,1.5639414947153027,6.683068758662756,-0.03256023462623203,0.614700830066915,0.6155625714449098,0.6527377299680303,0.7057960264659925
722.107619393741,18.552688241541723,-61.07001396975399,6.492200395821208,1.6256221700092295,6.692631277690903,-0.05852240543814946,0.6174227912856267,0.6201901120924146,0.6526091986795025,0.7056570838009557
722.207619393741,19.20119646266855,-60.90429860831139,6.47830203745942,1.6887200500052852,6.694786979123437,-0.16220575999971798,0.6371294830528913,0.6574531821752257,0.6524987801989073,0.7055361022245298
722.307619393741,19.848100831868827,-60.732209715210445,6.45864958686967,1.7533886585083374,6.69242304952081,-0.2261551886840062,0.6556068789330649,0.6935175189373755,0.6524107866560682,0.7054374723453363
722.407619393741,20.492690040296473,-60.553542701844954,6.431992392666408,1.820371775729229,6.684630097558887,-0.301262694648501,0.6829484884792998,0.7464434667830084,0.6523414735139518,0.7053578733472223
722.507619393741,21.13438296609002,-60.36809078182959,6.401866123201551,1.8886666245771744,6.674649914279205,-0.301262694648501,0.6829484884792998,0.7464434667830084,0.6523067587485558,0.7053126291922571
722.6076193937411,21.772138254160595,-60.17541993097591,6.357893955279808,1.9628752741992714,6.653998413634195,-0.4390363200825524,0.7432808364068157,0.8632608482499626,0.65225028196105,0.7052482282009059
722.7076193937411,22.405732468088306,-59.9754159993739,6.313990323271542,2.03720335783997,6.6345061099950104,-0.4390363200825524,0.7432808364068157,0.8632608482499626,0.652241939811028,0.7052312385615622
722.8076193937411,23.03405765375656,-59.76756164884107,6.257041543837133,2.1177915116919634,6.605725529288838,-0.5665176761905776,0.8057780549071457,0.9849977417265053,0.6522072234117066,0.7051907423385066
722.9076193937411,23.656929219759462,-59.55175360739729,6.200389776218062,2.1983693171826966,6.578575912137808,-0.5665176761905776,0.8057780549071457,0.9849977417265053,0.6522163768223537,0.7051935498319416
723.0076193937412,24.273399905832612,-59.32747946912525,6.132942095212603,2.285028125262628,6.544794288323507,-0.6695703850886652,0.8655521212489437,1.0943057046302598,0.6521951336421081,0.7051688584229354
723.1076193937412,24.883289021754106,-59.09461192532729,6.064571423818696,2.3724977169921053,6.512124996629831,-0.68744330627956,0.8771308941706628,1.11442222916505,0.6521980357854497,0.7051684656141572
723.2076193937412,25.48606451374933,-58.85281089378174,5.99129950107129,2.4633046750174854,6.477927109307428,-0.7417409061885784,0.9148654657084903,1.1777768856024753,0.6521997285407004,0.7051680684392312
723.3076193937412,26.081441441670368,-58.60187308124123,5.915833670243599,2.55575923222602,6.444299284413813,-0.7648001996399114,0.9323254750978058,1.2058814771301523,0.652204854019754,0.7051719171302108
723.4076193937412,26.669160993098092,-58.34160286818065,5.838285593435909,2.649880399203871,6.4115087772384864,-0.7830952353216047,0.9480363475289264,1.2296385907328164,0.6522105364049652,0.7051770934610306
723.5076193937413,27.249074076265206,-58.07187464652256,5.759976069903732,2.7446840339567853,6.380487032517261,-0.7830952353216047,0.9480363475289264,1.2296385907328164,0.6522341183436113,0.7051999347113539
723.6076193937413,27.821036436434863,-57.79252585058537,5.68009361543805,2.8414686154532247,6.351173700407331,-0.7945829765038058,0.9654250167963773,1.2503629751419916,0.6522209313706623,0.7051882064804703
723.7076193937413,28.385072883096278,-57.503551863956,5.600635317787652,2.938011117132884,6.324478262058208,-0.7945829765038058,0.9654250167963773,1.2503629751419916,0.6522428932414577,0.7052102455868734
723.8076193937413,28.941189640960765,-57.20488376303866,5.52168203448373,3.0350010467045117,6.300809776801539,-0.7874471511093668,0.9667692341118532,1.2468824194026786,0.6522275688923775,0.7051969309976607
723.9076193937414,29.489420608653717,-56.89654981219757,5.442937319372776,3.131677970115719,6.279567944622386,-0.7874471511093668,0.9667692341118532,1.2468824194026786,0.6522471901607856,0.7052169340321571
724.0076193937414,30.029873758647156,-56.578641383969966,5.365713642894774,3.226784943840419,6.2612318253952495,-0.770756205345013,0.9476990358518003,1.221555807416213,0.6522295244144111,0.7052013740242371
724.1076193937414,30.562606401026258,-56.251244975472545,5.289012817703001,3.3210418630395573,6.24523623587514,-0.7659788626496719,0.941150134630145,1.2134608332947647,0.6522308315807173,0.7052037541589712
724.2076193937414,31.087761831330457,-55.91455705569634,5.214055303243241,3.4127411514801174,6.231626984366507,-0.744154619652552,0.9080848399058741,1.1740460699721758,0.6522273839668304,0.7052014259940163
724.3076193937414,31.605473522420006,-55.568788051676826,5.1404502543800215,3.5021644323961185,6.220079141722881,-0.728897097874383,0.8815233541973461,1.1438419485597813,0.6522251764051741,0.7052000693043982
724.4076193937415,32.11591013804421,-55.21423426589406,5.068567777706256,3.5883201967276657,6.2101868853880555,-0.7101571915254863,0.8430125472668638,1.1022673865830979,0.6522224646336079,0.705198010171133
724.5076193937415,32.61921612985732,-54.85118718348488,4.997552058553691,3.6726214514543716,6.2019089725371686,-0.7101571915254863,0.8430125472668638,1.1022673865830979,0.6522374833484157,0.7052126095045779
724.6076193937415,33.115643505908935,-54.48029017844007,4.929832613954697,3.747967448785824,6.1927788268893895,-0.6782424766772034,0.748401592614993,1.010008812336746,0.6522162381163951,0.7051924741027432
724.7076193937415,33.60523555492113,-54.10175142559833,4.862008366286962,3.8228076080473405,6.18489962424525,-0.6782424766772034,0.748401592614993,1.010008812336746,0.6522311215916342,0.7052065497348751
724.8076193937416,34.088223670436726,-53.716507315120325,4.796819253985336,3.885767778631156,6.173221702227496,-0.6526138621431405,0.6259004295336653,0.9042434410886334,0.6522099657599977,0.7051861563571697
724.9076193937416,34.56464252652465,-53.32480103510945,4.731557867771007,3.948357821584537,6.162561913955388,-0.6526138621431405,0.6259004295336653,0.9042434410886334,0.6522251866549073,0.7052002709098983
725.0076193937416,35.03470025517538,-52.92773175540242,4.668821150732254,3.9974627084159593,6.146348431605639,-0.6261083726283103,0.4904640819340742,0.7953406251051843,0.6522045198899925,0.705180126869674
725.1076193937416,35.49847413063848,-52.525624146533886,4.606765617470766,4.044255655555424,6.1301136418342885,-0.6190268705759762,0.4618853988248207,0.7723550920027977,0.6522042041097836,0.70517930101977
725.2076193937417,35.95618483865435,-52.119319847403894,4.547420582389948,4.082294795156309,6.1109872154754195,-0.5840008867266744,0.3597731492459635,0.6859254730769956,0.6522003498162761,0.7051750773281407
725.3076193937417,36.408055843627714,-51.709393292972294,4.4905121954973595,4.115250205311214,6.090975622199165,-0.5553207293079476,0.30408466160238357,0.6331260489199184,0.6521987827548641,0.7051730321182826
725.4076193937417,36.85440715617538,-51.296467322487516,4.437160733755257,4.142348250978893,6.070209585308187,-0.5132099710924491,0.24331577124593884,0.5679674629463545,0.6521975534071384,0.7051713332977682
725.5076193937417,37.29555717969554,-50.88101591853331,4.385839736646001,4.166679828103493,6.049529815239166,-0.5132099710924491,0.24331577124593884,0.5679674629463545,0.6522147043496014,0.7051871772688387
725.6076193937417,37.732208847920354,-50.46382702983233,4.344278080429314,4.180727559734851,6.02919853453385,-0.41066776124313653,0.14358320598822627,0.4350449944158733,0.6521959943714715,0.7051689334854799
725.7076193937418,38.16458331715717,-50.045036357828806,4.303211304304991,4.195085880333678,6.009689931508385,-0.41066776124313653,0.14358320598822627,0.4350449944158733,0.6522136915180179,0.7051854207304241
725.8076193937418,38.59366995473194,-49.62537165428528,4.274610111251647,4.201215040284579,5.993538138522869,-0.28253081684859915,0.06533133738591013,0.2899859412346886,0.6521954164520807,0.7051677272738077
725.9076193937418,39.01971831177297,-49.204923493569794,4.246357029566781,4.207748174023171,5.978017457196536,-0.28253081684859915,0.06533133738591013,0.2899859412346886,0.6522134977186799,0.7051847229359023
726.0076193937418,39.44387809617864,-48.784217491353715,4.232217306638587,4.208555011404374,5.968550796854128,-0.1404681760565346,0.012108025384989451,0.14098905192735056,0.6521955298718974,0.7051674618833287
726.1076193937419,39.866493671409465,-48.36332812945319,4.220552874158362,4.209107941739414,5.960675819802669,-0.11025389763262458,0.0038037094652798586,0.11031949124647702,0.6521977024566488,0.7051694424869488
726.2076193937419,40.28845002001551,-47.94250634732574,4.218057081829176,4.207504395172945,5.9577763285448135,-0.004260068914092807,-0.019623111901306833,0.020080206867560648,0.652196065108109,0.7051678484509327
726.3076193937419,40.710334850632435,-47.5218724919675,4.220594653662131,4.2050016150488805,5.957806459854588,0.04979790962895336,-0.02935239043288762,0.057804797616963235,0.6521964197562045,0.7051681975569059
726.4076193937419,41.132751958314365,-47.10153768710382,4.228559033258231,4.2015562815418885,5.9610222852052726,0.10362796355832815,-0.038544499055764986,0.11056415892460837,0.6521968082447487,0.7051686151552381
726.507619393742,41.556126001458075,-46.68157478144482,4.238921829614066,4.197701831636311,5.965665004414973,0.10362796355832815,-0.038544499055764986,0.11056415892460837,0.6522152817856399,0.7051862776356935
726.607619393742,41.981089754719676,-46.26209262063811,4.257329850163542,4.192475671768678,5.9750907701444795,0.1790543430910918,-0.05098332509865375,0.18617131147923255,0.6521976130062719,0.7051695386476431
726.707619393742,42.407718011451585,-45.84309997008664,4.2752352844726556,4.187377339258811,5.9842932514155915,0.1790543430910918,-0.05098332509865375,0.18617131147923255,0.6522160997906568,0.7051872312993377
726.807619393742,42.83650182618595,-45.4246504605133,4.2984342145595775,4.181885790222911,5.9970580670329285,0.2285721969226595,-0.052724243811474114,0.23457428480450027,0.6521983877403517,0.7051704496686945
726.907619393742,43.26748810862662,-45.00672550270997,4.321291434251849,4.176613365841763,6.00979690733942,0.2285721969226595,-0.052724243811474114,0.23457428480450027,0.6522168371112176,0.7051880887612377
727.0076193937421,43.701010155356336,-44.58926868344076,4.347824657413133,4.172346112490855,6.025948168879913,0.2640430894493958,-0.040350711905659135,0.2671084668019251,0.6521990673464568,0.7051712212524346
727.1076193937421,44.137134697914455,-44.172222216040275,4.374770344677182,4.16865023484804,6.0428685530272395,0.2709077394036873,-0.03602090027437028,0.27329198401232385,0.6522012942564815,0.7051733739350361
727.2076193937421,44.57606808510865,-43.75545720092205,4.403773784896421,4.166631731647072,6.0625113225221465,0.2944593840528501,-0.014395919736437668,0.2948110774069418,0.652199586699089,0.7051717549810491
727.3076193937421,45.01793864263984,-43.33883633093711,4.433828363245422,4.166095832013445,6.08401088396786,0.3053058292206671,0.002966816497913388,0.30532024393454726,0.6521997635617821,0.7051719090598632
727.4076193937422,45.462865520465805,-42.92216523660065,4.464819366409899,4.167721854209116,6.1077424166971195,0.3128104492645649,0.02872738489703576,0.31412678938944605,0.6521998795581195,0.7051719880766724
727.5076193937422,45.91091150935322,-42.505249414255154,4.496100411336363,4.17059459269882,6.132599625400932,0.3128104492645649,0.02872738489703576,0.31412678938944605,0.6522179983642755,0.7051891972017491
727.6076193937422,46.36209992497839,-42.0876482369761,4.527412322696988,4.179639551412025,6.161724524793059,0.30951367427973037,0.09452825833529532,0.32362680079073075,0.6521998983730349,0.7051719166057696
727.7076193937422,46.81638872561959,-41.669211640543125,4.558363690124969,4.189092377245557,6.190894481134899,0.30951367427973037,0.09452825833529532,0.32362680079073075,0.6522178959225733,0.7051890168154503
727.8076193937422,47.273645186475385,-41.24926705077384,4.587208380572675,4.207167101018615,6.2243662924581775,0.28439949266372383,0.18416893286631753,0.33882335701734273,0.6521996462759283,0.7051716256575742
727.9076193937423,47.73378802199608,-40.82762949600755,4.615648329839054,4.225583994305251,6.257776729612105,0.28439949266372383,0.18416893286631753,0.33882335701734273,0.6522175387944623,0.7051886871477
728.0076193937423,48.19646965148197,-40.40346835060773,4.639234631910777,4.254332794787758,6.2945885885200585,0.23017464098169615,0.2894596532659332,0.36982057300789395,0.6521992185682541,0.7051713226883792
728.1076193937423,48.66149301849677,-39.97651266347441,4.660983047594486,4.285141199193033,6.331445179971527,0.21399194624573914,0.31310762575349416,0.37924785874547723,0.6522009489785436,0.7051731245983187
728.2076193937423,49.12837176830807,-39.54606165567017,4.676698962447027,4.32355015783117,6.369034397193584,0.13743157982686727,0.40395739097547123,0.42669545680428606,0.6521988528413537,0.7051713720396089
728.3076193937424,49.596628791114945,-39.11158745162332,4.687412847928821,4.3669193708041965,6.406389310526881,0.07977821411663821,0.45944015455972687,0.46631514994637036,0.6521988200921517,0.7051716932548816
728.4076193937424,50.06562277662782,-38.67247108067804,4.691260314693187,4.416416468830662,6.443031721664415,0.0009778543376789406,0.525687988877852,0.5256888983510555,0.6521989905096782,0.7051723329494105
728.5076193937424,50.534753697368934,-38.228200993850486,4.691358100126955,4.46898526771846,6.47924919621953,0.0009778543376789406,0.525687988877852,0.5256888983510555,0.6522175282719388,0.705190599558839
728.6076193937424,51.00277664046598,-37.77784506157274,4.6743740425619285,4.533979018366984,6.512045640869602,-0.1760205787613045,0.6495943783309623,0.6730201338048172,0.6522003217018251,0.7051749757129305
728.7076193937424,51.469333941828474,-37.32119918784428,4.656771984685794,4.598938456200095,6.544903379063023,-0.1760205787613045,0.6495943783309623,0.6730201338048172,0.6522198138029209,0.7051944509147458
728.8076193937425,51.932779394829964,-36.857255406879815,4.618672391913294,4.6758552909861715,6.572347934038904,-0.3851102095932979,0.7676247322973766,0.8588117390718486,0.6522037820690014,0.705180249912194
728.9076193937425,52.39272108297343,-36.3858317541196,4.580161370953955,4.752617764215927,6.600398002902523,-0.3851102095932979,0.7676247322973766,0.8588117390718486,0.6522247535065359,0.7052014346504238
729.0076193937425,52.84733016152152,-35.90600912699291,4.519379084327905,4.84002973950938,6.621984233384717,-0.6084445716703806,0.8698676719012559,1.0615434816407965,0.6522104817549274,0.7051891925776135
729.1076193937425,53.29607573398414,-35.417600282596425,4.454816072650973,4.928411230196023,6.6433894583316215,-0.6556109544158139,0.8874827461316764,1.1033817780947064,0.6522173514539533,0.7051972053560597
729.2076193937426,53.73756525383404,-34.92009485975966,4.375736190464637,5.021275678833141,6.660351090699589,-0.8251550567343862,0.9344251591037195,1.2466078956995017,0.6522215612401963,0.7052027803001172
729.3076193937426,54.170844169909714,-34.41326939429254,4.28820991220698,5.115425848504595,6.6750524988721365,-0.9173468919301735,0.9456767826750461,1.3175089743241128,0.6522290586530859,0.7052115597241738
729.4076193937426,54.59488336085347,-33.89699761636067,4.19108293810485,5.209929233567052,6.686444407370045,-1.0158472405063557,0.9412414921460186,1.384875865405142,0.6522379932689262,0.7052217535961929
729.5076193937426,55.00891241846151,-33.371298485543115,4.089498214054192,5.3040533827816745,6.697535213057872,-1.0158472405063557,0.9412414921460186,1.384875865405142,0.6522665139520791,0.7052506186942767
729.6076193937427,55.41169162609649,-32.836474097362725,3.971866893754668,5.393330650981441,6.698040171014223,-1.1697903518522295,0.8821429398172129,1.4651230779548583,0.6522603478153381,0.7052464380801122
729.7076193937427,55.80302936371279,-32.29273031756537,3.8548878585694184,5.481544944963183,6.7013054986172165,-1.1697903518522295,0.8821429398172129,1.4651230779548583,0.6522918841246198,0.705278140508367
729.8076193937427,56.181841980168095,-31.740861224119023,3.725837468930977,5.558852190489224,6.691987934881296,-1.2837603041391341,0.7638721986548738,1.4938344133006285,0.6522885666807009,0.7052766102379031
729.9076193937427,56.54800692554058,-31.181156644076697,3.5974614385170343,5.635239410354729,6.685630263006784,-1.2837603041391341,0.7638721986548738,1.4938344133006285,0.652322792072407,0.7053108065984525
730.0076193937427,56.90077758825586,-30.614864547408406,3.461080739844736,5.6954698039046905,6.664642239078878,-1.356846662740673,0.5947544226879227,1.4814741609280082,0.6523218365446498,0.7053114871614939
730.1076193937428,57.24006899271806,-30.04247441192658,3.324598952413666,5.7517032085835105,6.643421407228349,-1.3668724052366916,0.5535466529300936,1.4747047396572808,0.6523418759171083,0.7053322013829041
730.2076193937428,57.56558563416706,-29.46519846388874,3.1860383110302934,5.794381965241759,6.612541302590987,-1.3854896629313989,0.39116886163777304,1.439650889766249,0.6523586811203452,0.7053499383034357
730.3076193937428,57.877264912790565,-28.883978612108482,3.0476305337231135,5.82830919823851,6.577023641462227,-1.3811823439311293,0.2950042791133733,1.4123357220867456,0.6523779008902296,0.7053701777507841
730.4076193937428,58.17515259205194,-28.299883289052325,2.9104320800620904,5.851969158315122,6.535759934584956,-1.3615778968310792,0.18769039473423765,1.374453365310893,0.6523974079780068,0.7053910190256758
730.5076193937429,58.45938791057405,-27.71374792124701,2.7742742903789517,5.87073819778855,6.493239932824845,-1.3615778968310792,0.18769039473423765,1.374453365310893,0.6524352501488206,0.7054298000474297
730.6076193937429,58.73041706451721,-27.12695020299274,2.6446135692615145,5.871647914650736,6.439738361482123,-1.2897877367538961,0.016638149098275434,1.289895047624478,0.6524369922551919,0.7054348649031152
730.7076193937429,58.98842948275965,-26.539702220782043,2.5156347955860956,5.873311729560564,6.389382528645252,-1.2897877367538961,0.016638149098275434,1.289895047624478,0.6524754610888357,0.7054757634191835
730.8076193937429,59.23421084727764,-25.953174429474497,2.3969578404292644,5.862137025246548,6.333250144401512,-1.1807417597096923,-0.10252560845019354,1.1851846284484215,0.6524784049470207,0.7054839117761095
730.907619393743,59.46800292252207,-25.367473354991965,2.278883664458268,5.851884464401526,6.279957208519711,-1.1807417597096923,-0.10252560845019354,1.1851846284484215,0.6525192236620567,0.7055294261253743
731.007619393743,59.690896445325244,-24.78330962692344,2.1747312859969234,5.834456344583855,6.22658309212594,-1.0358613835728778,-0.1639688380677451,1.0487585927346688,0.652526275392104,0.70554430280611
731.107619393743,59.90330070543731,-24.20069970331794,2.07388621516152,5.817676677159105,6.17627443961147,-1.0010226493149825,-0.16868735531661194,1.0151363299012106,0.652557463144302,0.705583882202829
731.207619393743,60.10624525217775,-23.619779648290795,1.9845399254551588,5.801008578629867,6.13107651600132,-0.8627783365462345,-0.15906546187603254,0.8773188013346819,0.652590604927356,0.7056272033681369
731.307619393743,60.30053652894946,-23.040434962292004,1.9027766816243818,5.7863326344634975,6.091157891303654,-0.7787859601973789,-0.134309010840433,0.7902825331446273,0.6526338698105646,0.7056821702916988
731.4076193937431,60.487108981924834,-22.462395502758948,1.8301493540098406,5.775136960525085,6.058188967901675,-0.6816184998033143,-0.09029090517709282,0.6875727065785986,0.6526880491845964,0.7057495944946134
731.5076193937431,60.666715824826845,-21.885333261232194,1.7619875040294937,5.766107870007374,6.029311729618652,-0.6816184998033143,-0.09029090517709282,0.6875727065785986,0.6527744055150292,0.7058497188638682
731.6076193937431,60.84065424608152,-21.30847104817063,1.7108224546461832,5.767927135946107,6.016302595191257,-0.516440466747218,0.02393839193386821,0.5169949731887766,0.652842071597348,0.7059339618559668
731.7076193937431,61.00915428921244,-20.73155864261622,1.6591784079714496,5.770320975139494,6.004121679780772,-0.516440466747218,0.02393839193386821,0.5169949731887766,0.6529672526422967,0.7060747579738432
731.8076193937432,61.17341401821944,-20.153500414887407,1.6210380504897584,5.786499352021368,6.009271096570644,-0.3887003645452438,0.16539074673559398,0.42242404347215234,0.6530811270040683,0.7062062098288201
731.9076193937432,61.33357432144572,-19.574023525951457,1.582168014035225,5.803038426694931,6.014857488447598,-0.3887003645452438,0.16539074673559398,0.42242404347215234,0.6532598639449954,0.7064005619907038
732.0076193937432,61.49047026240241,-18.991856515116396,1.5522581215873161,5.8352398848667715,6.038172719455262,-0.30657242645033556,0.3242827517283536,0.4462577234381041,0.6534336819476843,0.7065908167646833
732.1076193937432,61.64420144813599,-18.406599296488533,1.5225423023675035,5.870440303942946,6.064668533782888,-0.29470767536285036,0.3594749380586666,0.4648385149813399,0.6536614291984431,0.7068325851774426
732.2076193937432,61.79512702955725,-17.817211411427245,1.4956824184802424,5.916784336130332,6.102901177081943,-0.2652290108408675,0.4910696615207275,0.5581181242870606,0.6539200050762672,0.7071032790514061
732.3076193937433,61.94338591574408,-17.22294221042342,1.469630798115261,5.969915388312136,6.148146422001913,-0.2573725093512462,0.5653208340237581,0.621150749779049,0.654215126949219,0.7074078072945863
732.4076193937433,62.08906924502408,-16.622964910057874,1.4440599810550998,6.030851604529553,6.2013289144135495,-0.25542628997105754,0.6459190398570938,0.6945890840333503,0.6545429105678171,0.7077419350135705
732.5076193937433,62.23219811167977,-16.016650154405493,1.4185173520579881,6.0954435085152765,6.258324299969651,-0.25542628997105754,0.6459190398570938,0.6945890840333503,0.654918391990053,0.708119515844507
732.6076193937433,62.37272428059061,-15.402981902341278,1.392093374951073,6.173144614762849,6.328162324036753,-0.2672943576736193,0.7706286858519089,0.8156683425890653,0.6552797825499014,0.7084812821445557
732.7076193937434,62.51059714629738,-14.781814297435591,1.365363939183705,6.250207483348058,6.397602071973789,-0.2672943576736193,0.7706286858519089,0.8156683425890653,0.655694731029493,0.7088914119792592
732.8076193937434,62.645625443120345,-14.15232563030662,1.3358966020243817,6.336073149354995,6.475372011342484,-0.29798118608413304,0.8500987944851333,0.9008111609239662,0.6560783117048503,0.709268881891469
732.9076193937434,62.777725197392385,-13.51446782139855,1.3060984834159615,6.421083028803528,6.55257205310786,-0.29798118608413304,0.8500987944851333,0.9008111609239662,0.6564956254011539,0.7096756573541435
733.0076193937434,62.90653978412502,-12.867849776028805,1.2715621640419645,6.509519429930933,6.632549550939776,-0.34843112130679854,0.8751666809467031,0.9419771577561642,0.6568582785704074,0.7100277632364201
733.1076193937434,63.031913061590814,-12.212526732215425,1.2357062274770478,6.596910607589477,6.711646552460292,-0.36131180018579684,0.8734649270506364,0.9452445163771513,0.6572129103295996,0.7103698167080498
733.2076193937435,63.15346554335504,-11.54854911806288,1.1954959997859669,6.682491154882748,6.788585914650445,-0.41437548018645165,0.8452281886204644,0.9413382651408492,0.6575210167237272,0.7106655540600598
733.3076193937435,63.27088187406823,-10.876128250225268,1.1522147934971276,6.765335183669369,6.862751567538219,-0.448998992635669,0.8123225463501713,0.9281530125451686,0.6577766757700242,0.7109097422836881
733.4076193937435,63.383775970199395,-10.195627643705919,1.1050017452459142,6.843868124089204,6.932500252933338,-0.4926118864684001,0.7598229968323331,0.905537109789115,0.657966748666008,0.711090305783894
733.5076193937435,63.49181308529167,-9.507441716312679,1.055740556599063,6.919850423772456,6.999922714589921,-0.4926118864684001,0.7598229968323331,0.905537109789115,0.6581009107512241,0.711216808693325
733.6076193937436,63.59433256541183,-8.812452954243934,0.9974537772248895,6.983640209434523,7.054512358237873,-0.586078891876879,0.6331276840816195,0.8627509095064377,0.6581177833200877,0.7112311295357757
733.7076193937436,63.69114754867496,-8.110923294879914,0.9388458880371883,7.0469529778427,7.10921781023837,-0.586078891876879,0.6331276840816195,0.8627509095064377,0.6580884641183379,0.7112010047237067
733.8076193937436,63.78137525227858,-7.404009449073685,0.8691794619354081,7.095963701272155,7.148998096714137,-0.6997602242719945,0.4883477243089348,0.8533158098329758,0.657942700942604,0.7110594226201173
733.9076193937436,63.864794397350785,-6.691971340324764,0.7992034395081926,7.14479847370306,7.189358202757135,-0.6997602242719945,0.4883477243089348,0.8533158098329758,0.6577566058002496,0.7108786537385441
734.0076193937437,63.94038350227314,-5.976052043513148,0.7166926535190704,7.17857954339211,7.214267296158071,-0.8257076689226865,0.3375808365782983,0.892050433407574,0.6574690641806046,0.7106000036418094
734.1076193937437,64.00783984653462,-5.256607495547956,0.6320321609474969,7.209827744814636,7.237477513773074,-0.8522061723017351,0.30574198066086256,0.9053913622559042,0.6571441111527953,0.7102841317595586
734.2076193937437,64.06638454539276,-4.534581287416597,0.5392984728011225,7.231188624871427,7.251271045219283,-0.9461399565402224,0.18943421400516636,0.9649176849854547,0.6567714528535373,0.7099207596342644
734.3076193937437,64.11549100658848,-3.810635452347697,0.4419364098388673,7.246553608785144,7.260017010678299,-0.9966652987160021,0.12319290251842108,1.0042500728880088,0.6563690481301073,0.7095266605719021
734.4076193937437,64.15459463733308,-3.0855092984659422,0.33931931227739764,7.254841531027444,7.262772420777416,-1.0506412241212737,0.0488627615410171,1.0517768543224664,0.6559479915812009,0.7091121501142421
734.5076193937438,64.18327336244022,-2.3597808315553275,0.2342551898652464,7.259727807181547,7.263506269587974,-1.0506412241212737,0.0488627615410171,1.0517768543224664,0.6555374312414733,0.7087048818303726
734.6076193937438,64.2008378185696,-1.6344383069449668,0.12023034077565982,7.251615889769028,7.252612518782021,-1.1370297253203412,-0.07868178955058402,1.139748840871941,0.6550977375651926,0.7082671463373793
734.7076193937438,64.20717570402056,-0.9096701269156522,0.00652736824359984,7.243747710813968,7.243750651731379,-1.1370297253203412,-0.07868178955058402,1.139748840871941,0.654706584996434,0.7078731035525041
734.8076193937438,64.20167292428444,-0.1864597347045722,-0.11400830959767788,7.22447854215395,7.2253780593613355,-1.2006356734999954,-0.18925831445568475,1.2154607069220273,0.6543036623384085,0.707465689247538
734.9076193937439,64.18426891495716,0.5350418279387082,-0.23407187694770473,7.205552710708377,7.209353612521352,-1.2006356734999954,-0.18925831445568475,1.2154607069220273,0.653964107129324,0.7071168268700538
735.0076193937439,64.15460010634156,1.2540284410836857,-0.3576901212523079,7.177489079776403,7.18639629530344,-1.229641419912523,-0.27674380156011336,1.2603988072298502,0.6536230906805258,0.706765413748439
735.1076193937439,64.11267944300677,1.9703435906106073,-0.48073303445023113,7.1485779063711945,7.164724023566442,-1.2305532860740356,-0.29239456682765663,1.2648146000809526,0.6533374159483316,0.7064660331113444
735.2076193937439,64.05848301837804,2.6835186016708623,-0.6030454867405931,7.1152145484487805,7.140724188031308,-1.216620193000279,-0.3427638925883856,1.2639825078213613,0.6530853097230707,0.7061985995840551
735.307619393744,63.99212855674877,3.393280640732868,-0.7236767533481322,7.079592291443447,7.116483334934606,-1.1962320167641909,-0.3673369495622081,1.2513622466917371,0.6528721424017907,0.7059687990232278
735.407619393744,63.91384042631936,4.099352636326552,-0.8415588636561013,7.041461510939767,7.091572571090582,-1.1620691938670957,-0.3928843987832553,1.226687801415748,0.6526946972136921,0.7057741220202465
735.507619393744,63.823874193984395,4.801534365426772,-0.9577657830428373,7.002173071061432,7.067371718840431,-1.1620691938670957,-0.3928843987832553,1.226687801415748,0.6525686024101425,0.705629899651301
735.607619393744,63.72283911013919,5.499489169657031,-1.0653770820494866,6.958417030160687,7.039502531613051,-1.06966993217215,-0.4376726626746422,1.1557469980259014,0.6524371204577984,0.7054825884870092
735.707619393744,63.61095305227336,6.193142509359883,-1.1723440752667258,6.914649763893213,7.0133281677190515,-1.06966993217215,-0.4376726626746422,1.1557469980259014,0.6523686231699435,0.7053974852175298
735.8076193937441,63.48918604964415,6.882108390677941,-1.2667452634343594,6.866206570411427,6.982079649359095,-0.9375169794287332,-0.48463729670362404,1.0553726337523504,0.6522874348300761,0.7053028185099798
735.9076193937441,63.357823938403534,7.566305861235721,-1.3604969613772542,6.817742840741054,6.952162931375575,-0.9375169794287332,-0.48463729670362404,1.0553726337523504,0.6522619939201829,0.7052637813602791
736.0076193937441,63.218147470872964,8.245346828860553,-1.4381050914270888,6.764655001517413,6.915829924422887,-0.7717942847457486,-0.5302417197648326,0.9363881136288355,0.652216410940757,0.705208167532719
736.1076193937441,63.07059802959028,8.919132323429649,-1.5123078782649642,6.710918226488983,6.87920769865864,-0.7339975773637568,-0.5392704734465457,0.9108046371791954,0.6522034448618934,0.7051860988901986
736.2076193937442,62.916289187866155,9.58739621790328,-1.574415901676507,6.654523304872191,6.8382355799240315,-0.5902008829650023,-0.5696108178116995,0.8202399441753501,0.6521960831613743,0.7051717089268018
736.3076193937442,62.75604937500206,10.249972959518999,-1.6288796138534494,6.596751531792297,6.794878922293713,-0.50560934008241,-0.5843460960601179,0.77272321355015,0.6521974113443914,0.705167724774504
736.4076193937442,62.59082217936586,10.906696903044981,-1.6741827508129776,6.537503450881899,6.748469400791,-0.4081016916979928,-0.5991975109517663,0.724972170429704,0.6522031497977284,0.705169818672465
736.5076193937442,62.421363395826035,11.55745126057856,-1.714992919982786,6.47758369978671,6.700767963698904,-0.4081016916979928,-0.5991975109517663,0.724972170429704,0.652229418774439,0.705193064189861
736.6076193937442,62.249012563220234,12.202033859468742,-1.7380529006116303,6.414926965838191,6.646210639331444,-0.23255299232400573,-0.6276101198608824,0.669309612056065,0.6522205115778907,0.70518411235421
736.7076193937443,62.07404450819741,12.840388505453399,-1.7613081998440363,6.352165953852089,6.591829706546997,-0.23255299232400573,-0.6276101198608824,0.669309612056065,0.6522475069962231,0.7052103754245713
736.8076193937443,61.89783563970082,13.472226301563298,-1.7684944942516978,6.285666596136403,6.529714950438768,-0.07605244018363932,-0.6676545347623052,0.6719721359152894,0.6522373279873068,0.705201972788761
736.9076193937443,61.7206059280747,14.09745468850327,-1.7760997382700636,6.218901142660158,6.46755453803544,-0.07605244018363932,-0.6676545347623052,0.6719721359152894,0.6522616997496407,0.7052269680296723
737.0076193937443,61.54351633357786,14.715646738744057,-1.7704837938223443,6.14654367148803,6.396453077268457,0.05019336575883404,-0.7276456172449557,0.7293747447382536,0.6522480986880437,0.7052160619903538
737.1076193937444,61.366788792859516,15.326611917972485,-1.7637394045995018,6.07251185669086,6.323462416824195,0.07199693294587073,-0.743784746690763,0.7472612045084736,0.6522525530721311,0.7052224278493687
737.2076193937444,61.19106857517604,15.929866588480476,-1.7511198328034976,5.99273020402159,6.243335323929863,0.13646118504903626,-0.8153819134793217,0.8267220330039519,0.6522512685103644,0.7052232451812741
737.3076193937444,61.01668946018044,16.52497443873087,-1.7360028936196414,5.908530846343265,6.158282456078612,0.16264295253562566,-0.8656739382597489,0.880820127717146,0.6522502316389257,0.7052240991880496
737.4076193937444,60.84394751198274,17.11137619628124,-1.7185257470811295,5.818505191536427,6.066987177118237,0.18351333462911912,-0.9310604000839694,0.9489734519949545,0.6522477670330322,0.7052233103362959
737.5076193937444,60.67301250394773,17.68857141343459,-1.7001744136182135,5.725399151528009,5.9725026982865135,0.18351333462911912,-0.9310604000839694,0.9489734519949545,0.6522622037736262,0.705238275988616
737.6076193937445,60.50405440554692,18.25557735823694,-1.6799656602308277,5.619001857235212,5.864764828291716,0.1967720330609597,-1.0658970697825154,1.0839076512166044,0.6522397376634668,0.7052177468825678
737.7076193937445,60.337041699689095,18.812148058611672,-1.6602884569247272,5.512412150256935,5.757017063940125,0.1967720330609597,-1.0658970697825154,1.0839076512166044,0.6522528480520365,0.7052307287671733
737.8076193937445,60.171935228162745,19.357127614474923,-1.6417472414186878,5.391824600519036,5.636231589233017,0.18130134096934092,-1.2061150061923613,1.2196653575467662,0.6522295822542805,0.7052087405410647
737.9076193937445,60.00866701072568,19.890279499495986,-1.6236171073217496,5.271213099899772,5.515597887422796,0.18130134096934092,-1.2061150061923613,1.2196653575467662,0.6522424449690717,0.7052208419570539
738.0076193937446,59.84700324232544,20.410435703923447,-1.6087364104512791,5.136608164872801,5.3826365544916355,0.14660977609644155,-1.3454573418491595,1.353421547479888,0.6522193530486965,0.7051984557986186
738.1076193937446,59.686835289981545,20.917277327809902,-1.594754017178708,4.999786258577149,5.247961795474936,0.13799173364260509,-1.374321843285823,1.381232148295946,0.6522166188619815,0.7051952422152936
738.2076193937446,59.52791743744747,21.409951463771755,-1.58345416957087,4.8541780427685755,5.105915351631667,0.10696720072208815,-1.4763413622658907,1.4802114038094103,0.6522104591823238,0.7051886113208005
738.3076193937446,59.370078756352235,21.887888327654807,-1.5735784934192063,4.703607585091934,4.959846125585535,0.0922612089364947,-1.5301396638084817,1.5329186284452143,0.6522067622301047,0.7051842228689114
738.4076193937447,59.21315683036416,22.350487762090275,-1.565031597398306,4.547549714059714,4.809317238725231,0.0806921410149859,-1.5851895818192463,1.5872420205910185,0.6522036257968213,0.7051803158993221
738.5076193937447,59.05705713132937,22.797316785587252,-1.5569623832968056,4.389030755877753,4.657007927740955,0.0806921410149859,-1.5851895818192463,1.5872420205910185,0.6522191149511413,0.7051941318158449
738.6076193937447,58.90169515513427,23.227731020764633,-1.549763728438909,4.222381729739875,4.497807808880451,0.07525707675093585,-1.6601081649254792,1.6618130902280612,0.6521990071467189,0.705174085875072
738.7076193937447,58.747095067674096,23.64166865291409,-1.5422380207638136,4.05637091324729,4.339659329777873,0.07525707675093585,-1.6601081649254792,1.6618130902280612,0.6522155525590095,0.7051889949016632
738.8076193937447,58.59329933119108,24.038713165205284,-1.5338224973033372,3.8863778433838165,4.17810294209926,0.08627880132552956,-1.691752617151277,1.6939512830056138,0.652196362931752,0.7051699617226503
738.9076193937448,58.440348475467346,24.41889218645799,-1.5251946171707824,3.7172025816686505,4.0179364919583795,0.08627880132552956,-1.691752617151277,1.6939512830056138,0.6522137351650372,0.7051858361270216
739.0076193937448,58.2883861035402,24.782206920791435,-1.514610375435314,3.5493018516043953,3.8589620655272956,0.1072524630707965,-1.6694093936193035,1.6728511034575442,0.652195236470167,0.705167661371432
739.1076193937448,58.137478740234954,25.12882832595332,-1.5034525311497207,3.3833182714340793,3.7023252206201698,0.11275650832703643,-1.657140636541177,1.6609723415656874,0.6521970202090899,0.7051689068382213
739.2076193937448,57.987787906086595,25.459123693860437,-1.4904354541151137,3.2226031642206574,3.550573051907018,0.13520015924726117,-1.5871804912762326,1.5929284337183351,0.6521951025702752,0.7051667308715388
739.3076193937449,57.83944477189885,25.773549833657377,-1.476188205767598,3.0669847418736675,3.4037519042570135,0.14867284563536726,-1.527613049580482,1.5348306891243404,0.6521952525485333,0.7051666223843267
739.4076193937449,57.69259871896045,26.072767995661977,-1.4605057700710393,2.918697038772982,3.2637201945866887,0.16364722887266842,-1.4416994948122603,1.4509575627355993,0.6521954824859385,0.7051666794475558
739.5076193937449,57.54736637809768,26.357429202065276,-1.4441410471837688,2.7745270892917233,3.12786571536801,0.16364722887266842,-1.4416994948122603,1.4509575627355993,0.6522138177710247,0.7051840526567784
739.6076193937449,57.40394144415741,26.62891934474705,-1.425252415043995,2.649426464700911,3.0084555902400005,0.18807529174307958,-1.2436690491944695,1.2578096117014372,0.65219601308294,0.7051670769035916
739.707619393745,57.262356579111696,26.887643645971227,-1.4064448858696825,2.5250595597814356,2.890330949464542,0.18807529174307958,-1.2436690491944695,1.2578096117014372,0.6522143489733961,0.705184564668607
739.807619393745,57.12279160596722,27.135445226347315,-1.3855914344427387,2.4236594632192223,2.791771626915994,0.2076823885216582,-1.0090771412605013,1.03022747561717,0.6521964667653338,0.7051676025288283
739.907619393745,56.98527087446553,27.372765786962987,-1.3648231955905683,2.322751749093149,2.6940523460276964,0.2076823885216582,-1.0090771412605013,1.03022747561717,0.6522147189958192,0.705185072840646
740.007619393745,56.849932110014954,27.601686091092294,-1.3425028419956853,2.2473602452418784,2.6178124364935176,0.22283036127461298,-0.7509308853973986,0.7832946856384866,0.6521967338721285,0.7051680519060419
740.107619393745,56.71680597683577,27.822847544306622,-1.3199716900876304,2.176731466516265,2.5456797009747407,0.22598310702825428,-0.6942605749041071,0.7301137654696868,0.6521987289776612,0.7051700619673711
740.2076193937451,56.5859897968862,28.037932142397405,-1.2963915133558277,2.124138649114883,2.488492707757974,0.23867826871660602,-0.47995219778082365,0.5360237197290799,0.6521967869318241,0.7051683180452695
740.3076193937451,56.45755839044351,28.248174763253864,-1.2720924050121434,2.0829633741792626,2.4406875066386187,0.2467917827910436,-0.353180805479552,0.43086293111889634,0.6521967385852143,0.7051683688952354
740.4076193937451,56.33160297313024,28.454990024513137,-1.2468521788355598,2.055579791535303,2.4041731708084804,0.257500868893619,-0.20596627075830165,0.3297405073251553,0.6521966533518682,0.7051683722918081
740.5076193937451,56.208205259591125,28.65951817231292,-1.2211020919461921,2.0349831644594683,2.373235512668062,0.257500868893619,-0.20596627075830165,0.3297405073251553,0.6522146057800569,0.7051855344162369
740.6076193937452,56.08753631726313,28.863781460063688,-1.1930050465272106,2.0412087364963267,2.364274549833061,0.28166856500323045,0.0601354182685474,0.2880164041184325,0.6521963939786279,0.7051682441006347
740.7076193937452,55.9696441554354,29.068203010804712,-1.1648381900268812,2.047222278323183,2.3554122921068115,0.28166856500323045,0.0601354182685474,0.2880164041184325,0.6522143299476989,0.7051853555920748
740.8076193937452,55.85472945192531,29.274918583230505,-1.134343793713948,2.0784233697026155,2.3678216879789167,0.3028962480437351,0.3076611252342931,0.43174240590820273,0.6521960809751751,0.705167995643578
740.9076193937452,55.74280955379411,29.484299225826987,-1.1040541689095675,2.1091894822260517,2.3806755091401257,0.3028962480437351,0.3076611252342931,0.43174240590820273,0.6522140170304099,0.7051850752046129
741.0076193937452,55.63396120111111,29.698243943854436,-1.0733838872961434,2.161904967995224,2.413707948395872,0.30124477169289365,0.5195608260697244,0.6005762769695104,0.6521957759673654,0.7051676944138571
741.1076193937453,55.528113359102015,29.9171552073043,-1.043654510995436,2.2168994871307977,2.4502771423579652,0.29614317341624397,0.5579999747931961,0.6317157201069568,0.6521975811438308,0.7051693914482668
741.2076193937453,55.42510397611915,30.14216802577197,-1.016613843500654,2.2825828273905233,2.4987372952544025,0.25829629532686726,0.67670749105609,0.7243272772932221,0.6521955143284404,0.7051673913075749
741.3076193937453,55.324671708997876,30.373905947853483,-0.9926956907785222,2.3530497276949025,2.5538770047704533,0.22123939093138634,0.726474897574358,0.759415989366411,0.6521954028492782,0.7051672476812012
741.4076193937453,55.22640705530418,30.612927668190984,-0.9734503809617026,2.427954131405132,2.6158300610708127,0.1657321510565749,0.7648795298101683,0.7826288015505585,0.6521953094139397,0.7051671186639048
741.5076193937454,55.12989067796327,30.859547478980605,-0.9568771658560413,2.504442084386166,2.681015491298253,0.1657321510565749,0.7648795298101683,0.7826288015505585,0.6522133010229685,0.7051842080655268
741.6076193937454,55.03421428495914,31.11404149235013,-0.9528320988566849,2.5837396068883796,2.753833576092672,0.03529346006503781,0.7817735356773294,0.782569798426182,0.6521951641904751,0.7051668970045668
741.7076193937454,54.93910754237377,31.376324320717416,-0.9493027528501803,2.6619169604561304,2.826124134027544,0.03529346006503781,0.7817735356773294,0.782569798426182,0.6522132044916271,0.7051840352021133
741.8076193937454,54.84335140934165,31.64623129733501,-0.9609680314503564,2.7367790086030466,2.900589405517411,-0.11962028299905533,0.7407972480306968,0.7503929469248947,0.6521950772344297,0.705166738247063
741.9076193937454,54.7466565047816,31.92361318443553,-0.9729300597502646,2.810858733406133,2.9744780584719703,-0.11962028299905533,0.7407972480306968,0.7503929469248947,0.6522131466429028,0.705183911225068
742.0076193937455,54.64766873188075,32.2079381222687,-1.0013709857586062,2.877763049961809,3.0470090290060936,-0.2846703022103625,0.6654393002127806,0.7237725079251175,0.6521950409241385,0.7051666431202437
742.1076193937455,54.54599809683477,32.49898453383324,-1.0325670951308825,2.942891177676085,3.118782340848871,-0.319280980574015,0.6474600801341062,0.7219036638801383,0.6521969790440335,0.7051684662141092
742.2076193937455,54.44062301979485,32.796229262351275,-1.0743714061607226,3.0022661287131647,3.188710683958973,-0.4430039623910722,0.5791460075983426,0.7291519792274378,0.6521950372036068,0.705166597485096
742.3076193937455,54.33084797299299,33.099279648236916,-1.122316634623003,3.0580374443472516,3.2574817941749683,-0.5100581810397626,0.5394411267561576,0.7423988667027612,0.6521950394071027,0.7051665848599222
742.4076193937456,54.215924185318734,33.407693374246385,-1.1772424830854349,3.1095598347291404,3.3249454476339726,-0.5816290262459068,0.49481748891029564,0.7636338595840629,0.6521950459575708,0.7051665814100696
742.5076193937456,54.09529179187893,33.721123445163926,-1.2354053857100389,3.1590415836201813,3.3920156535727943,-0.5816290262459068,0.49481748891029564,0.7636338595840629,0.6522131227221613,0.7051837874139881
742.6076193937456,53.96805702205975,34.03897939105202,-1.3050875888478504,3.200757193954896,3.456602411215197,-0.6912231431667308,0.41844324302594327,0.8080124883214141,0.6521950555153159,0.7051665805647264
742.7076193937456,53.8340921474591,34.36114732666271,-1.3742099031645392,3.2426015182575,3.5217776000425323,-0.6912231431667308,0.41844324302594327,0.8080124883214141,0.6522131507469355,0.7051838098082152
742.8076193937457,53.692670298186115,34.687017525073855,-1.4511546532256285,3.277216329768185,3.584131233601477,-0.7623826895196637,0.3460276051089608,0.8372350140651541,0.6521950644845299,0.705166589304931
742.9076193937457,53.54374291941592,35.01646929607629,-1.5273929221776121,3.3118190902790885,3.6470638636381563,-0.7623826895196637,0.3460276051089608,0.8372350140651541,0.6522131624989285,0.7051838246070268
743.0076193937457,53.38693948392905,35.34888022029553,-1.6070114336425,3.3388535417042666,3.7054593130688738,-0.7879819303870941,0.26929794834471404,0.8327285917988185,0.6521950746590957,0.7051666049925294
743.1076193937457,53.222301429798364,35.684057803391624,-1.6857270295654263,3.364437799478829,3.7631260043704917,-0.786823464888853,0.2522123484967777,0.8262579703905798,0.6521970217302986,0.7051684639847363
743.2076193937457,53.04986867731013,36.02149399309351,-1.7627588648731263,3.384523794998318,3.816060813797208,-0.7597010660706598,0.18649850836633597,0.782257888047008,0.652195081766613,0.7051666198943974
743.3076193937458,52.86984924587155,36.36080716029648,-1.8370304759042906,3.4010294906904712,3.8654472659638532,-0.7263631140587026,0.1465153109678568,0.7409926516592884,0.6521950805168714,0.7051666222394403
743.4076193937458,52.68261003589458,36.70155129602262,-1.9069365344504592,3.413129556230019,3.9097135846546167,-0.6732998420891027,0.09896336295417005,0.6805339260936293,0.6521950799040647,0.7051666257651816
743.5076193937458,52.48854988323904,37.04335906846047,-1.9742665186593846,3.423025892525438,3.951561026682875,-0.6732998420891027,0.09896336295417005,0.6805339260936293,0.6522131472029811,0.7051838323926198
743.6076193937458,52.288563639728686,37.38556277179722,-2.0291921611205965,3.424031941346345,3.9801527058786697,-0.5435407267089671,0.010524337913931703,0.5436426062035965,0.6521950694849835,0.70516662147668
743.7076193937459,52.082926719983035,37.7280185876215,-2.083546233791506,3.4250843751377387,4.009035779979949,-0.5435407267089671,0.010524337913931703,0.5436426062035965,0.6522131540815203,0.7051838433193062
743.8076193937459,51.87285749295538,38.07001791754119,-2.122724739876832,3.417777293539208,4.023327223768576,-0.38960363636830897,-0.07173592751528757,0.3961527947243186,0.6521950578390874,0.7051666134435572
743.9076193937459,51.65863700078581,38.41143696725762,-2.1616851035136717,3.4106037007876777,4.037957415647114,-0.38960363636830897,-0.07173592751528757,0.3961527947243186,0.6522131470585976,0.7051838384141574
744.0076193937459,51.44157454253413,38.751628626463585,-2.1848691578938184,3.3958276007827384,4.037981962732559,-0.23275859641566532,-0.14689614820396857,0.2752363394658359,0.6521950519326787,0.705166608436354
744.107619393746,51.22202619674209,39.090427806722786,-2.2056103109734666,3.379921578844212,4.0359121302388665,-0.2006214199585532,-0.16232708366700188,0.2580678907536154,0.652196993427178,0.7051684576825532
744.207619393746,51.00094396636048,39.42737216633372,-2.2165573279008104,3.3591991524217013,4.024592567391321,-0.08644118899444497,-0.21916758996112962,0.23559819957746536,0.6521950496156592,0.7051666049597599
744.307619393746,50.778970128264945,39.76213654594603,-2.2218141639889213,3.335499882088349,4.007744707776829,-0.024034226544183412,-0.25234265358506514,0.25348463240190583,0.652195046183427,0.7051666001039182
744.407619393746,50.5568014392808,40.09434894862677,-2.22054325333329,3.3081436231196544,3.984297500326905,0.043078287223567546,-0.29205053812967363,0.29521052767804223,0.6521950448968971,0.7051665980272658
744.507619393746,50.33496250538354,40.42370305824816,-2.2162354246109324,3.27893856930668,3.9576682021851375,0.043078287223567546,-0.29205053812967363,0.29521052767804223,0.6522131128440636,0.705183800710362
744.6076193937461,50.11428642368043,40.749619741093625,-2.2012383443497074,3.2418983144029117,3.91859093674804,0.14389778625969374,-0.37214644932930524,0.39899818626010025,0.6521950367947097,0.7051665874014384
744.7076193937461,49.894882078176714,41.07194884028734,-2.186848565723735,3.2046836694699725,3.8797298966262437,0.14389778625969374,-0.37214644932930524,0.39899818626010025,0.65221312391199,0.705183808340438
744.8076193937461,49.67739246676781,41.38995835170626,-2.165656875767106,3.158362697458951,3.8295332133639373,0.2052864150500222,-0.4659803460599078,0.509195635407651,0.6521950307200266,0.7051665787934152
744.9076193937461,49.4618532112663,41.70346471972193,-2.145128234262099,3.11176466285295,3.7795045255176984,0.2052864150500222,-0.4659803460599078,0.509195635407651,0.6522131233631564,0.7051838051867293
745.0076193937462,49.24858444560287,42.01159823828062,-2.1216276869554918,3.0543340363311784,3.7189058132127006,0.22927903966892327,-0.5769435388034757,0.6208322841143019,0.6521950317678972,0.7051665774231123
745.1076193937462,49.037571307372794,42.31406643958761,-2.09862410190331,2.9946434791083503,3.6567899431134454,0.23017962571529615,-0.6022963121583937,0.6447817520169403,0.6521969767761858,0.7051684295068623
745.2076193937462,48.828846430322514,42.6101200462908,-2.0759603122007055,2.9267942263395397,3.5882775340219877,0.22326234793521682,-0.6993588036588317,0.734131331752472,0.6521950363034551,0.7051665800032002
745.3076193937462,48.6223504662453,42.899200162753864,-2.0541357462870864,2.853806604277286,3.5162033215943387,0.21342531567387002,-0.755831711968031,0.7853864922361573,0.6521950359378208,0.7051665785633693
745.4076193937462,48.41797588744658,43.180678985774,-2.0335957310874972,2.7748250966149826,3.4402275962938327,0.1978467084580079,-0.8181422000623605,0.8417244083252828,0.6521950373731391,0.7051665799293605
745.5076193937463,48.215605547880074,43.45407078443525,-2.013811060241692,2.693010876608728,3.3626987031080673,0.1978467084580079,-0.8181422000623605,0.8417244083252828,0.6522131076599766,0.7051837859525769
745.6076193937463,48.014980507569085,43.718584321254,-1.9975896375123907,2.6009667615526264,3.2795415006671957,0.16104263135590363,-0.9158108914950402,0.9298625264494607,0.6521950335419796,0.7051665757474865
745.7076193937463,47.81602675697459,43.97410194295185,-1.9814853743767968,2.5093856724031016,3.19738967624078,0.16104263135590363,-0.9158108914950402,0.9298625264494607,0.652213122200382,0.70518379950767
745.8076193937463,47.618410035125954,44.219964454078394,-1.9695198801625124,2.410639071507877,3.112906887691265,0.11892614386207563,-0.9815793084360545,0.9887574861631673,0.6521950301743857,0.7051665724239204
745.9076193937464,47.422052677828965,44.456120464687054,-1.9576272657763023,2.312481140664249,3.0298306120373506,0.11892614386207563,-0.9815793084360545,0.9887574861631673,0.6522131236472523,0.7051838009156557
746.0076193937464,47.22658545715453,44.68220846760124,-1.9502367787271724,2.2108739680354788,2.9481158721524294,0.07368016928197968,-1.0093167442925675,1.012002498838204,0.6521950325872029,0.7051665748671869
746.1076193937464,47.031899595489556,44.89824702050084,-1.9436263846294057,2.1098927554746005,2.868681049303282,0.06407059828355155,-1.0098591691224863,1.011889610098439,0.6521969778833427,0.705168428303448
746.2076193937464,46.83771325209245,45.10422085027446,-1.9399315924562264,2.009724021757018,2.793264260151007,0.030525720378473675,-0.9951136892550225,0.9955817767252303,0.6521950374999977,0.705166579811922
746.3076193937464,46.643842080905586,45.30025140400203,-1.9377801083881756,1.9112599699220159,2.7217469428826764,0.014179960663882274,-0.9743897259465701,0.9744928985450132,0.6521950370720411,0.7051665790791813
746.4076193937465,46.45010297597058,45.48656762815986,-1.9372379747278257,1.8156070476382153,2.655055540315706,-0.0014991696235300278,-0.9392361472095796,0.9392373436648774,0.6521950383371811,0.7051665808879091
746.5076193937465,46.25637168264963,45.66343215218767,-1.9373878916901788,1.721683432917236,2.591845999678491,-0.0014991696235300278,-0.9392361472095796,0.9392373436648774,0.6522131083844687,0.7051837871326508
746.6076193937465,46.06247169562793,45.83147969745796,-1.939768172927961,1.6367246587751505,2.538024462716408,-0.022459704835907812,-0.8429154088592015,0.8432145781671418,0.6521950339923273,0.7051665769737858
746.7076193937465,45.868382579810905,45.99093758629121,-1.9420141434115523,1.552433117889211,2.4862557227143234,-0.022459704835907812,-0.8429154088592015,0.8432145781671418,0.6522131223676871,0.7051838006448254
746.8076193937466,45.67395466491157,46.1428043731473,-1.9459531684988536,1.4810045410483286,2.4454259720131577,-0.03900490602675322,-0.708651131736692,0.7097237555597602,0.6521950300718904,0.7051665733781675
746.9076193937466,45.47916432353151,46.287361571593486,-1.9498536591015299,1.4101394278746433,2.406329673581376,-0.03900490602675322,-0.708651131736692,0.7097237555597602,0.6522131233033368,0.7051838016256173
747.0076193937466,45.28388812200905,46.425872451643514,-1.9551340915392428,1.3550407104931599,2.378798991716784,-0.05145061747509252,-0.5480502714326632,0.5504600494640679,0.6521950320400225,0.70516657530308
747.1076193937466,45.08811339713503,46.558749664948714,-1.9603775077827228,1.3030463521462066,2.3539349542546697,-0.05266766323634317,-0.5123767913275084,0.5150765564863634,0.6521969771771688,0.7051684284585568
747.2076193937467,44.89181022135539,46.68704162218118,-1.9656083404576306,1.2622361298819114,2.3359914802190236,-0.05023550521940123,-0.3809262598942742,0.38422444152043295,0.6521950366803451,0.7051665796990618
747.3076193937467,44.695009602504385,46.811493649836244,-1.9702704426325526,1.228092634776297,2.3216755020250486,-0.0428596836123325,-0.30818847805863814,0.3111544479634654,0.652195036183243,0.7051665787251624
747.4076193937467,44.497792954584796,46.93291655206955,-1.973840891222525,1.201547220707919,2.3107928482347906,-0.028559567049395995,-0.2301346391197756,0.23189998057964192,0.6521950374197681,0.7051665803289999
747.5076193937467,44.300266067627255,47.05192060094477,-1.9766968479274651,1.1785337567959362,2.3013631274776953,-0.028559567049395995,-0.2301346391197756,0.23189998057964192,0.6522131074742459,0.70518378641095
747.6076193937467,44.10270182738965,47.169480556153026,-1.9756566273934146,1.1680799811575915,2.295131793981479,0.013857876827309434,-0.11065789360815348,0.11152224068747137,0.6521950331171791,0.7051665761324244
747.7076193937468,43.905205454034395,47.28573526480077,-1.9742708397106834,1.1570141917967736,2.2883241004173924,0.013857876827309434,-0.11065789360815348,0.11152224068747137,0.6522131215511328,0.7051837997279462
747.8076193937468,43.70823062427086,47.40148829595492,-1.9669875086148971,1.154696722494914,2.280869215888438,0.07584577515718499,-0.029662914260419893,0.08143997846030708,0.6521950293288818,0.7051665724255731
747.9076193937468,43.51191110228511,47.51680965363314,-1.959402931099177,1.1517304310688714,2.272827057268136,0.07584577515718499,-0.029662914260419893,0.08143997846030708,0.6522131226447794,0.7051838006750437
748.0076193937468,43.316851885741585,47.632184962033776,-1.9441314857085277,1.1537418305795313,2.2607006536364462,0.15599149428910736,0.014691230288101043,0.15668177474718184,0.6521950314698114,0.7051665743854816
748.1076193937469,43.123280988181584,47.74765065095745,-1.926985215986429,1.155654312992786,2.246955476588064,0.17566869814491914,0.020264781815693134,0.17683368709035155,0.6521969766961553,0.70516842760125
748.2076193937469,42.93178576763725,47.86337864523162,-1.9031514490149628,1.1587498259589089,2.228157668803434,0.2571823642470514,0.03141955730078805,0.259094494462311,0.6521950362854616,0.7051665789234042
748.3076193937469,42.74285003395964,47.979413011749934,-1.874630249832153,1.1619415202560561,2.2055263929685167,0.30966115713918985,0.031792060738878414,0.3112888808916993,0.6521950358692563,0.7051665780477796
748.4076193937469,42.557057310809746,48.09576091395121,-1.8402557549753136,1.1649580568733298,2.1779964458175423,0.3732323545078613,0.02813776466729101,0.37429149636607256,0.6521950371800602,0.7051665797619353
748.507619393747,42.37489789708472,48.212397408461904,-1.802932519524519,1.1677718333400595,2.1480821038082865,0.3732323545078613,0.02813776466729101,0.37429149636607256,0.65221310730184,0.7051837859625889
748.607619393747,42.19725471534217,48.329229373060635,-1.753933925553828,1.1692095082037635,2.1079219836803134,0.4879312452815421,0.012658578404303227,0.48809542072141415,0.652195033005143,0.7051665758068454
748.707619393747,42.024300979013155,48.44621361677306,-1.7051408010256626,1.170475366044194,2.0682160752297443,0.4879312452815421,0.012658578404303227,0.48809542072141415,0.6522131214937972,0.7051837995275846
748.807619393747,41.856893109175296,48.563170569615316,-1.6465846643583935,1.16934213532775,2.019554922836491,0.5806946608846415,-0.013200957983403427,0.5808446904910196,0.6521950293217547,0.7051665723494429
748.907619393747,41.69513811604384,48.6800387783582,-1.5885151982699162,1.1680220395294092,1.9717139802620844,0.5806946608846415,-0.013200957983403427,0.5808446904910196,0.65221312268514,0.705183800721098
749.0076193937471,41.53965342830604,48.79654326265729,-1.5237380702866445,1.1631280219261906,1.9169362280031121,0.6431097977055186,-0.05087125335785336,0.6451186684037534,0.6521950315565757,0.7051665745489585
749.1076193937471,41.39052711042374,48.91257194183132,-1.458639124167857,1.15730181771437,1.8619816303707608,0.6530611304204664,-0.060268454923245285,0.655836204188891,0.6521969768299124,0.7051684278763132
749.2076193937471,41.248055642658514,49.027849190327466,-1.391040102317103,1.1483772377398977,1.8038189616514995,0.6787633407861997,-0.09721382365990577,0.6856895801350797,0.6521950364681054,0.7051665793020098
749.3076193937471,41.112356606162024,49.14216256131936,-1.3228733205764382,1.1375196610473293,1.744690460099488,0.68284862246992,-0.11813387660778091,0.6929919581145583,0.6521950361036236,0.7051665785199666
749.4076193937472,40.98347581222863,49.25527958874163,-1.2548640804581908,1.1244832926481152,1.6849767167141887,0.6754428079568208,-0.14044057953059283,0.6898887904579138,0.652195037469303,0.7051665803153485
749.5076193937472,40.86136661822257,49.36702571510882,-1.1873197996624931,1.1104392346950527,1.6256702004467933,0.6754428079568208,-0.14044057953059283,0.6898887904579138,0.6522131076489212,0.7051837865825217
749.6076193937472,40.74575216486406,49.47712628129436,-1.1240737546158452,1.092886268310449,1.5677825746185923,0.6244570994361108,-0.17322739686940586,0.6480388877701024,0.6521950334114565,0.7051665764748141
749.7076193937472,40.63646707489963,49.58554877114108,-1.06162804467222,1.0755635286235046,1.5112547797574059,0.6244570994361108,-0.17322739686940586,0.6480388877701024,0.6522131219595259,0.705183800223146
749.8076193937472,40.532855648577474,49.692100865092854,-1.008088688172017,1.056322537777242,1.4601575624008976,0.5287525919609762,-0.1893049734128709,0.56161879995625,0.6521950298435252,0.705166573047781
749.9076193937473,40.434690542720055,49.796786594003535,-0.9552134289759073,1.0373920404359507,1.4101825911759711,0.5287525919609762,-0.1893049734128709,0.56161879995625,0.6522131232571697,0.7051838013957208
750.0076193937473,40.34099383118588,49.89956675514551,-0.9149002819374915,1.0184239805572135,1.3690251751020874,0.39764766925194456,-0.18674663301501482,0.439315346651979,0.652195032167892,0.7051665751696926
750.1076193937473,40.25139079498621,50.00048376922919,-0.8776491812621593,0.9999586254888395,1.3304831220499072,0.3656892360786594,-0.18405861445946492,0.40939735092026597,0.6521969774660886,0.7051684284124476
750.2076193937473,40.164933550453085,50.099616885254214,-0.8510957720164618,0.9827150913818841,1.3000357548829193,0.23610434019035578,-0.16760952932449713,0.2895482926509889,0.6521950371096012,0.7051665797221645
750.3076193937474,40.08085861780083,50.19707470767784,-0.831852164665696,0.9666951209680411,1.2753342623651338,0.15454315448095743,-0.15341945928056994,0.21776390215751446,0.6521950367266868,0.7051665787944793
750.4076193937474,39.998258919754406,50.29301362282969,-0.821622444210014,0.9523842141563778,1.2578152218048162,0.05726314077353578,-0.13376273348016562,0.14550441972440425,0.6521950380462823,0.7051665804183563
750.5076193937474,39.91638299103725,50.38758323057794,-0.815896130132659,0.9390079408083583,1.2439543432403788,0.05726314077353578,-0.13376273348016562,0.14550441972440425,0.6522131081496892,0.7051837864947386
750.6076193937474,39.83387759780403,50.4810915101496,-0.8281383829824054,0.9298451169837276,1.2451606815777614,-0.12087848338917062,-0.09032494283598969,0.15089798886927155,0.6521950338037091,0.7051665761866842
750.7076193937474,39.75045936708883,50.57362439713381,-0.8402262313213252,0.9208126227001266,1.2465456292989532,-0.12087848338917062,-0.09032494283598969,0.15089798886927155,0.6522131222129963,0.7051837997381744
750.8076193937475,39.66472423582459,50.66556797285394,-0.8687124817644573,0.9164826838796557,1.2627754692836803,-0.2800803945256325,-0.043595939775833537,0.28345305318971614,0.6521950299306246,0.7051665723869829
750.9076193937475,39.5764525856755,50.75699826154305,-0.8967205212170268,0.9121230899020714,1.2790919530292724,-0.2800803945256325,-0.043595939775833537,0.28345305318971614,0.6522131231576852,0.7051838005999526
751.0076193937475,39.48448954986982,50.84828042234373,-0.9377572268333991,0.9120148851364388,1.3081130559659966,-0.4036968224150477,-0.0024532262609203714,0.40370427635472705,0.6521950318718874,0.7051665743053619
751.1076193937475,39.3886282059218,50.93949387308778,-0.9797843467778338,0.9123685354484562,1.3388030888324196,-0.4246445620823236,0.005128191646802449,0.42467552608509795,0.6521969769781769,0.705168427572322
751.2076193937476,39.28824301221709,51.030864508988294,-1.0274954231439106,0.9149076157510566,1.3757916956941436,-0.4875095395934852,0.030056324989083782,0.48843518901334426,0.6521950364533685,0.7051665790295067
751.3076193937476,39.183003768863834,51.122528843237234,-1.0777751204420671,0.9186003511830111,1.4161305785263814,-0.515096106921412,0.04257384937907041,0.5168525244366583,0.6521950359487191,0.7051665784035744
751.4076193937476,39.072597909677135,51.21462620447245,-1.1307319159636389,0.9235242413135131,1.459949208045438,-0.5410340857459921,0.054376471952372746,0.5437597655591931,0.6521950372203679,0.7051665805147485
751.5076193937476,38.95681954765202,51.307250510963584,-1.1848353245382504,0.9289618885087516,1.5055912249264098,-0.5410340857459921,0.054376471952372746,0.5437597655591931,0.6522131073797928,0.7051837872935444
751.6076193937477,38.83536973148451,51.40051558020302,-1.242730351596998,0.9357050825050135,1.5556100823169388,-0.5765337140584007,0.064289525904922,0.5801071164768222,0.6521950332281924,0.7051665779275464
751.7076193937477,38.708214027754494,51.49440753608307,-1.3003837230028512,0.9421340350955072,1.6058064538219101,-0.5765337140584007,0.064289525904922,0.5801071164768222,0.6522131220029415,0.7051838026816305
751.8076193937477,38.57512114690638,51.588900700190656,-1.360507526942562,0.9477153753394099,1.658054632248915,-0.5990150545344359,0.051172112630138544,0.6011968235693905,0.6521950302917312,0.7051665767994234
751.9076193937477,38.43607531893942,51.68392809828777,-1.4204090323960192,0.9528325866024249,1.7103952050341065,-0.5990150545344359,0.051172112630138544,0.6011968235693905,0.6522131243262185,0.7051838067520759
752.0076193937477,38.29096406468832,51.77922736576089,-1.481298940334719,0.9540998459453434,1.7619741958013144,-0.6060495015439705,0.007762287904323983,0.6060992092349278,0.6521950341082433,0.7051665824417559
752.1076193937478,38.13980611605299,51.87463596134052,-1.5418468651494068,0.9538761782704461,1.81305585105448,-0.6052902063689396,-0.004974558946074681,0.6053106476536336,0.6521969805613559,0.7051684379127547
752.2076193937478,37.9826238426805,51.96977979342087,-1.6017566776276302,0.9491257186944393,1.8618442695918314,-0.5956670423929025,-0.06106979810922114,0.5987894000683452,0.6521950416662452,0.7051665917347856
752.3076193937478,37.8194872764063,52.06431954334438,-1.6607872880799281,0.9409891311161689,1.9088412613747234,-0.5852243127640397,-0.09928116030391543,0.5935859205215656,0.6521950430658807,0.7051665935631155
752.4076193937478,37.650511700332416,52.15783057019922,-1.7184736369044198,0.9284968251509921,1.9532685414583872,-0.568932923335316,-0.14741011833392847,0.587719673179392,0.6521950464888366,0.7051665981211502
752.5076193937479,37.47581967202526,52.24994320212268,-1.7753669292379641,0.9137558133175959,1.996716659870283,-0.568932923335316,-0.14741011833392847,0.587719673179392,0.6522131190045941,0.7051838072320692
752.6076193937479,37.295696783876785,52.33997094668511,-1.8282406723880953,0.8898968670902244,2.0333175822362506,-0.5258684056954037,-0.2372952760297793,0.5769286161516647,0.6521950473262396,0.7051665999190843
752.7076193937479,37.11024337460945,52.427774157014,-1.8808275129576477,0.8661673394872411,2.070690221518626,-0.5258684056954037,-0.2372952760297793,0.5769286161516647,0.6522131386226375,0.7051838263360793
752.8076193937479,36.919904616447106,52.512680909878306,-1.9276757818102623,0.8347865283443688,2.1006671482372092,-0.4657462231446191,-0.3095874298577661,0.5592530027629844,0.6521950493315254,0.7051666015221026
752.907619393748,36.72480830715031,52.594611625563466,-1.9742504041247348,0.8038277853585852,2.1316199864659664,-0.4657462231446191,-0.3095874298577661,0.5592530027629844,0.6522131455807167,0.7051838318332352
753.007619393748,36.52553325291393,52.6731067154205,-2.013530795070513,0.7680275077656837,2.1550342260349504,-0.3906148757446268,-0.3529258508546953,0.526437686107768,0.6521950571707567,0.7051666069690523
753.107619393748,36.322282515232715,52.74812760364664,-2.0512174368786456,0.7323124230392044,2.178020766267519,-0.373148316923113,-0.35822628262944384,0.5172675671149914,0.6521970048894625,0.7051684608809654
753.207619393748,36.115573762965944,52.819516815414325,-2.0831930421258416,0.6956550270312623,2.1962762047145583,-0.30459349474632147,-0.365351299993919,0.4756666579118448,0.6521950665225802,0.7051666120219642
753.307619393748,35.90580659849122,52.88726316432335,-2.1114086189399597,0.6593827299612207,2.211974669996259,-0.2628268318383242,-0.35936582207361223,0.44522099861620845,0.6521950675516657,0.7051666100083613
753.4076193937481,35.693445593050825,52.95143147261727,-2.1350751316505785,0.6242382638641892,2.224459311352966,-0.21438331088109586,-0.343063546586002,0.4045402340688829,0.6521950695541768,0.7051666095843758
753.5076193937481,35.47886616333131,53.01213998127078,-2.156513462738693,0.5899319092055813,2.23574819075677,-0.21438331088109586,-0.343063546586002,0.4045402340688829,0.652213139499845,0.7051838126871982
753.6076193937481,35.26272014241881,53.06972502252815,-2.1693823308874847,0.5604624952115265,2.2406110564097346,-0.13061962994717402,-0.29019479681478144,0.31823655953694097,0.6521950640098295,0.7051665985426476
753.7076193937481,35.04512881118028,53.124320298065236,-2.182444293882205,0.5314430155300417,2.2462178822755954,-0.13061962994717402,-0.29019479681478144,0.31823655953694097,0.6522131503151384,0.705183817648735
753.8076193937482,34.82672595652068,53.17649946643176,-2.188175230919457,0.5099503482137888,2.246811117751731,-0.05893180974328005,-0.21002736236430208,0.21813860534376764,0.6521950549339318,0.7051665855179421
753.9076193937482,34.60761377437997,53.22644436444133,-2.1940684118937868,0.4889476119773538,2.247889223989581,-0.05893180974328005,-0.21002736236430208,0.21813860534376764,0.6522131442489023,0.7051838090988787
754.0076193937482,34.38835611804776,53.274976729039125,-2.1933325781911153,0.4785025509731664,2.24492148856977,0.006845654190641592,-0.09977695175003076,0.10001151474618218,0.6521950484167873,0.7051665788807039
754.1076193937482,34.16910049231834,53.32241265693709,-2.1915727078675085,0.47062361450433243,2.2415346351102508,0.020486485435214696,-0.0731011966524503,0.07591759372838074,0.6521969887425523,0.7051684296779303
754.2076193937482,33.950253871150835,53.36954069693025,-2.1855671911736487,0.4715946477007024,2.235867943075937,0.0705555869760464,0.033779455121121044,0.07822494769454486,0.6521950436917593,0.7051665809846146
754.3076193937483,33.732102373513385,53.41698859044142,-2.17694874761412,0.47855073567975775,2.2289272433972185,0.09953126857097466,0.10061646507139582,0.14152789995902187,0.6521950395794988,0.7051665835298201
754.4076193937483,33.514968855819234,53.465500688189096,-2.1652290336675137,0.49291325551660453,2.220626093177492,0.13198583535696345,0.18088137640756163,0.22391590623707253,0.6521950389781603,0.7051665932445609
754.5076193937483,33.29910588162922,53.5156964206228,-2.1520304501318144,0.5110013931573648,2.211867419648679,0.13198583535696345,0.18088137640756163,0.22391590623707253,0.6522131099705774,0.7051838132567171
754.6076193937483,33.084926161709994,53.568707445229634,-2.133509352940652,0.5441514979318142,2.201809031634369,0.18250125104208925,0.33040738016252735,0.3774595918741403,0.6521950404631215,0.7051666239447582
754.7076193937484,32.87248773267109,53.62477463192364,-2.115259227836439,0.5771922359480743,2.192594918854357,0.18250125104208925,0.33040738016252735,0.3774595918741403,0.6522131389189829,0.7051838768259291
754.8076193937484,32.6621231357577,53.68507511986806,-2.093420459092919,0.6240003149435419,2.1844417162283016,0.21557624308467302,0.46457800159716833,0.5121580187310559,0.6521950631898555,0.7051666881406345
754.9076193937484,32.45385897106379,53.74979804137042,-2.0718628347844463,0.6704581151032694,2.1776431503505966,0.21557624308467302,0.46457800159716833,0.5121580187310559,0.6522131808458613,0.7051839654368434
755.0076193937484,32.24788780841028,53.81995029771568,-2.048408215420606,0.728483508666138,2.174089335653243,0.2311499651738646,0.5765892943638872,0.6211968454322061,0.6521951230421775,0.7051667990308478
755.1076193937485,32.0442043092213,53.8957486199914,-2.025258126766378,0.7878001894893026,2.173085276419828,0.23154360861308293,0.597582131560251,0.6408719424734255,0.6521971118750937,0.7051687234768219
755.2076193937485,31.842816173782836,53.977818137046306,-2.00259721514453,0.8532023194451565,2.1767750926568463,0.22240242258264808,0.6666940245273879,0.7028113259696063,0.652195226103058,0.7051669570112697
755.3076193937485,31.64364617695845,54.066533778858506,-1.981055527884551,0.9216922648781753,2.1849708546564637,0.20836967826714853,0.6996735368443401,0.7300417666006672,0.6521952918941548,0.7051670486159669
755.4076193937485,31.446536577417557,54.162264606704426,-1.9615528854143456,0.9933826624496523,2.1987493800642457,0.1814927159864479,0.7302001400936704,0.7524173380172424,0.6521953709845344,0.7051671515879423
755.5076193937485,31.251288752456013,54.26525387364988,-1.9434036138156967,1.066402676459036,2.216761663903205,0.1814927159864479,0.7302001400936704,0.7524173380172424,0.652213530088928,0.7051844659381457
755.6076193937486,31.05736786091458,54.37581016468758,-1.9329363516118085,1.1431099504367137,2.2456498609912,0.09759357496518029,0.761245628346198,0.7674760012864781,0.6521955540764708,0.7051673669124578
755.7076193937486,30.86456219362818,54.49392738787301,-1.9231769941152883,1.2192345132713507,2.2770908082565224,0.09759357496518029,0.761245628346198,0.7674760012864781,0.6522137490284932,0.7051847023595251
755.8076193937486,30.671981602616654,54.61968095767006,-1.9249403223483672,1.295385821988563,2.320219746578246,-0.02262134306061081,0.7547745310941164,0.7551134470728283,0.6521957674429252,0.7051675814604328
755.9076193937486,30.47937446366647,54.75299341252442,-1.9272024566544288,1.3708632750979917,2.3650318027348507,-0.02262134306061081,0.7547745310941164,0.7551134470728283,0.6522139731375197,0.7051849073780401
756.0076193937487,30.285605762662144,54.893599683221275,-1.943705707418037,1.4421689644917397,2.420298163283323,-0.16930652888349051,0.7057968133537693,0.7258194282760083,0.6521959898966355,0.7051677625196535
756.1076193937487,30.090279435440692,55.04129533546722,-1.9633468101396887,1.5114975405388216,2.4777722881533317,-0.20374982732093594,0.6898362905034724,0.71929694829667,0.6521980347476755,0.7051696769420008
756.2076193937487,29.892373826070628,55.19560855668562,-1.9943044213750853,1.5748897020378083,2.541166601917503,-0.33973961522845986,0.6150899537461789,0.7026796263981606,0.6521961790947631,0.705167862852803
756.3076193937487,29.691095492473284,55.356079185389696,-2.032735657870152,1.6335696300522633,2.607789100177752,-0.42271923626335717,0.5615888768274857,0.7029037055553434,0.6521962428543804,0.7051678653753878
756.4076193937487,29.485521168899314,55.522112767961076,-2.080221625699256,1.6860327697361237,2.6776908919161895,-0.5194668753742578,0.49162900259486053,0.7152236788610344,0.6521962817284146,0.7051678353357561
756.5076193937488,29.274901671952467,55.693174189947705,-2.1321683132366935,1.7351956699956208,2.749008135517638,-0.5194668753742578,0.49162900259486053,0.7152236788610344,0.6522143581360079,0.705184973032593
756.6076193937488,29.057914349093718,55.868203506789364,-2.2015818857232388,1.769981288218465,2.8248533696792455,-0.6911469054668964,0.34506508598095925,0.7724985168267405,0.6521962526554712,0.7051676559481289
756.7076193937488,28.83430042599401,56.04692696104115,-2.270696576269944,1.8044877968165687,2.9003860347105452,-0.6911469054668964,0.34506508598095925,0.7724985168267405,0.6522142727184085,0.7051847395808836
756.8076193937488,28.60274821956342,56.228060635432584,-2.354980793495862,1.8233410930128995,2.978339684992945,-0.8381722016170472,0.1878487878491102,0.8589643803208303,0.6521960724218926,0.7051673437474003
756.9076193937489,28.36305927920569,56.411333988673164,-2.438798013657586,1.842125971797815,3.0563317633058475,-0.8381722016170472,0.1878487878491102,0.8589643803208303,0.6522140236654268,0.705184387445963
757.0076193937489,28.114147075145556,56.59543893812011,-2.5350309296645284,1.845248608787244,3.135494258101434,-0.9583394844128601,0.03213088280667642,0.9588779698244416,0.6521957615862036,0.7051669747253817
757.1076193937489,27.85577995638812,56.78002210855227,-2.6326543291200757,1.8459268547165981,3.215324986622439,-0.9810071783340365,-1.5768696102314017e-05,0.9810071784607693,0.6521975206069812,0.705168661237938
757.2076193937489,27.58727986384947,56.9641298171615,-2.736942282450442,1.8367471709367098,3.29613307185997,-1.0572585411676494,-0.11510008901527025,1.0635053612292085,0.6521953952316671,0.7051666911775688
757.307619393749,27.30822898054269,57.147114018634625,-2.844739685003653,1.821823436868122,3.3781036855840676,-1.0948785174430609,-0.17797524450849456,1.1092493658398788,0.6521952341575836,0.7051666455193915
757.407619393749,27.018208090140856,57.328272593350235,-2.9562018110332327,1.8003222386987943,3.461255452969284,-1.1297545183184663,-0.24571054137522674,1.1561656204038835,0.6521951277929527,0.7051667150812653
757.507619393749,26.716939136445873,57.50707626451328,-3.069177262865105,1.775751184561266,3.545862566479259,-1.1297545183184663,-0.24571054137522674,1.1561656204038835,0.6522131776893241,0.7051841420261377
757.607619393749,26.404090507445655,57.682669862353244,-3.185941804695924,1.7401134322950689,3.6301818053870036,-1.1583642303873993,-0.3517452436138917,1.2105917588708375,0.6521952101085156,0.7051673480449766
757.707619393749,26.07970450582405,57.85492247936472,-3.3017782277346903,1.7049389079336716,3.7159865641480585,-1.1583642303873993,-0.3517452436138917,1.2105917588708375,0.6522135763153806,0.7051852285933053
757.8076193937491,25.743855817438376,58.02309596668422,-3.415223224937407,1.661595570427839,3.7979796623754156,-1.1227869326243192,-0.42825772061856693,1.2016884668421088,0.6521959785978622,0.7051689399764844
757.9076193937491,25.396719560281436,58.18711423512394,-3.5275019181998646,1.6187697983659726,3.881196393253701,-1.1227869326243192,-0.42825772061856693,1.2016884668421088,0.6522148315506394,0.7051874317357395
758.0076193937491,25.03895136030333,58.34649654715464,-3.6302398096394577,1.5708904449330916,3.9555452045796686,-1.0153945464846967,-0.47396009557911334,1.1205642584127986,0.6521978072550446,0.7051718207993655
758.1076193937491,24.670950941747172,58.50119591377147,-3.729277454234129,1.5230057565111321,4.028282123315724,-0.9835097356473455,-0.4801090262982616,1.0944387041978076,0.6522011690949524,0.7051756695209095
758.2076193937492,24.293663792624212,58.65102650200222,-3.816737389520288,1.4737754705001542,4.09139321478761,-0.8385999955385699,-0.49300221345170325,0.972780106183082,0.6522010233618019,0.7051762012756793
758.3076193937492,23.907977168390953,58.795936036566225,-3.895167226195647,1.4244103121268923,4.147441676180886,-0.7360036147779956,-0.49344975178921424,0.8861117189762887,0.6522032144828493,0.7051789588356986
758.4076193937492,23.515030486480907,58.935918474725916,-3.9617381552019646,1.3753407714358283,4.193677556507744,-0.6032305651041581,-0.4870543002580258,0.7753121991015729,0.6522058038513141,0.7051820658999229
758.5076193937492,23.115840518135098,59.07101728036824,-4.022061211712394,1.3266353414100147,4.235202205307255,-0.6032305651041581,-0.4870543002580258,0.7753121991015729,0.6522268445219429,0.7052026789715227
758.6076193937492,22.712396683433276,59.201417269328125,-4.055466965695513,1.2807244959435795,4.252889317200426,-0.32968053294446964,-0.4547748011245265,0.5617022107312755,0.6522120542100791,0.70518906711821
758.7076193937493,22.30520158419891,59.32721584491689,-4.088435018989967,1.2352470158311166,4.27096430500457,-0.32968053294446964,-0.4547748011245265,0.5617022107312755,0.6522336981806809,0.705210012307482
758.8076193937493,21.896615860793187,59.44880586165669,-4.092826554720559,1.1950355966957615,4.263723640715443,-0.04487471395596576,-0.39869703666774337,0.40121449001783277,0.6522192854909873,0.7051964421532766
758.9076193937493,21.487108831751257,59.56631593614295,-4.097314026116156,1.155165893028978,4.257040106579408,-0.04487471395596576,-0.39869703666774337,0.40121449001783277,0.6522410949079211,0.7052171568780397
759.0076193937493,21.07896013880553,59.6803041909891,-4.075000342810224,1.1224152488559085,4.226753338529197,0.21654644038438908,-0.3246440978253729,0.3902385822749976,0.6522265311128324,0.7052029954007325
759.1076193937494,20.672700777931723,59.790979335637296,-4.049440341520234,1.091362080592543,4.193928739319111,0.26598750122761583,-0.30670097042680494,0.405973935210199,0.6522316745206437,0.7052073490259547
759.2076193937494,20.269789591250465,59.89887570583947,-4.0097170608622745,1.0663492809840354,4.149088056094395,0.42597116974636196,-0.2332290270421944,0.4856410366825816,0.6522323656893747,0.7052072034361427
759.3076193937494,19.871088435943,60.004428622831114,-3.9629893765351145,1.0455474960412319,4.0985917538842855,0.5006596752820633,-0.18607147274422242,0.5341186229881383,0.6522342257312784,0.7052079278189559
759.4076193937494,19.47743508884802,60.10816154294202,-3.9090434725973484,1.0299671505394463,4.042456332707415,0.5695570944455395,-0.12981753825236267,0.5841642552152168,0.6522351036411584,0.705207507005633
759.5076193937495,19.089378527060422,60.210509170304725,-3.8520877631527815,1.016985396714207,3.98407322123494,0.5695570944455395,-0.12981753825236267,0.5841642552152168,0.6522529094976004,0.7052230482196458
759.6076193937495,18.70764913662675,60.31223757235214,-3.786149106988585,1.0140817682946026,3.919602899929784,0.6498268566205496,-0.03146163274235603,0.6505880247285214,0.6522332225069744,0.7052028147956627
759.7076193937495,18.332283360210912,60.41348844101791,-3.7211664213265156,1.0109356050203662,3.856043352026256,0.6498268566205496,-0.03146163274235603,0.6505880247285214,0.6522483922810081,0.7052157992027971
759.8076193937495,17.96369423675092,60.514982629887534,-3.6523346643097603,1.0159513786265586,3.7910032582222737,0.6822236520295586,0.04592644180771632,0.6837677598758702,0.6522260291401428,0.7051932110588389
759.9076193937495,17.60187188858001,60.61680739995925,-3.584112299106789,1.0205440228073313,3.7265763208468337,0.6822236520295586,0.04592644180771632,0.6837677598758702,0.6522387779164857,0.7052043688455922
760.0076193937496,17.246949331754422,60.71947025085675,-3.5148403836819146,1.030560169610962,3.6628072821197954,0.6908643606924533,0.09487310664730964,0.6973481707439291,0.6522145478628196,0.7051808181092392
760.1076193937496,16.898923222180898,60.823020459049786,-3.4456642219171405,1.0405333912353127,3.5993487839434946,0.6920074980627269,0.10096708511793206,0.6993344905352851,0.6522101852706449,0.7051768734629229
760.2076193937496,16.55783713770367,60.92763711203486,-3.376066826122198,1.0515984092104047,3.536055207246723,0.6972857541951781,0.10959648072287564,0.7058461670862696,0.6522025436833557,0.7051707040965542
760.3076193937496,16.22372336037234,61.03333893186926,-3.306142792027378,1.06234428266068,3.4726294844363137,0.7009890472176545,0.10455958848860003,0.7087442076405425,0.6521985186364233,0.7051690870091376
760.4076193937497,15.896623542888571,61.14007149006753,-3.235771805848009,1.0720661032982197,3.408745357072293,0.7063249813739512,0.08918021914069674,0.7119326448470354,0.6521975128304937,0.7051716598491421
760.5076193937497,15.576577987210568,61.24772400149307,-3.165139307710598,1.0809841252122914,3.3446425094732777,0.7063249813739512,0.08918021914069674,0.7119326448470354,0.6522192234090454,0.7051973664687142
760.6076193937497,15.2636869107871,61.35595264120494,-3.0930787596500067,1.084872782779776,3.277817134651407,0.7217590860751866,0.03306249956057994,0.7225159563700182,0.652211354940238,0.7051965755095183
760.7076193937497,14.957987830252408,61.46460523198074,-3.0209028510424716,1.0881790327358345,3.210916947341122,0.7217590860751866,0.03306249956057994,0.7225159563700182,0.6522483882462586,0.7052403369953636
760.8076193937497,14.65964980837458,61.573048292641026,-2.9464593251598292,1.083144983509439,3.139239654776771,0.7470102449058811,-0.05490401207285167,0.7490252042061336,0.6522603712429595,0.705262107631869
760.9076193937498,14.368738927083061,61.68108827093163,-2.871758300669224,1.0776545823021526,3.067300952990987,0.7470102449058811,-0.05490401207285167,0.7490252042061336,0.6523222526529662,0.7053332952033775
761.0076193937498,14.085567631471514,61.787874443895674,-2.7928027361779586,1.061438534131136,2.9877079651367446,0.7938817579781532,-0.16510790825967625,0.8108692046318992,0.652364229473305,0.705387353307321
761.1076193937498,13.810299016135446,61.89311228601097,-2.7123634206508656,1.042931972622075,2.9059632525553787,0.807275056757508,-0.1904535596174014,0.8294369027441308,0.6524451994420686,0.705480280679894
761.2076193937498,13.543330605964723,61.99605634399227,-2.627137449023398,1.0163255368476773,2.8168721612650236,0.8665522166488766,-0.2864208915088079,0.9126607646172711,0.6525436207591335,0.7055913526332382
761.3076193937499,13.28502000826826,62.096156991608964,-2.5383707921638794,0.9847145681519878,2.722680491582043,0.9061107359400953,-0.34130609645506216,0.9682595299109084,0.6526674963152482,0.7057279411748643
761.4076193937499,13.035805028586934,62.192802732290595,-2.4452058006332424,0.9472803874907623,2.62228364979365,0.9535999150079506,-0.4019617060957701,1.0348555508236852,0.6528165422355446,0.7058894483047364
761.5076193937499,12.796052448098596,62.28552096250921,-2.3498458091324257,0.9070842168811761,2.5188443983724285,0.9535999150079506,-0.4019617060957701,1.0348555508236852,0.653010093761232,0.7060939295601506
761.6076193937499,12.566408570641585,62.373532371800344,-2.24599743047493,0.8567655221025592,2.4038618133253125,1.0361098653449088,-0.49935321938656263,1.150164027770287,0.6531934445591735,0.7062888052391496
761.70761939375,12.346989376920767,62.456712157913685,-2.1423864439404157,0.8068302001638916,2.289278193465391,1.0361098653449088,-0.49935321938656263,1.150164027770287,0.6534392370197412,0.7065429048238119
761.80761939375,12.138379128253383,62.53437649136001,-2.032296722244411,0.7493166008205402,2.1660344723735645,1.095920434468952,-0.569962850821156,1.2352729455479852,0.6536719196713543,0.7067837600786446
761.90761939375,11.940629058201242,62.60645833718797,-1.9227046787974909,0.6923203157384117,2.0435510029000734,1.095920434468952,-0.569962850821156,1.2352729455479852,0.6539624145496937,0.7070785811859683
762.00761939375,11.754063928254947,62.67253882010479,-1.8100974368412168,0.6311013904255758,1.9169615791288666,1.1182914523351841,-0.6060946576761395,1.27197740012529,0.6542320793273851,0.707352045808182
762.10761939375,11.578640299752644,62.732608710625804,-1.698409649865353,0.5702551735866764,1.7915876483605597,1.1163780841428945,-0.6090258155598953,1.2716966897703852,0.654533205682371,0.7076537085305207
762.2076193937501,11.414289388649792,62.78657738296016,-1.588797187292898,0.5092531730042421,1.668417003199354,1.0834670870114027,-0.6072758049235008,1.2420486431225068,0.6548341429873135,0.7079531976128451
762.3076193937501,11.260760289049555,62.83447930447491,-1.4825196732205228,0.44893299530597536,1.5490014253577304,1.0426012148098471,-0.5991073208897577,1.2024753116245972,0.6551332636388992,0.7082488566983661
762.4076193937501,11.117599208065055,62.87640194457125,-1.3817676577465259,0.3897338247596706,1.4356790428769661,0.9735455023019413,-0.5852371294123295,1.1359107987404304,0.6554198489354109,0.7085304641001693
762.5076193937501,10.984290169801884,62.91244914140016,-1.2844131075163097,0.33121011181842436,1.3264302352293076,0.9735455023019413,-0.5852371294123295,1.1359107987404304,0.6557036169593441,0.7088073391418138
762.6076193937502,10.859591032741543,62.94285356694651,-1.2045406136412284,0.2758941615429883,1.235732850694152,0.7870983459844647,-0.552008860179491,0.9613727622354094,0.6559189128425649,0.7090171582015626
762.7076193937502,10.743072463107318,62.96768293879992,-1.125830779042764,0.2206932755250266,1.1472578022842128,0.7870983459844647,-0.552008860179491,0.9613727622354094,0.6561322357728802,0.7092234038437973
762.8076193937502,10.632874067116498,62.98723737615646,-1.0707704935236948,0.1691863501656727,1.0840541826326573,0.5433502544456844,-0.5147994642729901,0.7484971525810553,0.6562608206457486,0.7093475585976415
762.9076193937502,10.528513769036335,63.00158201385166,-1.016435468079114,0.117706403738362,1.0232281555206666,0.5433502544456844,-0.5147994642729901,0.7484971525810553,0.6563730507311771,0.7094549084267
763.0076193937502,10.427797168920625,63.01103326613484,-0.9890722764581394,0.07008091453919897,0.991551966686939,0.27170339701594726,-0.4753584532343341,0.5475293553877674,0.6563907400841045,0.7094712147781287
763.1076193937503,10.330063769735629,63.01569428370852,-0.9664775720650862,0.023283312641440058,0.9667579893398259,0.21365781951642648,-0.46596687053432495,0.5126156340534945,0.6563694821794517,0.7094494875675017
763.2076193937503,10.233599648314728,63.01585156474802,-0.9618978525963728,-0.020218376324419647,0.9621103167364485,0.002091158624177414,-0.4247195655626875,0.42472471356885916,0.6562862943424107,0.7093678353833004
763.3076193937503,10.13720397037044,63.01175937960238,-0.9681230984685121,-0.06107452569682894,0.9700476439213513,-0.11682163725106465,-0.3938571758934424,0.4108171977081502,0.6561506624840773,0.7092352276733014
763.4076193937503,10.03954917753553,63.00376280434515,-0.9869715598147141,-0.09818878307134336,0.9918436857711608,-0.24861054850730158,-0.35028825437759226,0.4295451850317986,0.6559665747056669,0.7090553578829818
763.5076193937504,9.9396089688115,62.99219248476613,-1.01183261466545,-0.13321760850911055,1.0205646335816303,-0.24861054850730158,-0.35028825437759226,0.4295451850317986,0.6557588407699942,0.7088517914584939
763.6076193937504,9.835665374270732,62.97774711234528,-1.0591218573321541,-0.15866806296828584,1.0709410174630625,-0.4660103449968598,-0.25161134564854193,0.5295978766037136,0.6554841835860061,0.7085832153512107
763.7076193937504,9.727423136812506,62.9606222493202,-1.105722891831851,-0.18382919753314575,1.1208997668777843,-0.4660103449968598,-0.25161134564854193,0.5295978766037136,0.6552209893199514,0.7083244354646847
763.8076193937504,9.613304673988132,62.94169126720763,-1.1701105317665663,-0.1983355776037132,1.186800597360161,-0.634554910097195,-0.14520722973788547,0.6509570442791216,0.6549095038303068,0.708018662543256
763.9076193937505,9.493120846260963,62.92113167329857,-1.2335660227763003,-0.21285630057750504,1.2517958848165627,-0.634554910097195,-0.14520722973788547,0.6509570442791216,0.6546280156168826,0.7077408071371445
764.0076193937505,9.36576603981477,62.89980668483329,-1.3088762173277322,-0.21713043216420588,1.326763949185373,-0.7425275938275462,-0.043756544092510286,0.7438157451588702,0.6543157825464654,0.7074334352909666
764.1076193937505,9.231118331024145,62.87794111757936,-1.3842950310718367,-0.21986478769109397,1.4016466237667136,-0.7571935505512011,-0.022938653609497206,0.7575409261721447,0.6540344835345206,0.7071558230796795
764.2076193937505,9.088739448027532,62.85615659773127,-1.4628782414034145,-0.21614892307097924,1.4787606655968,-0.7873839076193851,0.05287014466301171,0.789156936340713,0.6537681499954027,0.7068933706793405
764.3076193937505,8.93850721779548,62.83488410882456,-1.541789205017897,-0.20853932443368822,1.5558285903482354,-0.7890494146755618,0.09582706498908777,0.7948470325693299,0.6535281606992925,0.7066575539098774
764.4076193937506,8.78039734094032,62.81460272741386,-1.6202406181421969,-0.19636767769705094,1.6320967880373827,-0.7786212281197982,0.14334150787584066,0.7917056301169662,0.6533175464118703,0.7064518895638464
764.5076193937506,8.614480172985461,62.795682667183534,-1.6981027409541944,-0.18203352690946362,1.7078317024095924,-0.7786212281197982,0.14334150787584066,0.7917056301169662,0.6531579824426327,0.7062975831425694
764.6076193937506,8.441032073725626,62.77873306167504,-1.7718887791861626,-0.15978026448750163,1.7790782947148576,-0.7331998044458795,0.21978732293462522,0.7654334853938944,0.6529989099061364,0.7061469402456126
764.7076193937506,8.260177196784738,62.763853971840966,-1.8452087596307671,-0.1378015321940341,1.8503471644243243,-0.7331998044458795,0.21978732293462522,0.7654334853938944,0.6529138222251846,0.7060702569935775
764.8076193937507,8.072408988986357,62.75159754936692,-1.9120914854075348,-0.10959475484615568,1.9152297143835728,-0.6657079204348118,0.279205107419079,0.7218881681663311,0.6528320320764643,0.7060002486833697
764.9076193937507,7.877871300843384,62.7420340994194,-1.9786622774510312,-0.08167424410424143,1.9803472145958902,-0.6657079204348118,0.279205107419079,0.7218881681663311,0.652826155242829,0.7060060208323614
765.0076193937507,7.677219655749323,62.735567455182235,-2.0369221892670923,-0.049385510201058434,2.0375207811814984,-0.5792581784523607,0.31852236510467336,0.6610571339724137,0.6528232414044185,0.7060175465922269
765.1076193937507,7.470697623062161,62.7322360744379,-2.0931974850368786,-0.01717789840182375,2.093267969362312,-0.5582726053323223,0.32295986134481036,0.644958428043543,0.6528787037007368,0.7060870871300299
765.2076193937507,7.258929607588451,62.73216596441765,-2.142416063001644,0.01559823936031925,2.142472845120471,-0.4724534125384634,0.32536492636777004,0.5736502090381768,0.6529664288889852,0.7061887753820328
765.3076193937508,7.042424388473168,62.735339955590455,-2.1866993003536654,0.047723971222775934,2.1872200181043704,-0.41683765782208293,0.31672688319249387,0.5235165245867904,0.6530896514822916,0.7063246211080643
765.4076193937508,6.821802615019291,62.74166471703681,-2.2246684827426173,0.07848795558645279,2.2260526088303663,-0.3468654608240961,0.2984892964222703,0.45761502159716577,0.6532427357787357,0.7064879618248039
765.5076193937508,6.597601439440858,62.75100595907757,-2.259355028825035,0.1083368852286866,2.2619509338131163,-0.3468654608240961,0.2984892964222703,0.45761502159716577,0.6534398669863228,0.7066910524187124
765.6076193937508,6.370860244181868,62.763018473131055,-2.2800045912147304,0.13330179229577854,2.283898050217986,-0.20460931150669412,0.2462139701858439,0.32013479890495977,0.6536192528784759,0.706873319710018
765.7076193937509,6.14183673850281,62.77757972221156,-2.3004655223654042,0.15792318931436852,2.3058797352236637,-0.20460931150669412,0.2462139701858439,0.32013479890495977,0.6538497387916056,0.7070995382601724
765.8076193937509,5.9117458746755345,62.794169636829565,-2.3062670469625597,0.17595562237068627,2.3129695356725435,-0.05872029995929584,0.17880339495414438,0.18819863887509233,0.6540481902125225,0.7072890125552934
765.9076193937509,5.68082556847943,62.81265921604141,-2.3121390769584904,0.19383596186610477,2.320249876912187,-0.05872029995929584,0.17880339495414438,0.18819863887509233,0.6542830029226472,0.7075066712246771
766.0076193937509,5.450243015810286,62.83246196188249,-2.3042770529302024,0.20459096624373985,2.313341781952949,0.07563327802174602,0.10759380461388461,0.13151737351242043,0.654468936456692,0.707670701545746
766.107619393751,5.220275941063119,62.85341163731306,-2.29467398374525,0.2141765772607525,2.30464754310164,0.10146503068521617,0.09270787072421727,0.13744053894746644,0.6546578064880793,0.7078312305971778
766.207619393751,4.991686529023667,62.87506866330762,-2.2775975957426198,0.21920723752218121,2.288122073036023,0.18611669650795948,0.039625087872348086,0.19028812970841666,0.6548160067138769,0.707957294762542
766.307619393751,4.764932008607393,62.89713493411907,-2.256795018107109,0.22161101955949405,2.2676497079009503,0.2257049568718621,0.010975415934350141,0.22597165156598983,0.654944035161553,0.7080514768919831
766.407619393751,4.540456144248581,62.91929079995381,-2.2321765195099186,0.22104951039676413,2.24309493787001,0.26208120217432307,-0.019223105848959587,0.2627852437478534,0.6550358677737134,0.7081110417846623
766.507619393751,4.318548898308411,62.94129963546424,-2.2059683992924803,0.2191271998118677,2.2168250513683794,0.26208120217432307,-0.019223105848959587,0.2627852437478534,0.6551111135515911,0.7081586719559873
766.6076193937511,4.099600017920731,62.96279424467462,-2.174940930123991,0.21253090501466476,2.1853003077643502,0.3055514858028414,-0.06268215394855148,0.3119146724666121,0.6551147980727013,0.708147097577103
766.7076193937511,3.8836336823372974,62.983733924406344,-2.1443857815436997,0.2062626896198082,2.154282868431159,0.3055514858028414,-0.06268215394855148,0.3119146724666121,0.655137402024055,0.7081684184062951
766.8076193937511,3.6708918885485784,63.00386923691651,-2.1114220476137913,0.1975516001342373,2.120643698942661,0.3274251914132764,-0.08258511757871267,0.33767966716625164,0.6551181630100794,0.7081718360700786
766.9076193937511,3.461386809744218,63.02321147134204,-2.078679528472456,0.18929308837636416,2.087280636473576,0.3274251914132764,-0.08258511757871267,0.33767966716625164,0.6551652316420497,0.7082677626145517
767.0076193937512,3.2552664837278966,63.04174147725222,-2.0442687277600746,0.18150198374544643,2.052310308262697,0.3445254203443483,-0.07261014747024719,0.35209373578509023,0.655238567302859,0.7084263941973165
767.1076193937512,3.0525758089440647,63.059548105572766,-2.0094785272139997,0.1747285480009223,2.0170607370182627,0.34882812838567817,-0.06635899008317336,0.3550839037719309,0.6554524458748393,0.7087646705657413
767.2076193937512,2.8534478271763692,63.076815787897154,-1.9731135866159013,0.1706226190284939,1.9804770394560016,0.3686796428593868,-0.03125381927660187,0.370002000370673,0.6558461123066386,0.709328115345067
767.3076193937512,2.6580053461667266,63.093770993531116,-1.9354744194799565,0.16899244629749974,1.9428380466129667,0.38334865252306144,-0.0026469213205327913,0.3833577905608858,0.6565071107053391,0.7102075588653227
767.4076193937512,2.466411852665961,63.11073138668622,-1.8960886883302,0.17083394938523783,1.9037690385853785,0.4033780121888456,0.03769141499413564,0.40513511756164095,0.6575285156132855,0.7114980136769231
767.5076193937513,2.2788198738938426,63.12800323869972,-1.8557508871113062,0.17460309088465223,1.8639467788434503,0.4033780121888456,0.03769141499413564,0.40513511756164095,0.6590403599798109,0.7133283377388081
767.6076193937513,2.095541842244356,63.146225424310984,-1.8111476596248324,0.18708587895756604,1.8207847129932282,0.44719434537449876,0.1266962223246451,0.46479534774593256,0.6611029783892461,0.715758149588346
767.7076193937513,1.9166630480087052,63.16556749331836,-1.7664282250873722,0.19975550119003344,1.7776869619370574,0.44719434537449876,0.1266962223246451,0.46479534774593256,0.6639316194788776,0.7189939252377333
767.8076193937513,1.742566084017102,63.1867930105759,-1.7170887391040286,0.22164094618508268,1.7313342967155942,0.49260595561325426,0.21802305713521597,0.5386972071101103,0.6675780902963829,0.7230814810649613
767.9076193937514,1.5733202398847277,63.210047220480085,-1.6678281435426918,0.24344325189860924,1.6855015079459381,0.49260595561325426,0.21802305713521597,0.5386972071101103,0.6722702663182485,0.7282348130685775
768.0076193937514,1.4092640343729403,63.236049636463804,-1.6146794262767614,0.27368158653270774,1.6377091501388492,0.530317481186976,0.3007509778376165,0.6096620223720526,0.6780476700376596,0.7344822987312614
768.1076193937514,1.250471072460338,63.264973608256696,-1.5610682787340502,0.3050453245545621,1.5905932292394207,0.5376654762724595,0.31708378805530013,0.6242005230875646,0.6851071598451192,0.7420039890077332
768.2076193937514,1.0971645860372707,63.29730434402707,-1.5051725506989664,0.3412813540484557,1.5433785569324139,0.5646214646258056,0.3730344567342442,0.6767215854597831,0.6935147569373269,0.7508511424912669
768.3076193937515,0.9494988139950117,63.33334943462357,-1.4478631982194163,0.38010928149710543,1.496927154753498,0.5803845766955755,0.40072261011056737,0.7052835366857276,0.703357253129534,0.7610954635348244
768.4076193937515,0.8076503289718246,63.37341775089939,-1.388820464794361,0.421649206071835,1.4514166653351592,0.5991807474447001,0.426816549972016,0.7356561258077063,0.7146732333654948,0.7727623603102369
768.5076193937515,0.6717641862295818,63.417716754256446,-1.3289023900498773,0.4643308610690463,1.4076877177916267,0.5991807474447001,0.426816549972016,0.7356561258077063,0.727505208376556,0.7858825734592026
768.6076193937515,0.5421145893703597,63.46651670507694,-1.2652872074516197,0.5102645194746235,1.364302604694203,0.6366446013331553,0.45442447335762126,0.7821879252411172,0.7417049154166976,0.8003045182989479
768.7076193937515,0.4187690916318362,63.5198152793912,-1.2016227473182897,0.5557069668103959,1.3238985836665755,0.6366446013331553,0.45442447335762126,0.7821879252411172,0.757351632516916,0.8160989385160679
768.8076193937516,0.3020526624737812,63.577683374917065,-1.1340170288907776,0.6012421974625795,1.2835446240095816,0.6759557152541656,0.44958296523656816,0.8118133847231616,0.774160468247731,0.8329884698808315
768.9076193937516,0.19203073816095004,63.64005550948952,-1.0664214573653457,0.6462004939862465,1.2469281467499627,0.6759557152541656,0.44958296523656816,0.8118133847231616,0.7921580270994785,0.8509971110512563
769.0076193937516,0.08901772010985179,63.70671573518167,-0.9951061139357541,0.6877559452488518,1.2096464021429814,0.7128412667737972,0.40988454843293964,0.822282198919414,0.810970737886865,0.8697681726259161
769.1076193937516,-0.006904076550146721,63.77750091963358,-0.9232120524089196,0.727752696643504,1.1755613472656292,0.7205823017379227,0.3972394878035763,0.8228232278250113,0.8305477714575402,0.8892544129276636
769.2076193937517,-0.09562237028236843,63.85226238673697,-0.8511538222351109,0.7674766454238706,1.1460729603199424,0.7205823017379227,0.3972394878035763,0.8228232278250113,0.8508368202869303,0.909407603031151
769.3076193937517,-0.17660792924549917,63.92998080577376,-0.7729358436645846,0.7949766081565438,1.1087910650512864,0.7674852444598338,0.2997037913174294,0.8239271587911228,0.870905988223901,0.9293441664554296
769.4076193937517,-0.25006408738967434,64.01097698554602,-0.6961873192185837,0.8249469872882935,1.0794509323154944,0.7674852444598338,0.2997037913174294,0.8239271587911228,0.8913233024740815,0.9496055290196163
769.5076193937517,-0.3158453930892476,64.09497020323144,-0.6194387947725829,0.8549173664200433,1.0557405570858271,0.7674852444598338,0.2997037913174294,0.8239271587911228,0.912048898386899,0.9701567308722733
769.6076193937517,-0.372998079712942,64.179668723753,-0.5336437225109155,0.8629019993409841,1.0145814324350584,0.8170582226321201,0.17729351794709114,0.8360724434382554,0.9312497667934109,0.9892525104888447
769.7076193937518,-0.4222771608508833,64.26684539127686,-0.4519379002476849,0.8806313511356972,0.9898279862094069,0.8170582226321201,0.17729351794709114,0.8360724434382554,0.9507290734908801,1.0086108557442388
769.8076193937518,-0.4628558373289054,64.35427416820083,-0.3642390384472938,0.8805432688711449,0.952904258298435,0.8594909421279643,0.04130632774295083,0.8604829413251746,0.9690829700173563,1.0268930244056533
769.9076193937518,-0.49498228646300135,64.44253502672669,-0.27828994423447784,0.8846739016454409,0.9274121011258134,0.8594909421279643,0.04130632774295083,0.8604829413251746,0.9868941622498962,1.044653878761678
770.0076193937518,-0.5185138261758137,64.53120894852995,-0.19234085002166185,0.888804534419737,0.9093780858323676,0.8594909421279643,0.04130632774295083,0.8604829413251746,1.0041907749022707,1.061920898591873
770.1076193937519,-0.5330491704807447,64.61755110857398,-0.1031782000649397,0.8668988526296069,0.8730173890932353,0.8725725700311172,-0.10145588231803981,0.8784510151554501,1.019530138512628,1.0773063737080522
770.2076193937519,-0.5390041276370835,64.70373371442537,-0.015920943061808135,0.8567532643978006,0.8569011801160418,0.8725725700311172,-0.10145588231803981,0.8784510151554501,1.0344931587618142,1.0923262761541113
770.3076193937519,-0.5364709504198858,64.7872958813509,0.06800279774547832,0.8280093874108895,0.8307971630559223,0.8394642402244079,-0.24039961003777222,0.8732079838857725,1.048042447174958,1.1059793502015685
770.4076193937519,-0.5254733494442124,64.86889482204181,0.15194922176793818,0.8039694264071068,0.818202544968698,0.8394642402244079,-0.24039961003777222,0.8732079838857725,1.0607117135679514,1.1187770055162112
770.507619393752,-0.5060811060662912,64.94808976663235,0.23589564579039807,0.7799294654033241,0.8148231260262462,0.8394642402244079,-0.24039961003777222,0.8732079838857725,1.0726193519757847,1.130831119222772
770.607619393752,-0.4797321737809232,65.02236380490712,0.305452066388494,0.7322438105404359,0.7933989935308581,0.7549329556485533,-0.3683959713210374,0.8400234277743872,1.08270755073745,1.1411126594910135
770.707619393752,-0.44541230236382234,65.09374620610457,0.3809453619533665,0.6954042134083238,0.7929100761245446,0.7549329556485533,-0.3683959713210374,0.8400234277743872,1.0922873643615392,1.1508888502828611
770.807619393752,-0.4049230503771385,65.1601046885548,0.4398712439116945,0.6431351334076316,0.7791723243568611,0.6229771871310352,-0.482507904034455,0.787981251770256,1.1006274920567871,1.159445596580738
770.907619393752,-0.35782104005030246,65.2220056623754,0.5021689626248123,0.5948843430041753,0.7784992283716082,0.6229771871310352,-0.482507904034455,0.787981251770256,1.1081904584921316,1.1672294485115617
771.0076193937521,-0.3044892578521532,65.27908155715565,0.5644666813379299,0.5466335526007188,0.785767697967751,0.6229771871310352,-0.482507904034455,0.787981251770256,1.1151449281639099,1.1744008153533962
771.1076193937521,-0.24812556726669568,65.32934815956503,0.5959087006589656,0.47978994051620716,0.7650526560581319,0.44985340359203074,-0.5828100685109234,0.7362307115850586,1.1206628022347174,1.1801506532401624
771.2076193937521,-0.1862854301828244,65.3744131032741,0.6408940410181788,0.42150893366510156,0.767082103149397,0.44985340359203074,-0.5828100685109234,0.7362307115850586,1.1258506219644397,1.1855537805850944
771.3076193937521,-0.12219268415490923,65.41261923168311,0.6595112098185577,0.3513911962801824,0.7472822818049116,0.24808024433437728,-0.6698554177957299,0.7143179182823963,1.1301378576955725,1.1900520768230638
771.4076193937522,-0.055001161951366014,65.44440907422215,0.684319234252001,0.2844056545005942,0.7410663874978789,0.24808024433437728,-0.6698554177957299,0.7143179182823963,1.1339201135748944,1.1940298525594752
771.5076193937522,0.014671162695522095,65.46950036258325,0.7091272586854445,0.21742011272100598,0.7417094946313875,0.24808024433437728,-0.6698554177957299,0.7143179182823963,1.1373706738373939,1.1976539942908728
771.6076193937522,0.08278680206799183,65.48646496140198,0.6957555948930856,0.13723295342025443,0.7091605821881791,0.039654777129282115,-0.7396172566030355,0.7406795444820745,1.1397468637606867,1.200202803120491
771.7076193937522,0.1525606354429627,65.49649017046099,0.6997210726060147,0.06327122775993409,0.7025758519271503,0.039654777129282115,-0.7396172566030355,0.7406795444820745,1.142032205465022,1.2026323100446143
771.8076193937522,0.22047881697209334,65.49855169498461,0.6777992666990492,-0.016933191633167744,0.6780107513282179,-0.15079498296408111,-0.7815771135311451,0.7959911502540804,1.1437064688454248,1.2044379472805624
771.9076193937523,0.28750476872719294,65.49295049025363,0.6627197684026377,-0.09509090298630003,0.6695071106884494,-0.15079498296408111,-0.7815771135311451,0.7959911502540804,1.1451135321989114,1.2059550298191084
772.0076193937523,0.35302277065265103,65.47953351438736,0.6476402701062262,-0.1732486143394323,0.6704125609158877,-0.15079498296408111,-0.7815771135311451,0.7959911502540804,1.1464083294315095,1.2073349539844904
772.1076193937523,0.41393900875443496,65.458015767552,0.6038989582639402,-0.25362278501672136,0.6549950143870641,-0.3029118445399055,-0.7901528227304482,0.8462251880152605,1.1468705435361368,1.2078826030336012
772.2076193937523,0.4728143453581425,65.42870272493667,0.5736077738099429,-0.3326380672897842,0.6630791521270154,-0.3029118445399055,-0.7901528227304482,0.8462251880152605,1.1474127640908025,1.208483681208577
772.3076193937524,0.5272877629830514,65.3916244239807,0.5277885609252849,-0.4098541042241052,0.6682373469007302,-0.413924902780443,-0.7738626160726689,0.8776087816884208,1.14753351070948,1.2086552376432813
772.4076193937524,0.5779969945616887,65.34676970047792,0.4863960706472312,-0.48724036583138963,0.6884651854934807,-0.413924902780443,-0.7738626160726689,0.8776087816884208,1.1475417686274303,1.2086986518582252
772.5076193937524,0.6245669771125197,65.29417635081441,0.44500358036917753,-0.5646266274386742,0.7189098795775158,-0.413924902780443,-0.7738626160726689,0.8776087816884208,1.147578886467635,1.2087528934588405
772.6076193937524,0.665430385781405,65.23435617207633,0.38933336029468274,-0.6369935855703944,0.7465529408529422,-0.4878091105583886,-0.7450553709311729,0.8905421012490953,1.1469605065051884,1.2081584622861792
772.7076193937525,0.701924676258089,65.16693153666462,0.3405524492388328,-0.7114991226635287,0.788800971242771,-0.4878091105583886,-0.7450553709311729,0.8905421012490953,1.146538923404108,1.2077417099751007
772.8076193937525,0.7330295034269663,65.09250544522462,0.2862209646179718,-0.7805660197497711,0.8313878467808165,-0.5242892267275876,-0.7009375133528939,0.8753242775611505,1.1458463976243416,1.2070521370886167
772.9076193937525,0.7590301537551308,65.01094415568286,0.23379204194520115,-0.8506597710850765,0.8822022245604584,-0.5242892267275876,-0.7009375133528939,0.8753242775611505,1.1451638667763577,1.2063634134286765
773.0076193937525,0.779787911816017,64.92237349100758,0.18136311927243048,-0.9207535224203818,0.9384453261015083,-0.5242892267275876,-0.7009375133528939,0.8753242775611505,1.144629240739812,1.2058105018503702
773.1076193937525,0.7950666566441875,64.82801028440227,0.12709187739807126,-0.9788787656091087,0.9870947183836913,-0.5314488322774404,-0.6320258844844715,0.8257690839377758,1.1435795262224646,1.2047536627545579
773.2076193937526,0.8051186002226091,64.72696227841891,0.07394699417031514,-1.0420813540575702,1.0447017308405704,-0.5314488322774404,-0.6320258844844715,0.8257690839377758,1.142827087790715,1.2039800413735233
773.3076193937526,0.8099822134831439,64.62064907614804,0.022515819356032325,-1.092681716575749,1.0929136726476611,-0.5151656411081402,-0.5326489649132868,0.741019944132111,1.141913403947987,1.2030472394760483
773.4076193937526,0.8096579672132056,64.50871765966588,-0.02900074475479341,-1.14594661306709,1.1463135187182725,-0.5151656411081402,-0.5326489649132868,0.741019944132111,1.141103631566214,1.2022129431872235
773.5076193937526,0.8041820645321838,64.39145975353458,-0.08051730886561916,-1.1992115095584306,1.201911511586594,-0.5151656411081402,-0.5326489649132868,0.741019944132111,1.1405285131227838,1.2016044639713805
773.6076193937527,0.7941929005915729,64.27115265006618,-0.1256400987475194,-1.2306257164435161,1.2370226709262058,-0.47750828248449806,-0.410942577456871,0.6299904458070706,1.1395152087210036,1.2005720178700756
773.7076193937527,0.7792413493043946,64.14603536553452,-0.17339092699598008,-1.2717199741892127,1.283485919796683,-0.47750828248449806,-0.410942577456871,0.6299904458070706,1.1388657326991523,1.199891985820725
773.8076193937527,0.7601571794405977,64.01833087806719,-0.2133991214747533,-1.2949725473456408,1.312437839832826,-0.4155223401050314,-0.27471039744072995,0.49812108727537846,1.1381087521051656,1.1991091245942391
773.9076193937527,0.7367396555925915,63.8874600713454,-0.2549513554852659,-1.32244358708972,1.3467951717683355,-0.4155223401050314,-0.27471039744072995,0.49812108727537846,1.1375019559201625,1.1984733012613547
774.0076193937527,0.7091669083435328,63.7538421606492,-0.2965035894957785,-1.3499146268337991,1.3820940193502453,-0.4155223401050314,-0.27471039744072995,0.49812108727537846,1.1371672208011525,1.1981027584439057
774.1076193937528,0.6789310476062342,63.620221813909936,-0.3237417429842214,-1.351348189377792,1.389586501476284,-0.3358875016623054,-0.13190087913640947,0.3608576668021658,1.1364133720626475,1.1973296036697394
774.2076193937528,0.6448774357994925,63.484427490576444,-0.3573304931504596,-1.364538277291436,1.410549464403369,-0.3358875016623054,-0.13190087913640947,0.3608576668021658,1.1360444488405126,1.1969316300742003
774.3076193937528,0.6084266262001281,63.348932907825066,-0.3797116019094965,-1.3589494524359773,1.4110012455347865,-0.2511680855797904,0.008856401219955234,0.2513241792116026,1.1355734714150112,1.1964380825804994
774.4076193937528,0.5691996255812704,63.21308224458754,-0.40482841046748125,-1.3580638123139817,1.417117976824235,-0.2511680855797904,0.008856401219955234,0.2513241792116026,1.13525567058367,1.196096045412157
774.5076193937529,0.5274609441066135,63.07732014536221,-0.429945219025466,-1.357178172191986,1.4236521634294086,-0.2511680855797904,0.008856401219955234,0.2513241792116026,1.1352068765342942,1.1960175521369933
774.6076193937529,0.4848465616400348,62.94425501024705,-0.43958628739718,-1.3317013007883816,1.4023781439359013,-0.1665972906462776,0.14264325909924613,0.21932112670040466,1.134723395695676,1.1955221712628523
774.7076193937529,0.4400549464470751,62.811798096463676,-0.4562460164618115,-1.3174369748784536,1.394202499751798,-0.1665972906462776,0.14264325909924613,0.21932112670040466,1.134613908331518,1.195391939311455
774.8076193937529,0.39454240366471655,62.6822232709588,-0.4619399723548984,-1.2863544381165897,1.3667831863618647,-0.08432468801665322,0.2677052933894857,0.28067200985822666,1.1343827435827267,1.195147297215033
774.907619393753,0.34792678298913277,62.55492635361407,-0.4703724411565657,-1.259583908777635,1.3445452229847579,-0.08432468801665322,0.2677052933894857,0.28067200985822666,1.1342855899841837,1.1950355461354965
775.007619393753,0.300467915433382,62.430306489203225,-0.47880490995823294,-1.2328133794386804,1.3225290054751657,-0.08432468801665322,0.2677052933894857,0.28067200985822666,1.1344364665570486,1.1951667167342428
775.107619393753,0.25368820344224685,62.31055163967442,-0.47297165551876813,-1.1856229607409978,1.2764810973768526,-0.007477452037723098,0.377159774181278,0.37723388971492083,1.1341279769474248,1.1948564332555496
775.207619393753,0.2063536506301707,62.19387514247121,-0.4737194007225406,-1.1479069833228615,1.2418133970054903,-0.007477452037723098,0.377159774181278,0.37723388971492083,1.134172178293791,1.1948899601594487
775.307619393753,0.15967509155369453,62.08201479951803,-0.4662442496351116,-1.0983090618068299,1.1931749643555245,0.05047227168239621,0.4630652569173086,0.4658077740577916,1.1340720651700542,1.1947861771277206
775.4076193937531,0.11330302794858486,61.97449921962191,-0.46119702246687083,-1.0520025361150884,1.1486566195016181,0.05047227168239621,0.4630652569173086,0.4658077740577916,1.1340849324775062,1.1947938648476402
775.5076193937531,0.06743568706029938,61.871614292294964,-0.45614979529863003,-1.005696010423347,1.1043084266328944,0.05047227168239621,0.4630652569173086,0.4658077740577916,1.134325831262052,1.1950239470828439
775.6076193937531,0.022741414424386562,61.77468830390244,-0.4452307173912544,-0.9470777310147902,1.0465116436489632,0.07920520339971171,0.5284924213765265,0.5343947077750806,1.1340890499827843,1.1947935528248794
775.7076193937531,-0.021385631297750264,61.682622992907824,-0.43731019705128144,-0.8942284888771255,0.9954319659145461,0.07920520339971171,0.5284924213765265,0.5343947077750806,1.13418823541305,1.1948895180949073
775.8076193937532,-0.0646298512533379,61.59645675094612,-0.4285507816103125,-0.8343635482684694,0.9379863021910076,0.08281785734467784,0.579687320510384,0.5855733831516524,1.134128649315561,1.1948328826374355
775.9076193937532,-0.1070708401276553,61.5159188327218,-0.4202689958758428,-0.7763948162174178,0.8828447992392361,0.08281785734467784,0.579687320510384,0.5855733831516524,1.1341691205620312,1.1948739369025776
776.0076193937532,-0.14868365042852555,61.4411777877026,-0.4119872101413732,-0.7184260841663662,0.8281723852741594,0.08281785734467784,0.579687320510384,0.5855733831516524,1.1344265137266822,1.1951253918447677
776.1076193937532,-0.1895481570741231,61.37307892178055,-0.40446447372098654,-0.65258867133648,0.7677652534851437,0.07872985071243413,0.6217123040629253,0.6266774117649634,1.1341979802141673,1.194907258307694
776.2076193937532,-0.2296009551926686,61.3109286161672,-0.39659148864974136,-0.5904174409301733,0.711250703636877,0.07872985071243413,0.6217123040629253,0.6266774117649634,1.134297672885325,1.1950068848992366
776.3076193937533,-0.26887046874512915,61.25537583921688,-0.3886527931937508,-0.524013627639219,0.6524118910695287,0.08086487420848909,0.6507424853627466,0.6557475963637528,1.1342333173040566,1.1949478457429352
776.4076193937533,-0.30733142369347044,61.20622818887976,-0.3805663057729,-0.4589393791029296,0.5962013642897968,0.08086487420848909,0.6507424853627466,0.6557475963637528,1.1342646966909862,1.194981418313337
776.5076193937533,-0.3449837298997265,61.16358796339628,-0.37247981835204924,-0.39386513056664013,0.5420986590611087,0.08086487420848909,0.6507424853627466,0.6557475963637528,1.1345099857810683,1.1952216842172647
776.6076193937533,-0.38160406213369696,61.1276633883964,-0.36209945598035637,-0.3272213210840861,0.4880469331870497,0.09474385531406349,0.6563000774702203,0.6631034533217192,1.1342681160298762,1.1949905865843935
776.7076193937534,-0.4173402884551703,61.09822275667534,-0.35262507044894786,-0.26159131333704916,0.43906087906180813,0.09474385531406349,0.6563000774702203,0.6631034533217192,1.1343533780950377,1.195075602530248
776.8076193937534,-0.4518845855801421,61.07517054778866,-0.340235128048895,-0.19832463113672674,0.39381798038429716,0.11758914845126889,0.633816331191531,0.6446319488813652,1.1342747239386934,1.1950016860884032
776.9076193937534,-0.4853201526427827,61.05850716633094,-0.32847621320376547,-0.1349429980175592,0.3551143975603532,0.11758914845126889,0.633816331191531,0.6446319488813652,1.1342923325755252,1.1950205521417299
777.0076193937534,-0.5175798282209101,61.048181948185146,-0.3167172983586359,-0.07156136489839171,0.32470121038535404,0.11758914845126889,0.633816331191531,0.6446319488813652,1.1345248946424193,1.1952468782441577
777.1076193937535,-0.5481964786156074,61.043294148031585,-0.30060625784705175,-0.01714802956532851,0.30109496371540584,0.14079360250620376,0.5814751626656716,0.5982776974814823,1.134271747533993,1.1950031662980638
777.2076193937535,-0.577553136387788,61.04448672088838,-0.28652689759642813,0.040999486701251864,0.2894453678261239,0.14079360250620376,0.5814751626656716,0.5982776974814823,1.1343472989139276,1.1950769910076278
777.3076193937535,-0.6053094792396086,61.050680593208945,-0.2702902659498513,0.08949182622218615,0.2847202395823369,0.1561023180887372,0.5063086737205204,0.529826770555537,1.1342605947760516,1.1949935231188977
777.4076193937535,-0.6315579942441558,61.06216131919977,-0.254680034140974,0.1401226935942497,0.29068245397711173,0.1561023180887372,0.5063086737205204,0.529826770555537,1.134271884962054,1.1950045723528042
777.5076193937535,-0.656245486067815,61.078705131927805,-0.23906980233209674,0.19075356096631324,0.3058452082482849,0.1561023180887372,0.5063086737205204,0.529826770555537,1.1344998500347683,1.195224856090934
777.6076193937536,-0.6791084225684982,61.09872819061225,-0.22092351490005097,0.22633991360084735,0.31628619306670985,0.1703254571750571,0.4236446931545016,0.4566022200995786,1.1342434847216505,1.1949766080154471
777.7076193937536,-0.7003491467726326,61.123480405438116,-0.20389096918254138,0.26870438291630716,0.33730338378473085,0.1703254571750571,0.4236446931545016,0.4566022200995786,1.1343173506108544,1.1950475427447618
777.8076193937536,-0.7196864370478491,61.151523119822926,-0.1844777639289037,0.3001052712489257,0.352271513488672,0.1889428738752077,0.3416959974723355,0.390455585536738,1.1342301009496327,1.1949624821179041
777.9076193937536,-0.7371894990713672,61.18324212693519,-0.16558347654137862,0.33427487099616704,0.37303830511494845,0.1889428738752077,0.3416959974723355,0.390455585536738,1.134241948070844,1.19497320192392
778.0076193937537,-0.7528031323561324,61.21837809402218,-0.14668918915385354,0.36844447074340836,0.3965716155198268,0.1889428738752077,0.3416959974723355,0.390455585536738,1.1344713944222644,1.1951942510752125
778.1076193937537,-0.7661141339742609,61.2554742253688,-0.123821194816662,0.3890064391184743,0.408237305940382,0.21117002088008885,0.26866882338947495,0.3417246177552651,1.1342169853236446,1.1949474110211564
778.2076193937537,-0.7774404033515291,61.29571821339761,-0.10270419272864831,0.41587332145742795,0.42836756495336636,0.21117002088008885,0.26866882338947495,0.3417246177552651,1.1342934241319989,1.1950205356255827
778.3076193937537,-0.7863635054000844,61.33795220325752,-0.07817024290689586,0.434859194247385,0.44182927211492906,0.23717400447868148,0.21247006075144736,0.31842587067664174,1.1342089923166154,1.194938058001479
778.4076193937537,-0.7929946596683818,61.382500472986024,-0.05445284245902232,0.45610620032253457,0.4593451621869193,0.23717400447868148,0.21247006075144736,0.31842587067664174,1.1342238707177148,1.1949517153134819
778.5076193937538,-0.7972540738918914,61.42917344332205,-0.030735442011148785,0.47735320639768414,0.47834166769556125,0.23717400447868148,0.21247006075144736,0.31842587067664174,1.1344564280400682,1.1951759087757374
778.6076193937538,-0.7986603047562865,61.47724150042216,-0.002524954876102799,0.49207172069015903,0.4920781987652981,0.261247965581903,0.17960608045930826,0.31703129760110227,1.1342049558157279,1.1949321288916541
778.7076193937538,-0.7976065604159867,61.52734670289349,0.02359984168209344,0.5100323287360939,0.5105780340784187,0.261247965581903,0.17960608045930826,0.31703129760110227,1.1342842474077466,1.1950083246432794
778.8076193937538,-0.7937206173620723,61.5790838454748,0.052167499178342513,0.526279714562847,0.5288589471029813,0.2779735120400335,0.169104994601876,0.32537020852433796,1.1342024154257664,1.1949287246442022
778.9076193937539,-0.7871139998840361,61.6325573419041,0.07996485038235218,0.5431902140230384,0.5490446119461206,0.2779735120400335,0.169104994601876,0.32537020852433796,1.13421964165102,1.1949450593336264
779.0076193937539,-0.7777276472855983,61.68772188827943,0.10776220158636185,0.5601007134832299,0.5703731246606583,0.2779735120400335,0.169104994601876,0.32537020852433796,1.1344542549474492,1.1951716732425843
779.1076193937539,-0.7654291598846873,61.74450740238131,0.13665713269808838,0.5763845745470597,0.5923633595126035,0.28287353902076895,0.16592624421362545,0.3279465773521263,1.1342044982341712,1.1949299761412675
779.2076193937539,-0.7503490789197709,61.8029754910571,0.1649444866001717,0.592977198968426,0.6154905703227586,0.28287353902076895,0.16592624421362545,0.3279465773521263,1.134285202148511,1.1950079604027348
779.307619393754,-0.7324447969764816,61.86306914387356,0.19311562290443937,0.609130913187618,0.6390102606457514,0.2810783817371897,0.16182303381854427,0.32433277810643046,1.1342044730948186,1.1949298242313695
779.407619393754,-0.7117278427773466,61.924791350361424,0.22122346107816473,0.6253132165694761,0.6632921215783185,0.2810783817371897,0.16182303381854427,0.32433277810643046,1.1342225119048894,1.194947313652866
779.507619393754,-0.6882001047608386,61.988131787187484,0.24933129925189007,0.6414955199513342,0.688246030794416,0.2810783817371897,0.16182303381854427,0.32433277810643046,1.1344576661133328,1.1951747832288442
779.607619393754,-0.661993954131441,62.052882208706606,0.27609971059873684,0.6555279964821022,0.7113002209788392,0.27312364403086153,0.14870049349714543,0.31097968051786173,1.1342082284222144,1.1949336808384425
779.707619393754,-0.6330183648514061,62.119178510822316,0.3034120750018292,0.6703980458318202,0.7358616902054618,0.27312364403086153,0.14870049349714543,0.31097968051786173,1.134289035321044,1.1950120078749984
779.8076193937541,-0.6014389861227027,62.18669848918837,0.32921279058094255,0.6820247359353634,0.7573234460320066,0.2613644690766115,0.121671744466716,0.2882974143090306,1.1342082470431132,1.1949340110749196
779.9076193937541,-0.5672108847192173,62.255509321504256,0.35534923748860964,0.6941919103820378,0.7798560694279422,0.2613644690766115,0.121671744466716,0.2882974143090306,1.1342260831436812,1.1949514555955902
780.0076193937541,-0.5303691386249646,62.32553687126481,0.3814856843962767,0.7063590848287121,0.8027916816455881,0.2613644690766115,0.121671744466716,0.2882974143090306,1.1344609218737154,1.1951787266927174
780.1076193937541,-0.49118358692002895,62.39597269248845,0.40495465604536657,0.7105370607369127,0.8178332275797262,0.24583276994717002,0.075403379042279,0.2571369680751716,1.1342111113754436,1.1949373319998877
780.2076193937542,-0.4494589574657466,62.46740341545737,0.42953793304008914,0.7180773986411423,0.8367424850929837,0.24583276994717002,0.075403379042279,0.2571369680751716,1.1342914841832064,1.1950152689141427
780.3076193937542,-0.40556231585682223,62.53885783212912,0.4505823570306635,0.7168501130358692,0.846698615226721,0.21616334830825842,0.005580464903076288,0.21623536884693936,1.1342102440368487,1.1949368340562876
780.4076193937542,-0.3594232634122039,62.61057074575724,0.47219869186149427,0.717408159526177,0.8588632440327407,0.21616334830825842,0.005580464903076288,0.21623536884693936,1.134227620634404,1.194953804637784
780.5076193937542,-0.3111225774845019,62.682339464034385,0.493815026692325,0.7179662060164848,0.8713947174322594,0.21616334830825842,0.005580464903076288,0.21623536884693936,1.1344620105118435,1.195180588119483
780.6076193937542,-0.261564657912764,62.75248368279227,0.5064957140019197,0.7023633469098483,0.8659400553067853,0.16444437866902872,-0.08466170148333119,0.1849582584636209,1.1342117859962733,1.1949387255793142
780.7076193937543,-0.210092864619215,62.822296708975855,0.5229401518688264,0.6938971767615132,0.868884166246681,0.16444437866902872,-0.08466170148333119,0.1849582584636209,1.1342917774301724,1.1950162106586726
780.8076193937543,-0.1577828164582032,62.890145859597354,0.5297297126399361,0.6724121463479591,0.8560091489054649,0.08789361560883269,-0.1828716581094818,0.20289734104838447,1.1342102018816433,1.1949373614958019
780.9076193937543,-0.10437037711615316,62.95647271594162,0.5385190742008213,0.6541249805370067,0.8472793420358183,0.08789361560883269,-0.1828716581094818,0.20289734104838447,1.1342272914813931,1.194953959236428
781.0076193937543,-0.050079001618014415,63.02097085570479,0.5473084357617066,0.6358378147260545,0.8389494922172196,0.08789361560883269,-0.1828716581094818,0.20289734104838447,1.1344614461683924,1.195180418274513
781.1076193937544,0.003277622869774331,63.081820333484714,0.5386411420212658,0.6004533168139276,0.8066464315614494,-0.009726137553268788,-0.2754078728060794,0.2755795604816778,1.1342110353979755,1.1949382832215296
781.2076193937544,0.057093106384146795,63.140488625802085,0.5376685282659387,0.5729125295333134,0.7856947325672485,-0.009726137553268788,-0.2754078728060794,0.2755795604816778,1.134290891317788,1.195015548088641
781.3076193937544,0.10957040782490583,63.19544370314881,0.5221540185474918,0.5343770247346412,0.7471302588234141,-0.12064859144732942,-0.355907845428898,0.37580111369721214,1.1342092240523545,1.1949365285752307
781.4076193937544,0.16118256672242995,63.24710186639514,0.510089159402756,0.4987862401917434,0.7134274062193193,-0.12064859144732942,-0.355907845428898,0.37580111369721214,1.134226264634544,1.194953005201673
781.5076193937545,0.21158823970548024,63.295200951187184,0.49802430025802036,0.46319545564884546,0.6801310416245037,-0.12064859144732942,-0.355907845428898,0.37580111369721214,1.1344604088393164,1.1951793896026264
781.6076193937545,0.25860976674869135,63.33847623499644,0.465455792380635,0.4159864189322515,0.6242545918107159,-0.23185060802970858,-0.416752335281412,0.476903777932463,1.13421001339505,1.1949372152669775
781.7076193937545,0.30399609294661634,63.37799111521327,0.44227073157765884,0.3743111854041008,0.579406820402436,-0.23185060802970858,-0.416752335281412,0.476903777932463,1.1342899141510114,1.195014479304057
781.8076193937545,0.34594217174485636,63.412883036365336,0.4063372330921343,0.3276979663988039,0.5220114023456606,-0.3235688455116805,-0.4488842507651176,0.5533478728347321,1.1342083095166653,1.1949354860770633
781.9076193937545,0.3849580508265199,63.4434084117514,0.3739803485409589,0.2828095413222819,0.46887369062225764,-0.3235688455116805,-0.4488842507651176,0.5533478728347321,1.1342254291859755,1.1949520145160026
782.0076193937546,0.42073824145306515,63.46944494462981,0.3416234639897835,0.23792111624575996,0.41630883812862696,-0.3235688455116805,-0.4488842507651176,0.5533478728347321,1.134459664195552,1.1951784711982667
782.1076193937546,0.45201901908117575,63.490894897721155,0.2978594150227968,0.19260307581157873,0.35470575965129664,-0.3817803013536576,-0.447555442589175,0.588270407799748,1.1342093611286936,1.1949363780429594
782.2076193937546,0.479896059076693,63.50791742808937,0.2596813848874224,0.14784753155265104,0.2988198692243569,-0.3817803013536576,-0.447555442589175,0.588270407799748,1.134289359100319,1.1950137355272312
782.3076193937546,0.5036185806995018,63.52073573446724,0.21799043822958084,0.10652833910513661,0.24262752974883883,-0.40277081188127184,-0.4179088628392221,0.5804068784422447,1.134207848925767,1.1949348387450904
782.4076193937547,0.5234037704630576,63.52929902406356,0.1777133570414445,0.06473745282120488,0.18913745020148087,-0.40277081188127184,-0.4179088628392221,0.5804068784422447,1.1342250599399866,1.1949514658340392
782.5076193937547,0.5391612521077987,63.53368322503148,0.13743627585330817,0.022946566537273186,0.13933870544926175,-0.40277081188127184,-0.4179088628392221,0.5804068784422447,1.1344593808651902,1.1951780201448161
782.6076193937547,0.5509738459018954,63.5347820306856,0.09833917894855808,-0.010092421235304544,0.09885570839697298,-0.39340591557927884,-0.367832619332983,0.5385805884527717,1.1342091543207038,1.1949360176276398
782.7076193937547,0.5588407342188562,63.5319336254654,0.058998587390621256,-0.04687568316861121,0.07535358642170122,-0.39340591557927884,-0.367832619332983,0.5385805884527717,1.1342892212824494,1.1950134609923053
782.8076193937547,0.563074809957527,63.52613958853556,0.02339030270614303,-0.07493352577943188,0.07849929647087153,-0.36211448085897235,-0.299304223238993,0.46979773870939395,1.134207770428887,1.1949346415108006
782.9076193937548,0.5636032678238461,63.517149714841416,-0.012821145379762436,-0.10486394810333799,0.10564482656840593,-0.36211448085897235,-0.299304223238993,0.46979773870939395,1.1342250315276075,1.1949513374800274
783.0076193937548,0.5605105808815739,63.505166798914885,-0.049032593465667906,-0.1347943704272441,0.1434354123668439,-0.36211448085897235,-0.299304223238993,0.46979773870939395,1.1344593932194225,1.1951779514897498
783.1076193937548,0.5546897476208038,63.491755023058325,-0.07657246880505152,-0.14972392564290432,0.1681683587623502,-0.3131143799898825,-0.21582888452433657,0.380292942810497,1.1342091984733569,1.1949359986523707
783.2076193937548,0.5454669288403468,63.47570348607141,-0.10788390680404689,-0.17130681409534287,0.20244742997331588,-0.3131143799898825,-0.21582888452433657,0.380292942810497,1.13428928891814,1.1950134826335883
783.3076193937549,0.5337516740122491,63.45851240470732,-0.1317105686152875,-0.18105716350173323,0.2238958917449262,-0.256007020642272,-0.12721795437020011,0.2858741025911074,1.1342078541811302,1.194934694864708
783.4076193937549,0.5193005820475054,63.43977059858529,-0.1573112706795205,-0.19377895893875613,0.249593911805143,-0.256007020642272,-0.12721795437020011,0.2858741025911074,1.1342251246680546,1.194951414230961
783.5076193937549,0.5022894198763379,63.419756612919564,-0.1829119727437535,-0.20650075437577906,0.2758611087681217,-0.256007020642272,-0.12721795437020011,0.2858741025911074,1.1344594898617726,1.1951780439532897
783.6076193937549,0.4838721740049287,63.399978160739735,-0.19750744051672833,-0.20535133892146099,0.2849181662448109,-0.1951437159018669,-0.0545011503377244,0.20261156246405038,1.134209294399543,1.194936100610592
783.707619393755,0.4631457113737416,63.379170521095894,-0.21702181210691945,-0.21080145395523467,0.3025487066900336,-0.1951437159018669,-0.0545011503377244,0.20261156246405038,1.134289379962414,1.19501358804332
783.807619393755,0.44122009329438777,63.35833760945738,-0.2277135986975808,-0.21067988396981696,0.3102249128315429,-0.1277405980213262,-0.01911348006330771,0.12916263199151878,1.1342079376780225,1.1949347991991663
783.907619393755,0.4178100304345176,63.33717405366007,-0.24048765849971632,-0.21259123197614815,0.3209818465331219,-0.1277405980213262,-0.01911348006330771,0.12916263199151878,1.134225198406483,1.194951513496636
784.007619393755,0.39312256159443354,63.31581936306213,-0.25326171830185185,-0.21450257998247937,0.3318928362835608,-0.1277405980213262,-0.01911348006330771,0.12916263199151878,1.1344595523793009,1.1951781350112882
784.107619393755,0.36851150143468825,63.294316328531934,-0.25319122506034786,-0.2165642559868497,0.33317543939897115,-0.057264813999941155,-0.024017279895492072,0.06209741263552181,1.1342093454038777,1.1949361818162743
784.2076193937551,0.3429060548586479,63.27253981653377,-0.2589177064603433,-0.21896598397639946,0.3390936166568715,-0.057264813999941155,-0.024017279895492072,0.06209741263552181,1.1342894190920219,1.1950136576716794
784.3076193937551,0.31752551107159627,63.2502038139833,-0.2554463425899682,-0.2253236059154855,0.3406223147789182,0.010705071099941454,-0.056935788733433856,0.05793343236813279,1.1342079653917003,1.1949348566932017
784.4076193937551,0.29203440216809334,63.22738677444807,-0.2543758354799738,-0.23101718478883018,0.34362189299270673,0.010705071099941454,-0.056935788733433856,0.05793343236813279,1.1342252153521908,1.1949515585843498
784.5076193937551,0.26665034397558995,63.204000377025515,-0.2533053283699794,-0.23671076366217486,0.3466923348073232,0.010705071099941454,-0.056935788733433856,0.05793343236813279,1.1344595595164149,1.1951781679174234
784.6076193937552,0.24245420564206638,63.17921255976197,-0.24232700999767323,-0.2503227963268107,0.34840189743353345,0.06242248256260363,-0.10045757352131399,0.11827210324953538,1.1342093439749723,1.1949362034178044
784.7076193937552,0.21853361705510668,63.15367799226168,-0.23608476174141144,-0.2603685536789444,0.35146521658816304,0.06242248256260363,-0.10045757352131399,0.11827210324953538,1.1342894103467152,1.1950136687980062
784.8076193937552,0.195615100722803,63.12667982116308,-0.22573158073958086,-0.27563345766548575,0.3562703320904241,0.08951015228648296,-0.13802390585551833,0.16450734314905932,1.1342079506474407,1.194934858539308
784.9076193937552,0.1734894934102724,63.09842635586724,-0.21678056551093053,-0.28943584825104074,0.36161709560810085,0.08951015228648296,-0.13802390585551833,0.16450734314905932,1.1342251959438994,1.194951552417242
785.0076193937552,0.15225898762060702,63.06879265151285,-0.2078295502822802,-0.30323823883659573,0.36762283860398975,0.08951015228648296,-0.13802390585551833,0.16450734314905932,1.1344595367577992,1.1951781551027616
785.1076193937553,0.1320955045045976,63.037271308866046,-0.19751295977706262,-0.32157626029735914,0.3773892691462364,0.09509439316347312,-0.1607890958652825,0.18680491685259307,1.1342093189344766,1.1949361852616913
785.2076193937553,0.11281968049270442,63.00430973735698,-0.18800352046071314,-0.33765516988389105,0.38646647649562194,0.09509439316347312,-0.1607890958652825,0.18680491685259307,1.1342893841773984,1.1950136466531007
785.3076193937553,0.09444570083489882,62.9696620985556,-0.17918420698833346,-0.35433498677492914,0.3970645575807883,0.08822918233840596,-0.16083468462031436,0.1834453171738643,1.1342079242188903,1.1949348335882057
785.4076193937553,0.07696842604775364,62.933424426455,-0.17036128875449086,-0.37041845523696426,0.4077165690602111,0.08822918233840596,-0.16083468462031436,0.1834453171738643,1.1342251700884782,1.1949515258155157
785.5076193937554,0.06037344308399291,62.8955784075082,-0.16153837052064823,-0.38650192369899933,0.41890139910663143,0.08822918233840596,-0.16083468462031436,0.1834453171738643,1.1344595121744256,1.1951781279006684
785.6076193937554,0.04436071795475463,62.85664091489101,-0.15572629177910477,-0.3970908106405328,0.42653462912924944,0.07047407325245114,-0.1262050158936474,0.14454861133026373,1.1342092959883274,1.1949361581820113
785.7076193937554,0.02914045914310303,62.81630080874747,-0.14867888445385805,-0.4097113122299004,0.4358540696742324,0.07047407325245114,-0.1262050158936474,0.14454861133026373,1.1342893633339068,1.1950136205121726
785.8076193937554,0.014328543884287937,62.77545327749301,-0.14518717948359267,-0.4130848070736091,0.43785656889150565,0.04223735786519742,-0.05009020582047252,0.06552116542438827,1.1342079056650574,1.1949348088973242
785.9076193937555,2.101272525145226e-05,62.73389434575653,-0.14096344369707195,-0.4180938276556575,0.44121779336592515,0.04223735786519742,-0.05009020582047252,0.06552116542438827,1.1342251539866157,1.1949515030490403
786.0076193937555,-0.013864144855132864,62.69183451196185,-0.13673970791055126,-0.4231028482377059,0.4446501635064605,0.04223735786519742,-0.05009020582047252,0.06552116542438827,1.134459498586031,1.1951781074073382
786.1076193937555,-0.0279935654130214,62.651332336215035,-0.1389431165574155,-0.4080846369211929,0.43108962006732354,0.006192158752797716,0.06349875512925396,0.0637999587224381,1.1342092847782468,1.1949361400407779
786.2076193937555,-0.04185691627500211,62.61084136629855,-0.1383239006821356,-0.40173476140826603,0.42488153645890253,0.006192158752797716,0.06349875512925396,0.0637999587224381,1.1342893544385237,1.1950136048862507
786.3076193937555,-0.056140821800096274,62.57255805362743,-0.14344353774091034,-0.3767658759183637,0.4031483272644943,-0.03892221583490907,0.20824159205574322,0.21184782167256244,1.1342078988881783,1.1949347957460406
786.4076193937556,-0.0706797866533652,62.53592267399587,-0.14733575932440213,-0.35594171671278463,0.38523023203292645,-0.03892221583490907,0.20824159205574322,0.21184782167256244,1.1342251491343442,1.1949514923204536
786.5076193937556,-0.0856079736649834,62.50136971028486,-0.1512279809078939,-0.33511755750720557,0.3676597333936279,-0.03892221583490907,0.20824159205574322,0.21184782167256244,1.1344594954339235,1.1951780989861163
786.6076193937556,-0.10199422985641393,62.47204698288689,-0.1654028927757591,-0.28429311859353,0.32890833710659295,-0.09634595778155006,0.37372581998200566,0.38594498584910614,1.1342092830598574,1.1949361337024427
786.7076193937556,-0.11901624892290157,62.445486300127435,-0.1750374885539163,-0.24692053659532093,0.3026679265990759,-0.09634595778155006,0.37372581998200566,0.38594498584910614,1.1342893539217365,1.1950136004564247
786.8076193937557,-0.13770796263095947,62.42456217315944,-0.19289304069324978,-0.18758471797964874,0.26906458623793666,-0.15825643668160871,0.5371429960508785,0.5599711581480551,1.1342078993333575,1.194934792990912
786.9076193937557,-0.15778854888369723,62.40848941634172,-0.20871868436141425,-0.13387041837454866,0.24796124317589707,-0.15825643668160871,0.5371429960508785,0.5599711581480551,1.134225150319668,1.1949514910180248
787.0076193937557,-0.1794516995032518,62.39778808948452,-0.22454432802957872,-0.08015611876944861,0.23842222762661414,-0.15825643668160871,0.5371429960508785,0.5599711581480551,1.1344594971536348,1.1951780989121568
787.1076193937557,-0.20382245961984716,62.39525552594892,-0.2508583124226321,-0.000501750416164834,0.25085881420634004,-0.21434282468921428,0.6748456059748236,0.7080673967916318,1.1342092851468666,1.194936134641503
787.2076193937557,-0.22998000498556265,62.39857957893718,-0.27229259489155844,0.06698281018133287,0.280410331643766,-0.21434282468921428,0.6748456059748236,0.7080673967916318,1.1342893562189371,1.1950136022126798
787.3076193937558,-0.2587891729641842,62.409826743483045,-0.29945355467810353,0.1475295674198172,0.33382241487418174,-0.25500508104831576,0.7648517942447075,0.8062418114435684,1.13420790172738,1.1949347953942597
787.4076193937558,-0.2900095538372435,62.42840395919625,-0.32495406278294087,0.22401474684430533,0.3946869008756912,-0.25500508104831576,0.7648517942447075,0.8062418114435684,1.1342251527158407,1.1949514939173105
787.5076193937558,-0.32377998552078713,62.45462969285192,-0.35045457088777826,0.3004999262687935,0.4616477141107569,-0.25500508104831576,0.7648517942447075,0.8062418114435684,1.1344594994849824,1.1951781021803103
787.6076193937558,-0.3606654746752634,62.48938686367765,-0.3811361391033141,0.38453516873834415,0.5414167087624907,-0.28212670920069377,0.800142295395097,0.8484239346721352,1.1342092873928684,1.194936138195044
787.7076193937559,-0.4001897221316076,62.53184109202848,-0.4093488100233899,0.464549398277872,0.6191708905527603,-0.28212670920069377,0.800142295395097,0.8484239346721352,1.1342893583604425,1.1950136059726217
787.8076193937559,-0.4427579154033005,62.58225669528971,-0.440021328638246,0.5435157563423361,0.6993054747740425,-0.29874164866071656,0.7840797599865788,0.8390635510288442,1.1342079037814177,1.1949347993182866
787.9076193937559,-0.4882537565104394,62.640528669723885,-0.46989549350432447,0.6219237323410118,0.7794811759527277,-0.29874164866071656,0.7840797599865788,0.8390635510288442,1.1342251547106785,1.1949514979760472
788.0076193937559,-0.5367370141041867,62.70664144175794,-0.4997696583704029,0.7003317083396875,0.8603686495530009,-0.29874164866071656,0.7840797599865788,0.8390635510288442,1.1344595014653902,1.1951781063625153
788.107619393756,-0.5882973644041649,62.779461876347554,-0.5302270806711944,0.7672046943888219,0.9326005576715805,-0.2999222946480026,0.7149320232215373,0.7752942542380692,1.1342092894180222,1.1949361425065734
788.207619393756,-0.6428196839445371,62.859757005902566,-0.5602193101360015,0.8386978967109918,1.0085929988834441,-0.2999222946480026,0.7149320232215373,0.7752942542380692,1.1342893604924804,1.1950136104226796
788.307619393756,-0.7001912124397601,62.94598115947619,-0.588214832808327,0.8954968854010708,1.0714062540879377,-0.281266090975099,0.5974600768388285,0.6603553265846135,1.134207906083236,1.1949348039179213
788.407619393756,-0.7604190261754824,63.038518148400506,-0.6163414419058433,0.9552428930849672,1.1368226589050343,-0.281266090975099,0.5974600768388285,0.6603553265846135,1.1342251572466369,1.1949515027384912
788.507619393756,-0.8234595008209569,63.137029738093226,-0.6444680510033596,1.0149889007688637,1.2023067568004662,-0.281266090975099,0.5974600768388285,0.6603553265846135,1.1344595042966261,1.1951781112980693
788.6076193937561,-0.8885563371846418,63.238676042165906,-0.6649925870457526,1.047369496794821,1.2406441889768554,-0.23632460262241906,0.44418281665442516,0.5031378463360742,1.1342092925767715,1.1949361475947793
788.7076193937561,-0.9562372189023447,63.34563390592869,-0.6886250473079999,1.0917877784602736,1.2908156370973993,-0.23632460262241906,0.44418281665442516,0.5031378463360742,1.1342893640204312,1.1950136156543827
788.8076193937561,-1.025509660150255,63.455054420220875,-0.7029395557378212,1.1129229038439559,1.3163287617162167,-0.1613950576898171,0.2651687153368463,0.31042360129360785,1.134207909983375,1.1949348092434229
788.9076193937561,-1.0966105910125026,63.56767255418198,-0.7190790615068066,1.1394397753776464,1.3473669501699124,-0.1613950576898171,0.2651687153368463,0.31042360129360785,1.1342251615163916,1.194951508104328
789.0076193937562,-1.1693254724516489,63.68294237529645,-0.7352185672757919,1.1659566469113372,1.3784053265073364,-0.1613950576898171,0.2651687153368463,0.31042360129360785,1.1344595089130618,1.1951781166316067
789.1076193937562,-1.2417919730764533,63.79711295490834,-0.7334273952425364,1.1567113555980142,1.3696338577377705,-0.06116074799587934,0.06764853616392119,0.09119737682925322,1.1342092974549698,1.1949361527634843
789.2076193937562,-1.3154405163407032,63.91312233314898,-0.7395434700421258,1.1634762092144078,1.3786230208036847,-0.06116074799587934,0.06764853616392119,0.09119737682925322,1.1342893690950233,1.1950136205506317
789.3076193937562,-1.388455477894713,64.02746598142049,-0.7311046774504564,1.143005750958188,1.3568257795728333,0.049456403064897014,-0.13705852631762117,0.14570852905878778,1.1342079151279856,1.1949348137063087
789.4076193937562,-1.4613186636244506,64.14108126388476,-0.7261590371439656,1.1292998983264226,1.3426187871417261,0.049456403064897014,-0.13705852631762117,0.14570852905878778,1.1342251666018577,1.1949515119782392
789.5076193937563,-1.533687285323539,64.25332596108582,-0.7212133968374748,1.1155940456946574,1.328419677122867,0.049456403064897014,-0.13705852631762117,0.14570852905878778,1.134459513788357,1.1951781197500233
789.6076193937563,-1.603368669176038,64.36047188809829,-0.6954756994588005,1.0669488134151994,1.2736036349609754,0.16345059446555976,-0.32548985791309093,0.36422485422528345,1.1342093019104198,1.1949361549253046
789.7076193937563,-1.6720989861496058,64.46553932015027,-0.6791306400122408,1.0343998276238828,1.237417241512237,0.16345059446555976,-0.32548985791309093,0.36422485422528345,1.1342893729553574,1.195013621597124
789.8076193937563,-1.7378962408990837,64.56545293935181,-0.6476940433435695,0.9801167320991707,1.1747920591847305,0.2769838200150935,-0.48435831795410333,0.5579632754236447,1.1342079181791433,1.1949348134726716
789.9076193937564,-1.8012807261333792,64.66104282097199,-0.6199956613420539,0.9316809003037494,1.119117473759469,0.2769838200150935,-0.48435831795410333,0.5579632754236447,1.1342251686490725,1.1949515103366206
790.0076193937564,-1.8618953731675227,64.7517891194126,-0.5922972793405382,0.8832450685083281,1.0634556493613097,0.2769838200150935,-0.48435831795410333,0.5579632754236447,1.1344595146456415,1.1951781166081132
790.1076193937564,-1.9175878696204747,64.83512231262472,-0.5442671766369933,0.810937131521951,0.9766502909667585,0.387881061366841,-0.6115950121988996,0.7242238443420923,1.1342093014012207,1.1949361502515221
790.2076193937564,-1.970075181977351,64.91315805071594,-0.5054790705003004,0.7497776303020471,0.9042541598550713,0.387881061366841,-0.6115950121988996,0.7242238443420923,1.1342893709566757,1.1950136154211373
790.3076193937565,-2.017470187894928,64.98388203580065,-0.45271257940121296,0.6750281245364376,0.8127801968941417,0.4910810824286469,-0.7095802513519706,0.8629396054348284,1.1342079146171122,1.1949348059259621
790.4076193937565,-2.0602860404229153,65.04783694699755,-0.40360447115833714,0.6040700994012244,0.7264965616777591,0.4910810824286469,-0.7095802513519706,0.8629396054348284,1.1342251635146037,1.1949515016370869
790.5076193937565,-2.098191082126614,65.10469605568093,-0.35449636291546127,0.5331120742660111,0.6402157097795238,0.4910810824286469,-0.7095802513519706,0.8629396054348284,1.1344595080076103,1.1951781070843797
790.6076193937565,-2.1295082027807095,65.15302916882113,-0.28992699804776995,0.4491242988978019,0.5345748778772097,0.5724847208064869,-0.7769692044802462,0.9651009793112573,1.1342092934649872,1.1949361404142411
790.7076193937565,-2.1556384789814595,65.19405675268852,-0.23267852596710825,0.37142737844975965,0.43828939515836707,0.5724847208064869,-0.7769692044802462,0.9651009793112573,1.134289362001219,1.195013605860045
790.8076193937566,-2.175395132842047,65.22688168320852,-0.1683033659006423,0.2891968671799981,0.33460551543602945,0.6202638210265599,-0.8040324272552577,1.0154778932859392,1.1342079050951783,1.1949347974310176
790.9076193937566,-2.1891241503269807,65.25178120779026,-0.10627698379797222,0.20879362445445407,0.23428524259547817,0.6202638210265599,-0.8040324272552577,1.0154778932859392,1.134225153996121,1.1949514951234859
791.0076193937566,-2.196650529601646,65.26864040809943,-0.04425060169530212,0.12839038172891,0.13580208345563594,0.6202638210265599,-0.8040324272552577,1.0154778932859392,1.1344594992166923,1.195178103627344
791.1076193937566,-2.1976792345066687,65.27766020339058,0.019906323341570685,0.05055572696198224,0.05433362897537454,0.6269171995260303,-0.7850575848569269,1.00465943811968,1.134209286351002,1.1949361412769202
791.2076193937567,-2.1925540161748795,65.27879048816249,0.08259804329418798,-0.027950031523728297,0.08719885904188171,0.6269171995260303,-0.7850575848569269,1.00465943811968,1.1342893576065658,1.1950136124053374
791.3076193937567,-2.1814703980714047,65.2726167356294,0.14118497522545645,-0.09975429084501294,0.17287022812330696,0.5892856539782176,-0.7299783445844464,0.9381502894242396,1.1342079046683375,1.1949348111480076
791.4076193937567,-2.1644054722789634,65.25899141482198,0.20011354062329162,-0.1727521253034742,0.2643647592582208,0.5892856539782176,-0.7299783445844464,0.9381502894242396,1.1342251589160282,1.1949515176047831
791.5076193937567,-2.141447689946737,65.2380663105687,0.25904210602112676,-0.24574995976193542,0.357065617799941,0.5892856539782176,-0.7299783445844464,0.9381502894242396,1.1344595110112135,1.1951781365509315
791.6076193937567,-2.1139478406164813,65.21127095213124,0.30457674955272807,-0.30494432639705077,0.430996564452498,0.5114405050603938,-0.6524833750449692,0.8290391697178756,1.1342093066157617,1.1949361861890386
791.7076193937568,-2.080932963135898,65.1775141026163,0.3557208000587791,-0.3701926639015625,0.5134003272310927,0.5114405050603938,-0.6524833750449692,0.8290391697178756,1.1342893880617435,1.19501367099859
791.8076193937568,-2.0440228645564846,65.13823451802715,0.3923217849045317,-0.4236646149697777,0.5774150057698255,0.3971103496709192,-0.5621176265969996,0.6882389526514782,1.1342079469654216,1.1949348848048755
791.9076193937568,-2.002805134317667,65.09305746839718,0.4320328198716326,-0.4798763776294904,0.6457040306928832,0.3971103496709192,-0.5621176265969996,0.6882389526514782,1.1342252147569662,1.1949516076953781
792.0076193937568,-1.9576163005821388,65.04225924250123,0.47174385483873355,-0.5360881402892032,0.714095763001605,0.3971103496709192,-0.5621176265969996,0.6882389526514782,1.1344595820489496,1.1951782442547818
792.1076193937569,-1.9110129057005356,64.98771848879403,0.48700622800780946,-0.5743845992119365,0.75305559816673,0.2615460040396481,-0.4631178408117761,0.5318688247183408,1.1342093939590616,1.194936311797446
792.2076193937569,-1.861004552879545,64.92796443966876,0.5131608284117802,-0.6206963832931246,0.8053558443628692,0.2615460040396481,-0.4631178408117761,0.5318688247183408,1.1342894930305525,1.1950138150736473
792.3076193937569,-1.8100143105347788,64.86477424574852,0.5203291315077145,-0.6530202685290365,0.8349717816820563,0.11908520167748382,-0.3564958875015345,0.37585981836859567,1.1342080700910417,1.1949350467905495
792.4076193937569,-1.757385971375608,64.79768973945808,0.5322376516754657,-0.688669857279198,0.870369513589467,0.11908520167748382,-0.3564958875015345,0.37585981836859567,1.1342253564560614,1.1949517868723991
792.507619393757,-1.7035667801996617,64.72704027429263,0.5441461718432168,-0.7243194460293596,0.9059435502435602,0.11908520167748382,-0.3564958875015345,0.37585981836859567,1.1344597422897853,1.1951784393183527
792.607619393757,-1.6510766818242972,64.65500684875401,0.5325897978273795,-0.7391278154964446,0.9110224038904615,-0.006265364563474485,-0.24093756459859383,0.24101901341557022,1.134209571180365,1.194936519642622
792.707619393757,-1.5978490288643645,64.57988937938136,0.5319632613710319,-0.7632215719563095,0.9303182677707479,-0.006265364563474485,-0.24093756459859383,0.24101901341557022,1.1342896860994796,1.1950140331407273
792.807619393757,-1.5458346743798559,64.5038173821525,0.518358973373406,-0.7701678647200795,0.9283612255605133,-0.09840795437142402,-0.10854244825853615,0.14651139395120527,1.1342082761723427,1.1949352706755794
792.907619393757,-1.494490816814361,64.42625788343918,0.5085181779362613,-0.7810221095459355,0.9319797599149878,-0.09840795437142402,-0.10854244825853615,0.14651139395120527,1.1342255725192119,1.1949520120488317
793.0076193937571,-1.4441310387925803,64.34761296024327,0.4986773824991167,-0.7918763543717916,0.9358137060490884,-0.09840795437142402,-0.10854244825853615,0.14651139395120527,1.1344599645298314,1.1951786605418295
793.1076193937571,-1.3959665332416138,64.27074451362935,0.4779091967881502,-0.7753432483617418,0.9107987445944535,-0.1541679612345601,0.04347462423087822,0.1601805332218522,1.1342097936089917,1.194936729687565
793.2076193937571,-1.348946453368961,64.19342756191432,0.46249240066469066,-0.770995785938653,0.8990738137704546,-0.1541679612345601,0.04347462423087822,0.1601805332218522,1.1342899035818037,1.1950142258017946
793.3076193937571,-1.303815152004447,64.11841584048416,0.4433201344799509,-0.7447298689010411,0.8666921709976868,-0.17887641556531841,0.21086632164357433,0.2765165052017471,1.1342084816562825,1.1949354382627535
793.4076193937572,-1.2603775206342689,64.04499718520226,0.42543249292341495,-0.7236432367366789,0.839435727205942,-0.17887641556531841,0.21086632164357433,0.2765165052017471,1.134225759122908,1.1949521473417815
793.5076193937572,-1.2187286534197446,63.9736871931368,0.40754485136687907,-0.7025566045723166,0.8122060012729738,-0.17887641556531841,0.21086632164357433,0.2765165052017471,1.1344601249706188,1.1951787563646958
793.6076193937572,-1.1791224420346191,63.907875282317946,0.3872850366647094,-0.6493495074362572,0.7560717442360184,-0.19174947129708597,0.3867060360497837,0.43163574696733426,1.1342099193946433,1.1949367786295215
793.7076193937572,-1.1413526857246252,63.84487386175455,0.36811008953499647,-0.6106789038312701,0.7130454134219115,-0.19174947129708597,0.3867060360497837,0.43163574696733426,1.1342899877158241,1.1950142221152735
793.8076193937572,-1.1056847034217658,63.787666146729784,0.34671718550263836,-0.5498364090730624,0.6500252944810925,-0.20939854548773593,0.5501967673277783,0.5886970643975702,1.1342085169677372,1.194935377173578
793.9076193937573,-1.0720599775989332,63.73543348965911,0.32577733095386,-0.49481673234027207,0.592430981606571,-0.20939854548773593,0.5501967673277783,0.5886970643975702,1.1342257397904714,1.1949520259238164
794.0076193937573,-1.040529237230979,63.6887028002617,0.3048374764050817,-0.4397970556074817,0.5351143215631863,-0.20939854548773593,0.5501967673277783,0.5886970643975702,1.134460046496345,1.1951785738090221
794.1076193937573,-1.011487430265631,63.65015531294668,0.2801410532099784,-0.3599572956766705,0.4561230803242234,-0.23006711223573173,0.6817177601218902,0.7194928634796149,1.1342097796052464,1.194936537875664
794.2076193937573,-0.984623660505806,63.61756817217961,0.2571343419864,-0.291785519664466,0.3889175482215239,-0.23006711223573173,0.6817177601218902,0.7194928634796149,1.1342897866764547,1.1950139284411765
794.3076193937574,-0.9602914814897321,63.59293437970189,0.23148645427545608,-0.2109462841060423,0.31318415236274316,-0.2492316647145159,0.7693730421848926,0.8087343820669461,1.134208258629687,1.194935040992652
794.4076193937574,-0.9383889943857543,63.57568661650221,0.20656328780399882,-0.13400897988753557,0.24622509733756948,-0.2492316647145159,0.7693730421848926,0.8087343820669461,1.1342254313397166,1.1949516612921711
794.5076193937574,-0.9189788239289228,63.566132583724375,0.18164012133254157,-0.05707167566902882,0.1903951413281632,-0.2492316647145159,0.7693730421848926,0.8087343820669461,1.1344596993074854,1.1951781995887552
794.6076193937574,-0.9023043094086626,63.56511337129824,0.15461753382724105,0.026911494959719312,0.1569420604165277,-0.259122355267388,0.8009939169406268,0.8418643893022237,1.1342094120408974,1.1949361804380627
794.7076193937575,-0.8881381678022724,63.57180949037892,0.12870529830049637,0.10701088665380021,0.16738095373444445,-0.259122355267388,0.8009939169406268,0.8418643893022237,1.1342894200071363,1.19501361709752
794.8076193937575,-0.8765260867633832,63.58632858159224,0.1034707622183591,0.18419042718805329,0.2112636080865935,-0.2505207074025327,0.76861326932477,0.8084101574198439,1.1342079218125927,1.1949348125230805
794.9076193937575,-0.8674316140785581,63.60859069065768,0.07841869147810014,0.26105175412054776,0.27257569499599993,-0.2505207074025327,0.76861326932477,0.8084101574198439,1.1342251580246587,1.194951556984697
795.0076193937575,-0.8608423484677595,63.63853893241637,0.05336662073784118,0.33791308105304224,0.3421012226750096,-0.2505207074025327,0.76861326932477,0.8084101574198439,1.1344595292038457,1.1951782662767914
795.1076193937575,-0.8562207182720142,63.67453924315829,0.033792004987302914,0.39837433693736635,0.3998049673670253,-0.21763467308045847,0.671981983242089,0.7063459752336735,1.1342093919714107,1.1949364696978033
795.2076193937576,-0.8539296911386859,63.717736586768254,0.012028537679252119,0.4655725352615906,0.4657278940632676,-0.21763467308045847,0.671981983242089,0.7063459752336735,1.134289600406922,1.1950141842742115
795.3076193937576,-0.8532269357743433,63.766071034349906,-0.002651410693729236,0.5137673442361321,0.5137741857879929,-0.1610143972175968,0.5205482033541962,0.5448817010385169,1.1342083576848023,1.1949357140895973
795.4076193937576,-0.8542971488298046,63.820050509790306,-0.018752850415492576,0.5658221645715635,0.5661328389337218,-0.1610143972175968,0.5205482033541962,0.5448817010385169,1.1342259080307866,1.194952851973948
795.5076193937576,-0.8569775058574427,63.879235467264245,-0.03485429013725592,0.617876984906995,0.618859265115043,-0.1610143972175968,0.5205482033541962,0.5448817010385169,1.1344606548936296,1.1951800142636753
795.6076193937577,-0.8599341220623015,63.93995033197779,-0.038223947058830345,0.6345234796905104,0.6356737499750243,-0.09069667555298286,0.32238263941872736,0.3348976756487692,1.134210948841225,1.1949387180185864
795.7076193937577,-0.8642100001459505,64.00501459314395,-0.04729361461413069,0.6667617436323905,0.6684369145663452,-0.09069667555298286,0.32238263941872736,0.3348976756487692,1.1342916493095148,1.1950169863450026
795.8076193937577,-0.8686029038247893,64.0708068352045,-0.04728807046111472,0.6698529545687207,0.6715200237910854,-0.024058490455822534,0.10160810317495883,0.1044175157424557,1.1342109461092975,1.1949391033362893
795.9076193937577,-0.8734520033231811,64.13830017117726,-0.04969391950669751,0.6800137648862189,0.6818271086358095,-0.024058490455822534,0.10160810317495883,0.1044175157424557,1.1342290822895518,1.1949568591709177
796.0076193937578,-0.8785416877261312,64.20680958818178,-0.052099768552280316,0.6901745752037172,0.692138230515287,-0.024058490455822534,0.10160810317495883,0.1044175157424557,1.1344644528722765,1.195184658366744
796.1076193937578,-0.8828237954620607,64.27217511313027,-0.04485454795959252,0.6612693218952143,0.6627888400934463,0.026702664269546317,-0.10961871787078259,0.11282417997364898,1.1342153714722674,1.1949439736478251
796.2076193937578,-0.8871757369366733,64.33775395173045,-0.042184281532637286,0.6503074501081335,0.6516742232700073,0.026702664269546317,-0.10961871787078259,0.11282417997364898,1.1342967081303204,1.1950228405436696
796.3076193937578,-0.8908509527833132,64.4001028261482,-0.03502852328141691,0.6150062693231166,0.6160030103416821,0.05640478357201095,-0.2861286127243612,0.291635187570658,1.134216606626613,1.1949454912885633
796.4076193937578,-0.8940717811935954,64.46017281001691,-0.02938804492421453,0.586393408050674,0.587129360694687,0.05640478357201095,-0.2861286127243612,0.291635187570658,1.1342353031872194,1.194963709223439
796.5076193937579,-0.8967285617681574,64.51738150775837,-0.02374756656701215,0.5577805467782314,0.5582858454968005,0.05640478357201095,-0.2861286127243612,0.291635187570658,1.1344711690726628,1.1951918738176257
796.6076193937579,-0.8987089109117691,64.56910498505998,-0.017487944247373412,0.5051648830769042,0.5054674937996523,0.056515749867767084,-0.4111356600108169,0.4150018806169992,1.1342224453256515,1.1949513838057182
796.7076193937579,-0.9001751265871678,64.61756579506763,-0.011836369260595416,0.46405131707581315,0.46420224527362,0.056515749867767084,-0.4111356600108169,0.4150018806169992,1.134304025084696,1.1950303008985999
796.8076193937579,-0.9012907255695871,64.66099296667916,-0.008887725208705696,0.41289234176619605,0.4129879871722163,0.03344964680480955,-0.47731677387276505,0.4784873890623146,1.1342239794076763,1.1949527872723933
796.907619393758,-0.9020122498564338,64.69989561698642,-0.005542760528223979,0.3651606643789087,0.3652027286370123,0.03344964680480955,-0.47731677387276505,0.4784873890623146,1.1342425420090134,1.194970627686582
797.007619393758,-0.9023992776752322,64.73402509955496,-0.002197795847742264,0.31742898699162136,0.31743659538420466,0.03344964680480955,-0.47731677387276505,0.4784873890623146,1.1344780587370245,1.1951981814747763
797.107619393758,-0.9030755145911035,64.76304742305656,-0.004795429883495419,0.2674104756546858,0.26745347004223524,0.0007627679970447221,-0.48332766977673836,0.4833282716610204,1.1342286975421452,1.1949567869624569
797.207619393758,-0.9035512437394679,64.78737183227315,-0.004719153083790929,0.21907770867700094,0.21912853042220026,0.0007627679970447221,-0.48332766977673836,0.4833282716610204,1.1343093978367154,1.1950345558077653
797.307619393758,-0.9043519224894316,64.80725838351844,-0.008372839267316337,0.17591029938115954,0.17610944854199473,-0.025273007162107675,-0.4365980008821868,0.4373288685478446,1.134228182195353,1.1949556190172284
797.4076193937581,-0.905315571451974,64.82266642345215,-0.010900139983527679,0.13225049929293095,0.13269893599758073,-0.025273007162107675,-0.4365980008821868,0.4373288685478446,1.1342453132466204,1.1949717990396955
797.5076193937581,-0.9065319504861377,64.83370848337704,-0.013427440699739022,0.08859069920470233,0.08960250079837646,-0.025273007162107675,-0.4365980008821868,0.4373288685478446,1.1344791524073643,1.1951974844143387
797.6076193937581,-0.9082403181001792,64.84200746790846,-0.0178971009562999,0.060900794328922744,0.06347608189336941,-0.03344177467825804,-0.34478237171682824,0.3464003985856721,1.134227881869079,1.194954054570878
797.7076193937581,-0.910197237069201,64.84637363548276,-0.021241278424126465,0.02642255715723208,0.03390196802279267,-0.03344177467825804,-0.34478237171682824,0.3464003985856721,1.1343065218062847,1.1950297047006355
797.8076193937582,-0.9123820067266619,64.84861396586511,-0.02307801959133935,0.00757299789483049,0.024288789294103358,-0.01839285239445651,-0.22375317882086057,0.22450786634691505,1.1342231655877268,1.194948663757057
797.9076193937582,-0.9147817729477686,64.84825249976049,-0.02491730483078542,-0.014802319987260656,0.028982421517801765,-0.01839285239445651,-0.22375317882086057,0.22450786634691505,1.13423817509504,1.1949628635608551
798.0076193937582,-0.9173654676928201,64.84565350186766,-0.026756590070231488,-0.0371776378693518,0.045804932810026816,-0.01839285239445651,-0.22375317882086057,0.22450786634691505,1.1344700296949979,1.1951868265279517
798.1076193937582,-0.9194820527403776,64.84336483547868,-0.022048571294431996,-0.035337257808918957,0.041651666060070806,0.020351076234225163,-0.09062529515748097,0.09288223956317906,1.1342171121564286,1.1949421566108955
798.2076193937583,-0.9215851544886502,64.839377983222,-0.020013463671009014,-0.04439978732466911,0.04870194906352974,0.020351076234225163,-0.09062529515748097,0.09288223956317906,1.1342945661375654,1.1950171730913657
798.3076193937583,-0.9228178101600788,64.83599253831984,-0.009961012097913734,-0.036072828777237484,0.037422863840260494,0.08418632133112658,0.037996486728314016,0.09236378999890943,1.1342107492898106,1.1949363842770446
798.4076193937583,-0.9233929797632145,64.83257523787576,-0.0015423799647991624,-0.03227318010440522,0.03231001532044191,0.08418632133112658,0.037996486728314016,0.09236378999890943,1.13422621673243,1.1949519183223793
798.5076193937583,-0.9231262861530387,64.82953790229895,0.00687625216831541,-0.028473531431572954,0.029292060973359922,0.08418632133112658,0.037996486728314016,0.09236378999890943,1.1344596976179968,1.1951785506230126
798.6076193937583,-0.9205343339067049,64.82894243860548,0.029480772482373317,-0.005822620303118071,0.030050272101126516,0.162795723039737,0.13591336089591755,0.21207283916158307,1.1342099473046368,1.1949382472968078
798.7076193937584,-0.916772278043268,64.82903974337964,0.045760344786350715,0.007768715786476775,0.04641510637644546,0.162795723039737,0.13591336089591755,0.21207283916158307,1.1342922817257663,1.195019498972343
798.8076193937584,-0.9104531009597838,64.83112130727103,0.07282553223568439,0.027859981573708354,0.07797266648446798,0.2436380129727056,0.17401669490382865,0.2994015555579838,1.1342154300481833,1.1949471586553357
798.9076193937584,-0.9019523576713497,64.83477738890292,0.0971893335329605,0.045261651064095174,0.10721186319446625,0.2436380129727056,0.17401669490382865,0.2994015555579838,1.1342401988218458,1.1949735938511576
799.0076193937584,-0.8910152342531874,64.84017363748386,0.12155313483023658,0.062663320554482,0.13675473055792783,0.2436380129727056,0.17401669490382865,0.2994015555579838,1.1344856123315836,1.1952138507751777
799.1076193937585,-0.8761737620337621,64.84693383876727,0.15970329707323916,0.07544146498869635,0.17662547306576132,0.31823877987118226,0.14082611055984984,0.34800562413460195,1.1342506788885307,1.1949900828355204
799.2076193937585,-0.8586122384270779,64.85518211581895,0.19152717506036462,0.08952407604468453,0.2114171681256232,0.31823877987118226,0.14082611055984984,0.34800562413460195,1.13435095143707,1.1950910181088674
799.3076193937585,-0.8370971714737774,64.86390859738106,0.23214544093278777,0.09217800342237509,0.24977648019942522,0.38180694087771805,0.04652158627431158,0.3846307295210297,1.1342952539609485,1.1950415279602344
799.4076193937585,-0.8119735926761039,64.87335900565466,0.27032613502056824,0.09683016204980731,0.28714508450912135,0.38180694087771805,0.04652158627431158,0.3846307295210297,1.1343445803587717,1.195094141872498
799.5076193937585,-0.7830319444696515,64.88327462979102,0.30850682910834876,0.10148232067723953,0.324769341250873,0.38180694087771805,0.04652158627431158,0.3846307295210297,1.134618039334957,1.1953639428051748
799.6076193937586,-0.7494178873233017,64.8911581813967,0.35430265788133936,0.08197042698016559,0.36366127685126454,0.4198646464061041,-0.08951157466613324,0.4293001785475212,1.1344141661375886,1.195172518085172
799.7076193937586,-0.7118882983031282,64.89890766622139,0.3962891225219593,0.07301926951355023,0.4029601498281399,0.4198646464061041,-0.08951157466613324,0.4293001785475212,1.1345488613701693,1.1953089470413991
799.8076193937586,-0.6700270404669154,64.90398736051678,0.4393930053138001,0.04327339864944429,0.4415187426931804,0.42227001936532005,-0.24795263701655224,0.48968610298664783,1.134530143516177,1.1952972164491833
799.9076193937586,-0.6239763898386979,64.90707493719664,0.4816200072503417,0.01847813494778343,0.4819743487520552,0.42227001936532005,-0.24795263701655224,0.48968610298664783,1.1346189698438185,1.1953897983024981
800.0076193937587,-0.5737030390168252,64.90768298750633,0.5238470091868833,-0.006317128753877431,0.5238850972777672,0.42227001936532005,-0.24795263701655224,0.48968610298664783,1.134933989399886,1.1957012804276235
800.1076193937587,-0.5197721601258676,64.90277070837986,0.560094316093755,-0.059618971960115216,0.5632584351238001,0.38481090705887466,-0.40159717649679805,0.5562011563828991,1.1347719502576368,1.1955514308960398
800.2076193937587,-0.46183867398118406,64.89480082530137,0.5985754067996513,-0.09977868960980416,0.6068346599574036,0.38481090705887466,-0.40159717649679805,0.5562011563828991,1.1349492856141938,1.19572986218674
800.3076193937587,-0.40084699236853555,64.88135141336852,0.6273876227668913,-0.1564102992309616,0.6465906053343259,0.305281838135639,-0.5177434849790947,0.6010451870980854,1.1349719100765754,1.1957584678319146
800.4076193937588,-0.3365818209011533,64.86312166602052,0.6579158065804621,-0.20818464772888287,0.690068153227215,0.305281838135639,-0.5177434849790947,0.6010451870980854,1.135100478125567,1.1958894231091945
800.5076193937588,-0.26926383105241325,64.83971448382272,0.688443990394033,-0.25995899622680413,0.7358898067162685,0.305281838135639,-0.5177434849790947,0.6010451870980854,1.1354525392116477,1.196236240655193
800.6076193937588,-0.20105168128428397,64.80981206909634,0.6979977322839593,-0.3231498364075191,0.7691727056024259,0.18657250290478944,-0.5721590995106742,0.6018100480990852,1.1353219625142963,1.1961159224708615
800.7076193937588,-0.13031904554134777,64.77463628995802,0.7166549825744426,-0.38036574635859954,0.8113399195477251,0.18657250290478944,-0.5721590995106742,0.6018100480990852,1.13552591001904,1.1963187908175525
800.8076193937588,-0.05931396352294677,64.73377320506987,0.7165874357706777,-0.4362705079282906,0.8389454745049906,0.043113355010755805,-0.5495537539815591,0.5512423150443981,1.1355675447325608,1.1963641376584002
800.9076193937589,0.012560346829191174,64.68739838550711,0.7208987712717543,-0.491225883326459,0.8723519397989467,0.043113355010755805,-0.5495537539815591,0.5512423150443981,1.1357071922002564,1.196503840137854
801.0076193937589,0.08486579073143688,64.63552802840455,0.7252101067728308,-0.5461812587246274,0.9078786627889649,0.043113355010755805,-0.5495537539815591,0.5512423150443981,1.13606119909753,1.1968502948893942
801.1076193937589,0.15475094132196018,64.57985893551808,0.702627603039149,-0.5838469407349393,0.9135440869263439,-0.1031382019514111,-0.4457862572731446,0.4575618820174691,1.1359213094786782,1.196718583836598
801.2076193937589,0.22449801061613378,64.51924531015821,0.6923137828440056,-0.6284255664622639,0.9349957574765749,-0.1031382019514111,-0.4457862572731446,0.4575618820174691,1.136105299290382,1.1968995968103053
801.307619393759,0.29167909721933777,64.45601689755557,0.6643682106060944,-0.6507908524022101,0.9300074477305755,-0.23301327568857544,-0.2679083497060655,0.35506347388790577,1.1361151722260774,1.1969116419324315
801.407619393759,0.35695085190151893,64.38959827056681,0.6410668830372316,-0.6775816873728228,0.9327827676313887,-0.23301327568857544,-0.2679083497060655,0.35506347388790577,1.1362113137881977,1.1970066711425322
801.507619393759,0.4198924738268132,64.32050056008099,0.6177655554683688,-0.7043725223434354,0.9368964359819049,-0.23301327568857544,-0.2679083497060655,0.35506347388790577,1.1365099271429209,1.1972970013193125
801.607619393759,0.4783053918664625,64.25303350521123,0.5739786642343881,-0.6897242212333998,0.8973132164145987,-0.34258345837497994,-0.036584157960832586,0.34453131434728074,1.1363045770058422,1.1970995798258273
801.707619393759,0.5339903409980387,64.18387816229807,0.5397203183968824,-0.6933826370294839,0.8786794087859309,-0.34258345837497994,-0.036584157960832586,0.34453131434728074,1.1364125071547073,1.1972047418870777
801.8076193937591,0.5852256523037925,64.11721651705116,0.4939096684334733,-0.6637457557317454,0.8273482874968494,-0.4245380150819573,0.21413987344233387,0.475487551516995,1.1363390946169958,1.1971341037549736
801.9076193937591,0.6324939290717404,64.05191264084519,0.4514558669252679,-0.6423317683875072,0.7851130494782693,-0.4245380150819573,0.21413987344233387,0.475487551516995,1.1363451003937148,1.1971399694558003
802.0076193937591,0.6755168256888667,63.98875016337363,0.4090020654170625,-0.6209177810432689,0.7435197242381132,-0.4245380150819573,0.21413987344233387,0.475487551516995,1.13654845607473,1.1973363236288874
802.1076193937591,0.7132743797127884,63.93227902964964,0.35747834135029927,-0.5569705796510105,0.661820966071145,-0.4697586185002476,0.4426459940646792,0.6454522722221754,1.1362504107154485,1.1970474514317748
802.2076193937592,0.7466734207553242,63.878795201654846,0.31050247950026383,-0.5127059802445325,0.5993990423368382,-0.4697586185002476,0.4426459940646792,0.6454522722221754,1.1362645774490425,1.1970602158200832
802.3076193937592,0.7751948103309232,63.831939536167205,0.2618499991498865,-0.4434703773388522,0.5150062112556114,-0.47667614427065197,0.6217610466952759,0.7834583241655809,1.1361036073371074,1.1969031686337466
802.4076193937592,0.7989964295245635,63.790701303666786,0.21418238472281045,-0.3812942726693105,0.4373321578571241,-0.47667614427065197,0.6217610466952759,0.7834583241655809,1.1360276445016582,1.1968280305506718
802.5076193937592,0.8180312872754951,63.755680681633336,0.16651477029573442,-0.3191181679997688,0.3599494046031606,-0.47667614427065197,0.6217610466952759,0.7834583241655809,1.1361568155700557,1.196950879655529
802.6076193937593,0.8326848494790571,63.72935330397114,0.12292153737699163,-0.23453031699084667,0.26479081165884544,-0.45126788966544984,0.7366565138049577,0.8638897658696869,1.1357973265162475,1.1966007800766465
802.7076193937593,0.8427206637684308,63.709583554841075,0.07779474841043638,-0.16086466561033413,0.17868817398520728,-0.45126788966544984,0.7366565138049577,0.8638897658696869,1.1357597697710695,1.1965616938076935
802.8076193937593,0.8487362052161384,63.69788985713706,0.03862216822788484,-0.07970101460836186,0.08856592803231583,-0.4032825982746841,0.7828435331883232,0.880613906048478,1.1355594475976833,1.1963647692134953
802.9076193937593,0.8505820090475534,63.693833973342166,-0.0017060915995927364,-0.0014166612895117336,0.0022175837651376216,-0.4032825982746841,0.7828435331883232,0.880613906048478,1.1354559877310202,1.196261233818898
803.0076193937593,0.8483949868962197,63.69760652487916,-0.04203435142707032,0.07686769202933838,0.08761009518207168,-0.4032825982746841,0.7828435331883232,0.880613906048478,1.135569749001926,1.1963674123818893
803.1076193937594,0.8433794331339254,63.709133309561885,-0.07074141706779825,0.15354973441802633,0.16906173141372532,-0.33810383232920505,0.767335201594596,0.8385210271912771,1.135205771030619,1.1960113376303783
803.2076193937594,0.8346147722654972,63.72832495901166,-0.10455180030072644,0.23028325457750337,0.25290602263475304,-0.33810383232920505,0.767335201594596,0.8385210271912771,1.1351747091215705,1.1959769841623744
803.3076193937594,0.8233089953668944,63.75450577777088,-0.1284623502798889,0.29837690160076935,0.3248558924327956,-0.261601018487885,0.6926823599072727,0.7404349698660965,1.1349898449978106,1.1957936181739133
803.4076193937594,0.8091547552464626,63.7878068797305,-0.15462245212868334,0.3676451375915124,0.39883712201470045,-0.261601018487885,0.6926823599072727,0.7404349698660965,1.1349104713570073,1.1957121357115552
803.5076193937595,0.7923845049411508,63.82803480528921,-0.18078255397747778,0.4369133735822554,0.47283784518336425,-0.261601018487885,0.6926823599072727,0.7404349698660965,1.1350558814133491,1.1958478455095876
803.6076193937595,0.7746901770414715,63.87281354048929,-0.19066041983902912,0.48282759195911173,0.5191087354786369,-0.17049869036330234,0.5585427399996713,0.5839861263950897,1.1347275142881397,1.1955253108246007
803.7076193937595,0.7547716416057473,63.923889013385214,-0.20771028887536325,0.5386818659590915,0.5773402089044687,-0.17049869036330234,0.5585427399996713,0.5839861263950897,1.1347373968808727,1.1955298146483
803.8076193937595,0.734328992042184,63.9785891247649,-0.21091644739922252,0.5712080274625468,0.6089042276262849,-0.06500580270090572,0.3755426608319701,0.3811273336951119,1.1345954978946629,1.1953873985785053
803.9076193937595,0.7129123182887523,64.03758764081533,-0.21741702766931456,0.6087622935457524,0.6464222257655164,-0.06500580270090572,0.3755426608319701,0.3811273336951119,1.1345610313157575,1.195348878157054
804.0076193937596,0.6908455865083113,64.10034158347409,-0.22391760793940663,0.646316559628958,0.6840059871053163,-0.06500580270090572,0.3755426608319701,0.3811273336951119,1.134752151468965,1.1955284487761335
804.1076193937596,0.6701601431757643,64.16264786137424,-0.21126396492869082,0.6434478030410822,0.6772425991591096,0.039213360043874546,0.14966881246930197,0.1547205255675588,1.1344671719511294,1.1952475811283483
804.2076193937596,0.6492298134831099,64.22774098574071,-0.20734262892430247,0.6584146842880158,0.6902904187770017,0.039213360043874546,0.14966881246930197,0.1547205255675588,1.134519656151586,1.1952930963471202
804.3076193937596,0.6298208953728919,64.29145201014634,-0.1903892145359907,0.6396230191565688,0.6673572204199156,0.1358943507819803,-0.10812155148372271,0.17365927694685135,1.134417151508569,1.195188642904338
804.4076193937597,0.6114614456731986,64.3548737043046,-0.1767997794577896,0.6288108640081941,0.653193129718198,0.1358943507819803,-0.10812155148372271,0.17365927694685135,1.13441912130801,1.1951853163337418
804.5076193937597,0.5944609394813258,64.417214182948,-0.16321034437958848,0.6179987088598193,0.6391869997621257,0.1358943507819803,-0.10812155148372271,0.17365927694685135,1.1346431933647634,1.1953968260407486
804.6076193937597,0.5805142639187197,64.47337993826126,-0.13368383237181167,0.5591466380211659,0.574905496449623,0.22236147246603266,-0.3693537720080582,0.4311227590070406,1.1343861567622215,1.19514317035868
804.7076193937597,0.5682576880438662,64.52744783320334,-0.11144768512520334,0.5222112608203516,0.533971148515861,0.22236147246603266,-0.3693537720080582,0.4311227590070406,1.1344628550741747,1.195212518429707
804.8076193937598,0.5591811286167231,64.57510377407824,-0.07808818249105687,0.45419333698988495,0.4608571922090007,0.30617725445361793,-0.5957758275279565,0.66984576419604,1.1343799558183532,1.1951277305651138
804.9076193937598,0.5529031966398844,64.6175442286396,-0.04747045704568812,0.3946157542370758,0.3974607374121659,0.30617725445361793,-0.5957758275279565,0.66984576419604,1.1343975119534127,1.1951405846577579
805.0076193937598,0.5496870372075834,64.65402692492567,-0.01685273160031936,0.33503817148426657,0.33546175775177894,0.30617725445361793,-0.5957758275279565,0.66984576419604,1.134633392870869,1.195365144865293
805.1076193937598,0.5511163776683131,64.68110526189237,0.028627881952950376,0.24387072928141423,0.24554528752423838,0.38639931568678365,-0.7607371594635741,0.8532440781815729,1.1343844338764475,1.1951216196229595
805.2076193937598,0.5559111624420436,64.7016886490232,0.06726781352163752,0.16779701333503952,0.1807783073826648,0.38639931568678365,-0.7607371594635741,0.8532440781815729,1.1344665563145915,1.1951993571483581
805.3076193937599,0.5653314632905042,64.7134206810737,0.11441479934563079,0.07809167135364649,0.1385245662115817,0.44526264193572884,-0.8519205281079825,0.9612634428268709,1.1343869161889457,1.1951218857922523
805.4076193937599,0.5789992564347495,64.71697024556853,0.1589410635392138,-0.007100381457171123,0.1590995823244478,0.44526264193572884,-0.8519205281079825,0.9612634428268709,1.1344065090866384,1.1951420559422705
805.5076193937599,0.5971196759983541,64.71200060478228,0.2034673277327968,-0.09229243426798875,0.22342078434612203,0.44526264193572884,-0.8519205281079825,0.9612634428268709,1.1346441366944697,1.1953750150095686
805.6076193937599,0.620170215643122,64.69784280605106,0.25172541105863894,-0.18286603960315828,0.3111360972513228,0.45969217428824116,-0.874331248557914,0.9878117367731016,1.1343977708710944,1.1951422369463576
805.70761939376,0.6476412176204338,64.67518454584796,0.2976946284874735,-0.27029916445896957,0.4020991546092978,0.45969217428824116,-0.874331248557914,0.9878117367731016,1.1344844419303501,1.1952342935339235
805.80761939376,0.6793951863014046,64.6440118588558,0.3393771349181209,-0.35452758528606043,0.49078167084152324,0.4186449490670654,-0.8428272648819036,0.9410745941782066,1.1344126143063782,1.1951760602051718
805.90761939376,0.7154261245385608,64.60434496400278,0.38124162982483695,-0.43881031177427,0.5812913813492593,0.4186449490670654,-0.8428272648819036,0.9410745941782066,1.1344445394986842,1.1952217197274155
806.00761939376,0.7556435122663894,64.55624979650094,0.423106124731553,-0.5230930382624794,0.6727890601548335,0.4186449490670654,-0.8428272648819036,0.9410745941782066,1.1347003756765095,1.1954877967710384
806.10761939376,0.7984255948226715,64.50097609689891,0.44882667987832064,-0.5950336855301416,0.7453257512565764,0.3243946370146349,-0.7715607700302947,0.8369814229560881,1.1344793393391046,1.1952967032488235
806.2076193937601,0.8449302359955877,64.43761492449572,0.4812661435797915,-0.6721897625331885,0.8267140846813903,0.3243946370146349,-0.7715607700302947,0.8369814229560881,1.134599864058372,1.195440568328692
806.3076193937601,0.8931841420087873,64.36758368969117,0.4958657475638553,-0.7369585086377815,0.8882514751244065,0.1839844005329626,-0.6752288294581028,0.6998458628661266,1.1345713475478902,1.1954446900127005
806.4076193937601,0.9436906387678492,64.29051169468009,0.5142641876171558,-0.8044813915836071,0.95480781525385,0.1839844005329626,-0.6752288294581028,0.6998458628661266,1.1346573602503627,1.195564494438471
806.5076193937601,0.9960369795322417,64.20668741137442,0.5326626276704562,-0.8720042745294327,1.0218223572198826,0.1839844005329626,-0.6752288294581028,0.6998458628661266,1.1349791397013798,1.195917271885327
806.6076193937602,1.047082258752705,64.11821630201595,0.5210985930868588,-0.9193322037740197,1.0567475784751528,0.018492455123162,-0.5627105936813404,0.5630143720525158,1.1348352319966457,1.1958236463612648
806.7076193937602,1.0992845803370186,64.02346952867012,0.5229478385991755,-0.9756032631421665,1.1069219344421686,0.018492455123162,-0.5627105936813404,0.5630143720525158,1.1350461214739695,1.1960780782235167
806.8076193937602,1.1497619824772265,63.924547026511675,0.5027488852220711,-1.014724833936254,1.132441137631,-0.14484383956594504,-0.4296752675759863,0.4534319942689319,1.1351194983372124,1.1962028650732046
806.9076193937602,1.1993126518016148,63.82092616678014,0.48826450126547327,-1.0576923606938624,1.1649529402796395,-0.14484383956594504,-0.4296752675759863,0.4534319942689319,1.1353198399984346,1.1964541364977186
807.0076193937603,1.2474148827303433,63.713008554372855,0.4737801173088755,-1.1006598874514708,1.1982987054160978,-0.14484383956594504,-0.4296752675759863,0.4534319942689319,1.1357679773753058,1.1969481267785502
807.1076193937603,1.291383177958341,63.60373771555566,0.4344731211000475,-1.115405869881909,1.1970368196197787,-0.27609954357276845,-0.2726498880226905,0.38803211129992415,1.1357569254778286,1.196998169885006
807.2076193937603,1.333449992350491,63.49083387912733,0.40686316674276435,-1.142670858684184,1.2129444866678776,-0.27609954357276845,-0.2726498880226905,0.38803211129992415,1.136110542611445,1.1974026333887182
807.3076193937603,1.3716314126323481,63.37715504629356,0.3666654682532053,-1.1470669462922918,1.2042450518418857,-0.3641916465890902,-0.09804375174660762,0.3771579678355254,1.136329472724845,1.1976751403159656
807.4076193937603,1.4064770012247307,63.26195813290557,0.33024630359428797,-1.1568713214669548,1.2030851488861414,-0.3641916465890902,-0.09804375174660762,0.3771579678355254,1.1366784699650594,1.1980720426263742
807.5076193937604,1.4376806733512209,63.14578078200011,0.2938271389353707,-1.1666756966416179,1.2031070479010377,-0.3641916465890902,-0.09804375174660762,0.3771579678355254,1.137275529754762,1.1987062056097835
807.6076193937604,1.4641836766910137,63.0321618159715,0.24792925923292866,-1.1428508246211426,1.1694344466112732,-0.41204486881037683,0.08687052398723794,0.42110267376351096,1.1374014317715946,1.1988774444946668
807.7076193937604,1.4869163782702595,62.9183110861293,0.2067247723518816,-1.1341637722224167,1.1528497706664642,-0.41204486881037683,0.08687052398723794,0.42110267376351096,1.1378859766888652,1.1993909398057867
807.8076193937604,1.5052607197380015,62.807470777927044,0.16274282404732437,-1.1005685537573444,1.1125360076412947,-0.4282441284903783,0.27439754255073634,0.508612863526245,1.1382169042299817,1.199746778340147
807.9076193937605,1.519393781500285,62.69878591026404,0.1199184111982768,-1.0731287995022645,1.0798082448590076,-0.4282441284903783,0.27439754255073634,0.508612863526245,1.1386597109820467,1.2002026354210549
808.0076193937605,1.5292444019776623,62.592845018026544,0.07709399834922923,-1.0456890452471845,1.0485270926072627,-0.4282441284903783,0.27439754255073634,0.508612863526245,1.1393282794395032,1.2008677036910822
808.1076193937605,1.5349742680174394,62.4931737213155,0.03626570505493983,-0.9850395934048838,0.9857069554073313,-0.4138363332468842,0.45477354297416206,0.614881684639003,1.1394875028487983,1.2010268212617994
808.2076193937605,1.536531656856699,62.396943629689865,-0.005117928269758001,-0.9395622391074573,0.9395761780432671,-0.4138363332468842,0.45477354297416206,0.614881684639003,1.1399774661236783,1.2014965799209536
808.3076193937605,1.5343669153856383,62.307167625552005,-0.04138270218938987,-0.8721794489329971,0.8731606491256705,-0.37159274786082475,0.6159502178597966,0.719357936735454,1.1402724231353465,1.20176547401157
808.4076193937606,1.5283706814273934,62.22302943174798,-0.07854197697548079,-0.8105844271470035,0.814380719123711,-0.37159274786082475,0.6159502178597966,0.719357936735454,1.1406424375048767,1.202097304805256
808.5076193937606,1.5186585199905385,62.145050740122564,-0.11570125176157171,-0.7489894053610098,0.7578732803063013,-0.37159274786082475,0.6159502178597966,0.719357936735454,1.1412009981940268,1.2026029492978756
808.6076193937606,1.5063117871178198,62.075882439659466,-0.14252197567362346,-0.6627954089753669,0.6779456229733597,-0.314406284777646,0.7467879425894073,0.8102737457826227,1.1412038600057106,1.202562030488284
808.7076193937606,1.490487558126565,62.013336838474864,-0.1739626041513952,-0.5881166147164092,0.6133059107400028,-0.314406284777646,0.7467879425894073,0.8102737457826227,1.1415075063198326,1.2028086686773256
808.8076193937607,1.4721476002075164,61.95944879556775,-0.1982509397086498,-0.4999937197137656,0.537863509497131,-0.26293145051135536,0.842663215921783,0.8827311273177393,1.1415838599068533,1.2028334720813951
808.9076193937607,1.4510078489840896,61.91366273967597,-0.22454408475979132,-0.4157273981215681,0.47249266190020467,-0.26293145051135536,0.842663215921783,0.8827311273177393,1.1417164251883678,1.2029158988785122
809.0076193937607,1.427238783255548,61.87630331594342,-0.2508372298109328,-0.3314610765293707,0.41567506674472554,-0.26293145051135536,0.842663215921783,0.8827311273177393,1.1420299421098608,1.2031812629510121
809.1076193937607,1.401502364630528,61.84868060551209,-0.27126576714596146,-0.23533062053956588,0.35911783217883253,-0.23388889756944975,0.9035107233267866,0.9332929034192565,1.1417907740836295,1.2029245635621275
809.2076193937608,1.3732063434280781,61.829665097074766,-0.29465465690291176,-0.14497954820686668,0.3283906762270205,-0.23388889756944975,0.9035107233267866,0.9332929034192565,1.1418791767227954,1.2030046459560606
809.3076193937608,1.3426663925505127,61.82005451457713,-0.31721450621840885,-0.050770844221761674,0.3212518040079765,-0.23130627221180866,0.9263775086004628,0.9548182444870457,1.141786054798794,1.2029347735822773
809.4076193937608,1.309788410567605,61.81960931769796,-0.340345133439595,0.04186690663830567,0.3429105535376191,-0.23130627221180866,0.9263775086004628,0.9548182444870457,1.1418205815283868,1.203021610000507
809.5076193937608,1.2745973658625784,61.828427895904795,-0.3634757606607811,0.134504657498373,0.3875643578512968,-0.23130627221180866,0.9263775086004628,0.9548182444870457,1.142134810983361,1.2034195552674787
809.6076193937608,1.236853795937469,61.84632440196757,-0.3890448186108926,0.22475180952786064,0.4492986164835477,-0.24584663076394786,0.9085522542074594,0.941226733833799,1.1420239011909294,1.2034518040193347
809.7076193937609,1.1967200809225509,61.8733423441914,-0.4136294816872929,0.31560703494862724,0.5202856413836179,-0.24584663076394786,0.9085522542074594,0.941226733833799,1.1424004405418076,1.2040104684299993
809.8076193937609,1.153912130101646,61.90887756034655,-0.4407219367549931,0.39934337980671164,0.594736042738726,-0.26460019997875717,0.8477352864588548,0.8880700319998839,1.1427839922314753,1.204633574615408
809.9076193937609,1.1085169354262423,61.95305057475953,-0.4671819567528748,0.48411690845261635,0.6727764574991933,-0.26460019997875717,0.8477352864588548,0.8880700319998839,1.143516802993634,1.2056596626643956
810.0076193937609,1.0604757387510497,62.0057009420371,-0.49364197675075655,0.5688904370985212,0.7532056363520794,-0.26460019997875717,0.8477352864588548,0.8880700319998839,1.1447825136927066,1.2072711603376343
810.107619393761,1.0094899266532598,62.06491614371266,-0.522805685201425,0.6347756178203388,0.8223538590279273,-0.2784265714001631,0.7384846861081806,0.789228095849323,1.1458802100739802,1.2087818036903728
810.207619393761,0.9558172252761039,62.13208612892525,-0.5506483423414477,0.7086240864311736,0.8974194631240173,-0.2784265714001631,0.7384846861081806,0.789228095849323,1.1477664703974986,1.2111294999614721
810.307619393761,0.899294074175046,62.204950321811644,-0.5791179334843931,0.7622436983270668,0.9572841984084759,-0.28114251732529993,0.5783371879925499,0.6430513339253224,1.1499414915170871,1.2138159643947597
810.407619393761,0.8399765682399664,62.28406637758433,-0.6072321852169295,0.820077417126335,1.0204204510121933,-0.28114251732529993,0.5783371879925499,0.6430513339253224,1.152770313229864,1.2171983051508246
810.507619393761,0.7778476371316325,62.36896580523695,-0.6353464369494659,0.8779111359256031,1.0836941715846609,-0.28114251732529993,0.5783371879925499,0.6430513339253224,1.1564351666722554,1.221447756933759
810.6076193937611,0.7130827294882769,62.45588174210365,-0.6614846577519174,0.8995338912814629,1.1165675859548951,-0.2678685021581847,0.37619963059038986,0.4618221481315239,1.160119943338759,1.225737829667563
810.7076193937611,0.6455949212022787,62.54771612938477,-0.688271507967742,0.9371538543405105,1.1627446045393908,-0.2678685021581847,0.37619963059038986,0.4618221481315239,1.1648510455893577,1.2310820294584235
810.8076193937611,0.5758025280455211,62.640770495333385,-0.71038017738229,0.9449678026226004,1.1822030893256368,-0.2280944299492072,0.14838976362620881,0.2721150325191461,1.1699673934877164,1.2367975172235246
810.9076193937611,0.5036240381575294,62.7360092244138,-0.7331896203772159,0.9598067789852247,1.2078063058350366,-0.2280944299492072,0.14838976362620881,0.2721150325191461,1.175833917783267,1.2432399627426827
811.0076193937612,0.42916460397004463,62.832731851130475,-0.7559990633721417,0.9746457553478489,1.2334783874219826,-0.2280944299492072,0.14838976362620881,0.2721150325191461,1.182562367185535,1.2505027382247171
811.1076193937612,0.35362664430978785,62.92629517134047,-0.7669993443654936,0.9453273026724675,1.2173461723910335,-0.16028735936620286,-0.09467332010954088,0.18615873633314622,1.1890222937800987,1.2574272322896702
811.2076193937612,0.2761252730763897,63.02035453500719,-0.7830280803021175,0.9358599706615113,1.2202322972402362,-0.16028735936620286,-0.09467332010954088,0.18615873633314622,1.1963866783850874,1.2651871492365327
811.3076193937612,0.1980197417306757,63.11062692311675,-0.7872070021959628,0.8933120187407081,1.19067259443264,-0.06798186218539481,-0.34444866433688837,0.3510931727471504,1.2036552995718135,1.2727527995752663
811.4076193937613,0.11895913220013442,63.19823588166915,-0.7940051884145038,0.8588671523070115,1.1696567977578325,-0.06798186218539481,-0.34444866433688837,0.3510931727471504,1.2112153768021658,1.2805123366343052
811.5076193937613,0.03921870404773885,63.28240035357818,-0.8008033746330449,0.8244222858733148,1.1493294350482173,-0.06798186218539481,-0.34444866433688837,0.3510931727471504,1.2190795961563807,1.28846820229014
811.6076193937613,-0.03924046765633867,63.35833950087588,-0.7890307340167237,0.7448491487320369,1.0850667046729476,0.033520653635913056,-0.5902747863104518,0.5912258092928864,1.2256781910502905,1.2950362230628325
811.7076193937613,-0.11797593778984934,63.42987304181755,-0.7856786686531316,0.6858216701009783,1.0429009222148826,0.033520653635913056,-0.5902747863104518,0.5912258092928864,1.2325049736337286,1.3017291813495475
811.8076193937613,-0.1953011791348039,63.49285058127052,-0.7700439868387755,0.5962197140199813,0.973881763384357,0.12279457955433892,-0.8164846283390945,0.8256667954338215,1.238193001281694,1.3071774411070847
811.9076193937614,-0.271691604920927,63.54839012953083,-0.7577645288833388,0.5145712511860533,0.915964329971953,0.12279457955433892,-0.8164846283390945,0.8256667954338215,1.2433100704531048,1.3119730575486377
812.0076193937614,-0.3468540849115061,63.59576483150775,-0.7454850709279021,0.4329227883521253,0.8620731591059765,0.12279457955433892,-0.8164846283390945,0.8256667954338215,1.2479155002148785,1.3161949029634292
812.1076193937614,-0.4194835687529985,63.63111503891734,-0.7213730780778617,0.3152766782126459,0.7872601232123528,0.18353228746886563,-1.0093579741640084,1.0259081930426452,1.2502060748272292,1.318081232043978
812.2076193937614,-0.4907032151234563,63.6575959168678,-0.703019849330971,0.2143408807962221,0.734968653572274,0.18353228746886563,-1.0093579741640084,1.0259081930426452,1.252297079552511,1.3197854606242447
812.3076193937615,-0.5597294813956276,63.67211299239046,-0.6809372824440556,0.09206664847731068,0.6871330659953283,0.20571568339706992,-1.164463713140971,1.1824951084962596,1.2528510250363527,1.3200348734354468
812.4076193937615,-0.6267946312230628,63.675497338672486,-0.660365714104344,-0.02437972283681289,0.6608155924689882,0.20571568339706992,-1.164463713140971,1.1824951084962596,1.25304341180309,1.3200676687913904
812.5076193937615,-0.6918026242165265,63.66723704782309,-0.6397941457646323,-0.14082609415093647,0.655109561637215,0.20571568339706992,-1.164463713140971,1.1824951084962596,1.2535157301216235,1.3205987143298907
812.6076193937615,-0.7548428835518599,63.64489974189877,-0.6204453502141354,-0.27974769810320854,0.6805962145034198,0.19631945253125527,-1.2832580661363617,1.2981881958122277,1.2531423835038678,1.3206341985473977
812.7076193937615,-0.8159058213106309,63.61050868175776,-0.6008134049610053,-0.40807350471687387,0.7262924568193927,0.19631945253125527,-1.2832580661363617,1.2981881958122277,1.2552192410597591,1.323524356409463
812.8076193937616,-0.8752607250259016,63.562260479544975,-0.5842332953333631,-0.5479279339925348,0.8009703891064939,0.17238508316626433,-1.364936459893741,1.3757791088853972,1.2596457051323116,1.329308786696967
812.9076193937616,-0.9328221291434193,63.500643003846236,-0.5669947870167327,-0.6844215799819399,0.8887721798352629,0.17238508316626433,-1.364936459893741,1.3757791088853972,1.2690897225742912,1.3407293466621215
813.0076193937616,-0.9886596824292738,63.425376163548556,-0.5497562787001024,-0.820915225971345,0.9879948249873423,0.17238508316626433,-1.364936459893741,1.3757791088853972,1.2858139290712554,1.3601210994331805
813.1076193937616,-1.0432359375969467,63.33533284082368,-0.5367884234006374,-0.9677148665984256,1.1066227336055185,0.14989975761438412,-1.418619397171643,1.4265170631171877,1.310918382993893,1.388694677999999
813.2076193937617,-1.0961652811489504,63.23146825717795,-0.5217984476391956,-1.1095768063156222,1.2261461206040045,0.14989975761438412,-1.418619397171643,1.4265170631171877,1.3489679996150747,1.4309479861730634
813.3076193937617,-1.1477590056230553,63.112998350218184,-0.5085735708356792,-1.256101707271622,1.3551526024633673,0.13842702681789754,-1.4509120599073697,1.4575005479718661,1.4018139668529055,1.488742430473081
813.4076193937617,-1.197924227572545,62.98013361919145,-0.49473086815388634,-1.4011929132623921,1.485967769529692,0.13842702681789754,-1.4509120599073697,1.4575005479718661,1.4727682930826784,1.5652876881986812
813.5076193937617,-1.246705179253855,62.83275976756564,-0.48088816547209345,-1.546284119253162,1.619335667842107,0.13842702681789754,-1.4509120599073697,1.4575005479718661,1.5642347277133997,1.662892525665089
813.6076193937618,-1.2941674471930338,62.6705008476315,-0.4675613088044676,-1.6947312917152124,1.7580465661095723,0.13635176590181042,-1.4677664873233898,1.4740862476036416,1.6776269887777366,1.7829097829435678
813.7076193937618,-1.3402418192439818,62.49368888602332,-0.45392613221428346,-1.8415079404475847,1.8966287006787925,0.13635176590181042,-1.4677664873233898,1.4740862476036416,1.8150544881500013,1.9273283566522459
813.8076193937618,-1.38493915766709,62.30211119739271,-0.44012277664283733,-1.9892088194270867,2.0373168103675736,0.13769490081775426,-1.473447530841919,1.4798673967134215,1.9771486129442033,2.0967437683609207
813.9076193937618,-1.4282629608272945,62.09582307779575,-0.4263532865610588,-2.1365535725113123,2.1786781068281447,0.13769490081775426,-1.473447530841919,1.4798673967134215,2.1645863539306642,2.2917915810792304
814.0076193937618,-1.470209814979321,61.87480048289035,-0.41258379647928023,-2.2838983255955374,2.3208655606853568,0.13769490081775426,-1.473447530841919,1.4798673967134215,2.377619066214092,2.5127083197469355
