time,x,y
221.0,1.10202600461593,4.56143993708724
221.1,1.0970284693615793,4.561088239084795
221.2,1.0920313490623752,4.560726516042736
221.3,1.0870346638302761,4.560354768283682
221.4,1.082038433777245,4.5599729961302575
221.5,1.07704267901524,4.55958119990508
221.6,1.0720474196564564,4.55917937995209
221.7,1.067052675814031,4.558767536700509
221.8,1.0620584676013416,4.558345670602828
221.9,1.0570648151319635,4.557913782156419
222.0,1.05207173851966,4.55747187190354
222.1,1.0470792578782075,4.557019940405541
222.2,1.0420873933213959,4.55655798829235
222.3,1.0370961649630062,4.556086016213137
222.4,1.0321055929165799,4.555604024865184
222.5,1.02711569729541,4.55511201499389
222.6,1.0221264982126106,4.554609987363596
222.7,1.017138015780615,4.554097942806039
222.8,1.0121502701116534,4.5535758821719075
222.9,1.007163281317233,4.553043806360243
223.0,1.00217706950813,4.55250171631845
223.1,0.9971916547947507,4.551949613012861
223.2,0.9922070572861487,4.551387497477127
223.3,0.9872232970909852,4.550815370763831
223.4,0.9822403943167105,4.5502332339739375
223.5,0.977258369069555,4.54964108825679
223.6,0.9722772414551908,4.549038934780663
223.7,0.9672970315772608,4.548426774781143
223.8,0.9623177595388257,4.547804609512748
223.9,0.9573394454412495,4.547172440278379
224.0,0.952362109384191,4.54653026842932
224.1,0.9473857714665604,4.545878095335784
224.2,0.9424104517845626,4.545215922435286
224.3,0.9374361704336297,4.544543751184276
224.4,0.9324629475070109,4.54386158308758
224.5,0.927490803095765,4.5431694196984
224.6,0.9225197572900113,4.54246726258887
224.7,0.9175498301764873,4.541755113398416
224.8,0.9125810418409674,4.541032973785389
224.9,0.9076134123665577,4.540300845456508
225.0,0.902646961833687,4.53955873016686
225.1,0.8976817103216546,4.5388066296904555
225.2,0.892717677905702,4.53804454586858
225.3,0.8877548846599177,4.537272480561445
225.4,0.8827933506552351,4.536490435677611
225.5,0.877833095959424,4.53569841317399
225.6,0.8728741406389351,4.534896415026411
225.7,0.8679165047554843,4.534084443277957
225.8,0.8629602083694444,4.533262499990626
225.9,0.8580052715375474,4.532430587274748
226.0,0.853051714312875,4.53158870728898
226.1,0.848099556747,4.530736862210891
226.2,0.8431488188860847,4.529875054285278
226.3,0.8381995207747571,4.529003285775841
226.4,0.8332516824535188,4.528121558994583
226.5,0.828305323958735,4.52722987630181
226.6,0.8233604653250716,4.526328240076728
226.7,0.8184171265811082,4.525416652765735
226.8,0.8134753277537008,4.524495116834124
226.9,0.8085350888650915,4.5235636347954635
227.0,0.803596429932901,4.52262220921159
227.1,0.79865937097286,4.521670842663228
227.2,0.7937239319939371,4.520709537798247
227.3,0.788790133003188,4.519738297283403
227.4,0.7838579940025682,4.51875712383369
227.5,0.778927534988926,4.51776602021234
227.6,0.7739987759570297,4.51676498920146
227.7,0.7690717368942104,4.515754033650246
227.8,0.7641464377856958,4.5147331564267645
227.9,0.7592228986111282,4.513702360447281
228.0,0.754301139344557,4.51266164867626
228.1,0.7493811799577615,4.5116110240970215
228.2,0.7444630404144088,4.510550489759923
228.3,0.7395467406758723,4.509480048734175
228.4,0.7346323006974553,4.508399704137146
228.5,0.729719740428383,4.50730945913435
228.6,0.7248090798154203,4.506209316910145
228.7,0.7199003387965456,4.505099280715856
228.8,0.7149935373072531,4.5039793538216415
228.9,0.7100886952764824,4.502849539545771
229.0,0.70518583262661,4.50170984125462
229.1,0.7002849692773632,4.500560262333377
229.2,0.695386125139007,4.4994008062341315
229.3,0.690489320119134,4.498231476427781
229.4,0.6855945741182968,4.497052276433282
229.5,0.680701907030001,4.49586320981764
229.6,0.6758113387449125,4.494664280166656
229.7,0.6709228891435621,4.49345549113295
229.8,0.6660365781036178,4.492236846387931
229.9,0.6611524254952245,4.491008349651004
230.0,0.656270451180995,4.48977000468957
230.1,0.6513906750205146,4.4885218152898
230.2,0.6465131168625589,4.487263785304594
230.3,0.6416377965528516,4.485995918605624
230.4,0.6367647339291103,4.484718219112487
230.5,0.631893948821037,4.48343069079271
230.6,0.6270254610551165,4.482133337632566
230.7,0.6221592904463517,4.48082616368497
230.8,0.6172954568065037,4.479509173021579
230.9,0.6124339799388449,4.478182369761913
231.0,0.607574879638149,4.47684575807335
231.1,0.6027181756957843,4.475499342141985
231.2,0.597863887890965,4.4741431262204525
231.3,0.593012035999475,4.4727771145801
231.4,0.5881626397881263,4.471401311540065
231.5,0.58331571901475,4.47001572146728
231.6,0.5784712934335825,4.468620348747357
231.7,0.5736293827860357,4.467215197832342
231.8,0.5687900068099037,4.465800273192964
231.9,0.5639531852335253,4.464375579347664
232.0,0.559118937775777,4.46294112086259
232.1,0.5542872841517519,4.461496902322552
232.2,0.549458244063049,4.460042928378677
232.3,0.5446318372074601,4.458579203700746
232.4,0.5398080832728422,4.457105733006166
232.5,0.534987001937108,4.45562252105997
232.6,0.5301686128741986,4.454129572645812
232.7,0.525352935743892,4.45262689261355
232.8,0.5205399902019707,4.451114485831655
232.9,0.5157297958938016,4.449592357216148
233.0,0.510922372454328,4.44806051173058
233.1,0.5061177395143329,4.44651895435709
233.2,0.5013159166897683,4.444967690143891
233.3,0.49651692359240296,4.443406724157778
233.4,0.4917207798231099,4.441836061512993
233.5,0.486927504971859,4.44025570737123
233.6,0.4821371186242728,4.438665666912728
233.7,0.4773496403504755,4.437065945383668
233.8,0.4725650897162207,4.435456548048771
233.9,0.4677834862758876,4.433837480220115
234.0,0.463004849572473,4.43220874725712
234.1,0.4582291991444391,4.43057035453772
234.2,0.45345655451408423,4.428922307505651
234.3,0.4486869351991485,4.427264611623145
234.4,0.4439203607055202,4.425597272399694
234.5,0.439156850527227,4.42392029539203
234.6,0.43439642415357554,4.422233686175359
234.7,0.42963910105704345,4.420537450390533
234.8,0.42488490070536367,4.418831593696873
234.9,0.4201338425539399,4.417116121800837
235.0,0.415385946045838,4.41539104045602
235.1,0.41064123061921626,4.4136563554344495
235.2,0.40589971569474137,4.411912072573654
235.3,0.4011614206881486,4.410158197729579
235.4,0.3964263650023677,4.408394736805202
235.5,0.391694568027515,4.40662169575052
235.6,0.3869660491486125,4.404839080533909
235.7,0.38224082773252904,4.403046897189096
235.8,0.3775189231410161,4.401245151768186
235.9,0.3728003547225442,4.399433850370184
236.0,0.368085141812295,4.39761299914101
236.1,0.3633733037401705,4.395782604244913
236.2,0.35866485981725954,4.393942671911325
236.3,0.35395982934934817,4.392093208388003
236.4,0.349258231628467,4.390234219969495
236.5,0.344560085932883,4.38836571299713
236.6,0.33986541153539873,4.38648769383053
236.7,0.33517422768934474,4.384600168894313
236.8,0.33048655364256346,4.38270314463138
236.9,0.3258024086286695,4.380796627531295
237.0,0.321121811867041,4.37888062413028
237.1,0.3164447825714065,4.376955140982795
237.2,0.311771339935365,4.375020184708122
237.3,0.3071015031468424,4.373075761943774
237.4,0.302435291379065,4.371121879373791
237.5,0.297772723790551,4.36915854372874
237.6,0.2931138195339846,4.367185761757369
237.7,0.28845859774126514,4.365203540273073
237.8,0.28380707753843454,4.363211886107416
237.9,0.27915927803636437,4.361210806138362
238.0,0.274515218330748,4.35920030729026
238.1,0.2698749175112603,4.357180396505591
238.2,0.2652383946461374,4.355151080791281
238.3,0.26060566879757424,4.35311236717238
238.4,0.2559767590121259,4.351064262720187
238.5,0.2513516843207,4.34900677455225
238.6,0.24673046374800248,4.346939909804188
238.7,0.24211311629664847,4.344863675675874
238.8,0.23749966096302852,4.342778079385243
238.9,0.23289011672742535,4.34068312819634
239.0,0.228284502554006,4.33857882941931
239.1,0.22368283740055311,4.33646519038231
239.2,0.21908514020210826,4.334342218477542
239.3,0.21449142988730557,4.332209921115211
239.4,0.20990172536820453,4.330068305751485
239.5,0.205316045540282,4.32791737988848
239.6,0.20073440929244812,4.325757151046273
239.7,0.196156835490224,4.323587626808761
239.8,0.1915833429925411,4.321408814777788
239.9,0.1870139506412911,4.319220722601005
240.0,0.182448677261318,4.31702335797186
240.1,0.1778875416707171,4.314816728601697
240.2,0.1733305626635478,4.312600842265465
240.3,0.16877775902709782,4.310375706755991
240.4,0.16422914953115178,4.308141329911751
240.5,0.159684752927983,4.30589771961686
240.6,0.15514458796293487,4.303644883773262
240.7,0.1506086733566702,4.301382830346283
240.8,0.14607702782289916,4.299111567319068
240.9,0.1415496700573664,4.296831102720245
241.0,0.137026618737843,4.29454144462391
241.1,0.13250789253498957,4.292242601121923
241.2,0.12799351009414436,4.289934580369298
241.3,0.12348349005351221,4.287617390538801
241.4,0.11897785103287145,4.2852910398485085
241.5,0.114476611633566,4.2829555365618
241.6,0.10997979044964912,4.280610888959752
241.7,0.1054874060492116,4.278257105386355
241.8,0.10099947699303101,4.275894194203283
241.9,0.09651602182299941,4.273522163817347
242.0,0.0920370590621156,4.27114102268049
242.1,0.08756260722590824,4.2687507792622785
242.2,0.0830926848033057,4.2663514420949475
242.3,0.07862731027574386,4.263943019728348
242.4,0.07416650210531521,4.261525520757292
242.5,0.0697102787347612,4.25909895382154
242.6,0.06525865859917457,4.256663327578414
242.7,0.06081166010641248,4.254218650747642
242.8,0.056369301656660965,4.251764932066504
242.9,0.0519316016303068,4.2493021803170485
243.0,0.04749857838793,4.2468304043261
243.1,0.043070250282283694,4.244349612937964
243.2,0.0386466356382526,4.241859815059101
243.3,0.03422775277287235,4.239361019613445
243.4,0.029813619982924783,4.236853235569518
243.5,0.0254042555449305,4.23433647194042
243.6,0.020999677727405932,4.231810737756661
243.7,0.016599904770368944,4.229276042110645
243.8,0.012204954905811076,4.226732394112173
243.9,0.007814846345017695,4.224179802915441
244.0,0.00342959727856051,4.22161827771903
244.1,-0.0009507741111696616,4.219047827738858
244.2,-0.0053262496709088145,4.216468462252454
244.3,-0.009696811255595898,4.213880190554682
244.4,-0.01406244074132638,4.2112830219845945
244.5,-0.0184231200253597,4.20867696592544
244.6,-0.02277883101331226,4.206062031777723
244.7,-0.02712955564055323,4.203438229003284
244.8,-0.031475275850830736,4.20080556708121
244.9,-0.035815973609497696,4.198164055534585
245.0,-0.0401516309035193,4.19551370393048
245.1,-0.04448222972839296,4.192854521853147
245.2,-0.04880775210999197,4.190186518947891
245.3,-0.05312818008274371,4.1875097048771845
245.4,-0.05744349570312738,4.184824089347288
245.5,-0.0617536810496813,4.18212968210824
245.6,-0.06605871820965038,4.179426492927178
245.7,-0.0703585893012751,4.176714531632007
245.8,-0.07465327645152431,4.173993808067722
245.9,-0.07894276180986372,4.1712643321228855
246.0,-0.0832270275482632,4.16852611372963
246.1,-0.08750605584757289,4.1657791628371035
246.2,-0.09177982892025553,4.163023489454926
246.3,-0.09604832898767587,4.160259103609724
246.4,-0.10031153829413825,4.1574860153714805
246.5,-0.104569439106894,4.15470423485353
246.6,-0.10882201370224769,4.151913772186138
246.7,-0.11306924438873156,4.149114637559737
246.8,-0.11731111348395257,4.14630684118168
246.9,-0.1215476033288977,4.143490393302456
247.0,-0.125778696287941,4.14066530421569
247.1,-0.13000437473468193,4.137831584231852
247.2,-0.13422462107555957,4.134989243721262
247.3,-0.13843941772625973,4.132138293071081
247.4,-0.142648747126287,4.129278742711376
247.5,-0.146852591738972,4.12641060311513
247.6,-0.15105093403704176,4.12353388477208
247.7,-0.15524375652667158,4.120648598231506
247.8,-0.15943104172345465,4.117754754059432
247.9,-0.1636127721672393,4.114852362864565
248.0,-0.167788930422136,4.11194143529829
248.1,-0.17195949906182226,4.109021982028654
248.2,-0.17612446069402968,4.106094013782938
248.3,-0.18028379793607813,4.10315754130507
248.4,-0.18443749342997676,4.100212575381429
248.5,-0.188585529842431,4.09725912684084
248.6,-0.1927278898498829,4.094297206528697
248.7,-0.1968645561634312,4.091326825349298
248.8,-0.20099551150393244,4.088347994223495
248.9,-0.20512073861736452,4.0853607241143575
249.0,-0.209240220274834,4.08236502602716
249.1,-0.21335393925735255,4.079360910983656
249.2,-0.21746187838118747,4.076348390064165
249.3,-0.22156402047253215,4.073327474365475
249.4,-0.22566034838313154,4.070298175026339
249.5,-0.229750844990289,4.06726050322748
249.6,-0.2338354931813808,4.0642144701659975
249.7,-0.23791427587963532,4.061160087097224
249.8,-0.24198717601837474,4.0580973652928565
249.9,-0.24605417655689982,4.0550263160663205
250.0,-0.250115260480497,4.05194695077276
250.1,-0.25417041078469244,4.048859280783604
250.2,-0.25821961050145764,4.045763317528159
250.3,-0.262262842673025,4.042659072452009
250.4,-0.26630009036803015,4.0395465570422076
250.5,-0.270331336681519,4.03642578282728
250.6,-0.27435656471894343,4.0332967613519335
250.7,-0.2783757576227902,4.030159504218409
250.8,-0.2823888985459725,4.027014023045111
250.9,-0.28639597066823,4.023860329491675
251.0,-0.290396957196136,4.02069843525894
251.1,-0.29439184134683405,4.017528352063836
251.2,-0.29838060637508806,4.014350091680464
251.3,-0.3023632355462531,4.011163665898997
251.4,-0.30633971215293115,4.007969086550567
251.5,-0.310310019514978,4.00476636550726
251.6,-0.31427414096298417,4.001555514657144
251.7,-0.31823205986574354,3.9983365459450924
251.8,-0.32218375960280504,3.995109471331945
251.9,-0.32612922358138186,3.991874302819246
252.0,-0.330068435236358,3.98863105244923
252.1,-0.33400137801351504,3.9853797322800144
252.2,-0.3379280353974179,3.9821203544261405
252.3,-0.34184839088354935,3.9788529310180167
252.4,-0.34576242799547136,3.9755774742264833
252.5,-0.349670130284832,3.97229399626281
252.6,-0.3535714813143388,3.9690025093540378
252.7,-0.35746646468605825,3.9657030257832626
252.8,-0.3613550640131366,3.9623955578493377
252.9,-0.36523726293721204,3.9590801178912773
253.0,-0.369113045128421,3.95575671828825
253.1,-0.37298239426812074,3.95242537143509
253.2,-0.3768452940775992,3.9490860897823072
253.3,-0.3807017282893848,3.9457388857960614
253.4,-0.3845516806649078,3.9423837719823935
253.5,-0.388395134994507,3.93902076088722
253.6,-0.39223207507990154,3.9356498650720155
253.7,-0.39606248476330985,3.932271097153548
253.8,-0.39988634789835076,3.9288844697641285
253.9,-0.4037036483679519,3.925489995575666
254.0,-0.407514370084356,3.92208768729966
254.1,-0.41131849697134515,3.9186775576630586
254.2,-0.41511601299376616,3.915259619447709
254.3,-0.418906902128025,3.911833885450893
254.4,-0.4226911483802408,3.9084003685092052
254.5,-0.426468735786252,3.90495908149855
254.6,-0.43023964839359435,3.9015100373101643
254.7,-0.43400387029142845,3.898053248889786
254.8,-0.4377613855806316,3.8945887291984747
254.9,-0.44151217839219636,3.891116491236314
255.0,-0.445256232887237,3.88763654804241
255.1,-0.44899353323872143,3.8841489126710877
255.2,-0.45272406366179935,3.8806535982307624
255.3,-0.45644780838349347,3.8771506178450577
255.4,-0.4601647516613408,3.8736399846763327
255.5,-0.463874877783399,3.87012171192568
255.6,-0.4675781710497348,3.8665958128092957
255.7,-0.4712746158031495,3.863062300597051
255.8,-0.47496419639847304,3.85952118857391
255.9,-0.4786468972214458,3.8559724900632713
256.0,-0.482322702688725,3.85241621842697
256.1,-0.4859915972291326,3.8488523870418287
256.2,-0.4896535653147696,3.845281009337941
256.3,-0.4933085914299262,3.8417020987603676
256.4,-0.4969566600901911,3.8381156687923106
256.5,-0.500597755842468,3.83452173295509
256.6,-0.5042318632459726,3.8309203047849043
256.7,-0.5078589669037491,3.8273113978707993
256.8,-0.5114790514311827,3.82369502581667
256.9,-0.5150921014753472,3.82007120226425
257.0,-0.518698101715022,3.81643994089309
257.1,-0.5222970368414499,3.8128012553974977
257.2,-0.5258888915902439,3.8091551595241926
257.3,-0.5294736507095102,3.8055016670346222
257.4,-0.5330512989794304,3.8018407917277672
257.5,-0.536621821212278,3.79817254744012
257.6,-0.5401852022329418,3.7944969480228083
257.7,-0.5437414269112176,3.790814007378937
257.8,-0.5472904801295456,3.787123739426217
257.9,-0.5508323468028257,3.783426158119577
258.0,-0.554367011878433,3.77972127745115
258.1,-0.5578944603165086,3.7760091114275753
258.2,-0.5614146771226326,3.7722896741070358
258.3,-0.5649276473151793,3.768562979562195
258.4,-0.5684333559453635,3.764829041902618
258.5,-0.571931788097257,3.76108787527475
258.6,-0.5754229288678454,3.7573394938394244
258.7,-0.5789067634000821,3.753583911808576
258.8,-0.5823832768498628,3.7498211434084974
258.9,-0.5858524544063026,3.7460512029020565
259.0,-0.589314281291751,3.74227410458868
259.1,-0.5927687427416192,3.7384898627820546
259.2,-0.5962158240378092,3.7346984918465234
259.3,-0.5996555104753134,3.7309000061606614
259.4,-0.603087787382718,3.7270944201392973
259.5,-0.606512640122219,3.72328174823349
259.6,-0.6099300540692202,3.7194620049084306
259.7,-0.6133400146461359,3.71563520467951
259.8,-0.6167425072886156,3.711801362076222
259.9,-0.6201375174662754,3.707960491663986
260.0,-0.623525030682713,3.70411260804413
260.1,-0.6269050324548789,3.7002577258319835
260.2,-0.6302775083472487,3.6963958596926108
260.3,-0.6336424439376784,3.69252702430505
260.4,-0.6369998248383585,3.6886512343839337
260.5,-0.64034963669583,3.68476850467947
260.6,-0.6436918651701301,3.680878849955739
260.7,-0.6470264959693324,3.6769822850260923
260.8,-0.6503535148150342,3.673078824717726
260.9,-0.6536729074635328,3.6691684838930896
261.0,-0.65698465970584,3.66525127744987
261.1,-0.6602887573466071,3.6613272202994933
261.2,-0.6635851862390277,3.6573963274021932
261.3,-0.6668739322499618,3.6534586137319143
261.4,-0.6701549812813309,3.649514094297515
261.5,-0.673428319270133,3.64556278414275
261.6,-0.6766939321671471,3.6416046983249784
261.7,-0.6799518059721957,3.637639851949889
261.8,-0.6832019266989077,3.6336682601367474
261.9,-0.6864442803963333,3.629689938039393
262.0,-0.689678853148958,3.62570490084622
262.1,-0.6929056310551875,3.6217131637590927
262.2,-0.6961246002629677,3.617714742027719
262.3,-0.6993357469341909,3.613709650915253
262.4,-0.7025390572665259,3.609697905719069
262.5,-0.705734517493432,3.60567952177075
262.6,-0.7089221138624275,3.6016545144152152
262.7,-0.7121018326710624,3.5976228990447434
262.8,-0.7152736602309716,3.593584691064918
262.9,-0.7184375828899181,3.5895399059151964
263.0,-0.721593587031808,3.58548855906889
263.1,-0.7247416590547429,3.5814306660125075
263.2,-0.7278817854073438,3.577366242279429
263.3,-0.7310139525524533,3.573295303416204
263.4,-0.7341381469893906,3.5692178650028996
263.5,-0.737254355253967,3.56513394265308
263.6,-0.7403625638963244,3.56104355199337
263.7,-0.743462759517607,3.556946708696765
263.8,-0.746554928733315,3.5528434284492927
263.9,-0.7496390581957715,3.5487337269701373
264.0,-0.752715134594136,3.54461762001163
264.1,-0.7557831446320331,3.5404951233390167
264.2,-0.7588430750645676,3.536366252763415
264.3,-0.7618949126613354,3.532231024108832
264.4,-0.7649386442290952,3.5280894532320723
264.5,-0.767974256611784,3.52394155602272
264.6,-0.7710017366679373,3.519787348383134
264.7,-0.7740210713080429,3.5156268462610405
264.8,-0.7770322474572126,3.511460065616912
264.9,-0.7800352520780598,3.5072870224436548
265.0,-0.783030072170713,3.50310773276659
265.1,-0.7860166947500314,3.498922212623671
265.2,-0.7889951068832939,3.4947304780977055
265.3,-0.7919652956525346,3.4905325452841036
265.4,-0.7949272481776241,3.486328430310339
265.5,-0.797880951616283,3.48211814933593
265.6,-0.8008263931410927,3.4779017185328853
265.7,-0.8037635599775159,3.473679154117553
265.8,-0.8066924393659004,3.469450472318739
265.9,-0.8096130185847616,3.465215689396941
266.0,-0.812525284950796,3.46097482164433
266.1,-0.8154292257956893,3.456727885365417
266.2,-0.8183248285044665,3.4524748969085355
266.3,-0.8212120804771663,3.4482158726343255
266.4,-0.8240909691523224,3.443950828934748
266.5,-0.826961482006975,3.43967978223306
266.6,-0.8298236065332824,3.435402748964712
266.7,-0.832677330277194,3.4311197456084503
266.8,-0.8355226407998002,3.426830788655183
266.9,-0.8383595257010094,3.422535894626757
267.0,-0.841187972619561,3.41823508007594
267.1,-0.8440079692094378,3.413928361567542
267.2,-0.846819503178861,3.409615755709138
267.3,-0.8496225622513182,3.4052972791203167
267.4,-0.8524171341894345,3.400972948451223
267.5,-0.855203206794986,3.39664278038254
267.6,-0.8579807678851153,3.392306791606844
267.7,-0.8607498053316477,3.387964998858943
267.8,-0.8635103070217984,3.3836174188855073
267.9,-0.8662622608822362,3.3792640684633786
268.0,-0.869005654879096,3.37490496439955
268.1,-0.8717404769940027,3.370540123512758
268.2,-0.8744667152636991,3.366169562663429
268.3,-0.8771843577404426,3.3617932987236987
268.4,-0.8798933925162558,3.3574113485954875
268.5,-0.882593807722941,3.35302372921048
268.6,-0.8852855915079112,3.3486304575119505
268.7,-0.8879687320741225,3.344231550484331
268.8,-0.890643217640166,3.3398270251236113
268.9,-0.8933090364647223,3.335416898455141
269.0,-0.895966176846574,3.33100118753361
269.1,-0.8986146271002161,3.3265799094251864
269.2,-0.9012543755960334,3.3221530812368094
269.3,-0.9038854107201535,3.3177207200868457
269.4,-0.9065077208993125,3.3132828431221903
269.5,-0.909121294600866,3.30883946751825
269.6,-0.9117261203077324,3.3043906104622964
269.7,-0.9143221865580345,3.2999362891840684
269.8,-0.9169094819056088,3.295476520924875
269.9,-0.919487994948168,3.2910113229481346
270.0,-0.922057714327313,3.28654071253935
270.1,-0.9246186286966002,3.282064707003294
270.2,-0.9271707267497966,3.277583323717927
270.3,-0.9297139971949252,3.2730965800758196
270.4,-0.9322484288365848,3.268604493384868
270.5,-0.934774010515813,3.26410708099043
270.6,-0.9372907309479143,3.2596043605372373
270.7,-0.939798579138501,3.255096349235042
270.8,-0.9422975438561628,3.2505830648118135
270.9,-0.9447876141304075,3.2460645245939683
271.0,-0.9472687789435389,3.241540746105737
271.1,-0.9497410272168044,3.237011747033046
271.2,-0.9522043480764129,3.2324775448100183
271.3,-0.9546587305890911,3.2279381570341803
271.4,-0.9571041637756053,3.2233936014989517
271.5,-0.95954063691297,3.21884389559576
271.6,-0.9619681390491985,3.2142890572363463
271.7,-0.9643866595308327,3.2097291038578453
271.8,-0.9667961874784043,3.2051640534191477
271.9,-0.9691967122643115,3.2005939234743694
272.0,-0.9715882232185111,3.196018731774847
272.1,-0.9739707096127995,3.1914384962355564
272.2,-0.9763441609190502,3.1868532345153024
272.3,-0.9787085665529108,3.182262964437513
272.4,-0.9810639158879475,3.1776677040225514
272.5,-0.983410198546035,3.17306747088351
272.6,-0.9857474039303805,3.168462283158571
272.7,-0.9880755217333276,3.1638521585051267
272.8,-0.9903945414315712,3.1592371151070577
272.9,-0.9927044527456655,3.1546171707383004
273.0,-0.9950052453576606,3.1499923433709043
273.1,-0.9972969088946997,3.145362651141777
273.2,-0.9995794331789427,3.1407281119275634
273.3,-1.001852807979608,3.1360887437707254
273.4,-1.0041170230277692,3.131444564911567
273.5,-1.00637206829473,3.12679559317798
273.6,-1.0086179335435717,3.1221418469275415
273.7,-1.0108546088169805,3.1174833440310628
273.8,-1.0130820839524812,3.1128201028903533
273.9,-1.0153003490233186,3.1081521414922277
274.0,-1.0175093940681919,3.1034794780224697
274.1,-1.019709209074186,3.098802130832883
274.2,-1.0218997842182542,3.094120118010998
274.3,-1.0240811096277094,3.0894334578112863
274.4,-1.0262531753956754,3.084742168686897
274.5,-1.02841597184734,3.0800462686736
274.6,-1.0305694891101806,3.0753457763412073
274.7,-1.032713717581678,3.070640709767001
274.8,-1.034848647464643,3.065931087563534
274.9,-1.0369742691894477,3.0612169279235273
275.0,-1.039090573155874,3.0564982492394224
275.1,-1.0411975497153685,3.0517750700707613
275.2,-1.0432951894040612,3.0470474087089094
275.3,-1.04538348271176,3.0423152836132394
275.4,-1.0474624200980254,3.0375787134425627
275.5,-1.04953199224623,3.03283771643348
275.6,-1.0515921896526728,3.028092311360828
275.7,-1.0536430030738464,3.023342516501284
275.8,-1.0556844230822977,3.01858835067094
275.9,-1.0577164404697463,3.01382983226129
276.0,-1.0597390460013225,3.009066979864243
276.1,-1.0617522303971774,3.0042998122398568
276.2,-1.0637559845568314,2.999528347876225
276.3,-1.0657502993368169,2.9947526054304077
276.4,-1.0677351655674077,2.989972603759564
276.5,-1.06971057429435,2.98518836129406
276.6,-1.071676516386978,2.980399897006383
276.7,-1.0736329829649869,2.9756072293655085
276.8,-1.0755799649748252,2.97081037738369
276.9,-1.0775174535737038,2.9660093596440267
277.0,-1.0794454398962579,2.96120419493065
277.1,-1.0813639150354903,2.956394902196803
277.2,-1.0832728702583934,2.9515815001200454
277.3,-1.0851722967923398,2.9467640075478445
277.4,-1.0870621858424423,2.9419424435283883
277.5,-1.08894252882082,2.93711682667856
277.6,-1.090813316973975,2.932287176161113
277.7,-1.0926745417887749,2.9274535106300705
277.8,-1.0945261945896647,2.922615849286415
277.9,-1.0963682669033281,2.917774210897596
278.0,-1.0982007502378985,2.912928614432615
278.1,-1.100023636063251,2.908079079030481
278.2,-1.101836916017778,2.90322562355094
278.3,-1.1036405817036548,2.898368267024491
278.4,-1.1054346247048288,2.893507028682858
278.5,-1.10721903680365,2.88864192732217
278.6,-1.108993809627754,2.8837729822879474
278.7,-1.1107589350350295,2.878900212411959
278.8,-1.1125144047318458,2.874023637076414
278.9,-1.1142602106182056,2.869143275225747
279.0,-1.1159963445795853,2.8642591460063964
279.1,-1.1177227984665958,2.859371268735652
279.2,-1.1194395642928434,2.8544796624480377
279.3,-1.1211466340391174,2.84958434634963
279.4,-1.1228439996719872,2.844685339848171
279.5,-1.1245316533478,2.83978266191166
279.6,-1.1262095870791338,2.834876332060786
279.7,-1.1278777930986168,2.829966369297709
279.8,-1.1295362634983082,2.8250527931782465
279.9,-1.1311849905552172,2.8201356228163847
280.0,-1.1328239665358673,2.8152148775284958
280.1,-1.134453183675322,2.8102905768025637
280.2,-1.13607263436605,2.80536273984044
280.3,-1.1376823109711214,2.800431386016236
280.4,-1.1392822058434156,2.7954965349060785
280.5,-1.14087231151687,2.79055820564241
280.6,-1.1424526203926446,2.785616417913437
280.7,-1.1440231250816482,2.7806711908842185
280.8,-1.1455838180652809,2.7757225442765034
280.9,-1.1471346920011092,2.7707704973663487
281.0,-1.1486757395402551,2.7658150696324713
281.1,-1.150206953305805,2.760856280725887
281.2,-1.1517283260725772,2.7558941500082064
281.3,-1.1532398505894375,2.7509286970139737
281.4,-1.1547415195991146,2.7459599414800495
281.5,-1.15623332601655,2.74098790269575
281.6,-1.1577152626349951,2.736012600509083
281.7,-1.1591873224471008,2.7310340542404625
281.8,-1.160649498327034,2.726052283769823
281.9,-1.162101783316321,2.721067308527701
282.0,-1.1635441704540872,2.7160791481474935
282.1,-1.1649766527548464,2.711087822435528
282.2,-1.1663992233791338,2.706093350905576
282.3,-1.1678118754649738,2.7010957532449185
282.4,-1.1692146021482832,2.6960950493433433
282.5,-1.17060739672834,2.6910912586395
282.6,-1.171990252393846,2.6860844011333413
282.7,-1.1733631625223944,2.6810744962930726
282.8,-1.174726120384286,2.6760615641489567
282.9,-1.1760791194082407,2.6710456242783733
283.0,-1.1774221530246343,2.6660266964616723
283.1,-1.1787552146426836,2.6610048006526776
283.2,-1.1800782978118198,2.6559799565096283
283.3,-1.1813913960624383,2.650952183864792
283.4,-1.1826945029268812,2.6459215027530605
283.5,-1.18398761209186,2.64088793275474
283.6,-1.1852707171447554,2.635851494013863
283.7,-1.186543811851203,2.63081220613873
283.8,-1.1878068898808176,2.6257700893020526
283.9,-1.1890599450525827,2.6207251632203272
284.0,-1.1903029711912159,2.6156774478130482
284.1,-1.191535962103757,2.6106269631736705
284.2,-1.1927589117315747,2.6055737290971637
284.3,-1.1939718140004834,2.6005177655529557
284.4,-1.1951746628423177,2.59545909271311
284.5,-1.19636745233422,2.59039773029188
284.6,-1.1975501764652534,2.585333698569427
284.7,-1.1987228293920995,2.5802670172864137
284.8,-1.1998854051866474,2.575197706750032
284.9,-1.201037898061106,2.5701257868081018
285.0,-1.2021803022374815,2.5650512775114094
285.1,-1.2033126119235684,2.559974199085114
285.2,-1.2044348214555678,2.554894571453072
285.3,-1.205546925157616,2.5498124147139802
285.4,-1.2066489173639325,2.5447277491691427
285.5,-1.20774079254493,2.53964059465895
285.6,-1.2088225450942498,2.5345509715916745
285.7,-1.2098941695623913,2.5294588998325276
285.8,-1.2109556604263851,2.5243643998151937
285.9,-1.2120070122944457,2.5192674915109463
286.0,-1.2130482197886412,2.514168195093918
286.1,-1.214079277520313,2.509066530912984
286.2,-1.2151001802232284,2.503962519013033
286.3,-1.2161109226225943,2.498856179614086
286.4,-1.2171114994577648,2.493747533138619
286.5,-1.21810190559509,2.48863659954532
286.6,-1.2190821358354835,2.4835233993625145
286.7,-1.2200521851259485,2.478407952572106
286.8,-1.2210120483513405,2.4732902797261382
286.9,-1.2219617205184816,2.4681704009114775
287.0,-1.2229011966521344,2.4630483364176325
287.1,-1.2238304717698314,2.457924106709121
287.2,-1.2247495410054865,2.452797731943896
287.3,-1.2256583994879482,2.4476692324553007
287.4,-1.2265570423642642,2.4425386287789363
287.5,-1.22744546489926,2.43740594098386
287.6,-1.228323662303714,2.4322711897103164
287.7,-1.2291916299235746,2.4271343950489754
287.8,-1.230049363054062,2.421995577662135
287.9,-1.2308968571030865,2.416854757744254
288.0,-1.231734107500561,2.411711955692163
288.1,-1.2325611096726756,2.40656719207793
288.2,-1.2333778591559008,2.401420487164602
288.3,-1.2341843514851571,2.396271861390774
288.4,-1.2349805822176299,2.391121335397006
288.5,-1.23576654701897,2.38596892935479
288.6,-1.236542241512191,2.380814664008081
288.7,-1.2373076614445384,2.375658559548369
288.8,-1.2380628025239706,2.3705006367399637
288.9,-1.2388076605617808,2.3653409158769536
289.0,-1.2395422313953308,2.36017941745541
289.1,-1.240266510861779,2.355016162146756
289.2,-1.2409804949024315,2.3498511703110694
289.3,-1.241684179460536,2.344684462484093
289.4,-1.242377560505632,2.339516059403179
289.5,-1.24306063410643,2.33434598133422
289.6,-1.2437333963004336,2.329174249116668
289.7,-1.2443958432383315,2.3240008830347754
289.8,-1.2450479710430147,2.3188259039466748
289.9,-1.2456897759313186,2.3136493322379654
290.0,-1.246321254150203,2.3084711884958025
290.1,-1.2469424019499369,2.3032914934827886
290.2,-1.2475532156787275,2.2981102676479694
290.3,-1.2481536916902602,2.292927531616057
290.4,-1.248743826368579,2.287743306212903
290.5,-1.24932361618745,2.28255761179078
290.6,-1.2498930576009217,2.2773704692763364
290.7,-1.250452147165172,2.2721818990385634
290.8,-1.2510008814200335,2.2669919220210577
290.9,-1.251539256989879,2.261800558692872
291.0,-1.2520672705332483,2.2566078297240613
291.1,-1.2525849187154998,2.251413755960107
291.2,-1.2530921982936887,2.246218357930891
291.3,-1.2535891060338689,2.241021656341898
291.4,-1.254075638736491,2.2358236720991993
291.5,-1.25455179328228,2.23062442563336
291.6,-1.2550175665437446,2.225423937949867
291.7,-1.2554729554843882,2.2202222294943406
291.8,-1.255917957062857,2.215019321287522
291.9,-1.2563525683128807,2.209815233873742
292.0,-1.2567767863063954,2.2046099879977357
292.1,-1.257190608125666,2.1994036045795897
292.2,-1.2575940309383737,2.1941961042218043
292.3,-1.2579870519247138,2.188987507702386
292.4,-1.2583696683032972,2.183777835999337
292.5,-1.25874187736353,2.17856710961332
292.6,-1.2591036763981212,2.173355349620329
292.7,-1.259455062779576,2.1681425765344424
292.8,-1.2597960338870748,2.1629288114451883
292.9,-1.2601265871653604,2.157714074963982
293.0,-1.2604467201014145,2.152498387901946
293.1,-1.2607564301960628,2.1472817712454244
293.2,-1.2610557150291928,2.1420642456613397
293.3,-1.2613445721967504,2.136845831991942
293.4,-1.261622999337157,2.131626551278776
293.5,-1.26189099415003,2.12640642408443
293.6,-1.2621485543498119,2.121185471546993
293.7,-1.2623956777195777,2.1159637142408294
293.8,-1.2626323620605664,2.1107411733157977
293.9,-1.2628586052300184,2.1055178694422043
294.0,-1.2630744051314455,2.1002938234892623
294.1,-1.2632797596857173,2.0950690565011687
294.2,-1.2634746668863954,2.0898435892010365
294.3,-1.2636591247466158,2.084617442487028
294.4,-1.2638331313260003,2.0793906374557976
294.5,-1.26399668473579,2.0741631947237
294.6,-1.2641497831135955,2.0689351354824486
294.7,-1.2642924246543787,2.0637064803584564
294.8,-1.2644246075828,2.058477250553507
294.9,-1.2645463301699624,2.0532474667884935
295.0,-1.2646575907372177,2.048017149982384
295.1,-1.2647583876267812,2.042786321228855
295.2,-1.2648487192471805,2.0375550012988852
295.3,-1.2649285840300166,2.0323232111381926
295.4,-1.2649979804573457,2.0270909718901597
295.5,-1.26505690705329,2.0218583042166
295.6,-1.2651053623798512,2.016625229354405
295.7,-1.265143345045072,2.0113917679737865
295.8,-1.2651708536982467,2.006157941319978
295.9,-1.2651878870254816,2.0009237701561617
296.0,-1.2651944437671212,1.9956892754426818
296.1,-1.2651905226878888,1.990454478314258
296.2,-1.2651761226123879,1.9852193995814347
296.3,-1.2651512423917894,1.9799840602291012
296.4,-1.2651158809316834,1.974748481438884
296.5,-1.26507003717013,1.9695126839098
296.6,-1.2650137100945789,1.9642766889154133
296.7,-1.2649468987271855,1.9590405171614733
296.8,-1.2648696021429147,1.953804189928101
296.9,-1.264781819443865,1.9485677280125007
297.0,-1.2646835497903652,1.9433311524080057
297.1,-1.2645747923706347,1.9380944842818788
297.2,-1.2644555464262661,1.9328577444759059
297.3,-1.2643258112289446,1.9276209540057465
297.4,-1.264185586108762,1.9223841340827599
297.5,-1.26403487041856,1.91714730543488
297.6,-1.2638736635721581,1.9119104893638335
297.7,-1.2637019650066863,1.9066737066025743
297.8,-1.263519774223604,1.9014369784576248
297.9,-1.2633270907418783,1.8962003257518472
298.0,-1.26312391414263,1.8909637695031245
298.1,-1.2629102440383544,1.8857273309027862
298.2,-1.2626860800884456,1.8804910308155087
298.3,-1.2624514219858725,1.8752548902792914
298.4,-1.262206269485932,1.8700189305267165
298.5,-1.26195062235704,1.86478317230633
298.6,-1.2616844804400678,1.8595476369394348
298.7,-1.2614078435878409,1.8543123451778998
298.8,-1.261120711728994,1.8490773183460902
298.9,-1.2608230848000161,1.8438425772841482
299.0,-1.2605149628034749,1.8386081430260897
299.1,-1.2601963457767829,1.833374036778818
299.2,-1.2598672337977261,1.8281402794214925
299.3,-1.2595276269811677,1.8229068920059912
299.4,-1.259177525508232,1.8176738957776246
299.5,-1.25881692956342,1.8124413114972
299.6,-1.2584458394152278,1.807209160497027
299.7,-1.2580642553326844,1.801977463539572
299.8,-1.257672177672154,1.7967462419584268
299.9,-1.2572696067881182,1.7915155166026884
300.0,-1.2568565431050598,1.7862853085140498
300.1,-1.2564329870858,1.7810556389064343
300.2,-1.255998939226966,1.7758265286650976
300.3,-1.255554400065729,1.770597998847347
300.4,-1.255099370209432,1.765370070702664
300.5,-1.2546338502591,1.76014276499576
300.6,-1.2541578409111973,1.7549161030614007
300.7,-1.2536713428513537,1.7496901056642682
300.8,-1.2531743568639535,1.744464794138645
300.9,-1.2526668837218438,1.7392401893341507
301.0,-1.2521489242717345,1.7340163122916763
301.1,-1.2516204794021186,1.7287931842236481
301.2,-1.2510815500287549,1.7235708260130242
301.3,-1.2505321371113949,1.7183492587140636
301.4,-1.2499722416838208,1.713128503571855
301.5,-1.24940186476382,1.70790858134666
301.6,-1.2488210074760357,1.702689513367106
301.7,-1.248229670922885,1.6974713203917255
301.8,-1.2476278563169616,1.6922540237468844
301.9,-1.2470155648496102,1.6870376442743482
302.0,-1.2463927977899083,1.681822203005738
302.1,-1.2457595564521682,1.67660772114343
302.2,-1.2451158421713724,1.671394219559672
302.3,-1.2444616563299464,1.6661817192971804
302.4,-1.2437970003881884,1.6609702415880772
302.5,-1.24312187578068,1.65575980717983
302.6,-1.242436284060313,1.650550437386312
302.7,-1.241740226746281,1.6453421529515497
302.8,-1.2410337054794185,1.640134975185405
302.9,-1.2403167218695552,1.634928924913368
303.0,-1.2395892776080912,1.629724023149305
303.1,-1.2388513744351133,1.6245202910770002
303.2,-1.2381030141047682,1.6193177495495512
303.3,-1.2373441984220708,1.614116419589654
303.4,-1.2365749292737336,1.6089163224079306
303.5,-1.23579520851105,1.60371747873064
303.6,-1.2350050381149775,1.5985199098483198
303.7,-1.2342044200213873,1.5933236364821082
303.8,-1.2333933562991326,1.5881286799167569
303.9,-1.232571848976381,1.5829350609530881
304.0,-1.2317399001666633,1.5777428005787286
304.1,-1.230897512035604,1.5725519199503075
304.2,-1.2300446867562815,1.5673624398933619
304.3,-1.2291814265560557,1.562174381402065
304.4,-1.2283077337477764,1.5569877656569557
304.5,-1.22742361059917,1.55180261335475
304.6,-1.2265290595189597,1.5466189457540291
304.7,-1.2256240828593554,1.5414367835446687
304.8,-1.2247086831169243,1.5362561479777204
304.9,-1.2237828627377967,1.531077059820915
305.0,-1.2228466242572538,1.5258995400271476
305.1,-1.221899970266091,1.520723609717347
305.2,-1.220942903355912,1.5155492896810938
305.3,-1.2199754261759985,1.5103766008755528
305.4,-1.2189975414648861,1.505205564442582
305.5,-1.21800925190627,1.500036201041
305.6,-1.2170105603361885,1.4948685318888197
305.7,-1.2160014695227221,1.4897025776363082
305.8,-1.2149819823895722,1.4845383594921953
305.9,-1.2139521018003683,1.4793758981827339
306.0,-1.2129118307116025,1.4742152146176222
306.1,-1.2118611721386454,1.4690563298735329
306.2,-1.2108001290910584,1.4638992646956477
306.3,-1.2097287046394647,1.4587440399956442
306.4,-1.208646901947472,1.4535906768681794
306.5,-1.20755472411415,1.44843919592577
306.6,-1.2064521744021433,1.4432896183372919
306.7,-1.2053392559947615,1.438141964705029
306.8,-1.2042159722422066,1.432996256186812
306.9,-1.2030823264248758,1.4278525134590065
307.0,-1.201938321919749,1.4227107573796425
307.1,-1.2007839621660639,1.4175710089726072
307.2,-1.1996192505906007,1.4124332889302724
307.3,-1.198444190684559,1.4072976181103543
307.4,-1.1972587860358133,1.402164017551759
307.5,-1.19606304015801,1.39703250781234
307.6,-1.1948569567396137,1.3919031100032755
307.7,-1.1936405393783434,1.3867758446704983
307.8,-1.1924137918500062,1.3816507329123398
307.9,-1.191176717850923,1.3765277953469275
308.0,-1.1899293211776834,1.3714070527721585
308.1,-1.1886716056924878,1.3662885261505877
308.2,-1.1874035752384284,1.3611722361133989
308.3,-1.1861252337263344,1.3560582034558852
308.4,-1.18483658516738,1.35094644915265
308.5,-1.18353763348889,1.34583699369857
308.6,-1.1822283828040792,1.3407298581385207
308.7,-1.1809088371241292,1.335625062953761
308.8,-1.1795790006493903,1.3305226291745793
308.9,-1.1782388774911103,1.325422577352466
309.0,-1.1768884718644348,1.3203249282167406
309.1,-1.1755277880534298,1.315229702660128
309.2,-1.1741568303164205,1.3101369212442369
309.3,-1.1727756029827816,1.3050466046934937
309.4,-1.171384110485851,1.2999587739096823
309.5,-1.16998235716548,1.29487344931635
309.6,-1.1685703475584988,1.2897906518835678
309.7,-1.1671480860883776,1.2847104020195554
309.8,-1.165715577378809,1.2796327206780305
309.9,-1.16427282595478,1.274557628335488
310.0,-1.1628198364487636,1.2694851456442384
310.1,-1.1613566135654418,1.2644152934186912
310.2,-1.1598831619771168,1.2593480921425273
310.3,-1.158399486430442,1.2542835624608681
310.4,-1.1569055917796263,1.2492217251941666
310.5,-1.15540148277574,1.24416260068636
310.6,-1.1538871643779025,1.2391062098241463
310.7,-1.152362641420538,1.234052572934452
310.8,-1.1508279189493014,1.2290017108858537
310.9,-1.1492830019015559,1.2239536440715426
311.0,-1.147727895325709,1.2189083930584221
311.1,-1.1461626043456508,1.2138659785740935
311.2,-1.1445871340462468,1.2088264210159692
311.3,-1.1430014895899723,1.2037897409414728
311.4,-1.1414056762504146,1.1987559590812629
311.5,-1.13979969918845,1.19372509569137
311.6,-1.1381835637839295,1.1886971715666073
311.7,-1.136557275280762,1.1836722069443246
311.8,-1.134920839145027,1.178650222599469
311.9,-1.1332742607249244,1.1736312388336134
312.0,-1.1316175454832211,1.1686152761198818
312.1,-1.1299506989614219,1.16360235509063
312.2,-1.1282737266553893,1.1585924960486629
312.3,-1.126586634141817,1.1535857194553254
312.4,-1.1248894271119958,1.1485820459430616
312.5,-1.12318211113499,1.14358149567171
312.6,-1.1214646920097195,1.1385840893357397
312.7,-1.1197371753878984,1.1335898470746575
312.8,-1.1179995671542953,1.128598789561326
312.9,-1.1162518730662776,1.123610936997408
313.0,-1.1144940989992396,1.1186263097538778
313.1,-1.1127262509105307,1.1136449283594294
313.2,-1.1109483347052542,1.1086668130140194
313.3,-1.1091603563725394,1.1036919840745598
313.4,-1.1073623220195796,1.098720462066802
313.5,-1.10555423762185,1.09375226704622
313.6,-1.1037361093954112,1.088787419598465
313.7,-1.1019079433980472,1.083825939756984
313.8,-1.1000697459312854,1.0788678480841056
313.9,-1.098221523159776,1.0739131646733462
314.0,-1.0963632813696638,1.0689619097852194
314.1,-1.094495026932226,1.0640141038363713
314.2,-1.0926167661598511,1.0590697669156377
314.3,-1.0907285054521594,1.0541289192671748
314.4,-1.0888302513303023,1.049191581301679
314.5,-1.08692201017416,1.04425777296206
314.6,-1.0850037886149644,1.0393275147167322
314.7,-1.0830755931145053,1.0344008264848998
314.8,-1.0811374303890373,1.0294777287099672
314.9,-1.0791893070084986,1.0245582413690577
315.0,-1.0772312296676836,1.019642384603938
315.1,-1.0752632051496795,1.0147301787108718
315.2,-1.0732852401721193,1.0098216436593583
315.3,-1.0712973415430014,1.0049167995725286
315.4,-1.0692995161952086,1.0000156667376743
315.5,-1.06729177091096,0.995118264976945
315.6,-1.065274112734439,0.9902246146331751
315.7,-1.0632465485293117,0.9853347355031662
315.8,-1.0612090854243297,0.9804486479030207
315.9,-1.0591617303924894,0.9755663716853082
316.0,-1.0571044905350089,0.9706879268648112
316.1,-1.0550373730445428,0.9658133336090962
316.2,-1.052960385041698,0.9609426117601287
316.3,-1.0508735337405553,0.9560757813117684
316.4,-1.0487768264834256,0.9512128624196223
316.5,-1.04667027045258,0.946353874776957
316.6,-1.0445538731027737,0.9414988385926788
316.7,-1.0424276416972573,0.9366477735330804
316.8,-1.0402915837748226,0.9318006997786327
316.9,-1.0381457067092132,0.926957637049226
317.0,-1.0359900180056694,0.922118605224445
317.1,-1.0338245252639462,0.9172836243348816
317.2,-1.0316492360052272,0.9124527140868578
317.3,-1.0294641578472352,0.907625894336769
317.4,-1.0272692985391925,0.9028031851002362
317.5,-1.02506466566099,0.897984605933583
317.6,-1.0228502670754085,0.893170176903506
317.7,-1.0206261104428005,0.8883599175377175
317.8,-1.0183922037094455,0.8835538478727806
317.9,-1.0161485546472913,0.8787519874878028
318.0,-1.0138951711630348,0.8739543561190182
318.1,-1.0116320612609422,0.8691609736518338
318.2,-1.0093592328601755,0.8643718596488269
318.3,-1.007076693979483,0.8595870338207713
318.4,-1.0047844527723588,0.8548065160350968
318.5,-1.00248251721369,0.850030325703154
318.6,-1.0001708955715827,0.8452584827411804
318.7,-0.9978495959008356,0.840491006530291
318.8,-0.9955186265524905,0.8357279169549017
318.9,-0.9931779956940125,0.8309692334453073
319.0,-0.9908277116308116,0.8262149755862791
319.1,-0.9884677827688976,0.8214651631098557
319.2,-0.9860982174226802,0.8167198154268394
319.3,-0.9837190240091541,0.8119789520942837
319.4,-0.981330211083238,0.807242592823251
319.5,-0.978931787012054,0.802510756872138
319.6,-0.9765237604661606,0.7977834639985381
319.7,-0.974106139892006,0.7930607334289963
319.8,-0.9716789340424692,0.7883425848876059
319.9,-0.9692421514776981,0.7836290376478516
320.0,-0.9667958008989228,0.7789201111349846
320.1,-0.9643398911109565,0.7742158249195598
320.2,-0.9618744308205451,0.769516198252612
320.3,-0.959399428839988,0.7648212505294268
320.4,-0.9569148941226416,0.7601310012965893
320.5,-0.954420835424928,0.75544546965161
320.6,-0.951917261816814,0.7507646751853042
320.7,-0.9494041821334394,0.7460886369617294
320.8,-0.9468816055264491,0.7414173745365357
320.9,-0.9443495409456601,0.7367509070184561
321.0,-0.941807997485062,0.7320892536652199
321.1,-0.9392569843451737,0.7274324338778381
321.2,-0.9366965106220133,0.7227804667396422
321.3,-0.9341265855200774,0.7181333714761564
321.4,-0.9315472183879981,0.7134911674614353
321.5,-0.928958418368409,0.708853873624231
321.6,-0.9263601949274809,0.7042215093805029
321.7,-0.9237525572859194,0.6995940936239601
321.8,-0.9211355149909016,0.6949716457337463
321.9,-0.9185090773787402,0.6903541846459618
322.0,-0.915873253932962,0.6857417294428682
322.1,-0.9132280542465355,0.6811342993479294
322.2,-0.9105734878015198,0.6765319132689054
322.3,-0.9079095641913387,0.6719345902536241
322.4,-0.9052362931565819,0.6673423494956073
322.5,-0.902553684222844,0.662755209747041
322.6,-0.89986174724913,0.6581731902410147
322.7,-0.8971604918384324,0.6535963096930851
322.8,-0.8944499279300503,0.6490245872978887
322.9,-0.8917300652434738,0.6444580418110737
323.0,-0.8890009136483835,0.6398966921315532
323.1,-0.8862624831267674,0.6353405572973038
323.2,-0.8835147835433411,0.6307896560326975
323.3,-0.8807578248770306,0.626244007199998
323.4,-0.8779916172568966,0.6217036298042674
323.5,-0.875216170588086,0.617168542413369
323.6,-0.87243149511891,0.6126387640695716
323.7,-0.8696376008312051,0.6081143133025498
323.8,-0.8668344980528326,0.6035952091144884
323.9,-0.8640221968829718,0.5990814700728312
324.0,-0.8612007075739142,0.5945731148853277
324.1,-0.8583700404930842,0.5900701623965885
324.2,-0.8555302058843078,0.585572631139855
324.3,-0.8526812141084253,0.5810805397840204
324.4,-0.8498230756793255,0.5765939071378198
324.5,-0.846955800878143,0.572112751577116
324.6,-0.8440794003388001,0.5676370919454711
324.7,-0.841193884418386,0.5631669465790038
324.8,-0.838299263829597,0.5587023342795857
324.9,-0.8353955490476582,0.5542432734187628
325.0,-0.8324827507037719,0.5497897825053722
325.1,-0.8295608795470532,0.5453418801828571
325.2,-0.8266299461967404,0.5408995847856491
325.3,-0.8236899613918423,0.5364629147815353
325.4,-0.820740936027267,0.5320318887751299
325.5,-0.81778288075642,0.527606524942679
325.6,-0.8148158065949859,0.523186841921227
325.7,-0.8118397242715498,0.5187728578457372
325.8,-0.8088546448797619,0.5143645913099687
325.9,-0.8058605792670953,0.509962060481956
326.0,-0.8028575384398043,0.5055652836639472
326.1,-0.7998455335247944,0.5011742792904816
326.2,-0.7968245755128553,0.49678906548957413
326.3,-0.7937946755172619,0.49240966052024576
326.4,-0.790755844809985,0.48803608277527183
326.5,-0.787708094412823,0.483668350223732
326.6,-0.7846514357192127,0.47930648128842207
326.7,-0.7815858798253318,0.47495049389561905
326.8,-0.7785114382017406,0.47060040642324874
326.9,-0.7754281220642074,0.46625623682829004
327.0,-0.7723359427900252,0.46191800319880083
327.1,-0.7692349118798302,0.45758572375275897
327.2,-0.7661250406919551,0.45325941640423223
327.3,-0.7630063407098825,0.4489390991958887
327.4,-0.7598788235785247,0.44462479030101704
327.5,-0.756742500684049,0.440316507474067
327.6,-0.7535973837934762,0.4360142689159263
327.7,-0.7504434843665189,0.4317180923367311
327.8,-0.747280814246448,0.4274279958909361
327.9,-0.7441093850132227,0.42314399731699215
328.0,-0.7409292084110073,0.418866114481242
328.1,-0.7377402963099547,0.41459436537752725
328.2,-0.7345426604317752,0.41032876769851684
328.3,-0.7313363126259477,0.4060693392630155
328.4,-0.7281212649060543,0.4018160980172587
328.5,-0.724897529018452,0.397569061493682
328.6,-0.7216651170994238,0.39332824766368313
328.7,-0.718424040968006,0.3890936740138852
328.8,-0.7151743128358304,0.3848653584677101
328.9,-0.7119159446427878,0.3806433185376952
329.0,-0.7086489484955933,0.3764275718610261
329.1,-0.7053733366295489,0.3722181361999099
329.2,-0.7020891211254261,0.36801502901824107
329.3,-0.6987963141943382,0.36381826790353694
329.4,-0.695494928214112,0.3596278705675052
329.5,-0.69218497528696,0.355443854313251
329.6,-0.6888664679139571,0.3512662368751919
329.7,-0.6855394182691036,0.34709503550914605
329.8,-0.6822038389278835,0.3429302679000279
329.9,-0.678859742185713,0.33877195132715454
330.0,-0.6755071405073871,0.3346201031911952
330.1,-0.6721460464888364,0.3304747410153124
330.2,-0.6687764725654303,0.32633588202733943
330.3,-0.6653984313054018,0.32220354357616493
330.4,-0.6620119354462407,0.31807774313157194
330.5,-0.658616997441543,0.313958497760113
330.6,-0.6552136301525455,0.3098458249518179
330.7,-0.6518018461037037,0.30573974172449586
330.8,-0.6483816582296985,0.30164026551716205
330.9,-0.644953079176914,0.2975474133686972
331.0,-0.6415161217636045,0.29346120243598434
331.1,-0.6380707989416603,0.2893816499958157
331.2,-0.6346171234964354,0.28530877303276214
331.3,-0.6311551083486181,0.2812425886498312
331.4,-0.6276847665906353,0.27718311406757606
331.5,-0.62420611102284,0.273130366108861
331.6,-0.6207191548618516,0.2690843620120133
331.7,-0.6172239109779327,0.26504511854971186
331.8,-0.613720392660148,0.26101265290777587
331.9,-0.6102086129011501,0.2569869818775223
332.0,-0.6066885848678839,0.252968122364866
332.1,-0.6031603218633789,0.24895609139299588
332.2,-0.5996238370182149,0.2449509056961087
332.3,-0.5960791436007262,0.24095258212416998
332.4,-0.5925262550533992,0.23696113764129298
332.5,-0.588965184518574,0.232976588819605
332.6,-0.5853959455633287,0.2289989526385086
332.7,-0.5818185513989327,0.22502824561852472
332.8,-0.5782330156638776,0.22106448468507456
332.9,-0.5746393516922388,0.2171076863748719
333.0,-0.5710375729947385,0.21315786733577605
333.1,-0.5674276932205788,0.20921504433023558
333.2,-0.5638097258406611,0.20527923383505625
333.3,-0.5601836844660086,0.20135045244009445
333.4,-0.5565495828841428,0.197428716845904
333.5,-0.552907434574483,0.193514043366922
333.6,-0.5492572534494907,0.1896064487165001
333.7,-0.5455990530564994,0.1857059491560703
333.8,-0.5419328473783289,0.18181256134355053
333.9,-0.5382586500854839,0.1779263015541051
334.0,-0.5345764750274047,0.1740471861705468
334.1,-0.5308863361943565,0.17017523168754572
334.2,-0.5271882473925161,0.16631045431759325
334.3,-0.5234822225704957,0.1624528703834649
334.4,-0.5197682758556869,0.15860249631513756
334.5,-0.51604642105953,0.154759348162502
334.6,-0.5123166724346508,0.15092344236583521
334.7,-0.5085790438593703,0.14709479492063704
334.8,-0.5048335496555834,0.14327342221031913
334.9,-0.5010802038250968,0.13945934024165246
335.0,-0.49731902055086846,0.13565256512551044
335.1,-0.49355001415896965,0.13185311308184383
335.2,-0.4897731987856678,0.12806100005200602
335.3,-0.4859885887119233,0.1242762420848213
335.4,-0.4821961983996817,0.12049885533277498
335.5,-0.478396041987216,0.116728855574454
335.6,-0.4745881340619568,0.11296625897013025
335.7,-0.47077248882798517,0.10921108124264188
335.8,-0.4669491209408896,0.10546333849398577
335.9,-0.46311804472850004,0.10172304645579837
336.0,-0.4592792747019525,0.09799022096022399
336.1,-0.4554328255177348,0.09426487794565379
336.2,-0.4515787116368751,0.09054703307558307
336.3,-0.44771694766729814,0.08683670211812003
336.4,-0.443847548400056,0.08313390094144346
336.5,-0.439970528294921,0.0794386450461768
336.6,-0.43608590226862726,0.07575095030577572
336.7,-0.4321936848456612,0.07207083216377563
336.8,-0.4282938910097649,0.0683983064339677
336.9,-0.424386535409393,0.06473338856620792
337.0,-0.4204716328783807,0.06107609410722468
337.1,-0.41654919839809146,0.057426438707122
337.2,-0.4126192467488534,0.05378443774492215
337.3,-0.40868179286003886,0.05015010670135314
337.4,-0.4047368518462142,0.046523461153579054
337.5,-0.400784438483184,0.0429045163177144
337.6,-0.39682456801134647,0.03929328777368188
337.7,-0.392857255270098,0.03568979067918894
337.8,-0.3888825155656701,0.03209404055313271
337.9,-0.38490036386159576,0.028506052557051936
338.0,-0.38091081530879267,0.024925841945682817
338.1,-0.37691388520782937,0.021353424074220858
338.2,-0.3729095886527354,0.017788814030702583
338.3,-0.3688979408886755,0.0142320270019231
338.4,-0.36487895734800707,0.010683078267441665
338.5,-0.360852653116968,0.00714198275241573
338.6,-0.3568190437538361,0.0036087557366376337
338.7,-0.3527781444072936,8.341208556303137e-05
338.8,-0.34872997070025863,-0.0034340329833839494
338.9,-0.3446745379056636,-0.006943564603403651
339.0,-0.34061186148575934,-0.010445167818218927
339.1,-0.33654195705451523,-0.013938827574054655
339.2,-0.33246484001393456,-0.01742452908025564
339.3,-0.3283805259191841,-0.02090225745040227
339.4,-0.324289030514542,-0.024371997709030698
339.5,-0.320190369190952,-0.0278337352282696
339.6,-0.31608455781866884,-0.03128745503493869
339.7,-0.31197161184989786,-0.034733142562148885
339.8,-0.30785154721829716,-0.03817078290041202
339.9,-0.30372437950039965,-0.04160036148397739
340.0,-0.2995901244639095,-0.045021863661381036
340.1,-0.29544879803025137,-0.048435274686667154
340.2,-0.29130041590354255,-0.051840580072850515
340.3,-0.28714499394303233,-0.05523776524021311
340.4,-0.28298254819892665,-0.05862681552374863
340.5,-0.278813094361015,-0.0620077165990973
340.6,-0.27463664860548315,-0.0653804538060611
340.7,-0.27045322668217586,-0.06874501288250949
340.8,-0.26626284482941726,-0.07210137923324027
340.9,-0.26206551892140656,-0.07544953859975
341.0,-0.25786126502529083,-0.07878947664162518
341.1,-0.2536500993638787,-0.0821211789270098
341.2,-0.24943203793740695,-0.08544463127875833
341.3,-0.2452070969031607,-0.08875981943006513
341.4,-0.2409752926111606,-0.0920667290326306
341.5,-0.236736641044048,-0.0953653460717097
341.6,-0.23249115867775672,-0.09865565620634147
341.7,-0.22823886155376583,-0.10193764548523501
341.8,-0.22397976620887236,-0.10521129963369025
341.9,-0.21971388880886628,-0.10847660470654201
342.0,-0.21544124571419818,-0.11173354668054902
342.1,-0.21116185344286945,-0.11498211144411004
342.2,-0.20687572828512427,-0.11822228513596984
342.3,-0.20258288669010507,-0.12145405380832786
342.4,-0.1982833453013884,-0.12467740343572209
342.5,-0.193977120388361,-0.127892320319006
342.6,-0.1896642287204061,-0.13109879044258627
342.7,-0.1853446866244913,-0.1342968001719749
342.8,-0.18101851092956528,-0.1374863355590764
342.9,-0.17668571808682,-0.14066738297802603
343.0,-0.17234632474374537,-0.14383992872875143
343.1,-0.16800034770721325,-0.14700395902594213
343.2,-0.16364780355123615,-0.15015946033016653
343.3,-0.15928870901051226,-0.15330641901860004
343.4,-0.15492308101579574,-0.15644482139462446
343.5,-0.150550936116983,-0.15957465408056
343.6,-0.14617229137048685,-0.16269590339217435
343.7,-0.14178716338250363,-0.1658085560176309
343.8,-0.13739556926766558,-0.16891259834142022
343.9,-0.13299752575627344,-0.1720080170628126
344.0,-0.12859304977647318,-0.17509479881077922
344.1,-0.12418215841755034,-0.17817293013221552
344.2,-0.11976486853092622,-0.18124239781532173
344.3,-0.11534119713043367,-0.1843031885680935
344.4,-0.11091116142750414,-0.18735528902863424
344.5,-0.106474778246191,-0.190398686146474
344.6,-0.10203206492338465,-0.1934333665746248
344.7,-0.09758303833813357,-0.19645931732960847
344.8,-0.09312771588417905,-0.19947652513435735
344.9,-0.08866611456450124,-0.2024849770189933
345.0,-0.08419825158139532,-0.20548465994727702
345.1,-0.07972414429999111,-0.20847556080409524
345.2,-0.0752438098426373,-0.211457666710966
345.3,-0.07075726549576093,-0.21443096471242284
345.4,-0.06626452874485901,-0.21739544178703507
345.5,-0.0617656166816654,-0.220351085217164
345.6,-0.05726054691686751,-0.22329788199881212
345.7,-0.05274933659587919,-0.22623581948245622
345.8,-0.048232003384864726,-0.22916488473518326
345.9,-0.04370856455292386,-0.23208506512355873
346.0,-0.03917903756987603,-0.23499634795175667
346.1,-0.03464344007001582,-0.23789872044830818
346.2,-0.030101789440026,-0.24079217007359588
346.3,-0.02555410323226578,-0.24367668421428135
346.4,-0.021000399199555108,-0.24655225019503035
346.5,-0.0164406946947264,-0.249418855636514
346.6,-0.011875007595477542,-0.25227648788334694
346.7,-0.007303355306971226,-0.2551251346254203
346.8,-0.0027257557609847664,-0.2579647832795645
346.9,0.0018577735139195832,-0.26079542155424745
347.0,0.006447214787137302,-0.263617037099544
347.1,0.011042550162012858,-0.2664296174931522
347.2,0.01564376199423982,-0.26923315053974695
347.3,0.020250832472300535,-0.2720276239735731
347.4,0.02486374358290558,-0.2748130254708747
347.5,0.0294824777188263,-0.277589342996
347.6,0.034107016742247184,-0.2803565642476466
347.7,0.03873734299498631,-0.2831146772604578
347.8,0.04337343828658264,-0.28586366980646066
347.9,0.04801528483577925,-0.2886035299413527
348.0,0.052662864658038315,-0.2913342456664637
348.1,0.05731615960126119,-0.2940558049140452
348.2,0.06197515177033464,-0.2967681958383536
348.3,0.06663982310146885,-0.29947140652654275
348.4,0.07131015532787632,-0.3021654250117897
348.5,0.0759861305947369,-0.304850239607338
348.6,0.08066773051113564,-0.3075258383713168
348.7,0.08535493717269875,-0.3101922096883191
348.8,0.09004773213732768,-0.3128493416908861
348.9,0.09474609737794541,-0.3154972227871366
349.0,0.09945001466303913,-0.31813584133487244
349.1,0.10415946559209786,-0.3207651856261494
349.20000000000005,0.10887443202614035,-0.32338524416996905
349.3,0.11359489565608985,-0.3259960054115751
349.4,0.11832083796873205,-0.32859745774628374
349.5,0.123052240868579,-0.331189589841332
349.6,0.12778908571874473,-0.33377239011948806
349.70000000000005,0.13253135437559818,-0.33634584732035433
349.8,0.13727902815254178,-0.3389099499421585
349.9,0.14203208878367782,-0.3414646867505014
350.0,0.1467905177975861,-0.34401004646473826
350.1,0.1515542965524781,-0.34654601774184224
350.20000000000005,0.15632340667253586,-0.3490725894505757
350.3,0.16109782961050464,-0.3515897503993215
350.4,0.16587754661391663,-0.3540974893506023
350.5,0.170662539353639,-0.356595795330609
350.6,0.17545278895405336,-0.3590846571318097
350.70000000000005,0.18024827703930854,-0.36156406385373974
350.8,0.1850489846855614,-0.36403400436535227
350.9,0.1898548933951894,-0.36649446779464495
351.0,0.19466598446404296,-0.36894544322747064
351.1,0.19948223901628911,-0.3713869196906893
351.20000000000005,0.2043036384464047,-0.3738188864176954
351.3,0.20913016397616718,-0.3762413325849203
351.4,0.21396179662115553,-0.3786542473270361
351.5,0.218798517825701,-0.381057620033987
351.6,0.22364030848278738,-0.3834514398728615
351.70000000000005,0.2284871499914958,-0.38583569630792175
351.8,0.2333390231980995,-0.38821037858373497
351.9,0.23819590938043447,-0.390575476195472
352.0,0.2430577896088956,-0.3929309786002804
352.1,0.2479246447809516,-0.39527687519973115
352.20000000000005,0.2527964560686131,-0.39761315559659083
352.3,0.25767320446999487,-0.39993980934010503
352.4,0.26255487077611306,-0.4022568259418765
352.5,0.267441436211989,-0.404564195160279
352.6,0.27233288144663814,-0.40686190654179466
352.70000000000005,0.27722918766131954,-0.40914994992005627
352.8,0.28213033547988736,-0.4114283149199901
352.9,0.28703630596291985,-0.41369699140857297
353.0,0.2919470799627291,-0.4159559692189014
353.1,0.29686263815753255,-0.41820523813193894
353.20000000000005,0.3017829615042124,-0.4204447881244186
353.3,0.30670803078462444,-0.4226746091230173
353.4,0.31163782657270367,-0.42489469102090494
353.5,0.316572329881482,-0.427105023949415
353.6,0.32151152116355286,-0.4293055978390569
353.70000000000005,0.32645538138967967,-0.43149640289732577
353.8,0.33140389096885237,-0.4336774291341042
353.9,0.33635703075178575,-0.43584866679266765
354.0,0.34131478138017873,-0.4380101060865682
354.1,0.3462771233205321,-0.4401617371806937
354.20000000000005,0.35124403732203696,-0.4423035504301949
354.3,0.3562155039577892,-0.4444355361436507
354.4,0.36119150359221436,-0.44655768460028
354.5,0.366172017033775,-0.448669986308768
354.6,0.3711570245262779,-0.4507724315881236
354.70000000000005,0.37614650683741907,-0.452865011024061
354.8,0.3811404441689697,-0.4549477150158655
354.9,0.38613881716926923,-0.45702053418745436
355.0,0.3911416062769676,-0.45908345913719467
355.1,0.39614879175447704,-0.46113648041828076
355.20000000000005,0.4011603541508169,-0.4631795887685775
355.3,0.4061762738379164,-0.4652127748828882
355.4,0.41119653097837366,-0.4672360294308261
355.5,0.416221106183582,-0.46924934330266
355.6,0.42124997949627757,-0.4712527072102202
355.70000000000005,0.4262831314886206,-0.4732461121216556
355.8,0.43132054216290966,-0.4752295488299468
355.9,0.436362191972671,-0.47720300834383944
356.0,0.44140806116115777,-0.47916648165072645
356.1,0.4464581297944185,-0.48111995969634236
356.20000000000005,0.4515123782289096,-0.48306343360541465
356.3,0.4565707866430767,-0.48499689446314226
356.4,0.46163333500546383,-0.48692033333372076
356.5,0.466700003737981,-0.488833741493088
356.6,0.4717707726901041,-0.49073711005007237
356.70000000000005,0.47684562224606575,-0.49263043035930665
356.8,0.48192453221653153,-0.4945136936116063
356.9,0.4870074828678631,-0.4963868912045966
357.0,0.49209445425565546,-0.49825001451875045
357.1,0.49718542625740797,-0.5001030548964149
357.20000000000005,0.5022803790447145,-0.5019460038531829
357.3,0.5073792926103052,-0.5037788528686683
357.4,0.5124821467365169,-0.5056015934056763
357.5,0.517588921663451,-0.507414217129754
357.6,0.5226995970552337,-0.5092167155507422
357.70000000000005,0.5278141531158541,-0.5110090804136624
357.8,0.5329325694722585,-0.5127913033111527
357.9,0.5380548262113902,-0.5145633760336044
358.0,0.5431809032090117,-0.5163252903584732
358.1,0.5483107801619672,-0.518077038028644
358.20000000000005,0.5534444370647714,-0.5198186109544178
358.3,0.558581853732289,-0.5215500010136866
358.4,0.5637230097685765,-0.5232712000717434
358.5,0.568867885239691,-0.524982200187525
358.6,0.5740164596323947,-0.5266829932757446
358.70000000000005,0.5791687129782043,-0.5283735714755663
358.8,0.5843246247283421,-0.5300539267852753
358.9,0.5894841747981637,-0.5317240513917667
359.0,0.5946473428915056,-0.5333839374732257
359.1,0.5998141085325267,-0.5350335771768384
359.20000000000005,0.6049844515465189,-0.5366729628113067
359.3,0.6101583515784162,-0.5383020866565075
359.4,0.6153357880620206,-0.5399209409839345
359.5,0.62051674089717,-0.541529518249548
359.6,0.6257011894013293,-0.5431278107766309
359.70000000000005,0.6308891134413965,-0.5447158111020909
359.8,0.6360804923009542,-0.5462935116335226
359.9,0.6412753057316617,-0.5478609049579093
360.0,0.6464735332734115,-0.5494179836577553
360.1,0.651675154285735,-0.5509647402881512
360.20000000000005,0.6568801484326382,-0.5525011675597309
360.3,0.6620884951971331,-0.5540272581579079
360.4,0.6673001738508654,-0.5555430047639389
360.5,0.672515164135367,-0.557048400234277
360.6,0.6777334452069327,-0.5585434373043121
360.70000000000005,0.6829549967757788,-0.5600281089121372
360.8,0.6881797979660061,-0.5615024078781669
360.9,0.6934078283735446,-0.5629663271928919
361.0,0.6986390673824014,-0.564419859846564
361.1,0.703873494195613,-0.565862998805625
361.20000000000005,0.7091110883239143,-0.5672957371860193
361.3,0.714351829096477,-0.5687180680820855
361.4,0.7195956956309512,-0.5701299845882362
361.5,0.724842667518552,-0.571531479964735
361.6,0.7300927237626211,-0.5729225473624573
361.70000000000005,0.7353458439246856,-0.5743031801239621
361.8,0.7406020069775962,-0.575673371485824
361.9,0.7458611923696002,-0.5770331148453094
362.0,0.7511233793369483,-0.5783824036036893
362.1,0.7563885469343838,-0.5797212311420383
362.20000000000005,0.7616566745274548,-0.581049590984825
362.3,0.7669277412996459,-0.5823674766385418
362.4,0.7722017262228442,-0.5836748816139926
362.5,0.777478608746002,-0.584971799578404
362.6,0.7827583677278058,-0.5862582241013534
362.70000000000005,0.7880409825891498,-0.5875341489329876
362.8,0.7933264321599276,-0.588799567729222
362.9,0.7986146957488302,-0.5900544742972025
363.0,0.8039057524525512,-0.5912988624523243
363.1,0.8091995811858053,-0.5925327259934138
363.20000000000005,0.8144961611770986,-0.5937560588565215
363.3,0.8197954714724524,-0.5949688549633599
363.4,0.8250974909063036,-0.5961711082441877
363.5,0.830402198793455,-0.597362812776193
363.6,0.83570957385629,-0.5985439625507044
363.70000000000005,0.8410195953832067,-0.5997145517284184
363.8,0.8463322420695114,-0.6008745743876036
363.9,0.8516474930925106,-0.602024024748228
364.0,0.8569653274176035,-0.6031628970427554
364.1,0.8622857238278141,-0.6042911854907177
364.20000000000005,0.8676086614228168,-0.605408884442638
364.3,0.8729341191194566,-0.6065159882383497
364.4,0.8782620756230998,-0.607612491230473
364.5,0.883592510122578,-0.608698387908994
364.6,0.8889254012123778,-0.6097736726898633
364.70000000000005,0.8942607280566048,-0.6108383401471337
364.8,0.8995984692244139,-0.611892384784276
364.9,0.9049386037699553,-0.6129358012368537
365.0,0.9102811105356591,-0.6139685841571783
365.1,0.9156259681812622,-0.6149907281882793
365.20000000000005,0.9209731556858849,-0.6160022280978764
365.3,0.9263226518455405,-0.6170030786466608
365.4,0.9316744352449514,-0.6179932746123549
365.5,0.937028484955226,-0.618972810900405
365.6,0.9423847794514314,-0.6199416823541035
365.70000000000005,0.9477432977816265,-0.6208998839634908
365.8,0.9531040183973123,-0.6218474106599198
365.9,0.9584669202377796,-0.6227842574971663
366.0,0.9638319820308713,-0.6237104195499997
366.1,0.9691991823214969,-0.6246258918875646
366.20000000000005,0.9745684999765587,-0.625530669697346
366.3,0.9799399136796412,-0.6264247481634627
366.4,0.9853134019033011,-0.6273081224912985
366.5,0.990688943609227,-0.628180788004271
366.6,0.9960665171616119,-0.6290427399755577
366.70000000000005,1.0014461015007756,-0.6298939738136603
366.8,1.0068276749690879,-0.6307344848803175
366.9,1.0122112163993615,-0.6315642686499678
367.0,1.0175967044132939,-0.6323833206222866
367.1,1.022984117449463,-0.6331916362949835
367.20000000000005,1.0283734342709456,-0.6339892112777019
367.3,1.0337646334573578,-0.6347760411803892
367.4,1.039157693377625,-0.635552121638493
367.5,1.04455259289238,-0.63631744839574
367.6,1.0499493102635256,-0.6370720171575659
367.70000000000005,1.0553478243319985,-0.6378158237532389
367.8,1.060748113339664,-0.638548863977222
367.9,1.0661501560212343,-0.6392711337268989
368.0,1.0715539309007498,-0.6399826289291246
368.1,1.0769594163190386,-0.6406833455124542
368.20000000000005,1.0823665909437739,-0.6413732795109209
368.3,1.0877754332591185,-0.6420524269625341
368.4,1.093185921538989,-0.6427207839350298
368.5,1.09859803455133,-0.643378346594619
368.6,1.1040117504644051,-0.6440251110811912
368.70000000000005,1.109427048028186,-0.6446610736469237
368.8,1.11484390539266,-0.6452862305211733
368.9,1.1202623012029111,-0.6459005780263766
369.0,1.125682213893871,-0.6465041125186752
369.1,1.1311036217172215,-0.6470968303595834
369.20000000000005,1.136526503253711,-0.6476787280095802
369.3,1.1419508369006037,-0.6482498019367994
369.4,1.1473766008454622,-0.6488100486433251
369.5,1.152803773772,-0.649359464719852
369.6,1.1582323337635045,-0.6498980467427565
369.70000000000005,1.1636622594874488,-0.6504257913890938
369.8,1.169093529010655,-0.6509426953251025
369.9,1.1745261208970568,-0.6514487553002224
370.0,1.1799600135010564,-0.6519439681018172
370.1,1.1853951849938622,-0.6524283305262949
370.20000000000005,1.190831613877838,-0.6529018394624734
370.3,1.1962692784719513,-0.6533644918105017
370.4,1.201708156886075,-0.6538162845086901
370.5,1.20714822772818,-0.654257214574057
370.6,1.2125894690053234,-0.6546872790213212
370.70000000000005,1.2180318593109853,-0.6551064749542136
370.8,1.2234753766375295,-0.6555147994776753
370.9,1.2289199994763236,-0.655912249769924
371.0,1.2343657061098663,-0.6562988230513094
371.1,1.2398124746375627,-0.6566745165548961
371.20000000000005,1.2452602834919646,-0.6570393275995605
371.3,1.2507091109223925,-0.6573932535191873
371.4,1.2561589349697577,-0.6577362916900221
371.5,1.26160973417483,-0.658068439557072
371.6,1.2670614864772114,-0.658389694575076
371.70000000000005,1.2725141704049079,-0.6587000542760739
371.8,1.2779677638846136,-0.6589995162053539
371.9,1.283422245343701,-0.6592880779715142
372.0,1.2888775930014316,-0.6595657372294815
372.1,1.2943337848941552,-0.659832491650568
372.20000000000005,1.2997907993932207,-0.6600883389852553
372.3,1.3052486146869775,-0.6603332770027099
372.4,1.3107072087561396,-0.6605673035186496
372.5,1.31616656008285,-0.66079041640756
372.6,1.3216266465480395,-0.6610026135657081
372.70000000000005,1.327087446622813,-0.6612038929549029
372.8,1.3325489381770674,-0.6613942525622496
372.9,1.3380110995827437,-0.6615736904281544
373.0,1.3434739090045615,-0.6617422046435382
373.1,1.3489373444246169,-0.6618997933193779
373.20000000000005,1.3544013841616764,-0.6620464546391401
373.3,1.3598660063518362,-0.6621821868086433
373.4,1.3653311889244408,-0.6623069880844281
373.5,1.37079691031156,-0.662420856771792
373.6,1.376263148344337,-0.6625237912098539
373.70000000000005,1.381729881445572,-0.6626157897914826
373.8,1.387197087437161,-0.6626968509468849
373.9,1.3926647446443159,-0.6627669731495415
374.0,1.3981328311859462,-0.6628261549276122
374.1,1.403601324998672,-0.6628743948329743
374.20000000000005,1.409070204357372,-0.6629116914832804
374.3,1.4145394473546329,-0.6629380435221995
374.4,1.4200090318772225,-0.6629534496482806
374.5,1.42547893631581,-0.662957908598783
374.6,1.4309491384605946,-0.6629514191568261
374.70000000000005,1.4364196166947307,-0.6629339801474546
374.8,1.4418903488009842,-0.6629055904450954
374.9,1.4473613130664884,-0.6628662489573867
375.0,1.452832487573116,-0.6628159546507949
375.1,1.4583038502208605,-0.6627547065191614
375.20000000000005,1.4637753792493975,-0.6626825036153534
375.3,1.4692470527165677,-0.6625993450219145
375.4,1.474718848475434,-0.662505229880407
375.5,1.48019074488392,-0.662400157361028
375.6,1.485662719700172,-0.6622841266918736
375.70000000000005,1.4911347512763413,-0.6621571371311044
375.8,1.4966068173649776,-0.6620191879983073
375.9,1.5020788962238578,-0.6618702786361874
376.0,1.5075509659065907,-0.6617104084504104
376.1,1.5130230042853823,-0.6615395768776702
376.20000000000005,1.5184949895734325,-0.6613577834069018
376.3,1.5239668998026474,-0.6611650275603693
376.4,1.5294387128012652,-0.6609613089234794
376.5,1.53491040690311,-0.660746627100165
376.6,1.5403819598432091,-0.6605209817642982
376.70000000000005,1.5458533499514207,-0.6602843726079278
376.8,1.5513245549589911,-0.6600367993965521
376.9,1.5567955531030455,-0.6597782619086854
377.0,1.56226632241773,-0.6595087599899104
377.1,1.5677368407563448,-0.6592282935204786
377.20000000000005,1.573207086314368,-0.6589368624260735
377.3,1.5786770371065788,-0.6586344666693503
377.4,1.5841466709452767,-0.6583211062802063
377.5,1.58961596614893,-0.657996781296949
377.6,1.5950849004383563,-0.6576614918398381
377.70000000000005,1.6005534521297853,-0.6573152380354015
377.8,1.606021598942154,-0.6569580200956352
377.9,1.611489319100645,-0.6565898382354216
378.0,1.6169565906287648,-0.6562106927407994
378.1,1.6224233913698323,-0.6558205839361099
378.20000000000005,1.627889699510343,-0.6554195121842905
378.3,1.6333554930567782,-0.6550074778888809
378.4,1.6388207498144276,-0.6545844815247402
378.5,1.64428544809507,-0.654150523565004
378.6,1.6497495656143235,-0.6537056045767549
378.70000000000005,1.655213080683501,-0.6532497251214268
378.8,1.6606759710181376,-0.6527828858579118
378.9,1.6661382148402677,-0.6523050874378451
379.0,1.6715997901715942,-0.6518163305880851
379.1,1.6770606748543337,-0.6513166160774166
379.20000000000005,1.6825208470747979,-0.6508059447063578
379.3,1.6879802848400214,-0.6502843173196476
379.4,1.6934389659571787,-0.6497517348374021
379.5,1.69889686874012,-0.649208198167867
379.6,1.7043539709082005,-0.6486537083252037
379.70000000000005,1.709810250776561,-0.6480882663059995
379.8,1.7152656860662805,-0.6475118732162555
379.9,1.7207202550050271,-0.6469245301445784
380.0,1.7261739356215586,-0.6463262382588333
380.1,1.7316267057659043,-0.6457169987724174
380.20000000000005,1.737078543632943,-0.6450968129235829
380.3,1.742529427239113,-0.6444656819984096
380.4,1.7479793344024597,-0.6438236073623801
380.5,1.75342824344762,-0.643170590358956
380.6,1.7588761321066275,-0.6425066324494602
380.70000000000005,1.764322978707203,-0.6418317350656957
380.8,1.7697687609849935,-0.6411458997608206
380.9,1.775213457182014,-0.6404491280604461
381.0,1.7806570453429182,-0.6397414215734497
381.1,1.7860995033344969,-0.6390227819578371
381.20000000000005,1.7915408093689982,-0.6382932108895731
381.3,1.7969809414811255,-0.6375527100960371
381.4,1.8024198775087208,-0.6368012813880098
381.5,1.80785759579594,-0.636038926544104
381.6,1.8132940740964845,-0.6352656474726947
381.70000000000005,1.8187292907594004,-0.6344814460407034
381.8,1.8241632235438465,-0.6336863242483006
381.9,1.8295958507149943,-0.6328802840579623
382.0,1.8350271503422526,-0.6320633275194097
382.1,1.8404571003180845,-0.6312354567350711
382.20000000000005,1.8458856788809033,-0.630396673818423
382.3,1.8513128640925425,-0.6295469809379295
382.4,1.8567386338195615,-0.6286863803494214
382.5,1.86216296643439,-0.627814874266417
382.6,1.8675858397214216,-0.6269324650440644
382.70000000000005,1.8730072320596889,-0.6260391549841191
382.8,1.8784271212408894,-0.6251349465334469
382.9,1.8838454855621125,-0.6242198420910693
383.0,1.8892623031263724,-0.6232938441472046
383.1,1.8946775518607493,-0.6223569552483394
383.20000000000005,1.9000912100385978,-0.621409177945085
383.3,1.9055032557577367,-0.6204505148465932
383.4,1.9109136669224125,-0.6194809686533236
383.5,1.91632242194205,-0.618500542013278
383.6,1.921729498640668,-0.6175092377279109
383.70000000000005,1.9271348754361062,-0.61650705853336
383.8,1.932538530161502,-0.6154940073226838
383.9,1.9379404411546752,-0.6144700869309548
384.0,1.9433405865611069,-0.6134353002883647
384.1,1.9487389443513816,-0.6123896503849167
384.20000000000005,1.9541354928425927,-0.6113331402077983
384.3,1.9595302101774106,-0.6102657728062764
384.4,1.964923074306683,-0.609187551324839
384.5,1.97031406368557,-0.608098478845372
384.6,1.9757031561867044,-0.6069985586149937
384.70000000000005,1.9810903302754268,-0.6058877938035919
384.8,1.9864755638353544,-0.6047661877497317
384.9,1.9918588352537332,-0.6036337437238757
385.0,1.997240122727346,-0.6024904650954827
385.1,2.0026194042792445,-0.6013363552973432
385.20000000000005,2.0079966582790267,-0.6001714177524995
385.3,2.013371862923047,-0.5989956559495833
385.4,2.0187449962176935,-0.5978090734763143
385.5,2.02411603667259,-0.596611673847701
385.6,2.029484962217931,-0.5954034607556979
385.70000000000005,2.0348517513752866,-0.5941844378031341
385.8,2.0402163820876673,-0.5929546087732253
385.9,2.0455788328005577,-0.5917139773709726
386.0,2.0509390817708795,-0.5904625474042234
386.1,2.056297107083018,-0.5892003227476563
386.20000000000005,2.061652887167841,-0.5879273072592548
386.3,2.0670064002842423,-0.5866435048660862
386.4,2.0723576245030637,-0.5853489195981476
386.5,2.07770653839708,-0.584043555402612
386.6,2.0830531199630173,-0.5827274164152704
386.70000000000005,2.0883973477873714,-0.5814005066709123
386.8,2.093739199881509,-0.5800628303963583
386.9,2.0990786547578715,-0.57871439173013
387.0,2.104415690742329,-0.5773551949174025
387.1,2.1097502859894974,-0.575985244273659
387.20000000000005,2.115082419000285,-0.5746045440907447
387.3,2.120412068104936,-0.5732130987330551
387.4,2.125739211447623,-0.5718109126717165
387.5,2.13106382767299,-0.570397990284952
387.6,2.1363858948532126,-0.568974336151198
387.70000000000005,2.1417053916484017,-0.5675399547360482
387.8,2.14702229614721,-0.566094850708711
387.9,2.1523365869377478,-0.5646390286400244
388.0,2.1576482424236425,-0.5631724932112555
388.1,2.1629572408386317,-0.5616952491774347
388.20000000000005,2.1682635607623677,-0.5602073012630088
388.3,2.173567180605231,-0.5587086542684176
388.4,2.178868078593622,-0.5571993131045941
388.5,2.18416623345274,-0.555679282579514
388.6,2.1894616233390973,-0.5541485677128923
388.70000000000005,2.194754226995113,-0.5526071733997976
388.8,2.200044022595591,-0.5510551047504212
388.9,2.2053309888130506,-0.5494923667665473
389.0,2.2106151041376605,-0.5479189645641224
389.1,2.215896346891096,-0.546334903336283
389.20000000000005,2.221174695740461,-0.5447401882386441
389.3,2.226450129185068,-0.5431348245062291
389.4,2.2317226255424107,-0.5415188174882721
389.5,2.23699216362686,-0.539892172421027
389.6,2.242258721688172,-0.5382548947639549
389.70000000000005,2.247522278559693,-0.5366069898400849
389.8,2.2527828125113207,-0.5349484631990093
389.9,2.258040302308609,-0.5332793202719136
390.0,2.2632947265370036,-0.5315995666078327
390.1,2.268546063614969,-0.5299092078363914
390.20000000000005,2.273794292305742,-0.5282082495427634
390.3,2.2790393912063145,-0.5264966973949148
390.4,2.284281338734108,-0.5247745571787019
390.5,2.28952011380129,-0.523041834557017
390.6,2.2947556947596857,-0.5212985354273372
390.70000000000005,2.299988060542242,-0.5195446655389725
390.8,2.3052171895227507,-0.517780230879159
390.9,2.3104430605684603,-0.5160052373067581
391.0,2.3156656523688315,-0.5142196908021283
391.1,2.3208849434478966,-0.5124235974295874
391.20000000000005,2.3261009126736933,-0.5106169632020788
391.3,2.3313135387496127,-0.5087997942186995
391.4,2.336522800201765,-0.5069720967000768
391.5,2.34172867604873,-0.505133876733913
391.6,2.3469311447532677,-0.5032851406538014
391.70000000000005,2.3521301853564567,-0.5014258946334816
391.8,2.357325776344799,-0.4995561450958917
391.9,2.3625178966958997,-0.4976758983256749
392.0,2.367706525211913,-0.49578516073256873
392.1,2.372891640531177,-0.49388393881361015
392.20000000000005,2.3780732216351637,-0.49197223900756
392.3,2.3832512473423537,-0.49005006784265503
392.4,2.388425696296291,-0.48811743197224816
392.5,2.39359654763054,-0.48617433790687
392.6,2.3987637799275796,-0.48422079241414395
392.70000000000005,2.4039273723451737,-0.48225680209021254
392.8,2.409087303491336,-0.48028237379160854
392.9,2.414243552462582,-0.4782975142266764
393.0,2.41939609818242,-0.4763022302324157
393.1,2.424544919412236,-0.47429652873643946
393.20000000000005,2.429689995255492,-0.4722804166011882
393.3,2.434831304654403,-0.4702539007818725
393.4,2.4399688263787147,-0.4682169883623645
393.5,2.44510253968549,-0.46616968627385
393.6,2.45023242328563,-0.46411200171573735
393.70000000000005,2.45535845646214,-0.46204394170436475
393.8,2.4604806179533023,-0.4599655135275591
393.9,2.4655988869830465,-0.4578767243151333
394.0,2.470713242604851,-0.4557775813290591
394.1,2.4758236637118496,-0.4536680919251955
394.20000000000005,2.4809301295380397,-0.4515482633873558
394.3,2.4860326191579776,-0.4494181030953845
394.4,2.4911311114762884,-0.4472776185612862
394.5,2.496225585882,-0.445126817134567
394.6,2.5013160212231886,-0.44296570644398314
394.70000000000005,2.5064023969165414,-0.4407942939237004
394.8,2.5114846918392866,-0.4386125872903719
394.9,2.516562885351317,-0.4364205940928593
395.0,2.521636956644646,-0.43421832201563937
395.1,2.5267068847527665,-0.43200577884031816
395.20000000000005,2.5317726490487256,-0.42978297226960543
395.3,2.5368342287479977,-0.42754991010546783
395.4,2.5418916028987004,-0.42530660028547873
395.5,2.54694475103027,-0.423053050574955
395.6,2.551993652136626,-0.42078926902938757
395.70000000000005,2.5570382857765805,-0.41851526349823254
395.8,2.56207863097494,-0.4162310421243252
395.9,2.567114667236018,-0.41393661287298655
396.0,2.572146373898896,-0.4116319838485594
396.1,2.5771737301460105,-0.4093171632557228
396.20000000000005,2.5821967154979193,-0.40699215921343346
396.3,2.587215309319528,-0.404656979943094
396.4,2.59222949081102,-0.4023116338051084
396.5,2.59723923965067,-0.399956128977925
396.6,2.6022445349868213,-0.39759047394099306
396.70000000000005,2.6072453565287916,-0.39521467695633555
396.8,2.6122416834575914,-0.39282874659015854
396.9,2.617233495430335,-0.3904326912214788
397.0,2.622220771941649,-0.3880265193716949
397.1,2.62720349233148,-0.3856102396657165
397.20000000000005,2.632181636276272,-0.38318386063592613
397.3,2.637155183298822,-0.3807473909202993
397.4,2.6421241127599577,-0.37830083929915875
397.5,2.64708840449509,-0.375844214361244
397.6,2.6520480378155655,-0.37337752500699906
397.70000000000005,2.6570029925895304,-0.37090077990813686
397.8,2.6619532481627406,-0.36841398805123327
397.9,2.6668987843534877,-0.3659171582260808
398.0,2.671839580820356,-0.3634102993681526
398.1,2.6767756170692647,-0.3608934205195628
398.20000000000005,2.681706872940912,-0.358366530623128
398.3,2.686633328124413,-0.35582963873037293
398.4,2.6915549621496937,-0.35328275403845927
398.5,2.6964717550176,-0.350725885543391
398.6,2.701383686210956,-0.34815904256348607
398.70000000000005,2.706290735765063,-0.3455822341770929
398.8,2.7111928831988874,-0.34299546978799084
398.9,2.716090108500192,-0.34039875859365226
399.0,2.7209823914998874,-0.33779210994047415
399.1,2.72586971187829,-0.33517553328458427
399.20000000000005,2.7307520496486406,-0.3325490379760725
399.3,2.7356293846747235,-0.3299126334768125
399.4,2.7405016966639972,-0.32726632939755534
399.5,2.74536896579096,-0.324610135138384
399.6,2.750231171718395,-0.3219440604321815
399.70000000000005,2.7550882946569004,-0.3192681147607232
399.8,2.7599403143071615,-0.31658230794165276
399.9,2.7647872108345886,-0.31388664957685697
400.0,2.7696289642507224,-0.31118114942033526
400.1,2.7744655544186942,-0.3084658173388665
400.20000000000005,2.7792969615325056,-0.3057406630864891
400.3,2.7841231656388783,-0.30300569653205744
400.4,2.788944146631158,-0.3002609276964852
400.5,2.79375988486569,-0.297506366380589
400.6,2.798570360193572,-0.2947420227283428
400.70000000000005,2.803375553008878,-0.2919679066215601
400.8,2.8081754432023236,-0.2891840282882514
400.9,2.8129700111252096,-0.2863903977312791
401.0,2.817759236977941,-0.28358702510875367
401.1,2.822543100814709,-0.2807739206945797
401.20000000000005,2.8273215830184686,-0.27795109464325524
401.3,2.8320946638271307,-0.2751185572270778
401.4,2.8368623233282064,-0.2722763188735216
401.5,2.84162454206799,-0.269424389780628
401.6,2.846381300094195,-0.26656278049982435
401.70000000000005,2.851132577992474,-0.26369150130940633
401.8,2.855878355851872,-0.2608105628440773
401.9,2.860618614217675,-0.2579199755040793
402.0,2.8653533334873327,-0.2550197498479791
402.1,2.87008249391435,-0.25210989655310845
402.20000000000005,2.874806076078697,-0.2491904261707653
402.3,2.879524060417643,-0.24626134937298874
402.4,2.8842364272211207,-0.24332267699005583
402.5,2.88894315723335,-0.240374419613549
402.6,2.8936442307069545,-0.2374165881985387
402.70000000000005,2.898339628427164,-0.23444919341609874
402.8,2.9030293306895874,-0.23147224630376773
402.9,2.9077133182415302,-0.22848575765541554
403.0,2.912391571685578,-0.22548973842624837
403.1,2.91706407148271,-0.2224841996931556
403.20000000000005,2.9217307984179737,-0.21946915240040887
403.3,2.9263917331360636,-0.21644460761592313
403.4,2.931046856137452,-0.21341057656885834
403.5,2.93569614837232,-0.210367070240489
403.6,2.940339590306311,-0.20731409998555325
403.70000000000005,2.9449771629322026,-0.2042516768640282
403.8,2.9496088467602894,-0.2011798123122823
403.9,2.954234622747891,-0.1980985175138869
404.0,2.9588544717107763,-0.1950078038166991
404.1,2.963468374325475,-0.19190768269313596
404.20000000000005,2.9680763115900355,-0.18879816547646427
404.3,2.972678264364603,-0.18567926362644277
404.4,2.9772742133682892,-0.1825509887670147
404.5,2.98186413976508,-0.179413352265156
404.6,2.9864480242417746,-0.1762663658711205
404.70000000000005,2.9910258480065313,-0.1731100410297572
404.8,2.9955975917924675,-0.16994438957208743
404.9,3.0001632367747595,-0.16676942306729975
405.0,3.004722763990288,-0.1635851532517561
405.1,3.0092761543391644,-0.16039159198920666
405.20000000000005,3.013823389040334,-0.15718875099776605
405.3,3.018364449177318,-0.1539766421248458
405.4,3.0228993156958532,-0.15075527738491928
405.5,3.02742796998156,-0.147524668526494
405.6,3.031950392950363,-0.14428482769104287
405.70000000000005,3.0364665660336554,-0.14103576670408455
405.8,3.0409764701953113,-0.13777749778695764
405.9,3.045480086836205,-0.13451003289022057
406.0,3.0499773972222126,-0.13123338413443203
406.1,3.0544683824849317,-0.12794756377032288
406.20000000000005,3.0589530240719984,-0.12465258389655266
406.3,3.063431303298173,-0.12134845674382964
406.4,3.067903201343732,-0.11803519471273359
406.5,3.07236869982365,-0.114712809928986
406.6,3.076827779890907,-0.11138131492081486
406.70000000000005,3.081280423207844,-0.10804072189005332
406.8,3.0857266109770105,-0.10469104344385034
406.9,3.0901663248326945,-0.10133229190973966
407.0,3.0945995462775495,-0.09796447978801058
407.1,3.099026256682513,-0.09458761971185378
407.20000000000005,3.1034464377316278,-0.09120172415600797
407.3,3.1078600709786572,-0.08780680572996559
407.4,3.112267137846227,-0.0844028772158408
407.5,3.11666762018632,-0.0809899511120906
407.6,3.1210614993968466,-0.07756804032906015
407.70000000000005,3.1254487573786687,-0.07413715744039709
407.8,3.129829375580865,-0.07069731543440064
407.9,3.134203335878774,-0.06724852701101641
408.0,3.13857062001952,-0.06379080504563886
408.1,3.1429312096211386,-0.06032416254924376
408.20000000000005,3.1472850866117024,-0.05684861236802698
408.3,3.1516322327916537,-0.05336416748559537
408.4,3.155972629833717,-0.04987084106086661
408.5,3.16030625983444,-0.0463686459603978
408.6,3.164633104444391,-0.04285759547186192
408.70000000000005,3.1689531458105145,-0.039337702536056264
408.8,3.173266365636125,-0.03580898051761573
408.9,3.177572746045188,-0.03227144248417861
409.0,3.1818722690369117,-0.028725101681460353
409.1,3.18616491648408,-0.025169971493391258
409.20000000000005,3.190450670566332,-0.021606065132856556
409.3,3.1947295133383817,-0.01803339595275171
409.4,3.1990014267306806,-0.01445197748389439
409.5,3.20326639309182,-0.0108618229561595
409.6,3.2075243943326806,-0.007262946029609635
409.70000000000005,3.211775412853755,-0.0036553600073688896
409.8,3.2160194306202188,-3.9078625428152235e-05
409.9,3.2202564300121135,0.003585884685743439
410.0,3.224486393288246,0.0072195163150444806
410.1,3.228709302583721,0.010861802510580349
410.20000000000005,3.2329251403371857,0.01451272969770227
410.3,3.2371338888651215,0.01817228415920729
410.4,3.2413355303632696,0.021840451997429247
410.5,3.24553004743963,0.0255172196241098
410.6,3.2497174222729446,0.029202573011897576
410.70000000000005,3.253897637524593,0.03289649850030766
410.8,3.258070675429197,0.03659898198712905
410.9,3.2622365186302096,0.04031000968407747
411.0,3.2663951496534533,0.0440295676197516
411.1,3.2705465509038443,0.04775764167943575
411.20000000000005,3.2746907050863636,0.05149421793179992
411.3,3.278827594786652,0.05523928230046577
411.4,3.282957202473212,0.05899282052611389
411.5,3.28707951102071,0.062754818667194
411.6,3.2911945028832217,0.06652526233431975
411.70000000000005,3.295302160990278,0.07030413751476133
411.8,3.2994024678533496,0.07409142974537031
411.9,3.303495406386594,0.0778871248852177
412.0,3.3075809593901715,0.08169120860784254
412.1,3.3116591095461643,0.08550366644100169
412.20000000000005,3.315729839833146,0.08932448410191217
412.3,3.3197931331132184,0.0931536471603008
412.4,3.323848972134968,0.09699114100054305
412.5,3.32789734004691,0.100836951333036
412.6,3.3319382195858225,0.10469106341176682
412.70000000000005,3.3359715939565526,0.10855346287702183
412.8,3.3399974459547153,0.11242413491014816
412.9,3.3440157587723855,0.11630306502289312
413.0,3.348026515491272,0.12019023853912486
413.1,3.352029699077851,0.12408564063451388
413.20000000000005,3.35602529279145,0.12798925668019392
413.3,3.3600132797778355,0.13190107189742942
413.4,3.363993643072908,0.13582107131979984
413.5,3.36796636610613,0.139749240315022
413.6,3.3719314319042066,0.14368556378601466
413.70000000000005,3.3758888239543414,0.14763002703149128
413.8,3.3798385253435743,0.151582614882883
413.9,3.383780519548907,0.1555433125100697
414.0,3.387714789940704,0.15951210489278134
414.1,3.3916413197770336,0.16348897686019448
414.20000000000005,3.3955600926050082,0.16747391344287893
414.3,3.399471091861125,0.17146689951921343
414.4,3.4033743008757305,0.17546791977763596
414.5,3.40726970336621,0.17947695924871
414.6,3.411157282656344,0.18349400248997288
414.70000000000005,3.415037022522641,0.1875190344641294
414.8,3.4189089063506755,0.1915520396584273
414.9,3.4227729179093314,0.1955930029064795
415.0,3.4266290408646367,0.19964190884955707
415.1,3.4304772587733017,0.20369874197608162
415.20000000000005,3.4343175554771186,0.20776348698172253
415.3,3.438149914710306,0.21183612840769384
415.4,3.4419743201047353,0.21591665060308277
415.5,3.44579075567252,0.220005038266965
415.6,3.449599205041543,0.22410127561735285
415.70000000000005,3.4533996522844683,0.228205347286629
415.8,3.4571920810924293,0.23231723742373245
415.9,3.4609764755330024,0.2364369305317608
416.0,3.464752819574761,0.2405644109193473
416.1,3.4685210970800147,0.24469966274003704
416.20000000000005,3.472281292192091,0.24884267036040622
416.3,3.476033388949778,0.25299341799036623
416.4,3.4797773712933022,0.2571518896455828
416.5,3.48351322353631,0.261318069699455
416.6,3.487240929617724,0.2654919420364651
416.70000000000005,3.4909604739130624,0.2696734909645019
416.8,3.4946718404258847,0.273862700300214
416.9,3.498375013529234,0.27805955422207507
417.0,3.502069977501005,0.28226403671204225
417.1,3.505756716515898,0.2864761315948019
417.20000000000005,3.5094352150254653,0.29069582291377544
417.3,3.5131054573798193,0.2949230945535765
417.4,3.516767427834371,0.29915793020253434
417.5,3.52042111101093,0.303400313914308
417.6,3.5240664911662267,0.30765022924598107
417.70000000000005,3.527703552985248,0.3119076601869226
417.8,3.531332280790752,0.3161725902276523
417.9,3.5349526592678684,0.32044500322803715
418.0,3.538564673010471,0.3247248828494571
418.1,3.542168306512351,0.3290122125939031
418.20000000000005,3.5457635445398705,0.33330697618771976
418.3,3.5493503717611006,0.33760915719636087
418.4,3.5529287727533103,0.34191873898704006
418.5,3.55649873245297,0.346235705299758
418.6,3.560060235441291,0.35056003937045727
418.70000000000005,3.563613266719264,0.35489172487610077
418.8,3.5671578109354605,0.3592307449873799
418.9,3.5706938530935886,0.3635770832517032
419.0,3.574221378110057,0.3679307230161112
419.1,3.5777403708043294,0.3722916474662019
419.20000000000005,3.5812508162640166,0.37665984001745334
419.3,3.584752699481661,0.3810352839224337
419.4,3.588246005362981,0.38541796223359526
419.5,3.59173071916547,0.389807858383488
419.6,3.5952068258013754,0.39420495529332394
419.70000000000005,3.5986743105940517,0.3986092363338943
419.8,3.6021331585244294,0.40302068436248817
419.9,3.6055833549211806,0.4074392826203614
420.0,3.6090248850296334,0.4118650141465786
420.1,3.6124577340013637,0.41629786181676465
420.20000000000005,3.615881887251634,0.4207378087418868
420.3,3.619297330103841,0.4251848378680396
420.4,3.6227040477984813,0.42963893193938424
420.5,3.62610202592042,0.43410007408737
420.6,3.6294912497193903,0.43856824692502266
420.70000000000005,3.6328717048472976,0.4430434335233231
420.8,3.6362433766238778,0.44752561643273353
420.9,3.639606250708982,0.45201477859476363
421.0,3.64296031268315,0.4565109027470056
421.1,3.646305548036429,0.4610139714616847
421.20000000000005,3.6496419425179107,0.46552396755171854
421.3,3.6529694817881,0.4700408736632622
421.4,3.6562881514286425,0.4745646722388227
421.5,3.65959793735787,0.479095346115209
421.6,3.662898825169255,0.4836328776039238
421.70000000000005,3.666190800849466,0.4881772494826414
421.8,3.6694738500632362,0.4927284440016843
421.9,3.6727479588077503,0.49728644380937564
422.0,3.676013113004936,0.5018512313484604
422.1,3.679269298489491,0.5064227888944471
422.20000000000005,3.6825165013504373,0.511001098968814
422.3,3.685754707591513,0.5155861439244458
422.4,3.6889839031416427,0.5201779059089279
422.5,3.69220407425868,0.524776367471029
422.6,3.695415206886029,0.5293815106275348
422.70000000000005,3.698617287351044,0.533993317869427
422.8,3.7018103016696737,0.538611771153721
422.9,3.7049942361823773,0.5432368528422159
423.0,3.7081690771584817,0.5478685450895653
423.1,3.7113348107834403,0.552506829881387
423.20000000000005,3.7144914234921522,0.5571516894544365
423.3,3.7176389016375846,0.5618031058751175
423.4,3.7207772315019914,0.5664610610029781
423.5,3.72390639968862,0.571125537105458
423.6,3.727026392496821,0.5757965159115529
423.70000000000005,3.7301371966005368,0.5804739796322899
423.8,3.7332387983728808,0.5851579099383261
423.9,3.7363311845034906,0.58984828891174
424.0,3.739414341614997,0.5945450984259671
424.1,3.7424882562495063,0.5992483201836721
424.20000000000005,3.745552915193616,0.6039579361437434
424.3,3.7486083051553982,0.6086739280930183
424.4,3.751654412776349,0.6133962776099919
424.5,3.75469122501085,0.618124966687623
424.6,3.7577187285200924,0.6228599767741526
424.70000000000005,3.760736910330338,0.627601289807533
424.8,3.763745757177725,0.6323488871791357
424.9,3.7667452561067964,0.6371027506982214
425.0,3.7697353940992406,0.6418628619640087
425.1,3.7727161580596187,0.6466292024032788
425.20000000000005,3.7756875351319383,0.651401753704012
425.3,3.778649512385086,0.6561804973805129
425.4,3.7816020768255245,0.6609654147373487
425.5,3.78454521576444,0.665756487499945
425.6,3.7874789162305915,0.6705536968429705
425.70000000000005,3.7904031656081427,0.6753570244382674
425.8,3.7933179510020083,0.6801664514051086
425.9,3.796223259817218,0.6849819592869885
426.0,3.799119079400134,0.6898035294160195
426.1,3.8020053970234207,0.6946311429502716
426.20000000000005,3.804882200194047,0.699464781313911
426.3,3.8077494763473143,0.7043044257558618
426.4,3.8106072128602673,0.7091500573139827
426.5,3.81345539740635,0.714001657453252
426.6,3.8162940173875284,0.7188592070820397
426.70000000000005,3.819123060551349,0.7237226876131824
426.8,3.821942514377038,0.7285920799011748
426.9,3.824752366635571,0.7334673652308715
427.0,3.827552605043475,0.7383485246745133
427.1,3.8303432172470284,0.7432355391287693
427.20000000000005,3.8331241911215637,0.7481283897611765
427.3,3.835895514474238,0.7530270575625413
427.4,3.838657175058167,0.7579315233113804
427.5,3.8414091609144,0.762841768219394
427.6,3.844151459823571,0.7677577729360634
427.70000000000005,3.8468840599018947,0.7726795186224209
427.8,3.849606949008374,0.7776069858755977
427.9,3.8523201152852433,0.7825401557290865
428.0,3.8550235468245155,0.7874790090025948
428.1,3.857717231651449,0.7924235263387898
428.20000000000005,3.8604011580150273,0.7973736886558987
428.3,3.8630753140995577,0.8023294766939919
428.4,3.865739688039534,0.807290870979688
428.5,3.86839426824883,0.812257852478715
428.6,3.871039042892051,0.8172304015891724
428.70000000000005,3.8736740004592742,0.8222084992276096
428.8,3.876299129194557,0.8271921257413408
428.9,3.878914417616553,0.8321812619198435
429.0,3.881519854197954,0.8371758883377486
429.1,3.88411542734822,0.8421759853912565
429.20000000000005,3.8867011256951063,0.8471815337566885
429.3,3.889276937805231,0.85219251393086
429.4,3.891842852199636,0.8572089061960789
429.5,3.89439885767008,0.86223069127949
429.6,3.896944942770316,0.8672578493354436
429.70000000000005,3.8994810963692963,0.8722903610434156
429.8,3.902007307101286,0.8773282065085484
429.9,3.9045235638663724,0.8823713662837894
430.0,3.9070298555229694,0.8874198207062455
430.1,3.9095261708698095,0.8924735499332723
430.20000000000005,3.9120124989183807,0.8975325344068177
430.3,3.9144888286226154,0.9025967543880364
430.4,3.9169551488951635,0.9076661899225876
430.5,3.91941144891056,0.912740821506547
430.6,3.921857717616727,0.9178206290582365
430.70000000000005,3.924293944266381,0.9229055930275994
430.8,3.9267201178889497,0.9279956932853456
430.9,3.9291362277708424,0.9330909101554682
431.0,3.931542263161093,0.9381912237452189
431.1,3.933938213252622,0.943296613980842
431.20000000000005,3.936324067445481,0.9484070610775259
431.3,3.938699815085773,0.9535225450684597
431.4,3.941065445482626,0.9586430457704481
431.5,3.9434209481981,0.963768543456096
431.6,3.9457663125791727,0.9688990178155314
431.70000000000005,3.948101528267032,0.9740344490767807
431.8,3.950426584691128,0.9791748168839821
431.9,3.9527414715288955,0.9843201013398539
432.0,3.9550461784247233,0.9894702823295497
432.1,3.957340694970497,0.9946253395560348
432.20000000000005,3.959625010959495,0.9997852530154734
432.3,3.961899116134694,1.0049500025208853
432.4,3.9641630002064434,1.0101195676680799
432.5,3.96641665312893,1.0152939285139
432.6,3.9686600646528527,1.02047306452823
432.70000000000005,3.9708932248125044,1.0256569557248942
432.8,3.973116123442021,1.030845581529408
432.9,3.9753287506144175,1.0360389218309858
433.0,3.977531096374021,1.0412369563005515
433.1,3.979723150716289,1.0464396644257283
433.20000000000005,3.981904903832283,1.0516470259914563
433.3,3.9840763458663946,1.0568590205984765
433.4,3.9862374669346945,1.0620756276296204
433.5,3.988388257388,1.06729682693375
433.6,3.9905287073853164,1.072522597768506
433.70000000000005,3.9926588073584117,1.0777529199413476
433.8,3.9947785475506374,1.0829877726672195
433.9,3.9968879184350152,1.0882271356297115
434.0,3.998986910460236,1.0934709882934601
434.1,4.001075514029778,1.0987193099387593
434.20000000000005,4.0031537197368445,1.1039720801472688
434.3,4.0052215181316315,1.1092292783154385
434.4,4.007278899740358,1.1144908836211387
434.5,4.00932585531477,1.11975687571318
434.6,4.011362375426542,1.1250272336450997
434.70000000000005,4.013388450909209,1.1303019370258898
434.8,4.015404072419707,1.1355809648680488
434.9,4.017409230835297,1.1408642966575029
435.0,4.019403917013307,1.1461519116606624
435.1,4.021388121769541,1.151443788958625
435.20000000000005,4.02336183610354,1.1567399079377396
435.3,4.025325050975532,1.1620402477982374
435.4,4.027277757326155,1.1673447875212453
435.5,4.0292199463122,1.17265350656347
435.6,4.031151608922261,1.1779663837825318
435.70000000000005,4.0330727363957415,1.1832833985969708
435.8,4.034983319807338,1.1886045298251064
435.9,4.0368833504426815,1.1939297567632159
436.0,4.038772819571844,1.1992590584876093
436.1,4.0406517184270685,1.2045924138884034
436.20000000000005,4.042520038418295,1.2099298021647487
436.3,4.044377770919867,1.2152712023288188
436.4,4.0462249072908945,1.22061659317321
436.5,4.0480614390972,1.22596595397061
436.6,4.049887357748374,1.2313192633910526
436.70000000000005,4.051702654893651,1.2366765006706972
436.8,4.053507322029522,1.242037644441953
436.9,4.055301350853903,1.2474026738196309
437.0,4.057084733053567,1.2527715676981703
437.1,4.058857460281173,1.2581443047849756
437.20000000000005,4.060619524360933,1.2635208641001665
437.3,4.0623709170852,1.2689012244761129
437.4,4.064111630235515,1.2742853645252337
437.5,4.06584165579056,1.27967326334434
437.6,4.067560985584787,1.2850648994242417
437.70000000000005,4.0692696116810625,1.290460251826886
437.8,4.070967526001527,1.2958592990072377
437.9,4.072654720660183,1.301262019906789
438.0,4.074331187764285,1.3066683932463956
438.1,4.075996919390697,1.312078397559163
438.20000000000005,4.077651907781633,1.317492011694443
438.3,4.079296145151204,1.3229092143131238
438.4,4.080929623707127,1.3283299838558458
438.5,4.0825523358446,1.33375429925178
438.6,4.08416427382668,1.3391821388209897
438.70000000000005,4.08576543013349,1.3446134814594588
438.8,4.087355797116533,1.3500483054531218
438.9,4.088935367309505,1.3554865895785202
439.0,4.090504133243739,1.3609283123913256
439.1,4.092062087423936,1.366373452258757
439.20000000000005,4.093609222513914,1.3718219878677085
439.3,4.095145531153121,1.377273897716012
439.4,4.096671005978968,1.3827291600810572
439.5,4.09818563980672,1.38818775373263
439.6,4.0996894253315945,1.3936496568286272
439.70000000000005,4.101182355454444,1.3991148481073674
439.8,4.102664422959649,1.4045833056943549
439.9,4.10413562080403,1.4100550082095005
440.0,4.105595941946479,1.41552993405174
440.1,4.1070453793230115,1.421008061430969
440.20000000000005,4.108483926022403,1.4264893688800335
440.3,4.109911575112851,1.4319738347421747
440.4,4.11132831966493,1.437461437140098
440.5,4.11273415291724,1.44295215469261
440.6,4.114129068000609,1.4484459654040336
440.70000000000005,4.115513058239866,1.453942847863401
440.8,4.116886116855655,1.4594427800444376
440.9,4.118248237231201,1.4649457404188704
441.0,4.119599412756232,1.4704517072374192
441.1,4.120939636801379,1.4759606585612528
441.20000000000005,4.122268902883603,1.481472572777658
441.3,4.123587204503078,1.4869874280838429
441.4,4.124894535166792,1.4925052024564487
441.5,4.12619088853987,1.49802587437175
441.6,4.127476258191922,1.5035494216892
441.70000000000005,4.12875063787492,1.5090758228570038
441.8,4.130014021248971,1.51460505570582
441.9,4.1312664021267995,1.5201370985676803
442.0,4.13250777433207,1.5256719295536836
442.1,4.1337381316731525,1.5312095265849544
442.20000000000005,4.1349574680982615,1.5367498679117721
442.3,4.13616577754263,1.5422929315939198
442.4,4.137363053952722,1.5478386954706786
442.5,4.13854929142317,1.55338713788434
442.6,4.139724483965423,1.5589382365581863
442.70000000000005,4.140888625761592,1.564491969808179
442.8,4.142041710914194,1.570048315330622
442.9,4.143183733668427,1.5756072513264567
443.0,4.144314688284854,1.5811687557758425
443.1,4.145434569012525,1.5867328064685797
443.20000000000005,4.146543370233777,1.5922993815265363
443.3,4.1476410863218,1.5978684588807637
443.4,4.14872771166545,1.6034400162419686
443.5,4.14980324079168,1.609014031827
443.6,4.150867668156672,1.614590483231842
443.70000000000005,4.151920988375424,1.6201693486487525
443.8,4.152963195995765,1.625750605648544
443.9,4.153994285698096,1.631334232309702
444.0,4.155014252182629,1.6369202064901567
444.1,4.156023090141888,1.6425085058571833
444.20000000000005,4.157020794395082,1.6480991084129102
444.3,4.158007359756065,1.6536919919684079
444.4,4.158982781058766,1.6592871341146487
444.5,4.15994705326517,1.66488451295167
444.6,4.16090017127885,1.6704841059570186
444.70000000000005,4.161842130150332,1.676085891207921
444.8,4.1627729248753935,1.6816898461585963
444.9,4.163692550572267,1.687295948773747
445.0,4.164601002383408,1.6929041767978557
445.1,4.165498275447404,1.698514507784539
445.20000000000005,4.1663843650228625,1.7041269196249147
445.3,4.167259266366861,1.7097413900188785
445.4,4.168122974760958,1.7153578964465492
445.5,4.16897548560464,1.72097641689984
445.6,4.169816794251414,1.726596928746845
445.70000000000005,4.170646896189766,1.7322194099583945
445.8,4.171465786865898,1.7378438378810885
445.9,4.17227346183831,1.7434701903746064
446.0,4.173069916694122,1.74909844507882
446.1,4.173855147020399,1.754728579442606
446.20000000000005,4.17462914851751,1.7603605712548394
446.3,4.175391916888136,1.7659943981130868
446.4,4.176143447863857,1.7716300373955798
446.5,4.17688373728394,1.77726746699485
446.6,4.177612780954153,1.7829066641784919
446.70000000000005,4.178330574803255,1.788547606819766
446.8,4.179037114730178,1.7941902721666017
446.9,4.179732396735906,1.7998346379824686
447.0,4.180416416854468,1.8054806818115194
447.1,4.18108917112367,1.8111283810068353
447.20000000000005,4.181750655687843,1.816777713263905
447.3,4.182400866697456,1.8224286560868805
447.4,4.183039800336282,1.8280811867610713
447.5,4.18366745288552,1.83373528308845
447.6,4.184283820605379,1.8393909222451394
447.70000000000005,4.184888899866972,1.8450480820156068
447.8,4.185482687024057,1.8507067395582255
447.9,4.186065178522216,1.8563668725490508
448.0,4.186636370844457,1.8620284584454547
448.1,4.1871962604813575,1.8676914745137734
448.20000000000005,4.187744844023243,1.8733558983649505
448.3,4.188282118070398,1.8790217074186752
448.4,4.188808079260781,1.8846888788764236
448.5,4.1893227243195,1.89035739045839
448.6,4.189826049963169,1.8960272192583478
448.70000000000005,4.1903180530071635,1.9016983429808256
448.8,4.190798730262068,1.9073707387036998
448.9,4.191268078619912,1.9130443840245401
449.0,4.191726095014558,1.9187192563229145
449.1,4.192172776391282,1.924395332787447
449.20000000000005,4.192608119788215,1.9300725909534773
449.3,4.193032122257293,1.935751008165235
449.4,4.1934447808925155,1.9414305615494163
449.5,4.19384609286464,1.94711122875335
449.6,4.194236055348523,1.9527929867975966
449.70000000000005,4.1946146656055525,1.9584758133156086
449.8,4.194981920904863,1.964159685313905
449.9,4.195337818586671,1.96984458032052
450.0,4.195682356037402,1.9755304756462304
450.1,4.196015530658718,1.9812173484110336
450.20000000000005,4.196337339938232,1.986905176083655
450.3,4.196647781381192,1.9925939359418956
450.4,4.196946852539273,1.99828360504677
450.5,4.19723455103051,2.0039741609817
450.6,4.197510874489592,2.0096655807031563
450.70000000000005,4.197775820625486,2.0153578417824862
450.8,4.1980293871674625,2.0210509211640013
450.9,4.1982715719054715,2.0267447963151803
451.0,4.198502372680026,2.0324394444870815
451.1,4.198721787350702,2.038134842740203
451.20000000000005,4.198929813856064,2.0438309684856235
451.3,4.199126450156142,2.0495277989438048
451.4,4.199311694261764,2.055225311119275
451.5,4.19948554423966,2.06092348254045
451.6,4.1996479981857835,2.0666222901089575
451.70000000000005,4.199799054258075,2.0723217113429664
451.8,4.199938710647356,2.078021723133848
451.9,4.200066965594646,2.0837223028974727
452.0,4.200183817395883,2.089423427834268
452.1,4.2002892643698955,2.0951250749544434
452.20000000000005,4.2003833049075165,2.1008272216204524
452.3,4.200465937424858,2.106529845004502
452.4,4.200537160393157,2.1122329220638405
452.5,4.20059697232912,2.11793643028088
452.6,4.200645371791178,2.123640346511619
452.70000000000005,4.2006823573874765,2.1293446482300387
452.8,4.200707927771579,2.1350493122838063
452.9,4.200722081636765,2.1407543160462503
453.0,4.20072481773557,2.1464596366762807
453.1,4.200716134847234,2.1521652511429914
453.20000000000005,4.200696031815951,2.1578711367692835
453.3,4.200664507515036,2.163577270688254
453.4,4.200621560877264,2.1692836298190774
453.5,4.20056719087032,2.17499019160717
453.6,4.200501396516244,2.1806969328721824
453.70000000000005,4.20042417687438,2.186403831052951
453.8,4.200335531062066,2.192110862962656
453.9,4.200235458225836,2.1978180059411705
454.0,4.200123957575799,2.2035252371150476
454.1,4.200001028352579,2.2092325334214724
454.20000000000005,4.199866669854688,2.2149398721528755
454.3,4.19972088141356,2.2206472304124096
454.4,4.1995636624244,2.226354585090425
454.5,4.1993950123068,2.2320619136044
454.6,4.199214930547252,2.237769192746897
454.70000000000005,4.1990234166571625,2.2434763999306306
454.8,4.198820470218483,2.2491835119436554
454.9,4.19860609083182,2.254890506101421
455.0,4.198380278165647,2.2605973595072815
455.1,4.198143031922753,2.2663040490757966
455.20000000000005,4.197894351856727,2.2720105520780285
455.3,4.197634237757874,2.2777168455963612
455.4,4.197362689484558,2.2834229065015945
455.5,4.19707970690899,2.28912871219229
455.6,4.19678528998277,2.2948342394432624
455.70000000000005,4.196479438670063,2.300539465650195
455.8,4.196162153018091,2.306244367585278
455.9,4.195833433082153,2.3119489225486642
456.0,4.195493278989696,2.3176531076297104
456.1,4.195141690906286,2.3233568997295926
456.20000000000005,4.194778669041164,2.329060276107132
456.3,4.194404213644068,2.3347632138331487
456.4,4.194018325037046,2.3404656897681746
456.5,4.19362100354545,2.34616768130096
456.6,4.193212249586547,2.3518691651978787
456.70000000000005,4.192792063577692,2.3575701188466267
456.8,4.1923604460318185,2.36327051901289
456.9,4.1919173974594255,2.368970342990654
457.0,4.191462918447365,2.3746695678644656
457.1,4.190997009624368,2.3803681705313977
457.20000000000005,4.190519671655722,2.3860661282471876
457.3,4.190030905250981,2.391763418080304
457.4,4.189530711196223,2.3974600168902764
457.5,4.18901909027029,2.40315590206514
457.6,4.188496043356404,2.408851050372187
457.70000000000005,4.187961571325453,2.4145454392002197
457.8,4.187415675156395,2.4202390453177647
457.9,4.186858355815123,2.4259318460217405
458.0,4.186289614348143,2.4316238184011154
458.1,4.185709451847624,2.4373149393581763
458.20000000000005,4.18511786943507,2.443005186154684
458.3,4.184514868280041,2.448694535865974
458.4,4.183900449632879,2.4543829653599394
458.5,4.18327461472601,2.46007045203297
458.6,4.18263736490876,2.4657569726626254
458.70000000000005,4.181988701505662,2.471442504647903
458.8,4.181328625961783,2.47712702476953
458.9,4.18065713969853,2.4828105103365066
459.0,4.179974244222102,2.488492938451431
459.1,4.179279941088119,2.4941742860310883
459.20000000000005,4.178574231874384,2.4998545303524526
459.3,4.177857118210473,2.5055336485069613
459.4,4.177128601810874,2.5112116173801535
459.5,4.17638868436166,2.5168884143859
459.6,4.175637367678205,2.5225640163213567
459.70000000000005,4.174874653538599,2.5282384006048706
459.8,4.174100543853915,2.533911544038667
459.9,4.173315040500984,2.539583423952997
460.0,4.172518145445587,2.5452540174733422
460.1,4.171709860706661,2.550923301540274
460.20000000000005,4.170890188318096,2.5565912534551107
460.3,4.170059130369313,2.5622578503346336
460.4,4.169216689038806,2.5679230690913792
460.5,4.16836286646604,2.57358688716577
460.6,4.167497664932176,2.5792492813839476
460.70000000000005,4.16662108666865,2.584910229192675
460.8,4.165733134052247,2.590569707425064
460.9,4.164833809414941,2.596227693441763
461.0,4.163923115181773,2.6018841644003396
461.1,4.163001053834656,2.6075390972744557
461.20000000000005,4.162067627863266,2.6131924693989617
461.3,4.161122839816492,2.618844257925214
461.4,4.160166692336405,2.6244944398020253
461.5,4.15919918801551,2.63014299250551
461.6,4.158220329600284,2.63578989290013
461.70000000000005,4.15723011977512,2.6414351184701967
461.8,4.156228561382044,2.6470786460890436
461.9,4.155215657207683,2.6527204531568467
462.0,4.154191410135847,2.6583605168725017
462.1,4.153155823110923,2.663998814252062
462.20000000000005,4.152108899077811,2.669635322673043
462.3,4.151050641044338,2.675270019330608
462.4,4.149981052115601,2.680902881219193
462.5,4.14890013533652,2.68653388585968
462.6,4.14780789391833,2.6921630101642045
462.70000000000005,4.146704330997709,2.6977902316637112
462.8,4.1455894498812675,2.703415527281123
462.9,4.144463253809678,2.709038874465271
463.0,4.143325746124828,2.7146602504655797
463.1,4.142176930232852,2.7202796323497935
463.20000000000005,4.141016809533174,2.725896997547275
463.3,4.139845387491822,2.731512323306205
463.4,4.138662667676142,2.7371255866758815
463.5,4.13746865358274,2.74273676523112
463.6,4.136263348886769,2.748345835941049
463.70000000000005,4.135046757176435,2.7539527763923046
463.8,4.133818882222068,2.7595575635667844
463.9,4.1325797277175305,2.765160174971069
464.0,4.131329297461938,2.7707605879143236
464.1,4.130067595322294,2.77635877952528
464.20000000000005,4.128794625151642,2.781954727294249
464.3,4.127510390873282,2.787548408531639
464.4,4.126214896515868,2.793139800350971
464.5,4.12490814602674,2.79872888039
464.6,4.123590143543985,2.8043156256841844
464.70000000000005,4.122260893106328,2.809900013884973
464.8,4.120920398946842,2.8154820220424965
464.9,4.119568665211535,2.8210616277302343
465.0,4.118205696155674,2.826638808326293
465.1,4.116831496106075,2.8322135410296396
465.20000000000005,4.115446069368324,2.8377858034006533
465.3,4.114049420321887,2.843355572821175
465.4,4.112641553455579,2.8489228264782116
465.5,4.11122247316635,2.85448754208152
465.6,4.109792184054045,2.860049696742211
465.70000000000005,4.108350690606779,2.865609268185588
465.8,4.106897997519071,2.8711662335393386
465.9,4.105434109387926,2.8767205704529264
466.0,4.103959030923537,2.882272256382567
466.1,4.1024727669112355,2.8878212686067126
466.20000000000005,4.100975322107899,2.893367584764918
466.3,4.099466701347887,2.8989111823196274
466.4,4.0979469095788135,2.9044520385405828
466.5,4.09641595164596,2.90999013121859
466.6,4.094873832609548,2.9155254375497086
466.70000000000005,4.093320557405726,2.921057935342131
466.8,4.0917561311890935,2.9265876018103922
466.9,4.090180559006241,2.9321144146890012
467.0,4.088593846020858,2.937638351521427
467.1,4.0869959974753565,2.9431593896748356
467.20000000000005,4.0853870185764585,2.948677506877054
467.3,4.083766914611926,2.954192680680276
467.4,4.0821356909866715,2.9597048884461845
467.5,4.08049335299283,2.96521410805569
467.6,4.078839906149434,2.970720316799046
467.70000000000005,4.077175355839148,2.9762234925763624
467.8,4.075499707675038,2.981723612698247
467.9,4.073812967151726,2.9872206549933233
468.0,4.072115139884794,2.9927145971014517
468.1,4.0704062315721,2.9982054164876955
468.20000000000005,4.068686247868571,3.0036930909772
468.3,4.066955194513719,3.009177598221047
468.4,4.065213077368073,3.0146589156820767
468.5,4.06345990216893,3.02013702134027
468.6,4.061695674892393,3.025611892589315
468.70000000000005,4.05992040136594,3.0310835074302163
468.8,4.058134087659316,3.0365518432789216
468.9,4.056336739713446,3.0420168780671517
469.0,4.054528363594008,3.0474785895402623
469.1,4.052708965452465,3.052936955270414
469.20000000000005,4.050878551390156,3.0583919531890564
469.3,4.0490371275965105,3.063843561055235
469.4,4.047184700385755,3.0692917564421696
469.5,4.04532127593852,3.07473651743786
469.6,4.043446860686055,3.0801778215486135
469.70000000000005,4.041561460898746,3.085615646885308
469.8,4.039665083101104,3.091049970978406
469.9,4.037757733678372,3.0964807718717378
470.0,4.035839419144336,3.101908027425198
470.1,4.033910146102102,3.1073317153271502
470.20000000000005,4.031969921097411,3.112751813624394
470.3,4.030018750767584,3.118168300193009
470.4,4.028056641878499,3.123581152725653
470.5,4.02608360105207,3.12899034942732
470.6,4.024099635172557,3.134395867926133
470.70000000000005,4.022104750951244,3.139797686451717
470.8,4.020098955365175,3.1451957826582215
470.9,4.018082255241856,3.150590134710535
471.0,4.0160546575410505,3.155980720592129
471.1,4.014016169315276,3.161367518116679
471.20000000000005,4.011966797552497,3.166750505455251
471.3,4.009906549335717,3.1721296606099814
471.4,4.007835431880224,3.177504961402116
471.5,4.00575345224701,3.18287638616249
471.6,4.003660617771059,3.1882439126501616
471.70000000000005,4.001556935602269,3.193607519222421
471.8,3.999442413167916,3.1989671836661966
471.9,3.99731705773546,3.2043228842763605
472.0,3.9951808767082895,3.209674599168944
472.1,3.99303387758598,3.215022306291976
472.20000000000005,3.990876067796375,3.220365983949718
472.3,3.988707454865763,3.225705610279347
472.4,3.986528046456389,3.2310411632397287
472.5,3.98433785006596,3.23637262129642
472.6,3.982136873477672,3.241699962348481
472.70000000000005,3.97992512427763,3.2470231648896895
472.8,3.977702610340827,3.2523422068488714
472.9,3.975469339372191,3.2576570666597178
473.0,3.9732253192162146,3.2629677225797544
473.1,3.970970557816981,3.268274152700398
473.20000000000005,3.968705063039691,3.273576335467965
473.3,3.966428842851355,3.278874249163603
473.4,3.9641419053585234,3.2841678718928216
473.5,3.96184425849304,3.28945718226469
473.6,3.959535910483705,3.2947421583273098
473.70000000000005,3.957216869350188,3.3000227787197516
473.8,3.9548871434124875,3.3052990215217357
473.9,3.9525467408103694,3.3105708653146264
474.0,3.950195669826734,3.3158382885063395
474.1,3.9478339388474333,3.3211012693406152
474.20000000000005,3.945461556172297,3.3263597864146517
474.3,3.943078530206299,3.331613818162462
474.4,3.940684869497527,3.336863342845154
474.5,3.93828058240922,3.34210833922407
474.6,3.935865677612876,3.347348785505328
474.70000000000005,3.9334401635589953,3.3525846604820586
474.8,3.9310040490097067,3.3578159423938403
474.9,3.928557342536761,3.363042609978458
475.0,3.9261000528585863,3.3682646418030795
475.1,3.9236321887998997,3.373482016272699
475.20000000000005,3.9211537590922507,3.378694712144137
475.3,3.9186647725756507,3.3839027080131023
475.4,3.9161652382367587,3.389105982305236
475.5,3.91365516486728,3.39430451394283
475.6,3.911134561578386,3.399498281298966
475.70000000000005,3.908603437248452,3.404687263329508
475.8,3.9060618010786343,3.4098714384428335
475.9,3.903509662069703,3.4150507855418644
476.0,3.9009470293725546,3.4202252833617943
476.1,3.89837391224764,3.4253949104777197
476.20000000000005,3.895790319855204,3.4305596458148115
476.3,3.893196261467195,3.435719468139263
476.4,3.8905917465056286,3.440874356050076
476.5,3.88797678418759,3.44602428863913
476.6,3.885351384060743,3.4511692444553823
476.70000000000005,3.8827155554282013,3.45630920262604
476.8,3.8800693079268784,3.461444141737136
476.9,3.8774126509834077,3.4665740408653947
477.0,3.8747455941779156,3.471698878922763
477.1,3.8720681472033007,3.4768186346632377
477.2,3.8693803196452548,3.4819332871890034
477.3,3.866682121204379,3.48704281544545
477.40000000000003,3.863973561734714,3.4921471982137096
477.5,3.86125465087547,3.49724641476387
477.6,3.8585253986073975,3.5023404438295476
477.7,3.8557858146550084,3.5074292647178695
477.8,3.8530359090876107,3.512512856201337
477.90000000000003,3.850275691754296,3.517591197539071
478.0,3.847505172661019,3.522664267828437
478.1,3.8447243619297127,3.5277320460110757
478.2,3.8419332695680515,3.5327945113747554
478.3,3.839131905701818,3.5378516430527074
478.40000000000003,3.836320280613618,3.542903420016947
478.5,3.8334984043613,3.5479498217243
478.6,3.8306662873551183,3.552990827101761
478.7,3.8278239397375584,3.5580264156449104
478.8,3.8249713720066785,3.5630565663214466
478.90000000000003,3.8221085944305067,3.5680812585814095
479.0,3.8192356174372373,3.573100471716184
479.1,3.816352451574197,3.5781141848637166
479.2,3.8134591072674837,3.5831223775058967
479.3,3.8105555950644256,3.5881250289723985
479.40000000000003,3.807641925672447,3.5931221184347635
479.5,3.80471810956447,3.59811362554498
479.6,3.8017841575765052,3.6030995294321437
479.7,3.7988400802653253,3.6080798097887317
479.8,3.7958858885539626,3.6130544457862643
479.90000000000003,3.7929215931257207,3.618023417074195
480.0,3.789947204827258,3.622986703146466
480.1,3.786962734627464,3.6279442833459026
480.2,3.783968193367112,3.6328961373569855
480.3,3.780963592011282,3.6378422447143457
480.40000000000003,3.777948941688332,3.642782584797618
480.5,3.77492425328245,3.64771713746239
480.6,3.7718895380515076,3.6526458820484136
480.7,3.7688448069627474,3.657568798453445
480.8,3.7657900713602417,3.6624858660614397
480.90000000000003,3.762725342338639,3.6673970647296446
481.0,3.7596506311591416,3.672302374163012
481.1,3.7565659492082655,3.677201773917778
481.2,3.7534713077374953,3.6820952438893824
481.3,3.750366718125664,3.6869827638258634
481.40000000000003,3.7472521919180624,3.6918643133234803
481.5,3.74412774040617,3.6967398724497
481.6,3.7409933752656044,3.7016094207634915
481.7,3.737849107870108,3.706472938376156
481.8,3.7346949499806357,3.711330404892634
481.90000000000003,3.731530913099185,3.716181800386254
482.0,3.7283570088973965,3.7210271047813612
482.1,3.725173249175229,3.725866297856066
482.2,3.721979645590773,3.730699359725067
482.3,3.718776209932476,3.735526270358166
482.40000000000003,3.715562954158347,3.7403470095766904
482.5,3.71233988996303,3.74516155766823
482.6,3.709107029435646,3.7499698944193876
482.7,3.7058643843522443,3.7547720001632885
482.8,3.702611966886374,3.759567854734225
482.90000000000003,3.6993497889431652,3.764357438429883
483.0,3.696077862600414,3.7691407314023144
483.1,3.6927962000672063,3.7739177136598414
483.2,3.6895048134039943,3.7786883655446593
483.3,3.686203714804518,3.7834526672566215
483.40000000000003,3.682892916635075,3.7882105988504575
483.5,3.67957243098921,3.79296214084205
483.6,3.67624227036509,3.7977072732540194
483.7,3.6729024469367766,3.8024459766494108
483.8,3.6695529732859153,3.8071782311002527
483.90000000000003,3.6661938617164025,3.811904017136743
484.0,3.662825124707763,3.816623315146851
484.1,3.659446774873717,3.8213361053773998
484.2,3.6560588246726193,3.8260423684062075
484.3,3.652661286699,3.8307420846713915
484.40000000000003,3.649254173722917,3.835435234469361
484.5,3.64583749823237,3.84012179855233
484.6,3.6424112731299387,3.8448017571872493
484.7,3.6389755109832045,3.849475091175126
484.8,3.6355302247773102,3.854141780834007
484.90000000000003,3.6320754272103426,3.8588018069346446
485.0,3.6286111311589333,3.8634551501090515
485.1,3.6251373496367925,3.8681017908507584
485.2,3.6216540954955874,3.872741709981283
485.3,3.618161381725989,3.877374888185113
485.40000000000003,3.61465922149707,3.8820013060084824
485.5,3.61114762768666,3.88662094444796
485.6,3.607626613596999,3.8912337840229947
485.7,3.6040961921845334,3.89583980578054
485.8,3.600556376833077,3.9004389902927987
485.90000000000003,3.5970071806302166,3.905031318579095
486.0,3.5934486168449253,3.9096167715235346
486.1,3.589880698886075,3.914195329874438
486.2,3.586303439993847,3.918766974704984
486.3,3.582716853550243,3.923331686954056
486.40000000000003,3.5791209531185166,3.927889447425809
486.5,3.57551575196148,3.93244023736906
486.6,3.5719012637761423,3.936984037563827
486.7,3.568277501902972,3.941520829310925
486.8,3.564644480119476,3.946050593444766
486.90000000000003,3.5610022118978866,3.950573311241146
487.0,3.557350710894578,3.9550889638442204
487.1,3.553689990908587,3.9595975322650925
487.2,3.550020065563719,3.9640989978364716
487.3,3.5463409486283086,3.968593341759571
487.40000000000003,3.542652654054685,3.9730805451044615
487.5,3.53895519548579,3.97756058938
487.6,3.535248587008206,3.982033455634805
487.7,3.531532842341513,3.986499125431281
487.8,3.527807975651757,3.990957579874099
487.90000000000003,3.5240740007907814,3.9954088005032644
488.0,3.5203309317972713,3.9998527687308294
488.1,3.516578782855284,4.00428946583864
488.2,3.5128175679671414,4.008718873426686
488.3,3.5090473012823797,4.013140972966326
488.40000000000003,3.505267997137204,4.017555745801469
488.5,3.50147966954954,4.02196317370871
488.6,3.4976823329903515,4.026363238013138
488.7,3.493876001553139,4.030755920546472
488.8,3.4900606897871986,4.035141202691467
488.90000000000003,3.486236411918812,4.0395190662600955
489.0,3.4824031823637243,4.0438894929400515
489.1,3.478561015685697,4.048252464291682
489.2,3.474709926260305,4.052607962189973
489.3,3.4708499286129815,4.056955968384185
489.40000000000003,3.4669810374584733,4.061296464499793
489.5,3.46310326718443,4.06562943258875
489.6,3.459216632640717,4.069954854260436
489.7,3.4553211482895088,4.074272711623466
489.8,3.45141682905789,4.07858298634644
489.90000000000003,3.4475036895412403,4.082885660520894
490.0,3.443581744526939,4.0871807161178255
490.1,3.4396510089529757,4.091468134983789
490.2,3.435711497562809,4.0957478992763265
490.3,3.431763225252313,4.1000199910302175
490.40000000000003,3.427806207109193,4.104284392160212
490.5,3.42384045788543,4.10854108500112
490.6,3.419865992804243,4.112790051454289
490.7,3.4158828266910266,4.117031273912694
490.8,3.411890974845012,4.1212647343384985
490.90000000000003,3.407890452225188,4.125490415110257
491.0,3.403881273985013,4.129708298489802
491.1,3.399863455431082,4.133918366617515
491.2,3.3958370116691725,4.138120601940964
491.3,3.3918019579599794,4.142314986787964
491.40000000000003,3.3877583097584925,4.146501503370104
491.5,3.38370608217547,4.15068013431245
491.6,3.379645290801728,4.154850861815897
491.7,3.375575950820266,4.159013668565172
491.8,3.3714980778967325,4.1631685368235205
491.90000000000003,3.3674116873480604,4.167315449263925
492.0,3.363316794688056,4.1714543884465005
492.1,3.359213415586151,4.175585336812923
492.2,3.3551015655047256,4.179708277108145
492.3,3.3509812600635347,4.183823191960428
492.40000000000003,3.3468525150790307,4.187930063885649
492.5,3.34271534601501,4.19202887580643
492.6,3.3385697688239824,4.196119610230677
492.7,3.334415799040841,4.200202250142135
492.8,3.330253452691713,4.204276778112587
492.90000000000003,3.3260827454456807,4.2083431771167
493.0,3.321903693171019,4.212401430020189
493.1,3.317716311894052,4.2164515195734085
493.2,3.313520617427937,4.220493428825931
493.3,3.30931662574557,4.224527140713758
493.40000000000003,3.305104353018828,4.22855263806443
493.5,3.30088381505873,4.23256990410527
493.6,3.296655028173435,4.236578921658562
493.7,3.292418008243821,4.240579674014205
493.8,3.2881727716503915,4.244572144059865
493.90000000000003,3.283919334408468,4.248556315079038
494.0,3.2796577127347812,4.252532170250231
494.1,3.2753879230064564,4.25649969263975
494.2,3.2711099813814166,4.26045886560893
494.3,3.2668239041796303,4.264409672408686
494.40000000000003,3.262529707922263,4.2683520961854216
494.5,3.25822740876155,4.27228612047826
494.6,3.2539170233550956,4.2762117284310595
494.7,3.249598567923744,4.2801289036469266
494.8,3.245272059196157,4.284037629336598
494.90000000000003,3.2409375135277747,4.287937889099468
495.0,3.2365949474776223,4.291829666433936
495.1,3.232244377767414,4.295712944729359
495.2,3.227885820893664,4.29958770766584
495.3,3.223519293517208,4.303453938816292
495.40000000000003,3.2191448125022553,4.307311621653098
495.5,3.21476239433606,4.31116074003406
495.6,3.210372056019344,4.3150012774318
495.7,3.205973814106727,4.318833217769516
495.8,3.2015676856686714,4.322656544588113
495.90000000000003,3.197153687394505,4.326471241809772
496.0,3.1927318361792216,4.3302772932597495
496.1,3.1883021490827432,4.334074682657493
496.2,3.183864642933908,4.337863394008765
496.3,3.1794193347280717,4.341643411215388
496.40000000000003,3.1749662416660156,4.3454147180827265
496.5,3.17050538056375,4.34917729879411
496.6,3.166036768758619,4.352931137157853
496.7,3.1615604231326966,4.356676217424058
496.8,3.157076361091722,4.360412523470729
496.90000000000003,3.1525845996525366,4.364140039549687
497.0,3.1480851560396697,4.367858749819886
497.1,3.1435780476447426,4.371568638337724
497.2,3.13906329162245,4.37526968944138
497.3,3.134540905296156,4.378961887368416
497.40000000000003,3.130010906196702,4.3826452162640255
497.5,3.12547331146239,4.38631966064375
497.6,3.1209281387605405,4.389985204658466
497.7,3.1163754052942445,4.393641832891859
497.8,3.1118151287978693,4.397289529565888
497.90000000000003,3.107247326609251,4.400928279268629
498.0,3.1026720162758354,4.404558066499442
498.1,3.098089215514283,4.408178875658457
498.2,3.0934989417986274,4.411790691422937
498.3,3.0889012127736106,4.415393498372855
498.40000000000003,3.084296046293325,4.418987280999916
498.5,3.07968345981187,4.4225720241585
498.6,3.0750634713197895,4.426147712348742
498.7,3.0704360983345613,4.429714330494439
498.8,3.0658013589123727,4.433271863168197
498.90000000000003,3.061159270705428,4.436820295300933
499.0,3.05650985157737,4.440359611738989
499.1,3.0518531195630936,4.443889797232832
499.2,3.047189092449241,4.4474108368053145
499.3,3.042517788195178,4.450922715385381
499.40000000000003,3.037839224971443,4.454425417817858
499.5,3.03315342054116,4.45791892930237
499.6,3.0284603932112133,4.4614032346949175
499.7,3.0237601608067695,4.464878319265836
499.8,3.019052741698872,4.468344167944948
499.90000000000003,3.0143381538473153,4.471800766012378
500.0,3.009616415425082,4.475248098667916
500.1,3.0048875447783665,4.4786861510188904
500.2,3.000151559999591,4.482114908440093
500.3,2.9954084793558273,4.485534356215851
500.40000000000003,2.9906583213270683,4.488944479550602
500.5,2.98590110397867,4.49234526399549
500.6,2.981136845926773,4.495736694768855
500.7,2.9763655652973795,4.499118757493837
500.8,2.971587280769356,4.502491437463878
500.90000000000003,2.9668020106031414,4.505854720314643
501.0,2.9620097732740622,4.509208591605673
501.1,2.9572105874325705,4.51255303680747
501.2,2.952404471469885,4.515888041653042
501.3,2.947591443953749,4.519213591788384
501.40000000000003,2.942771523666507,4.522529672783824
501.5,2.93794472896877,4.52583627054824
501.6,2.933111078778787,4.5291333706686006
501.7,2.9282705915163803,4.532420959127007
501.8,2.9234232861610256,4.535699021586838
501.90000000000003,2.918569181266804,4.538967544045378
502.0,2.9137082956042586,4.5422265124281
502.1,2.908840648120891,4.545475912574938
502.2,2.903966257499634,4.5487157305832
502.3,2.8990851426017383,4.551945952466683
502.40000000000003,2.894197322504631,4.555166564167795
502.5,2.88930281585711,4.55837755195918
502.6,2.8844016418722163,4.561578901802607
502.7,2.8794938192565027,4.564770600045143
502.8,2.874579367282739,4.567952632726207
502.90000000000003,2.869658304791454,4.571124986210764
503.0,2.8647306508411527,4.5742876467962565
503.1,2.8597964246690752,4.5774406006980835
503.2,2.8548556452426475,4.580583834383816
503.3,2.849908331709345,4.5837173342410695
503.40000000000003,2.844954503434319,4.586841086590386
503.5,2.83999417934732,4.58995507807404
503.6,2.8350273789487583,4.593059295034621
503.7,2.830054121224694,4.596153724190041
503.8,2.825074425733707,4.599238351961796
503.90000000000003,2.8200883115955104,4.602313165088336
504.0,2.815095798149204,4.605378150244963
504.1,2.8100969049143103,4.6084332940284956
504.2,2.805091651135415,4.611478583282582
504.3,2.8000800562388015,4.614514004774508
504.40000000000003,2.795062139869831,4.617539545208835
504.5,2.79003792123191,4.62055519160321
504.6,2.785007420105265,4.6235609306869625
504.7,2.779970655748074,4.6265567495545366
504.8,2.7749276479971883,4.629542635015333
504.90000000000003,2.769878416244079,4.6325185741870465
505.0,2.764822980100942,4.635484554128577
505.1,2.7597613593620327,4.638440561823923
505.2,2.7546935735416254,4.641386584498505
505.3,2.7496196423372816,4.644322609304985
505.40000000000003,2.7445395856669665,4.647248623337652
505.5,2.73945342300027,4.65016461399517
505.6,2.734361174389565,4.653070568399314
505.7,2.7292628593577195,4.6559664740266395
505.8,2.7241584980121134,4.658852318080177
505.90000000000003,2.7190481100084694,4.661728088062406
506.0,2.713931715224477,4.664593771421422
506.1,2.708809333721423,4.667449355534041
506.2,2.7036809852756996,4.670294828012977
506.3,2.698546689848498,4.673130176401828
506.40000000000003,2.693406467622655,4.675955388190217
506.5,2.68826033832639,4.67877045116325
506.6,2.683108322276428,4.6815753528407615
506.7,2.677950439252725,4.68437008108682
506.8,2.6727867096253908,4.687154623503627
506.90000000000003,2.6676171533067645,4.689928967983886
507.0,2.662441790432298,4.692693102370323
507.1,2.657260641322514,4.695447014438049
507.2,2.6520737260082257,4.698190692192454
507.3,2.6468810647064944,4.700924123573482
507.40000000000003,2.641682677857186,4.703647296471507
507.5,2.63647858543947,4.70636019906341
507.6,2.6312688080265243,4.709062819272456
507.7,2.6260533656476808,4.711755145355574
507.8,2.6208322789278906,4.7144371653194845
507.90000000000003,2.615605568028325,4.7171088674523824
508.0,2.610373253334345,4.719770239996934
508.1,2.6051353554178207,4.722421271131866
508.2,2.5998918945562046,4.725061949260448
508.3,2.594642891214555,4.727692262724232
508.40000000000003,2.5893883660817694,4.730312199819635
508.5,2.58412833938021,4.73292174912043
508.6,2.578862831931482,4.735520898958656
508.7,2.573591864006507,4.7381096379891305
508.8,2.5683154564770025,4.740687954628399
508.90000000000003,2.5630336297451426,4.7432558375652425
509.0,2.557746404438268,4.745813275447382
509.1,2.55245380137156,4.7483602568623295
509.2,2.547155841061186,4.750896770616329
509.3,2.5418525442122197,4.753422805457617
509.40000000000003,2.536543931754555,4.755938350093768
509.5,2.53123002414582,4.75844339350049
509.6,2.5259108424479515,4.760937924423622
509.7,2.520586407165541,4.763421931920929
509.8,2.515256739408927,4.765895404823798
509.90000000000003,2.5099218598133315,4.768358332226549
510.0,2.504581789240018,4.770810703186969
510.1,2.4992365487393395,4.773252506706368
510.2,2.493886159058179,4.775683731998834
510.3,2.4885306411335404,4.778104368224237
510.40000000000003,2.483170016128132,4.780514404506306
510.5,2.47780430472689,4.78291383022748
510.6,2.4724335282238035,4.785302634552375
510.7,2.467057707349148,4.7876808069464785
510.8,2.4616768634436434,4.790048336660963
510.90000000000003,2.4562910173674717,4.792405213200503
511.0,2.450900190207673,4.794751426037742
511.1,2.4455044032415616,4.797086964592611
511.2,2.4401036774386036,4.799411818491825
511.3,2.4346980339595445,4.801725977311672
511.40000000000003,2.4292874941916507,4.804029430596809
511.5,2.42387207903905,4.80632216814109
511.6,2.418451810019476,4.808604179532719
511.7,2.4130267080807695,4.810875454649548
511.8,2.4075967947856802,4.813135983167261
511.90000000000003,2.4021620912111916,4.815385755005534
512.0,2.39672261866185,4.817624760056524
512.1,2.3912783986335966,4.819852988163472
512.2,2.385829452310306,4.822070429370311
512.3,2.380375801068198,4.824277073674356
512.4000000000001,2.3749174665106367,4.826472911045818
512.5,2.36945446975281,4.82865793169451
512.6,2.3639868325277797,4.83083212563681
512.7,2.358514575992702,4.832995483167426
512.8,2.353037721923952,4.835147994391183
512.9000000000001,2.347556291607025,4.837289649647193
513.0,2.342070306555647,4.8394204392516125
513.1,2.336579788475954,4.841540353475521
513.2,2.331084758757912,4.843649382784507
513.3,2.3255852389848166,4.845747517601358
513.4000000000001,2.320081250967718,4.847834748326278
513.5,2.31457281602454,4.84991106558942
513.6,2.309059956095145,4.8519764598397925
513.7,2.3035426925377473,4.854030921793293
513.8,2.29802104733375,4.856074441988259
513.9000000000001,2.2924950419688455,4.858107011187582
514.0,2.286964698157488,4.8601286201357565
514.1,2.2814300378075028,4.862139259536033
514.2,2.2758910825065297,4.864138920279888
514.3,2.270347854036464,4.866127593219876
514.4000000000001,2.264800374407499,4.868105269190541
514.5,2.25924866513192,4.87007193924653
514.6,2.25369274834779,4.872027594273759
514.7,2.2481326456059536,4.873972225413475
514.8,2.2425683790842195,4.875905823641797
514.9000000000001,2.2369999704600567,4.877828380149515
515.0,2.2314274416401045,4.879739886113616
515.1,2.225850814725252,4.88164033267372
515.2,2.220270111492357,4.883529711151292
515.3,2.2146853539133637,4.885408012832751
515.4000000000001,2.2090965641889206,4.887275228991086
515.5,2.20350376401723,4.88913135110949
515.6,2.197906975725836,4.890976370514896
515.7,2.1923062210497744,4.892810278777901
515.8,2.186701522354549,4.894633067316447
515.9000000000001,2.1810929015008256,4.896444727753237
516.0,2.1754803805788265,4.8982452517017325
516.1,2.169863981873841,4.90003463074189
516.2,2.1642437273433446,4.901812856629117
516.3,2.158619639140672,4.903579921087657
516.4000000000001,2.152991739648242,4.905335815832874
516.5,2.14736005074161,4.90708053278037
516.6,2.1417245949290007,4.908814063702036
516.7,2.1360853941210802,4.910536400601624
516.8,2.1304424708622283,4.912247535342829
516.9000000000001,2.124795847187748,4.913947459984052
517.0,2.119145545362723,4.915636166579045
517.1,2.1134915878480314,4.917313647151951
517.2,2.1078339967731616,4.918979893895844
517.3,2.102172794464126,4.920634898976563
517.4000000000001,2.0965080034762233,4.922278654555672
517.5,2.09083964585378,4.92391115298484
517.6,2.0851677442768355,4.925532386484677
517.7,2.0794923208230527,4.927142347495759
517.8,2.0738133982068074,4.928741028331223
517.9000000000001,2.068130998629316,4.9303284214888246
518.0,2.0624451445217646,4.931904519466252
518.1,2.0567558585117944,4.9334693147354765
518.2,2.051063162892138,4.9350227999308505
518.3,2.0453670801526598,4.9365649676634025
518.4000000000001,2.0396676330126935,4.938095810544451
518.5,2.03396484367662,4.93961532136529
518.6,2.028258734987341,4.941123492798829
518.7,2.0225493291808005,4.942620317725924
518.8,2.0168366491324057,4.944105788912757
518.9000000000001,2.0111207172005443,4.945579899299851
519.0,2.0054015559736307,4.947042641832294
519.1,1.9996791882371097,4.948494009433402
519.2,1.9939536364381945,4.949933995182177
519.3,1.9882249232217402,4.951362592138257
519.4000000000001,1.9824930714620934,4.952779793366189
519.5,1.97675810351493,4.9541855921002
519.6,1.971020042377014,4.9555799814688895
519.7,1.9652789104337751,4.95696295479674
519.8,1.9595347307125939,4.958334505306309
519.9000000000001,1.953787525720206,4.959694626384196
520.0,1.948037318193341,4.961043311426182
520.1,1.9422841310662484,4.96238055381021
520.2,1.9365279869317198,4.963706347063184
520.3,1.9307689085806399,4.965020684696592
520.4000000000001,1.9250069190333625,4.966323560231437
520.5,1.91924204078801,4.96761496734806
520.6,1.913474296986077,4.968894899633988
520.7,1.9077037101536536,4.9701633508604495
520.8,1.9019303034610107,4.971420314709571
520.9000000000001,1.896154099554289,4.972665785017129
521.0,1.8903751213095366,4.973899755632703
521.1,1.8845933918007498,4.975122220391997
521.2,1.878808933757354,4.976333173272868
521.3,1.8730217701072414,4.9775326082417255
521.4000000000001,1.8672319240076705,4.978720519279094
521.5,1.86143941809029,4.97989690051443
521.6,1.855644275632189,4.9810617459972075
521.7,1.849846519291173,4.982215049948369
521.8,1.844046172371206,4.983356806512601
521.9000000000001,1.8382432576489047,4.984487009977809
522.0,1.8324377981305762,4.98560565465031
522.1,1.8266298170208033,4.986712734826492
522.2,1.8208193371766468,4.987808244938052
522.3,1.815006381653927,4.9888921794092
522.4000000000001,1.809190973737617,4.989964532682858
522.5,1.80337313618393,4.99102529934041
522.6,1.7975528923963195,4.9920744738961735
522.7,1.7917302651553275,4.993112051023554
522.8,1.7859052778894002,4.994138025332609
522.9000000000001,1.7800779534965725,4.995152391566153
523.0,1.77424831510428,4.996155144489979
523.1,1.7684163860385045,4.997146278863905
523.2,1.7625821892748685,4.998125789576173
523.3,1.7567457479879762,4.999093671511509
523.4000000000001,1.7509070855812923,5.000049919577931
523.5,1.74506622492655,5.00099452881139
523.6,1.739223189544288,5.001927494193688
523.7,1.7333780023287604,5.002848810853308
523.8,1.727530686823563,5.003758473868364
523.9000000000001,1.7216812660390783,5.004656478439095
524.0,1.7158297632146982,5.005542819793341
524.1,1.7099762017885327,5.006417493156959
524.2,1.7041206048456583,5.00728049387723
524.3,1.6982629956702529,5.008131817301914
524.4000000000001,1.692403397774956,5.00897145880665
524.5,1.68654183413798,5.0097994138844
524.6,1.6806783283875757,5.010615677986958
524.7,1.6748129035226218,5.01142024670031
524.8,1.6689455831924938,5.012213115573015
524.9000000000001,1.66307639051081,5.012994280265186
525.0,1.6572053488196805,5.013763736469098
525.1,1.6513324816600095,5.014521479879004
525.2,1.6454578122171566,5.0152675063035845
525.3,1.6395813638756331,5.016001811555965
525.4000000000001,1.633703160247898,5.016724391481715
525.5,1.62782322440948,5.0174352420331
525.6,1.621941580086991,5.018134359134214
525.7,1.6160582503747505,5.018821738830757
525.8,1.610173259018573,5.019497377144033
525.9000000000001,1.6042866292260536,5.0201612701962075
526.0,1.5983983844327265,5.020813414146197
526.1,1.5925085482729664,5.021453805158867
526.2,1.586617144023183,5.022082439506424
526.3,1.5807241951589024,5.022699313469516
526.4000000000001,1.574829725383018,5.023304423365817
526.5,1.5689337578592,5.02389776560897
526.6,1.5630363164029548,5.024479336597457
526.7,1.5571374241948692,5.025049132838772
526.8,1.5512371050677003,5.025607150829056
526.9000000000001,1.5453353823138187,5.02615338715453
527.0,1.5394322794528674,5.026687838442749
527.1,1.5335278202032576,5.027210501331224
527.2,1.5276220279231576,5.027721372557659
527.3,1.5217149261697678,5.028220448872189
527.4000000000001,1.5158065387270059,5.028707727066541
527.5,1.50989688883741,5.02918320401764
527.6,1.5039860003959165,5.029646876600303
527.7,1.4980738966601415,5.030098741785679
527.8,1.4921606015402855,5.030538796546604
527.9000000000001,1.4862461384042165,5.030967037935208
528.0,1.4803305308462917,5.031383463049534
528.1,1.4744138026594935,5.031788069001556
528.2,1.4684959772744797,5.032180852996259
528.3,1.4625770783207246,5.032561812255037
528.4000000000001,1.4566571296536217,5.0329309440454315
528.5,1.45073615458539,5.03328824570938
528.6,1.4448141770808256,5.033633714599763
528.7,1.438891220465289,5.033967348153052
528.8,1.4329673087168986,5.034289143820516
528.9000000000001,1.4270424652696825,5.034599099121842
529.0,1.4211167137833098,5.03489721162718
529.1,1.4151900781158562,5.035183478924606
529.2,1.40926258176109,5.03545789868797
529.3,1.4033342484113274,5.035720468611533
529.4000000000001,1.3974051019839455,5.0359711864402446
529.5,1.39147516585149,5.03621004998257
529.6,1.3855444640390733,5.036437057070997
529.7,1.3796130199304986,5.036652205608853
529.8,1.3736808575622093,5.0368554935272805
529.9000000000001,1.3677480004250477,5.037046918815023
530.0,1.3618144722345422,5.037226479515807
530.1,1.3558802969043144,5.037394173695248
530.2,1.349945497981848,5.037549999497467
530.3,1.3440100992128514,5.037693955090986
530.4000000000001,1.338074124567157,5.037826038699541
530.5,1.33213759746826,5.03794624859949
530.6,1.326200541991998,5.038054583104294
530.7,1.3202629815712537,5.03815104058541
530.8,1.314324940291218,5.038235619455208
530.9000000000001,1.3083864416901307,5.038308318172757
531.0,1.3024475095298884,5.038369135256606
531.1,1.296508167770115,5.03841806925117
531.2,1.2905684400026132,5.0384551187720765
531.3,1.284628350016963,5.038480282463318
531.4000000000001,1.278687921825826,5.038493559028611
531.5,1.27274717889435,5.03849494721336
531.6,1.2668061453394106,5.038484445813143
531.7,1.2608648446336195,5.038462053668712
531.8,1.254923300901264,5.038427769674768
531.9000000000001,1.2489815377185627,5.038381592761792
532.0,1.243039578884278,5.038323521924236
532.1,1.237097448394447,5.038253556186377
532.2,1.2311551698757368,5.038171694636376
532.3,1.2252127671520772,5.038077936394731
532.4000000000001,1.2192702642693527,5.037972280646111
532.5,1.21332768472494,5.03785472660596
532.6,1.2073850526671208,5.037725273552974
532.7,1.201442391598842,5.037583920798093
532.8,1.1954997256737874,5.0374306677193
532.9000000000001,1.189557078496737,5.037265513719366
533.0,1.1836144738937915,5.037088458269536
533.1,1.1776719358877696,5.036899500874847
533.2,1.1717294881307272,5.036698641096818
533.3,1.1657871544714056,5.036485878533263
533.4000000000001,1.1598449589792867,5.036261212850662
533.5,1.15390292517454,5.03602464373526
533.6,1.1479610772271887,5.035776170949626
533.7,1.1420194386610556,5.035515794275648
533.8,1.1360780336495888,5.035243513575342
533.9000000000001,1.130136885816633,5.034959328724483
534.0,1.124196019006059,5.034663239671788
534.1,1.1182554572578496,5.034355246403727
534.2,1.1123152242399654,5.03403534895584
534.3,1.1063753438163906,5.0337035474038965
534.4000000000001,1.1004358400705383,5.033359841896783
534.5,1.09449673653593,5.03300423259219
534.6,1.0885580573946536,5.0326367197370985
534.7,1.0826198261819517,5.032257303584931
534.8,1.0766820670813275,5.031865984482232
534.9000000000001,1.0707448037262235,5.031462762778352
535.0,1.0648080599687,5.031047638899978
535.1,1.0588718598562414,5.030620613315479
535.2,1.052936227063231,5.0301816865348705
535.3,1.0470011854593064,5.029730859112351
535.4000000000001,1.0410667591321177,5.029268131679635
535.5,1.03513297161913,5.02879350486623
535.6,1.0291998471047263,5.02830697940396
535.7,1.0232674091261624,5.027808556018132
535.8,1.0173356818672539,5.027298235540186
535.9000000000001,1.0114046889615385,5.026776018793341
536.0,1.0054744542597047,5.026241906682579
536.1,0.9995450018070803,5.025695900158476
536.2,0.9936163552749203,5.025138000205793
536.3,0.9876885385289245,5.0245682078574
536.4000000000001,0.9817615756513404,5.023986524228076
536.5,0.975835490174064,5.02339295041935
536.6,0.9699103062740836,5.0227874876481
536.7,0.9639860474811769,5.022170137111682
536.8,0.9580627379697605,5.021540900126586
536.9000000000001,0.9521404013639749,5.020899777990067
537.0,0.9462190615035213,5.020246772085489
537.1,0.9402987424218854,5.019581883845732
537.2,0.9343794677776971,5.018905114730392
537.3,0.92846126142312,5.018216466251075
537.4000000000001,0.9225441474252757,5.017515940005655
537.5,0.916628149301045,5.01680353756774
537.6,0.9107132912102772,5.016079260639219
537.7,0.9047995966658183,5.01534311088951
537.8,0.8988870898229375,5.014595090120103
537.9000000000001,0.8929757942868606,5.013835200102223
538.0,0.8870657338767188,5.0130634426975575
538.1,0.8811569326044864,5.01227981982121
538.2,0.8752494141066173,5.0114843334074894
538.3,0.8693432022121268,5.0106769854465965
538.4000000000001,0.8634383209633443,5.009857778019342
538.5,0.857534793852647,5.00902671317126
538.6,0.8516326450130115,5.008183793089036
538.7,0.8457318979308635,5.00732901991397
538.8,0.8398325767326222,5.006462395932309
538.9000000000001,0.8339347049950676,5.0055839233890165
539.0,0.8280383065071488,5.004693604623825
539.1,0.822143405249659,5.003791442033758
539.2,0.816250024827358,5.002877438027544
539.3,0.8103581890365041,5.001951595073673
539.4000000000001,0.8044679218849224,5.001013915735516
539.5,0.798579246831023,5.00006440253018
539.6,0.7926921879711811,4.999103058128799
539.7,0.7868067687559333,4.998129885144107
539.8,0.7809230132730957,4.997144886346702
539.9000000000001,0.77504094506151,4.996148064454845
540.0,0.7691605878703458,4.995139422285851
540.1,0.7632819656395247,4.994118962718198
540.2,0.7574051019325994,4.993086688634516
540.3,0.7515300205034728,4.992042602981067
540.4000000000001,0.7456567453157574,4.990986708803287
540.5,0.739785299784433,4.98991900908926
540.6,0.7339157079595546,4.988839506993979
540.7,0.7280479932462923,4.987748205601064
540.8,0.7221821796841486,4.986645108164802
540.9000000000001,0.7163182907645035,4.985530217876145
541.0,0.7104563501871556,4.984403538029345
541.1,0.7045963818414996,4.983265071983639
541.2,0.6987384092403512,4.982114823094892
541.3,0.6928824560856571,4.980952794786433
541.4000000000001,0.687028546287153,4.979778990584973
541.5,0.681176703206922,4.97859341394889
541.6,0.6753269508389687,4.977396068516215
541.7,0.669479312533651,4.976186957840716
541.8,0.663633812272415,4.9749660856595375
541.9000000000001,0.6577904734897153,4.973733455635507
542.0,0.6519493198263991,4.972489071538956
542.1,0.6461103751116539,4.971232937209014
542.2,0.6402736627980561,4.969965056473905
542.3,0.6344392065260223,4.968685433233116
542.4000000000001,0.6286070301417352,4.967394071493704
542.5,0.622777156944923,4.96609097518343
542.6,0.6169496108638545,4.964776148422385
542.7,0.6111244151846094,4.963449595233492
542.8,0.6053015938208914,4.962111319835756
542.9000000000001,0.5994811701407323,4.960761326362868
543.0,0.5936631677164607,4.959399619060196
543.1,0.5878476103074255,4.958026202245715
543.2,0.5820345212964685,4.9566410802189225
543.3,0.5762239242528967,4.95524425735437
543.4000000000001,0.5704158429496895,4.953835738138349
543.5,0.564610300614806,4.95241552696686
543.6,0.5588073211010602,4.950983628440899
543.7,0.5530069276208432,4.949540047051404
543.8,0.5472091440104168,4.948084787497979
543.9000000000001,0.5414139935619394,4.946617854384034
544.0,0.535621499769676,4.945139252428742
544.1,0.5298316863135004,4.943648986427619
544.2,0.524044576497038,4.942147061150213
544.3,0.5182601938089443,4.940633481444859
544.4000000000001,0.5124785619393775,4.9391082522757195
544.5,0.506699704035086,4.93757137850577
544.6,0.5009236438637749,4.936022865215528
544.7,0.495150404554736,4.934462717362583
544.8,0.48938000985713587,4.932890940125778
544.9000000000001,0.4836124829777964,4.931307538576816
545.0,0.4778478473233924,4.929712517907255
545.1,0.47208612648473514,4.928105883388732
545.2,0.4663273436767844,4.926487640259358
545.3,0.4605715222980057,4.924857793839773
545.4000000000001,0.4548186859461156,4.923216349570522
545.5,0.449068857677286,4.92156331278004
545.6,0.44332206116445444,4.91989868902681
545.7,0.43757831944442976,4.918222483733544
545.8,0.4318376561696461,4.916534702556728
545.9000000000001,0.4261000944521724,4.914835351034775
546.0,0.42036565760158995,4.913124434829995
546.1,0.4146343691100674,4.911401959688506
546.2,0.408906252094477,4.909667931315365
546.3,0.40318132985359867,4.907922355501845
546.4000000000001,0.3974596258831208,4.9061652381631475
546.5,0.391741163139267,4.90439658509149
546.6,0.3860259651906013,4.902616402321543
546.7,0.38031405497209203,4.900824695739472
546.8,0.3746054560298436,4.899021471477551
546.9000000000001,0.3689001913717616,4.89720673553916
547.0,0.36319828420086453,4.895380494055579
547.1,0.3574997579011463,4.8935427532455655
547.2,0.3518046354819898,4.891693519279256
547.3,0.34611294013301414,4.8898327984166965
547.4000000000001,0.3404246952383343,4.8879605970458755
547.5,0.334739923644891,4.8860769214209
547.6,0.3290586488072975,4.8841817780507
547.7,0.32338089354935184,4.882275173282941
547.8,0.31770668130123847,4.880357113723744
547.9000000000001,0.3120360349573673,4.878427605839494
548.0,0.3063689776047504,4.87648665622841
548.1,0.30070553250967635,4.874534271579857
548.2,0.29504572256469613,4.872570458527085
548.3,0.2893895708408402,4.870595223796861
548.4000000000001,0.28373710060111035,4.868608574247784
548.5,0.278088334573878,4.86661051659386
548.6,0.27244329609026524,4.864601057816118
548.7,0.26680200785360103,4.862580204721641
548.8,0.2611644931686268,4.8605479643881795
548.9000000000001,0.2555307748069194,4.858504343743001
549.0,0.24990087573008443,4.856449349849098
549.1,0.24427481907724288,4.854382989864204
549.2,0.23865262761477896,4.8523052708824475
549.3,0.2330343242857345,4.85021620009508
549.4000000000001,0.22741993222254003,4.8481157848290835
549.5,0.221809474025731,4.84600403225606
549.6,0.21620297289342358,4.843880949826804
549.7,0.210600451399239,4.8417465448055514
549.8,0.20500193271295286,4.839600824739316
549.9000000000001,0.19940743947405895,4.837443797013896
550.0,0.1938169945093969,4.835275469154669
550.1,0.18823062082146672,4.833095848785348
550.2,0.1826483410412156,4.830904943458559
550.3,0.177070177974349,4.828702760827601
550.4000000000001,0.1714961546132765,4.826489308685313
550.5,0.165926293421487,4.82426459465851
550.6,0.16036061745464278,4.822028626665213
550.7,0.15479914914742907,4.819781412424336
550.8,0.14924191152522281,4.817522959949592
550.9000000000001,0.14368892708618083,4.815253277082793
551.0,0.13814021851306585,4.8129723718091455
551.1,0.13259580866238488,4.81068025221574
551.2,0.12705572002039323,4.808376926311079
551.3,0.12151997524614687,4.806062402207903
551.4000000000001,0.11598859718267993,4.803736688162302
551.5,0.11046160814725,4.80139979225362
551.6,0.10493903104363098,4.7990517228644
551.7,0.09942088815843592,4.796692488165588
551.8,0.09390720236322178,4.794322096634816
551.9000000000001,0.08839799600563528,4.791940556567257
552.0,0.0828932916150959,4.789547876405166
552.1,0.07739311189276768,4.787144064696183
552.2,0.07189747917103574,4.784729129901979
552.3,0.0664064159530522,4.782303080591928
552.4000000000001,0.06091994492312547,4.77986592548243
552.5,0.0554380882431669,4.77741767310264
552.6,0.04996086865571004,4.774958332296695
552.7,0.04448830829017548,4.772487911684717
552.8,0.03902042985496177,4.770006420205339
552.9000000000001,0.03355725553804942,4.767513866604161
553.0,0.028098807706306725,4.765010259777572
553.1,0.022645108896286664,4.762495608730818
553.2,0.017196181277357038,4.759969922375728
553.3,0.011752047187554486,4.757433209735305
553.4000000000001,0.006312729143198568,4.7548854799832965
553.5,0.000878249141781362,4.75232674209561
553.6,-0.004551370244718803,4.749757005374908
553.7,-0.009976107053123932,4.747176278887465
553.8,-0.01539593874748806,4.74458457202975
553.9000000000001,-0.020810843308576528,4.741981893994762
554.0,-0.026220798541233468,4.7393682541298805
554.1,-0.031625782082748105,4.736743661894767
554.2,-0.03702577193583688,4.734108126648304
554.3,-0.042420745936723826,4.731461657863953
554.4000000000001,-0.04781068174631599,4.728804265169519
554.5,-0.0531955575405443,4.72613595798455
554.6,-0.05857535092722996,4.7234567460668995
554.7,-0.06395004011843343,4.72076663892583
554.8,-0.06931960275988736,4.71806564641235
554.9000000000001,-0.07468401701014303,4.715353778163529
555.0,-0.08004326085485157,4.7126310439744445
555.1,-0.08539731211429889,4.709897453755857
555.2,-0.09074614897230796,4.707153017310368
555.3,-0.09608974944845454,4.7043977445585226
555.4000000000001,-0.10142809139002812,4.701631645578769
555.5,-0.106761153155332,4.69885473023093
555.6,-0.11208891254116655,4.696067008724627
555.7,-0.11741134794377274,4.693268491008673
555.8,-0.12272843719974219,4.690459187385085
555.9000000000001,-0.12804015865435167,4.687639107931644
556.0,-0.13334649048309707,4.6848082628876115
556.1,-0.13864741069837686,4.681966662611265
556.2,-0.14394289767405918,4.679114317345439
556.3,-0.1492329296220873,4.676251237454227
556.4000000000001,-0.15451748458524542,4.673377433463117
556.5,-0.159796541113085,4.67049291566867
556.6,-0.16507007720050385,4.6675976947286015
556.7,-0.17033807143679144,4.664691781027748
556.8,-0.17560050185849047,4.661775185315426
556.9000000000001,-0.18085734700651443,4.6588479181064875
557.0,-0.18610858525516713,4.65590999008071
557.1,-0.19135419481798163,4.652961412040183
557.2,-0.19659415426776822,4.650002194664273
557.3,-0.20182844201779232,4.647032348756899
557.4000000000001,-0.2070570363153433,4.644051885286809
557.5,-0.212279915910049,4.64106081498359
557.6,-0.21749705900393268,4.6380591489492105
557.7,-0.2227084443881508,4.635046898000745
557.8,-0.22791405030824424,4.632024073330992
557.9000000000001,-0.23311385550955493,4.6289906858880565
558.0,-0.2383078385740919,4.625946746788351
558.1,-0.24349597792550326,4.622892267273886
558.2,-0.24867825234434265,4.619827258456724
558.3,-0.2538546404540738,4.616751731576684
558.4000000000001,-0.25902512071545547,4.613665698041767
558.5,-0.264189672086923,4.61056916901074
558.6,-0.2693482729866138,4.607462156025776
558.7,-0.2745009024162677,4.60434467033231
558.8,-0.27964753883936927,4.601216723562505
558.9000000000001,-0.28478816121446066,4.598078327093755
559.0,-0.28992274834006926,4.5949294924751065
559.1,-0.29505127885882876,4.591770231384387
559.2,-0.30017373176779416,4.588600555362289
559.3,-0.3052900859094353,4.5854204760804524
559.4000000000001,-0.31040031996682776,4.582230005382018
559.5,-0.315504413115902,4.57902915485083
559.6,-0.3206023439997939,4.575817936465074
559.7,-0.32569409183948816,4.572596361894434
559.8,-0.3307796353252972,4.569364443206201
559.9000000000001,-0.33585895363761803,4.566122192202932
560.0,-0.34093202580023996,4.562869620862062
560.1,-0.3459988306835993,4.559606741292968
560.2,-0.35105934750990353,4.556333565460768
560.3,-0.3561135553493523,4.553050105464665
560.4000000000001,-0.36116143311614474,4.5497563735785835
560.5,-0.366202960212285,4.54645238180721
560.6,-0.3712381155147247,4.543138142560378
560.7,-0.37626687847225854,4.539813667927733
560.8,-0.3812892280108177,4.53647897040729
560.9000000000001,-0.3863051435412633,4.533134062222401
561.0,-0.391314604321298,4.52977895577452
561.1,-0.3963175894578711,4.5264136636001595
561.2,-0.4013140784069354,4.523038198084441
561.3,-0.4063040504750663,4.519652571749666
561.4000000000001,-0.41128748481627414,4.516256797296075
561.5,-0.416264361067155,4.51285088714478
561.6,-0.4212346583472078,4.509434854132683
561.7,-0.4261983563415263,4.506008710764952
561.8,-0.43115543422036157,4.502572469965682
561.9000000000001,-0.43610587163354647,4.499126144374593
562.0,-0.44104964808127717,4.4956697468125695
562.1,-0.44598674291565416,4.492203290238597
562.2,-0.4509171358348564,4.488726787453277
562.3,-0.45584080639038926,4.4852402513974035
562.4000000000001,-0.46075773398471265,4.4817436951927965
562.5,-0.465667898497428,4.47823713167245
562.6,-0.4705712792992149,4.474720574095563
562.7,-0.47546785631986066,4.471194035378236
562.8,-0.48035760898256635,4.467657528865888
562.9000000000001,-0.4852405171845598,4.464111067609882
563.0,-0.49011656067700626,4.4605546648458105
563.1,-0.49498571906569927,4.456988333950355
563.2,-0.4998479722994551,4.453412088134836
563.3,-0.5047033001831777,4.449825940753755
563.4000000000001,-0.5095516823762979,4.446229905345679
563.5,-0.514393099009757,4.44262399515068
563.6,-0.5192275297139558,4.439008223845403
563.7,-0.5240549546717033,4.435382604752023
563.8,-0.5288753535676527,4.431747151632385
563.9000000000001,-0.533688706554763,4.428101877944637
564.0,-0.538494993643569,4.424446797334142
564.1,-0.543294194702008,4.420781923590335
564.2,-0.5480862899378374,4.417107270330365
564.3,-0.5528712594177295,4.413422851317466
564.4000000000001,-0.5576490830665266,4.409728680501886
564.5,-0.562419741274745,4.4060247715259
564.6,-0.567183213940954,4.402311138478466
564.7,-0.571939481509202,4.398587795082924
564.8,-0.5766885239340355,4.394854755512384
564.9000000000001,-0.5814303216323639,4.39111203362678
565.0,-0.5861648548823877,4.387359643476184
565.1,-0.5908921038225505,4.383597599257635
565.2,-0.5956120489277579,4.379825914989007
565.3,-0.6003246705347223,4.3760446048371415
565.4000000000001,-0.6050299488420473,4.372253683158814
565.5,-0.609727864507958,4.36845316399336
565.6,-0.6144183977075371,4.3646430618368095
565.7,-0.619101529154198,4.360823390808556
565.8,-0.623777239080699,4.356994165487665
565.9000000000001,-0.6284455081760507,4.353155400130688
566.0,-0.6331063169943106,4.349307109187148
566.1,-0.637759645952673,4.345449307256371
566.2,-0.642405475801318,4.341582008751738
566.3,-0.6470437871551747,4.337705228238398
566.4000000000001,-0.6516745604948248,4.333818980474252
566.5,-0.656297776754256,4.32992327989048
566.6,-0.6609134163933079,4.326018141384733
566.7,-0.6655214604027792,4.322103579467167
566.8,-0.6701218893018791,4.318179609117354
566.9000000000001,-0.6747146840597296,4.314246244983118
567.0,-0.6792998255143375,4.3103035019080105
567.1,-0.683877294369815,4.306351394888174
567.2,-0.6884470716596246,4.3023899387270905
567.3,-0.693009138284975,4.298419148382759
567.4000000000001,-0.6975634750165564,4.29443903900866
567.5,-0.702110063072062,4.29044962542238
567.6,-0.7066488832042209,4.2864509229176475
567.7,-0.7111799166891403,4.282442946389877
567.8,-0.7157031443405915,4.278425711213544
567.9000000000001,-0.7202185474157433,4.27439923242224
568.0,-0.7247261070445388,4.270363525247963
568.1,-0.7292258042260429,4.266318605078036
568.2,-0.7337176202849083,4.262264487100461
568.3,-0.738201536416592,4.258201186660457
568.4000000000001,-0.7426775336899101,4.254128719301396
568.5,-0.74714559361408,4.2500471002217
568.6,-0.7516056972427717,4.2459563451053794
568.7,-0.7560578261451972,4.241856469227544
568.8,-0.7605019614376995,4.237747488351733
568.9000000000001,-0.7649380846733146,4.233629417891668
569.0,-0.7693661772817937,4.229502273462056
569.1,-0.7737862205650886,4.2253660708355785
569.2,-0.7781981961468464,4.221220825579032
569.3,-0.7826020855246203,4.217066553419074
569.4000000000001,-0.7869978700732471,4.212903270283103
569.5,-0.791385531601213,4.20873099174463
569.6,-0.7957650514710279,4.204549733872033
569.7,-0.8001364115527144,4.200359512314338
569.8,-0.8044995932730739,4.196160343218211
569.9000000000001,-0.808854578488729,4.191952242371653
570.0,-0.8132013489370012,4.187735225766186
570.1,-0.8175398862305385,4.183509309553909
570.2,-0.8218701722996656,4.179274509674511
570.3,-0.826192188951777,4.17503084223013
570.4000000000001,-0.8305059178755263,4.170778323526178
570.5,-0.834811341186261,4.16651696950535
570.6,-0.8391084405631433,4.162246796614303
570.7,-0.8433971981845901,4.1579678208700805
570.8,-0.8476775957956382,4.153680058796337
570.9000000000001,-0.8519496155640857,4.149383526549385
571.0,-0.8562132395424743,4.1450782404914985
571.1,-0.8604684496618529,4.1407642171480585
571.2,-0.8647152281667867,4.136441472825629
571.3,-0.8689535571821281,4.132110023995712
571.4000000000001,-0.8731834187180272,4.127769887335521
571.5,-0.87740479520419,4.12342107915093
571.6,-0.8816176686441041,4.119063616260621
571.7,-0.8858220215320526,4.114697515043554
571.8,-0.8900178359389499,4.110322792394131
571.9000000000001,-0.8942050943512633,4.10593946483082
572.0,-0.8983837791442805,4.101547549080427
572.1,-0.9025538725750205,4.097147062035352
572.2,-0.9067153572097428,4.092738020362823
572.3,-0.9108682154982631,4.08832044089746
572.4000000000001,-0.9150124297797733,4.08389434068194
572.5,-0.919147982805715,4.0794597363791
572.6,-0.923274856911455,4.075016645173258
572.7,-0.9273930349144915,4.070565083799058
572.8,-0.9315024992191557,4.066105069515221
572.9000000000001,-0.93560323263793,4.061636619196085
573.0,-0.9396952178762559,4.057159749926615
573.1,-0.9437784375245852,4.052674478959803
573.2,-0.9478528744781901,4.048180823317204
573.3,-0.9519185115192212,4.043678800190133
573.4000000000001,-0.955975331323351,4.039168426980227
573.5,-0.960023316971006,4.03464972070094
573.6,-0.9640624511368526,4.030122698895689
573.7,-0.9680927169688424,4.0255873786484155
573.8,-0.9721140972121183,4.02104377757557
573.9000000000001,-0.9761265750124156,4.016491912900935
574.0,-0.9801301334126087,4.011931802061122
574.1,-0.9841247553439064,4.007363462663111
574.2,-0.9881104240378008,4.0027869120762825
574.3,-0.9920871226160313,3.9982021678420976
574.4000000000001,-0.9960548340980353,3.993609247714531
574.5,-1.00001354190035,3.98900816905113
574.6,-1.0039632290442657,3.9843989497477077
574.7,-1.0079038790152608,3.979781607230973
574.8,-1.0118354749065879,3.975156159468394
574.9000000000001,-1.015758000204323,3.9705226240266054
575.0,-1.0196714382959222,3.965881018687187
575.1,-1.0235757724605634,3.9612313614043853
575.2,-1.0274709862730187,3.956573669888777
575.3,-1.0313570632017328,3.9519079620252446
575.4000000000001,-1.0352339866171023,3.94723425591328
575.5,-1.03910174027876,3.94255256924793
575.6,-1.042960307561748,3.9378629202705326
575.7,-1.046809672296113,3.9331653267439
575.8,-1.0506498179303152,3.9284598069796237
575.9000000000001,-1.054480728297752,3.923746378880455
576.0,-1.0583023871374881,3.919025060566149
576.1,-1.0621147780837257,3.914295870331353
576.2,-1.0659178850614748,3.9095588262210277
576.3,-1.069711691892869,3.9048139464566205
576.4000000000001,-1.0734961823062628,3.9000612494762352
576.5,-1.07727134041129,3.8953007533056
576.6,-1.0810371499437932,3.8905324765245823
576.7,-1.0847935950851735,3.8857564372253095
576.8,-1.0885406596461344,3.880972654056429
576.9000000000001,-1.0922783278142376,3.8761811452499884
577.0,-1.0960065836870247,3.8713819292569593
577.1,-1.0997254112606545,3.8665750247053277
577.2,-1.1034347948172025,3.861760449967522
577.3,-1.1071347185393514,3.856938223594583
577.4000000000001,-1.110825166520275,3.852108364356125
577.5,-1.11450612322634,3.84727089060162
577.6,-1.11817757276111,3.842425821242367
577.7,-1.1218394996640306,3.837573174692813
577.8,-1.125491888114916,3.8327129699315288
577.9000000000001,-1.1291347226622017,3.827845225512827
578.0,-1.1327679877686623,3.8229699602117964
578.1,-1.1363916677992039,3.8180871929826194
578.2,-1.1400057473996021,3.8131969425181222
578.3,-1.1436102111197999,3.80829922769178
578.4000000000001,-1.1472050434246088,3.8033940675975098
578.5,-1.1507902291437,3.79848148090149
578.6,-1.154365752755068,3.793561486839127
578.7,-1.157931599162814,3.788634104140127
578.8,-1.161487752922588,3.783699352105683
578.9000000000001,-1.1650341989502473,3.7787572496052024
579.0,-1.1685709220804008,3.7738078157306614
579.1,-1.172097907053356,3.768851069755149
579.2,-1.1756151388851332,3.7638870306846863
579.3,-1.1791226024995125,3.758915717707916
579.4000000000001,-1.1826202827395336,3.7539371502356884
579.5,-1.18610816480462,3.74895134724367
579.6,-1.189586233553847,3.7439583282839908
579.7,-1.1930544742623648,3.738958112394386
579.8,-1.1965128718682314,3.733950719191222
579.9000000000001,-1.1999614116611739,3.7289361678517197
580.0,-1.203400078854099,3.7239144777773827
580.1,-1.2068288585692126,3.718885668552773
580.2,-1.2102477361991741,3.713849759489764
580.3,-1.2136566970480247,3.7088067700847476
580.4000000000001,-1.2170557263434785,3.703756720058021
580.5,-1.22044480966105,3.69869962868744
580.6,-1.223823932247346,3.693635515834258
580.7,-1.2271930797548687,3.6885644008369143
580.8,-1.2305522375104745,3.683486303619344
580.9000000000001,-1.2339013911840835,3.6784012436592084
581.0,-1.2372405263732178,3.673309240660031
581.1,-1.2405696285883072,3.6682103145102487
581.2,-1.243888683604895,3.6631044848201357
581.3,-1.2471976771135749,3.657991771386311
581.4000000000001,-1.2504965947330635,3.652872194230877
581.5,-1.25378542242114,3.64774577292641
581.6,-1.257064145818235,3.6426125276356487
581.7,-1.2603327509603341,3.6374724779902032
581.8,-1.2635912235694275,3.6323256442139193
581.9000000000001,-1.2668395497016895,3.6271720460773125
582.0,-1.270077715345436,3.6220117035782957
582.1,-1.2733057064055822,3.616844636901514
582.2,-1.2765235090466158,3.61167086594805
582.3,-1.279731109351802,3.606490410807069
582.4000000000001,-1.2829284933370677,3.6013032917947165
582.5,-1.28611564734843,3.59610952877072
582.6,-1.2892925574263132,3.5909091421914723
582.7,-1.2924592099961976,3.5857021519741794
582.8,-1.2956155911813196,3.5804885786346974
582.9000000000001,-1.2987616874301113,3.5752684422287992
583.0,-1.3018974851276837,3.5700417630410373
583.1,-1.3050229705794658,3.564808561544393
583.2,-1.3081381303448751,3.559568857923047
583.3,-1.311242950905837,3.554322672550935
583.4000000000001,-1.3143374186814407,3.5490700260303574
583.5,-1.31742152041186,3.54381093850049
583.6,-1.3204952425435201,3.538545430703448
583.7,-1.3235585718972098,3.533273522834282
583.8,-1.3266114950033803,3.5279952356929383
583.9000000000001,-1.3296539987085767,3.522710589612607
584.0,-1.3326860698005707,3.5174196051566144
584.1,-1.3357076949911995,3.512122303078372
584.2,-1.338718861240593,3.506818703837276
584.3,-1.341719555435156,3.501508828084109
584.4000000000001,-1.344709764403002,3.4961926966993806
584.5,-1.34768947528418,3.49087033009384
584.6,-1.3506586749369551,3.4855417492872762
584.7,-1.3536173505831293,3.4802069747447364
584.8,-1.3565654891661891,3.47486602754217
584.9000000000001,-1.3595030779364405,3.469518928282299
585.0,-1.3624301040900269,3.464165697799208
585.1,-1.3653465547509478,3.4588063571186454
585.2,-1.3682524172856687,3.4534409269672977
585.3,-1.371147678990747,3.4480694282647733
585.4000000000001,-1.3740323271090413,3.4426918821616264
585.5,-1.37690634918601,3.43730830933225
585.6,-1.3797697324974578,3.431918731065946
585.7,-1.3826224646717116,3.4265231680897825
585.8,-1.3854645330709452,3.4211216417475048
585.9000000000001,-1.3882959253547726,3.4157141729033267
586.0,-1.3911166291332515,3.4103007826539966
586.1,-1.3939266319481118,3.4048814922894333
586.2,-1.3967259215776415,3.39945632279552
586.3,-1.3995144857340573,3.3940252953525234
586.4000000000001,-1.4022923120804773,3.3885884313728227
586.5,-1.40505938857319,3.38314575178642
586.6,-1.4078157029110676,3.377697278143787
586.7,-1.4105612431343375,3.3722430314259517
586.8,-1.4132959970293484,3.3667830332361297
586.9000000000001,-1.4160199526703734,3.361317304691919
587.0,-1.4187330980867745,3.3558458671444917
587.1,-1.4214354212434337,3.350368742139612
587.2,-1.4241269103357712,3.344885950914204
587.3,-1.4268075534970157,3.3393975149009347
587.4000000000001,-1.42947733881593,3.3339034557656104
587.5,-1.43213625466486,3.3284037946857
587.6,-1.4347842891711038,3.322898553464439
587.7,-1.4374214307920092,3.3173877533286498
587.8,-1.440047667743408,3.311871416132556
587.9000000000001,-1.4426629885194504,3.3063495632388893
588.0,-1.4452673815740258,3.3008222162449217
588.1,-1.447860835300411,3.2952893969438537
588.2,-1.450443338316317,3.2897511268153377
588.3,-1.4530148791811601,3.2842074275360726
588.4000000000001,-1.455575446414549,3.278658321016859
588.5,-1.45812502881,3.27310382867434
588.6,-1.4606636149283958,3.2675439725559814
588.7,-1.4631911936492514,3.261978774126091
588.8,-1.4657077536230732,3.256408255481413
588.9000000000001,-1.4682132837688928,3.2508324382214213
589.0,-1.470707772970185,3.2452513441810367
589.1,-1.4731912100537268,3.239664995392396
589.2,-1.4756635840644985,3.234073413569473
589.3,-1.4781248839931214,3.2284766206245252
589.4000000000001,-1.4805750987950934,3.222874638704778
589.5,-1.48301421768998,3.21726748945763
589.6,-1.485442229677323,3.2116551951662147
589.7,-1.4878591240636632,3.206037777523906
589.8,-1.490264889939164,3.2004152588612698
589.9000000000001,-1.4926595166526213,3.1947876610061283
590.0,-1.4950429935219816,3.1891550060224976
590.1,-1.4974153098124314,3.18351731617279
590.2,-1.4997764550010446,3.177874613396828
590.3,-1.5021264185144942,3.1722269198338426
590.4000000000001,-1.5044651897490324,3.1665742578587768
590.5,-1.50679275835504,3.16091664934137
590.6,-1.5091091137755355,3.1552541167916273
590.7,-1.5114142457488333,3.149586682123511
590.8,-1.5137081438095488,3.143914367892697
590.9000000000001,-1.5159907977409584,3.1382371961467515
591.0,-1.5182621973001953,3.1325551891701426
591.1,-1.5205223321955856,3.126868369446861
591.2,-1.5227711923409653,3.1211767591339528
591.3,-1.5250087676037403,3.115480380588933
591.4000000000001,-1.5272350478255858,3.109779256405716
591.5,-1.52945002309229,3.10407340866778
591.6,-1.5316536832950414,3.0983628601031903
591.7,-1.5338460186084697,3.0926476328378985
591.8,-1.5360270190162577,3.0869277496437935
591.9000000000001,-1.5381966747407143,3.0812032327796
592.0,-1.5403549759827162,3.075474104741493
592.1,-1.5425019128982895,3.0697403882261742
592.2,-1.5446374758424997,3.064002105599217
592.3,-1.546761655127984,3.058259279427668
592.4000000000001,-1.5488744410463926,3.052511932515544
592.5,-1.55097582412334,3.04676008715136
592.6,-1.5530657947026212,3.041003766272352
592.7,-1.5551443433995877,3.0352429922077437
592.8,-1.5572114606515204,3.0294777879367296
592.9000000000001,-1.5592671371240376,3.0237081759203908
593.0,-1.5613113634661235,3.017934178857778
593.1,-1.5633441302859419,3.012155819649429
593.2,-1.5653654283840972,3.006373120860641
593.3,-1.5673752485227885,3.000586105259097
593.4000000000001,-1.5693735814479626,2.9947947958499714
593.5,-1.57136041812926,2.98899921511807
593.6,-1.573335749367504,2.9831993862007335
593.7,-1.5752995662229037,2.977395331621706
593.8,-1.5772518595906058,2.971587074558435
593.9000000000001,-1.5791926205837676,2.9657746376655574
594.0,-1.5811218403036773,2.9599580438360573
594.1,-1.5830395098148364,2.9541373161652698
594.2,-1.5849456203675274,2.9483124774093534
594.3,-1.5868401631776512,2.942483550527689
594.4000000000001,-1.588723129449605,2.936650558717527
594.5,-1.59059451060117,2.93081352465111
594.6,-1.5924542978942788,2.9249724716568037
594.7,-1.5943024828380679,2.919127422443991
594.8,-1.596139056789623,2.9132784003792587
594.9000000000001,-1.5979640113136824,2.9074254283018512
595.0,-1.599777337967857,2.901568529289672
595.1,-1.6015790282769955,2.8957077266237734
595.2,-1.6033690739450093,2.889843043242225
595.3,-1.605147466645495,2.883974502287038
595.4000000000001,-1.6069141980452992,2.878102127138382
595.5,-1.6086692600142,2.87222594064705
595.6,-1.6104126442792155,2.8663459663232023
595.7,-1.6121443428022504,2.8604622270529076
595.8,-1.613864347406272,2.8545747463827014
595.9000000000001,-1.615572650111402,2.848683547327419
596.0,-1.6172692429354225,2.842788653140789
596.1,-1.618954117867407,2.836890087280419
596.2,-1.6206272670686526,2.8309878728571944
596.3,-1.6222886826742418,2.8250820331866446
596.4000000000001,-1.6239383568172945,2.819172591822696
596.5,-1.62557628182325,2.81325957178559
596.6,-1.627202449888033,2.8073429967580497
596.7,-1.6288168534299805,2.801422889793814
596.8,-1.630419484741662,2.795499274610042
596.9000000000001,-1.6320103363022616,2.7895721743880935
597.0,-1.6335894005933735,2.783641612548341
597.1,-1.6351566700719449,2.777707612715673
597.2,-1.6367121373602966,2.7717701981647025
597.3,-1.6382557950586045,2.765829392375261
597.4000000000001,-1.6397876357698304,2.7598852190656777
597.5,-1.64130765227868,2.75393770141661
597.6,-1.6428158372535013,2.747986863273975
597.7,-1.6443121835725742,2.7420327278500625
597.8,-1.6457966840016822,2.7360753190232807
597.9000000000001,-1.6472693314824824,2.7301146601323767
598.0,-1.6487301189638595,2.724150774755108
598.1,-1.6501790393741598,2.7181836866742857
598.2,-1.6516160858001108,2.712213419319068
598.3,-1.653041251310399,2.7062399963243147
598.4000000000001,-1.6544545289812862,2.700263441563357
598.5,-1.65585591206006,2.69428377836812
598.6,-1.6572453936909488,2.6883010307382884
598.7,-1.6586229672154666,2.682315222035512
598.8,-1.6599886258759222,2.676326376290038
598.9000000000001,-1.6613423630797952,2.6703345169887256
599.0,-1.6626841722465502,2.6643396678573876
599.1,-1.6640140467791964,2.658341852827381
599.2,-1.6653319802321238,2.652341095473122
599.3,-1.6666379661457833,2.6463374195751377
599.4000000000001,-1.6679319980729512,2.6403308491523445
599.5,-1.66921406972668,2.63432140767869
599.6,-1.670484174730276,2.6283091192980983
599.7,-1.6717423068916208,2.6222940075123584
599.8,-1.6729884599327711,2.6162760964940017
599.9000000000001,-1.6742226277300833,2.610255409868751
600.0,-1.6754448041767054,2.6042319715010818
600.1,-1.6766549831534512,2.598205805461383
600.2,-1.6778531586853864,2.5921769354599937
600.3,-1.6790393247877777,2.5861453854137055
600.4000000000001,-1.680213475493025,2.580111179477499
600.5,-1.68137560498288,2.57407434125801
600.6,-1.6825257073627613,2.568034895033897
600.7,-1.6836637769098735,2.5619928644377357
600.8,-1.6847898078289982,2.555948273774774
600.9000000000001,-1.6859037944682855,2.549901146800215
601.0,-1.6870057311974844,2.5438515075077395
601.1,-1.6880956123781428,2.5377993800972463
601.2,-1.6891734325088665,2.5317447884055926
601.3,-1.6902391860826038,2.5256877564763314
601.4000000000001,-1.6912928676142165,2.519628308590932
601.5,-1.69233447175696,2.51356646847939
601.6,-1.6933639931012348,2.507502260545403
601.7,-1.6943814263962986,2.501435708543006
601.8,-1.6953867663324331,2.4953668369005033
601.9000000000001,-1.6963800077323472,2.489295669493161
602.0,-1.6973611454451176,2.4832222304343508
602.1,-1.698330174315736,2.4771465440438636
602.2,-1.6992870893190344,2.4710686342755888
602.3,-1.700231885428322,2.4649885252903103
602.4000000000001,-1.7011645576435857,2.458906241486391
602.5,-1.70208510109221,2.45282180670772
602.6,-1.7029935108521854,2.4467352454733655
602.7,-1.7038897821474155,2.4406465816493554
602.8,-1.704773910156305,2.4345558397773894
602.9000000000001,-1.7056458901786424,2.428463043843292
603.0,-1.7065057175453642,2.4223682180705253
603.1,-1.7073533875874556,2.4162713868891275
603.2,-1.7081888957584588,2.410172574360532
603.3,-1.7090122375145216,2.404071804753151
603.4000000000001,-1.7098234083432315,2.3979691025724876
603.5,-1.71062240384854,2.39186449176689
603.6,-1.7114092195984825,2.385757996961036
603.7,-1.7121838512939604,2.3796496421234785
603.8,-1.7129462946039336,2.373539451899533
603.9000000000001,-1.7136965453076158,2.3674274503760486
604.0,-1.714434599220144,2.361313661876964
604.1,-1.7151604521608526,2.355198110932846
604.2,-1.7158741000642792,2.3490808217030823
604.3,-1.7165755388717088,2.342961818554055
604.4000000000001,-1.717264764560623,2.336841126088691
604.5,-1.71794177321375,2.33071876835023
604.6,-1.7186065608914254,2.3245947700591927
604.7,-1.7192591237737793,2.318469155277108
604.8,-1.7198994580224978,2.3123419487431134
604.9000000000001,-1.7205275598984036,2.306213174635475
605.0,-1.7211434257029863,2.300082857368926
605.1,-1.721747051746063,2.2939510215648107
605.2,-1.7223384344452854,2.287817691470849
605.3,-1.7229175702291821,2.28168289154168
605.4000000000001,-1.7234844555672002,2.2755466464678515
605.5,-1.72403908702291,2.26940898037795
605.6,-1.7245814611509935,2.263269918078476
605.7,-1.7251115746127894,2.2571294837143396
605.8,-1.7256294240647472,2.25098770210865
605.9000000000001,-1.7261350062512726,2.2448445975214715
606.0,-1.7266283179621713,2.2387001944485814
606.1,-1.7271093559997042,2.2325545175922774
606.2,-1.7275781172665166,2.2264075912789822
606.3,-1.728034598680294,2.22025944004186
606.4000000000001,-1.7284787972043816,2.2141100886491984
606.5,-1.72891070988498,2.20795956130532
606.6,-1.7293303337730264,2.201807882892807
606.7,-1.7297376660128714,2.1956550776303487
606.8,-1.730132703757551,2.1895011704151135
606.9000000000001,-1.7305154442368165,2.1833461855792775
607.0,-1.7308858847305484,2.177190147689909
607.1,-1.7312440225352204,2.1710330815204166
607.2,-1.7315898550402018,2.164875011466203
607.3,-1.7319233796540379,2.158715962129156
607.4000000000001,-1.7322445938356477,2.1525559583454315
607.5,-1.73255349511556,2.14639502438543
607.6,-1.7328500810426026,2.1402331851979035
607.7,-1.733134349245742,2.134070465065634
607.8,-1.7334062973762583,2.1279068889498935
607.9000000000001,-1.7336659231508047,2.1217424812453025
608.0,-1.7339132243409074,2.115577266580401
608.1,-1.7341481987388396,2.1094112697897796
608.2,-1.7343708442222006,2.103244515328089
608.3,-1.7345811586919055,2.0970770278561353
608.4000000000001,-1.7347791401039667,2.090908832268031
608.5,-1.73496478647468,2.08473995289055
608.6,-1.7351380958522324,2.0785704147286266
608.7,-1.73529906635167,2.0724002421194547
608.8,-1.735447696123869,2.06622946007845
608.9000000000001,-1.7355839833738282,2.0600580930528856
609.0,-1.7357079263660977,2.0538861657229455
609.1,-1.7358195233900775,2.0477137029745123
609.2,-1.735918772812932,2.0415407293116825
609.3,-1.7360056730292766,2.03536726944431
609.4000000000001,-1.7360802224935086,2.0291933483145375
609.5,-1.73614241970898,2.02301899029577
609.6,-1.736192263224485,2.0168442204391557
609.7,-1.73622975164235,2.010669063126522
609.8,-1.7362548836143414,2.004493543417403
609.9000000000001,-1.7362676578349592,1.9983176858020208
610.0,-1.7362680730629292,1.9921415150023138
610.1,-1.7362561280859683,1.9859650559454534
610.2,-1.7362318217619457,1.9797883331752117
610.3,-1.7361951529802986,1.973611371440618
610.4000000000001,-1.7361461206948925,1.9674341957218207
610.5,-1.7360847238972,1.96125683042912
610.6,-1.7360109616377293,1.955079300649832
610.7,-1.7359248330071124,1.948901630800698
610.8,-1.7358263371589864,1.9427238459753622
610.9000000000001,-1.73571547327838,1.9365459706971055
611.0,-1.7355922406191915,1.930368029719745
611.1,-1.7354566384684076,1.9241900480018148
611.2,-1.7353086661755106,1.9180120501168876
611.3,-1.7351483231256903,1.9118340608432336
611.4000000000001,-1.7349756087732273,1.9056561051890595
611.5,-1.73479052259856,1.89947820759176
611.6,-1.7345930641547547,1.8933003931647543
611.7,-1.7343832330216007,1.8871226863499033
611.8,-1.734161028855472,1.8809451122649277
611.9000000000001,-1.73392645133268,1.8747676954563537
612.0,-1.7336795002030647,1.8685904606999295
612.1,-1.7334201752536789,1.8624134329755293
612.2,-1.7331484763263663,1.8562366368767094
612.3,-1.7328644033027776,1.8500600972010564
612.4000000000001,-1.7325679561382832,1.8438838389747647
612.5,-1.73225913480301,1.83770788665255
612.6,-1.7319379393532406,1.8315322653638626
612.7,-1.7316043698585453,1.8253569995659058
612.8,-1.7312584264786484,1.8191821143903395
612.9000000000001,-1.7309001093817704,1.8130076343971167
613.0,-1.7305294188142772,1.8068335843740069
613.1,-1.7301463550638456,1.8006599893121946
613.2,-1.7297509184652122,1.7944868738153175
613.3,-1.7293431093970197,1.788314262690329
613.4000000000001,-1.728922928316239,1.7821421809714062
613.5,-1.72849037568315,1.77597065312073
613.6,-1.7280454520577166,1.7697997042737175
613.7,-1.7275881579997703,1.7636293588930707
613.8,-1.7271184941727642,1.7574596421143471
613.9000000000001,-1.7266364612372578,1.751290578501036
614.0,-1.7261420599365203,1.7451221928429475
614.1,-1.725635291059198,1.738954510132551
614.2,-1.725116155433278,1.732787554973722
614.3,-1.7245846539347314,1.7266213521728098
614.4000000000001,-1.724040787522414,1.7204559267618638
614.5,-1.72348455714705,1.71429130320075
614.6,-1.7229159638725613,1.7081275066207384
614.7,-1.7223350087492433,1.701964561480211
614.8,-1.721741692944549,1.6958024929084916
614.9000000000001,-1.721136017611556,1.6896413254627531
615.0,-1.7205179839906122,1.683481083924891
615.1,-1.7198875933715245,1.6773217932786006
615.2,-1.7192448470756618,1.6711634781180924
615.3,-1.718589746476439,1.6650061632391504
615.4000000000001,-1.7179222930346978,1.6588498736616477
615.5,-1.71724248819171,1.65269463383327
615.6,-1.716550333515395,1.6465404688710554
615.7,-1.7158458305465891,1.6403874032191854
615.8,-1.715128980956742,1.6342354619907118
615.9000000000001,-1.714399786391459,1.6280846697265623
616.0,-1.7136582485881535,1.6219350511907376
616.1,-1.7129043693377521,1.6157866313481406
616.2,-1.7121381504549442,1.6096394347734095
616.3,-1.711359593810524,1.6034934862417658
616.4000000000001,-1.7105687013672293,1.5973488107508478
616.5,-1.70976547505674,1.59120543272633
616.6,-1.7089499169508664,1.5850633772608784
616.7,-1.708122029080802,1.578922668774679
616.8,-1.707281813621813,1.572783332354328
616.9000000000001,-1.7064292727118622,1.5666453925146877
617.0,-1.7055644085852038,1.560508873991898
617.1,-1.7046872235336439,1.554373801721971
617.2,-1.703797719864934,1.5482402002500826
617.3,-1.7028958999469774,1.5421080943209269
617.4000000000001,-1.7019817662441084,1.5359775088998238
617.5,-1.7010553211781,1.52984846838059
617.6,-1.7001165673242948,1.523720997821448
617.7,-1.6991655072039147,1.5175951216087074
617.8,-1.698202143495671,1.511470864792401
617.9000000000001,-1.6972264788294704,1.5053482518514458
618.0,-1.6962385159359818,1.499227307484151
618.1,-1.6952382576074612,1.4931080565875925
618.2,-1.6942257066442903,1.4869905236675816
618.3,-1.6932008659109927,1.4808747334283054
618.4000000000001,-1.6921637383729538,1.4747607107927065
618.5,-1.6911143269416,1.46864848011291
618.6,-1.6900526346952194,1.462538066402554
618.7,-1.688978664644551,1.4564294940042501
618.8,-1.6878924199710852,1.4503227879213803
618.9000000000001,-1.6867939037961561,1.444217972587037
619.0,-1.6856831193462385,1.4381150726517269
619.1,-1.6845600699133552,1.4320141129635349
619.2,-1.6834247587898628,1.4259151179790175
619.3,-1.6822771893362496,1.419818112351886
619.4000000000001,-1.6811173650182551,1.4137231209526557
619.5,-1.67994528923623,1.40763016808192
619.6,-1.6787609655706701,1.4015392786986265
619.7,-1.6775643975210528,1.3954504770918845
619.8,-1.676355588770955,1.3893637882083059
619.9000000000001,-1.6751345429322657,1.3832792364252895
620.0,-1.6739012637264328,1.3771968463355866
620.1,-1.6726557549444594,1.3711166427282564
620.2,-1.6713980203698005,1.3650386500007297
620.3,-1.6701280638580254,1.3589628927462813
620.4000000000001,-1.6688458893743516,1.3528893957729313
620.5,-1.66755150080712,1.34681818331993
620.6,-1.666244902238096,1.340749280281465
620.7,-1.6649260976545759,1.3346827108833028
620.8,-1.6635950912411601,1.3286185000052277
620.9000000000001,-1.662251887099363,1.3225566719590593
621.0,-1.6608964894445946,1.3164972512698592
621.1,-1.6595289025657634,1.3104402626576688
621.2,-1.658149130736393,1.3043857304509086
621.3,-1.6567571783060593,1.298333679172452
621.4000000000001,-1.655353049738313,1.2922841335578032
621.5,-1.65393674940843,1.28623711777507
621.6,-1.6525082818982562,1.2801926566436006
621.7,-1.6510676516817895,1.2741507743160225
621.8,-1.649614863443439,1.2681114955952364
621.9000000000001,-1.6481499217731812,1.2620748447176413
622.0,-1.6466728313791634,1.2560408461306751
622.1,-1.645183597046942,1.2500095244753517
622.2,-1.6436822235388795,1.2439809040012435
622.3,-1.6421687156972806,1.237955009150905
622.4000000000001,-1.6406430784826884,1.2319318645773019
622.5,-1.63910531675605,1.22591149436761
622.6,-1.6375554355979203,1.2198939232562824
622.7,-1.6359934399676634,1.2138791753130502
622.8,-1.6344193350481322,1.2078672752538815
622.9000000000001,-1.6328331259163358,1.2018582472299224
623.0,-1.631234817771749,1.1958521156010844
623.1,-1.6296244158951627,1.1898489049193788
623.2,-1.6280019255362894,1.1838486393456955
623.3,-1.6263673520286928,1.1778513432323736
623.4000000000001,-1.6247207008284466,1.1718570411398674
623.5,-1.62306197728061,1.16586575706463
623.6,-1.6213911869629374,1.1598775156462209
623.7,-1.619708335318596,1.1538923408617088
623.8,-1.6180134280272678,1.1479102573300637
623.9000000000001,-1.6163064706514585,1.1419312891074491
624.0,-1.614587468880341,1.1359554604563673
624.1,-1.6128564284882723,1.129982795829829
624.2,-1.6111133552106918,1.1240133192902846
624.3,-1.6093582548707512,1.118047055089987
624.4000000000001,-1.6075911334183175,1.1120840276868598
624.5,-1.60581199668091,1.10612426097695
624.6,-1.6040208507316769,1.100167779494917
624.7,-1.6022177014958885,1.0942146071154137
624.8,-1.6004025551482457,1.088264768350453
624.9000000000001,-1.5985754177349767,1.0823182871514319
625.0,-1.5967362954331292,1.0763751876736036
625.1,-1.5948851945087754,1.0704354942610732
625.2,-1.5930221211812765,1.0644992308680603
625.3,-1.5911470817614903,1.0585664216368735
625.4000000000001,-1.5892600826911003,1.0526370909129987
625.5,-1.58736113027826,1.04671126248236
625.6,-1.585450231089538,1.0407889607647594
625.7,-1.583527391530393,1.0348702095227398
625.8,-1.5815926182685158,1.0289550331513888
625.9000000000001,-1.5796459178319062,1.0230434554876242
626.0,-1.5776872968834827,1.0171355005696334
626.1,-1.5757167621789738,1.0112311926227135
626.2,-1.5737343204195826,1.0053305554831033
626.3,-1.5717399784018242,0.9994336131733647
626.4000000000001,-1.5697337430571545,0.9935403899166892
626.5,-1.56771562117221,0.987650909379192
626.6,-1.5656856198048303,0.9817651958558612
626.7,-1.563643745838535,0.9758832729874842
626.8,-1.561590006431836,0.9700051650423238
626.9000000000001,-1.5595244085923008,0.9641308957331025
627.0,-1.5574469594665021,0.9582604889711636
627.1,-1.5553576662976094,0.9523939688531561
627.2,-1.5532565362664392,0.9465313590876475
627.3,-1.5511435766528843,0.9406726835676746
627.4000000000001,-1.5490187948758392,0.934817966384269
627.5,-1.54688219819815,0.928967231074121
627.6,-1.5447337941665833,0.9231205017975103
627.7,-1.542573590140416,0.9172778020638551
627.8,-1.540401593766547,0.9114391560047065
627.9000000000001,-1.5382178125297703,0.9056045871989412
628.0,-1.5360222540579065,0.8997741194213278
628.1,-1.53381492607911,0.8939477766300548
628.2,-1.531595836251386,0.8881255823963701
628.3,-1.5293649923355355,0.882307560474057
628.4000000000001,-1.5271224022353735,0.8764937348121612
628.5,-1.52486807368753,0.870684128808357
628.6,-1.5226020147250858,0.8648787664783992
628.7,-1.5203242331805862,0.8590776711907468
628.8,-1.5180347371867076,0.8532808669304097
628.9000000000001,-1.5157335347029335,0.8474883771328032
629.0,-1.5134206338357254,0.8417002254264377
629.1,-1.5110960427955664,0.8359164356212893
629.2,-1.5087597697150221,0.8301370311416666
629.3,-1.506411822833151,0.82436203559241
629.4000000000001,-1.5040522105359873,0.8185914727708261
629.5,-1.50168094103127,0.812825365926029
629.6,-1.4992980228356576,0.8070637389194577
629.7,-1.4969034642522354,0.8013066149690814
629.8,-1.494497273896667,0.7955540179035849
629.9000000000001,-1.4920794602003713,0.7898059710053713
630.0,-1.4896500317456494,0.7840624977470476
630.1,-1.4872089972224833,0.778323621780653
630.2,-1.4847563652351967,0.7725893663740088
630.3,-1.4822921444982458,0.7668597549733864
630.4000000000001,-1.4798163438769496,0.7611348112146351
630.5,-1.47732897204731,0.755414558188823
630.6,-1.4748300380066075,0.7496990195933181
630.7,-1.4723195505255942,0.7439882184861398
630.8,-1.469797518699925,0.7382821785299369
630.9000000000001,-1.4672639514299997,0.7325809228445589
631.0,-1.4647188577709567,0.7268844747371224
631.1,-1.4621622468892472,0.7211928576920889
631.2,-1.45959412785795,0.715506094811286
631.3,-1.4570145098638652,0.7098242093728349
631.4000000000001,-1.45442340224849,0.7041472248414721
631.5,-1.45182081415307,0.698475164140784
631.6,-1.4492067550523158,0.6928080507943977
631.7,-1.4465812341815907,0.687145907690943
631.8,-1.4439442611133309,0.681488758317341
631.9000000000001,-1.4412958452137936,0.6758366256214777
632.0,-1.4386359960077681,0.6701895327354453
632.1,-1.4359647231349402,0.664547502966502
632.2,-1.4332820361339402,0.6589105592410617
632.3,-1.4305879446606813,0.6532787246595807
632.4000000000001,-1.4278824585295378,0.6476520225060504
632.5,-1.42516558734375,0.642030475527227
632.6,-1.422437341052151,0.6364141070633657
632.7,-1.4196977293514017,0.6308029398243459
632.8,-1.4169467622873335,0.6251969971117527
632.9000000000001,-1.414184449688746,0.619596301692112
633.0,-1.4114108015467028,0.6140008765130327
633.1,-1.4086258279707062,0.608410744695037
633.2,-1.4058295389615476,0.6028259289797179
633.3,-1.403021944640811,0.5972464522804116
633.4000000000001,-1.400203055292252,0.5916723376908605
633.5,-1.39737288097769,0.586103607771645
633.6,-1.3945314321165327,0.5805402856701264
633.7,-1.3916787188632742,0.5749823939081062
633.8,-1.3888147517335723,0.569429955592273
633.9000000000001,-1.3859395410152584,0.5638829932985037
634.0,-1.3830530971620911,0.5583415297805203
634.1,-1.3801554307497714,0.5528055879626154
634.2,-1.377246552237671,0.5472751903922437
634.3,-1.3743264722094184,0.5417503597862364
634.4000000000001,-1.3713952014144726,0.5362311190386262
634.5,-1.36845275036964,0.530717490514577
634.6,-1.36549912996112,0.5252094971590339
634.7,-1.3625343507976482,0.5197071612965124
634.8,-1.3595584238608776,0.5142105058293505
634.9000000000001,-1.3565713598939988,0.5087195531334769
635.0,-1.3535731698097218,0.5032343257593993
635.1,-1.3505638646461198,0.49775484642580164
635.2,-1.34754345531736,0.49228113747673485
635.3,-1.3445119528653202,0.4868132214231996
635.4000000000001,-1.3414693685013181,0.4813511209501512
635.5,-1.3384157131933,0.475894858218146
635.6,-1.3353509982903633,0.4704444559602847
635.7,-1.332275234851617,0.4649999362946413
635.8,-1.3291884343207974,0.459561321909799
635.9000000000001,-1.3260906078925219,0.4541286349725562
636.0,-1.3229817669344852,0.4487018978209443
636.1,-1.319861922943168,0.4432811329587068
636.2,-1.3167310872836036,0.4378663625173263
636.3,-1.3135892714518969,0.43245760879272604
636.4000000000001,-1.310436487117119,0.42705489425144155
636.5,-1.30727274569443,0.421658240840327
636.6,-1.3040980589916606,0.416267671071313
636.7,-1.3009124385143276,0.4108832068469365
636.8,-1.297715896164042,0.4055048706327
636.9000000000001,-1.2945084435828038,0.4001326843771544
637.0,-1.2912900925891708,0.3947666701966778
637.1,-1.288060855133829,0.3894068503708306
637.2,-1.284820743028522,0.3840532468094214
637.3,-1.2815697682194038,0.37870588158412133
637.4000000000001,-1.2783079428290638,0.37336477693380665
637.5,-1.27503527871568,0.368029954582606
637.6,-1.2717517881415625,0.36270143681202194
637.7,-1.2684574830543738,0.35737924530003984
637.8,-1.2651523758092709,0.352063402279838
637.9000000000001,-1.261836478491393,0.346753929472696
638.0,-1.2585098033658386,0.3414508487642304
638.1,-1.2551723628331286,0.3361541822006383
638.2,-1.2518241691473937,0.33086395146104236
638.3,-1.2484652347004557,0.3255801783837814
638.4000000000001,-1.245095572063982,0.32030288497091386
638.5,-1.24171519353484,0.315032092714896
638.6,-1.2383241118252877,0.3097678236576131
638.7,-1.234922339320789,0.3045100992435964
638.8,-1.2315098888255023,0.29925894146452414
638.9000000000001,-1.2280867728632687,0.29401437180545437
639.0,-1.2246530041412076,0.288776411912228
639.1,-1.2212085955051093,0.28354508358859287
639.2,-1.2177535596470186,0.2783204082740527
639.3,-1.2142879093998775,0.2731024075646131
639.4000000000001,-1.2108116577797634,0.2678911032164403
639.5,-1.20732481751773,0.26268651648146
639.6,-1.2038274017712958,0.2574886691528596
639.7,-1.2003194233591612,0.2522975824328413
639.8,-1.196800895529797,0.24711327806255864
639.9000000000001,-1.1932718312410902,0.24193577728196292
640.0,-1.1897322436374977,0.23676510148817392
640.1,-1.1861821460053636,0.23160127223350843
640.2,-1.1826215514699459,0.2264443107090186
640.3,-1.1790504733005618,0.22129423825946087
640.4000000000001,-1.1754689249529071,0.21615107638610645
640.5,-1.1718769195875,0.211014846091595
640.6,-1.1682744708022759,0.2058855689114168
640.7,-1.1646615918444068,0.2007632657966969
640.8,-1.1610382964017738,0.195647958229059
640.9000000000001,-1.1574045978615255,0.1905396671945989
641.0,-1.1537605098005892,0.1854384138328883
641.1,-1.1501060459409411,0.18034421943589846
641.2,-1.1464412198361853,0.17525710493745747
641.3,-1.1427660451870925,0.1701770914222573
641.4000000000001,-1.1390805358839826,0.1651042001278096
641.5,-1.13538470551195,0.160038451798764
641.6,-1.1316785681043275,0.15497986770404218
641.7,-1.1279621373318267,0.14992846853500408
641.8,-1.124235427316642,0.14488427550486252
641.9000000000001,-1.1204984518702237,0.13984730933718864
642.0,-1.1167512249969314,0.13481759090526127
642.1,-1.112993760849266,0.12979514123189617
642.2,-1.1092260734041157,0.12477998098503865
642.3,-1.1054481767886049,0.11977213098059236
642.4000000000001,-1.101660085322549,0.11477161218352518
642.5,-1.09786181301056,0.109778445071917
642.6,-1.0940533743160807,0.10479265063928996
642.7,-1.0902347833283186,0.09981424930870293
642.8,-1.0864060545984913,0.09484326201615778
642.9000000000001,-1.082567202357235,0.08987970921413313
643.0,-1.078718241031114,0.08492361150097529
643.1,-1.0748591851978404,0.07997498962162655
643.2,-1.0709900492523772,0.07503386396957641
643.3,-1.067110847742955,0.07010025508332687
643.4000000000001,-1.0632215954135367,0.06517418364663789
643.5,-1.05932230668298,0.0602556698625034
643.6,-1.055412996439484,0.05534473444035368
643.7,-1.0514936791854472,0.0504413975264846
643.8,-1.047564369895701,0.04554567977101781
643.9000000000001,-1.043625083214712,0.04065760134684037
644.0,-1.0396758339858467,0.035777182568821946
644.1,-1.0357166372066025,0.030904443895440493
644.2,-1.0317475076846385,0.026039405437283187
644.3,-1.027768460383823,0.02118208744691515
644.4000000000001,-1.0237795104667138,0.016332510318284532
644.5,-1.01978067276106,0.011490693970964
644.6,-1.0157719625742072,0.006656658821666714
644.7,-1.0117533948163244,0.0018304247315654542
644.8,-1.0077249848802199,-0.0029879879436648387
644.9000000000001,-1.003686747818709,-0.007798559319106637
645.0,-0.9996386988863932,-0.012601269371802306
645.1,-0.9955808534949195,-0.01739609793823269
645.2,-0.9915132268590826,-0.022183025199069072
645.3,-0.9874358343527642,-0.026962031196091918
645.4000000000001,-0.9833486915514205,-0.031733095833635906
645.5,-0.979251813686127,-0.0364961994838455
645.6,-0.9751452164776111,-0.04125132203119007
645.7,-0.9710289152382132,-0.04599844390787889
645.8,-0.9669029257729339,-0.050737545061147554
645.9000000000001,-0.962767263537254,-0.055468605902319376
646.0,-0.9586219441912771,-0.06019160670867067
646.1,-0.9544669835550088,-0.06490652762002043
646.2,-0.9503023972446396,-0.06961334911654608
646.3,-0.9461282010382721,-0.07431205154268095
646.4000000000001,-0.9419444109184012,-0.07900261510940432
646.5,-0.937751042513674,-0.083685020488744
646.6,-0.9335481119522835,-0.08835924787471815
646.7,-0.9293356349429607,-0.09302527800106765
646.8,-0.925113627696941,-0.09768309112628787
646.9000000000001,-0.920882106066548,-0.10233266796609164
647.0,-0.9166410861114686,-0.10697398910620795
647.1,-0.9123905840540876,-0.11160703499807288
647.2,-0.908130615906099,-0.11623178642949465
647.3,-0.903861197843874,-0.12084822405574283
647.4000000000001,-0.8995823462509062,-0.12545632840268997
647.5,-0.895294077147504,-0.130056080450301
647.6,-0.8909964070632274,-0.13464746071040987
647.7,-0.8866893520972696,-0.13923045022630526
647.8,-0.8823729288609754,-0.14380502957595984
647.9000000000001,-0.8780471535974976,-0.1483711797875445
648.0,-0.873712042760028,-0.15292888176333722
648.1,-0.869367612967199,-0.1574781162745299
648.2,-0.8650138806201515,-0.16201886442458155
648.3,-0.8606508622873973,-0.16655110718767366
648.4000000000001,-0.856278574747217,-0.17107482541269398
648.5,-0.851897034405518,-0.175590000395483
648.6,-0.8475062581869689,-0.18009661297381918
648.7,-0.8431062625751098,-0.1845946445084656
648.8,-0.8386970645750915,-0.1890840759049934
648.9000000000001,-0.8342786808147563,-0.19356488851192713
649.0,-0.8298511281345562,-0.19803706355607745
649.1,-0.8254144235430564,-0.20250058213644231
649.2,-0.8209685838246323,-0.2069554256800053
649.3,-0.8165136259336526,-0.21140157548780347
649.4000000000001,-0.8120495670367922,-0.21583901273977776
649.5,-0.807576423919335,-0.22026771905545
649.6,-0.8030942138946505,-0.2246876756065332
649.7,-0.7986029538243418,-0.22909886407908076
649.8,-0.7941026611009097,-0.23350126571424662
649.9000000000001,-0.789593352730565,-0.23789486218870687
650.0,-0.7850750459346199,-0.24227963506165354
650.1,-0.7805477581051082,-0.2466555657677959
650.2,-0.7760115064032462,-0.2510226360654335
650.3,-0.7714663081628056,-0.2553808275902877
650.4000000000001,-0.7669121809323433,-0.2597301218612009
650.5,-0.762349141870127,-0.264070500829086
650.6,-0.7577772086716128,-0.2684019460074944
650.7,-0.7531963985700746,-0.27272443941541363
650.8,-0.7486067293387114,-0.2770379626374619
650.9000000000001,-0.7440082183556517,-0.28134249768612274
651.0,-0.7394008832165077,-0.285638026460696
651.1,-0.7347847416901355,-0.2899245307394008
651.2,-0.7301598113080492,-0.2942019926194947
651.3,-0.7255261097768229,-0.2984703940790771
651.4000000000001,-0.7208836550202053,-0.3027297169836449
651.5,-0.716232464562899,-0.306979943623069
651.6,-0.7115725564756994,-0.3112210558604955
651.7,-0.7069039483569688,-0.31545303605539465
651.8,-0.7022266583538402,-0.319675866143557
651.9000000000001,-0.697540704209699,-0.3238895284808469
652.0,-0.6928461038877436,-0.32809400531426797
652.1,-0.6881428755268835,-0.3322892787731808
652.2,-0.6834310370222191,-0.33647533130133334
652.3,-0.6787106064463577,-0.3406521452267755
652.4000000000001,-0.6739816020914173,-0.3448197027692534
652.5,-0.669244041841824,-0.348977986565048
652.6,-0.6644979441367894,-0.3531269788345328
652.7,-0.659743326933047,-0.35726666228506376
652.8,-0.6549802087447215,-0.3613970192111963
652.9000000000001,-0.6502086076736703,-0.36551803231959806
653.0,-0.6454285420438012,-0.3696296842124439
653.1,-0.640640030357135,-0.37373195737775017
653.2,-0.6358430908655205,-0.3778248346131291
653.3,-0.6310377420006782,-0.38190829860401737
653.4000000000001,-0.6262240024160676,-0.3859823319319157
653.5,-0.621401890349003,-0.390046917586813
653.6,-0.6165714246000608,-0.3941020381537781
653.7,-0.6117326234774562,-0.3981476766953475
653.8,-0.606885505855211,-0.40218381587229535
653.9000000000001,-0.6020300901867135,-0.40621043874937846
654.0,-0.5971663951495622,-0.41022752829126863
654.1,-0.5922944396018018,-0.4142350673520107
654.2,-0.5874142421450225,-0.41823303909033743
654.3,-0.5825258215629844,-0.42222142655637657
654.4000000000001,-0.5776291968633366,-0.4262002127007205
654.5,-0.572724386629281,-0.430169380874235
654.6,-0.5678114100155457,-0.43412891403403864
654.7,-0.5628902856748018,-0.4380787956049854
654.8,-0.5579610328337218,-0.4420190086213876
654.9000000000001,-0.5530236702901417,-0.4459495365132328
655.0,-0.5480782170681716,-0.44987036261488395
655.1,-0.543124692374631,-0.453781470153659
655.2,-0.5381631151537121,-0.45768284265651776
655.3,-0.5331935045340003,-0.46157446354543086
655.4000000000001,-0.5282158798700248,-0.4654563161472874
655.5,-0.523230260083733,-0.469328384180871
655.6,-0.5182366646766309,-0.47319065098254903
655.7,-0.5132351126386835,-0.47704310034649433
655.8,-0.5082256235418369,-0.48088571568771965
655.9000000000001,-0.5032082165211142,-0.484718480808467
656.0,-0.4981829109398158,-0.48854137941984066
656.1,-0.4931497263461602,-0.4923543951295181
656.2,-0.4881086820196496,-0.4961575118396547
656.3,-0.4830597974263273,-0.4999507133510818
656.4000000000001,-0.4780030922601489,-0.5037339833740455
656.5,-0.472938585774525,-0.507507306002133
656.6,-0.46786629781023475,-0.5112706649580178
656.7,-0.46278624768721005,-0.5150240444120593
656.8,-0.45769845531511444,-0.5187674281670108
656.9000000000001,-0.45260294015881614,-0.5225008004042083
657.0,-0.44749972191333587,-0.5262241452184032
657.1,-0.44238882046073735,-0.5299374466045957
657.2,-0.4372702554084214,-0.5336406888469476
657.3,-0.43214404655238847,-0.5373338561320169
657.4000000000001,-0.4270102139183944,-0.5410169325603367
657.5,-0.421868777083907,-0.544689902607034
657.6,-0.4167197562213189,-0.5483527503879945
657.7,-0.4115631709730755,-0.5520054604564865
657.8,-0.40639904157887236,-0.555648017009879
657.9000000000001,-0.40122738782590767,-0.5592804046153189
658.0,-0.39604822973332754,-0.5629026077579579
658.1,-0.3908615875093681,-0.5665146108269141
658.2,-0.38566748108173543,-0.570116398495049
658.3,-0.38046593056874206,-0.5737079553413669
658.4000000000001,-0.37525695632023376,-0.5772892658634283
658.5,-0.370040578230142,-0.580860314924519
658.6,-0.3648168167947119,-0.5844210870404742
658.7,-0.35958569197128865,-0.5879715671540572
658.8,-0.3543472243217579,-0.5915117398639811
658.9000000000001,-0.349101433948033,-0.5950415901297584
659.0,-0.34384834118564145,-0.5985611028335459
659.1,-0.33858796656115575,-0.6020702627652353
659.2,-0.33332033031488284,-0.6055690549929132
659.3,-0.3280454528796706,-0.6090574644945989
659.4000000000001,-0.32276335492158353,-0.6125354761714836
659.5,-0.317474056643325,-0.616003075281459
659.6,-0.3121775788570313,-0.6194602467469299
659.7,-0.3068739418272418,-0.6229069759065562
659.8,-0.30156316643009085,-0.6263432477669619
659.9000000000001,-0.2962452730743871,-0.6297690476864555
660.0,-0.2909202824041695,-0.6331843609506472
660.1,-0.28558821525641864,-0.6365891727566855
660.2,-0.28024909217618343,-0.6399834685742651
660.3,-0.2749029339029243,-0.6433672337868367
660.4000000000001,-0.26954976141094455,-0.6467404537056594
660.5,-0.264189595203876,-0.650103113989532
660.6,-0.2588224564016647,-0.6534551999738838
660.7,-0.2534483655681983,-0.6567966973995326
660.8,-0.24806734388576665,-0.660127591687422
660.9000000000001,-0.24267941206215685,-0.6634478686009204
661.0,-0.23728459104190855,-0.6667575138353886
661.1,-0.23188290196432743,-0.6700565130015648
661.2,-0.22647436567124685,-0.6733448519769638
661.3,-0.22105900320069086,-0.6766225165567259
661.4000000000001,-0.21563683582703616,-0.6798894924684838
661.5,-0.210207884346896,-0.683145765778082
661.6,-0.20477217017984262,-0.6863913222402451
661.7,-0.19932971418111808,-0.689626148004069
661.8,-0.19388053783093892,-0.6928502289110633
661.9000000000001,-0.1884246621280277,-0.6960635511357666
662.0,-0.18296210830929524,-0.6992661007894225
662.1,-0.17749289780816618,-0.7024578639025271
662.2,-0.17201705175515253,-0.7056388267664828
662.3,-0.1665345914786606,-0.7088089755942206
662.4000000000001,-0.16104553854487594,-0.7119682965358695
662.5,-0.155549914035312,-0.715116776070308
662.6,-0.15004773966083867,-0.7182544003776747
662.7,-0.14453903655994374,-0.7213811560212964
662.8,-0.13902382650241726,-0.7244970292693378
662.9000000000001,-0.13350213076975653,-0.7276020067134474
663.0,-0.12797397088297544,-0.730696074886731
663.1,-0.12243936856127063,-0.7337792202454566
663.2,-0.11689834521562012,-0.7368514295008085
663.3,-0.1113509224565194,-0.7399126892894414
663.4000000000001,-0.10579712213356361,-0.7429629861899518
663.5,-0.10023696560496,-0.74600230710007
663.6,-0.09467047486441245,-0.7490306386313168
663.7,-0.08909767132545299,-0.7520479677670204
663.8,-0.08351857703894712,-0.7550542812079346
663.9000000000001,-0.07793321356087667,-0.7580495659686018
664.0,-0.07234160268798172,-0.7610338090097957
664.1,-0.06674376641676921,-0.7640069972194026
664.2,-0.061139726430339866,-0.7669691177341275
664.3,-0.05552950461285761,-0.7699201576201177
664.4000000000001,-0.049913123088810546,-0.7728601038902322
664.5,-0.0442906034847763,-0.77578894386672
664.6,-0.03866196806872929,-0.7787066645982579
664.7,-0.03302723852085699,-0.7816132534938314
664.8,-0.02738643716455807,-0.7845086976925062
664.9000000000001,-0.021739585821865404,-0.7873929846373462
665.0,-0.016086706556724048,-0.7902661017224472
665.1,-0.010427821634386264,-0.7931280362729852
665.2,-0.004762953001635233,-0.7959787758567459
665.3,0.0009078771922403383,-0.7988183079749732
665.4000000000001,0.006584646556523486,-0.8016466200804339
665.5,0.012267333204685,-0.804463699925379
665.6,0.017955914603175627,-0.8072695350012611
665.7,0.023650368813603682,-0.8100641131481779
665.8,0.029350673248791318,-0.8128474219491081
665.9000000000001,0.03505680582914783,-0.815619449281072
666.0,0.04076874423212589,-0.8183801829769561
666.1,0.046486465932438506,-0.821129610804739
666.2,0.0522099487282145,-0.8238677207686974
666.3,0.057939170213687906,-0.8265945008106041
666.4000000000001,0.06367410774063535,-0.8293099388285805
666.5,0.0694147391711582,-0.832014023010215
666.6,0.07516104171490778,-0.8347067412951723
666.7,0.08091299318389364,-0.8373880819599614
666.8,0.08667057073598142,-0.8400580330368816
666.9000000000001,0.09243375204265127,-0.8427165828421912
667.0,0.09820251453148605,-0.8453637196528703
667.1,0.10397683542597332,-0.8479994316850324
667.2,0.10975669227783771,-0.8506237073846783
667.3,0.11554206243360245,-0.8532365351393706
667.4000000000001,0.12133292299639468,-0.8558379032978645
667.5,0.127129251585604,-0.858427800488244
667.6,0.1329310251630287,-0.8610062151036655
667.7,0.13873822129972982,-0.8635731358621582
667.8,0.14455081690758995,-0.8661285512505861
667.9000000000001,0.150368789417873,-0.8686724500295455
668.0,0.15619211601712463,-0.8712048209252355
668.1,0.1620207736865478,-0.8737256526070679
668.2,0.16785473974026496,-0.8762349339678368
668.3,0.17369399128594734,-0.8787326538459768
668.4000000000001,0.17953850518701925,-0.8812188010459661
668.5,0.185388258828958,-0.883693364641387
668.6,0.19124322893472545,-0.8861563334839723
668.7,0.19710339284323045,-0.8886076967382271
668.8,0.20296872722939185,-0.891047443350623
668.9000000000001,0.20883920929313957,-0.8934755625310393
669.0,0.21471481598892928,-0.8958920434598524
669.1,0.2205955240646794,-0.8982968752647479
669.2,0.22648131060579652,-0.9006900472901835
669.3,0.23237215249009768,-0.9030715488303823
669.4000000000001,0.23826802635039707,-0.9054413691504958
669.5,0.24416890934708,-0.907799497774384
669.6,0.25007477797344346,-0.9101459240172859
669.7,0.25598560934511994,-0.9124806374949517
669.8,0.26190137990922313,-0.9148036276183337
669.9000000000001,0.26782206664329267,-0.9171148840513564
670.0,0.27374764627873865,-0.9194143964333475
670.1,0.27967809533932625,-0.9217021543550641
670.2,0.2856133906907395,-0.923978147617339
670.3,0.2915535089900122,-0.9262423659749135
670.4000000000001,0.2974984266485315,-0.9284947991583538
670.5,0.303448120610577,-0.930735437146445
670.6,0.3094025671489832,-0.9329642697226488
670.7,0.31536174316511095,-0.9351812869585612
670.8,0.3213256248875172,-0.9373864787343096
670.9000000000001,0.3272941890804049,-0.9395798351724463
671.0,0.3332674122612759,-0.9417613463758416
671.1,0.3392452707389557,-0.94393100240294
671.2,0.34522774116850935,-0.9460887935154813
671.3,0.35121479999537086,-0.9482347099332767
671.4000000000001,0.3572064234187648,-0.9503687418568695
671.5,0.363202588175932,-0.952490879724424
671.6,0.3692032703285758,-0.9546011137921714
671.7,0.3752084465728647,-0.9566994345919709
671.8,0.3812180929281532,-0.9587858324776349
671.9000000000001,0.38723218595443754,-0.9608602980347387
672.0,0.3932507019645562,-0.9629228218341115
672.1,0.39927361706172787,-0.9649733944063239
672.2,0.4053009076995733,-0.9670120064783657
672.3,0.4113325501211887,-0.9690386487394831
672.4000000000001,0.41736852032301214,-0.9710533118645774
672.5,0.4234087948444,-0.973055986755468
672.6,0.42945334954535763,-0.9750466641455171
672.7,0.4355021609260226,-0.9770253350310805
672.8,0.44155520480596944,-0.9789919902439672
672.9000000000001,0.4476124575502536,-0.9809466208370097
673.0,0.4536738952763806,-0.9828892178532258
673.1,0.45973949389135493,-0.9848197722995523
673.2,0.46580922965663357,-0.9867382753723939
673.3,0.4718830786223384,-0.9886447182346155
673.4000000000001,0.477961016591574,-0.990539092039668
673.5,0.484043019915058,-0.992421388157118
673.6,0.490129064260603,-0.9942915978016271
673.7,0.4962191259415917,-0.996149712438108
673.8,0.5023131805873682,-0.9979957233805078
673.9000000000001,0.5084112043773283,-0.9998296221529317
674.0,0.5145131732430673,-1.0016514002746313
674.1,0.5206190629048979,-1.0034610492329834
674.2,0.5267288494414475,-1.005258560697781
674.3,0.5328425087193027,-1.0070439263094948
674.4000000000001,0.5389600163578225,-1.0088171377041342
674.5,0.545081348528396,-1.01057818672293
674.6,0.5512064807162141,-1.0123270650658138
674.7,0.5573353890572826,-1.01406376467013
674.8,0.5634680490003258,-1.0157882773358942
674.9000000000001,0.5696044365484793,-1.0175005950623497
675.0,0.5757445274569205,-1.01920070984884
675.1,0.5818882972688489,-1.0208886136670412
675.2,0.5880357218895333,-1.0225642986639116
675.3,0.5941867770115555,-1.0242277569613507
675.4000000000001,0.600341438080112,-1.0258789806817668
675.5,0.606499681096694,-1.02751796214173
675.6,0.6126614813735801,-1.0291446935302588
675.7,0.6188268148787909,-1.0307591672608032
675.8,0.6249956568901583,-1.0323613756232313
675.9000000000001,0.6311679832440091,-1.0339513110955438
676.0,0.6373437695286831,-1.0355289661608245
676.1,0.6435229911199539,-1.0370943332787517
676.2,0.6497056237592462,-1.0386474050770924
676.3,0.6558916429747369,-1.0401881741627774
676.4000000000001,0.6620810240471727,-1.0417166331481698
676.5,0.668273742817633,-1.04323277482878
676.6,0.6744697744352424,-1.0447365918862839
676.7,0.6806690947095438,-1.046228077213745
676.8,0.6868716787572314,-1.0477072235943985
676.9000000000001,0.693077502257412,-1.049174023988528
677.0,0.6992865406412394,-1.0506284713664444
677.1,0.705498769126778,-1.0520705586792822
677.2,0.7117141633012265,-1.053500279039004
677.3,0.7179326985380448,-1.0549176255410087
677.4000000000001,0.7241543499632767,-1.0563225912910927
677.5,0.730379093267165,-1.05771516956701
677.6,0.7366069034455371,-1.059095353546499
677.7,0.7428377561590176,-1.0604631366055335
677.8,0.7490716263730127,-1.0618185120241257
677.9000000000001,0.7553084896190398,-1.0631614732480654
678.0,0.7615483211807974,-1.0644920137381686
678.1,0.7677910961284551,-1.0658101269403593
678.2,0.7740367899046383,-1.0671158064540145
678.3,0.7802853777378453,-1.0684090458662234
678.4000000000001,0.7865368346093012,-1.069689838779435
678.5,0.792791136068026,-1.0709581789568
678.6,0.7990482569664373,-1.0722140600753531
678.7,0.8053081728259012,-1.0734574759970799
678.8,0.8115708584704558,-1.0746884205019016
678.9000000000001,0.8178362892937292,-1.0759068875242452
679.0,0.8241044404417543,-1.0771128710185172
679.1,0.8303752868466793,-1.0783063649284976
679.2,0.8366488038163,-1.0794873633440234
679.3,0.8429249664439811,-1.080655860346922
679.4000000000001,0.8492037495760447,-1.0818118500393157
679.5,0.855485128629984,-1.08295532667272
679.6,0.8617690783247796,-1.0840862844264656
679.7,0.8680555740522456,-1.0852047176514736
679.8,0.8743445905050397,-1.0863106206305357
679.9000000000001,0.8806361029486576,-1.0874039877896278
680.0,0.8869300864013353,-1.08848481357964
680.1,0.8932265156671535,-1.089553092445101
680.2,0.8995253659288686,-1.090608818969131
680.3,0.9058266121545886,-1.0916519877311301
680.4000000000001,0.912130229065721,-1.0926825933357442
680.5,0.918436191957991,-1.09370063052563
680.6,0.9247444754269917,-1.0947060939852058
680.7,0.9310550547447367,-1.0956989785570708
680.8,0.9373679044825356,-1.0966792790296576
680.9000000000001,0.9436829997876067,-1.0976469903231691
681.0,0.9500003155603112,-1.0986021073876766
681.1,0.956319826486653,-1.0995446251711705
681.2,0.9626415076342101,-1.1004745387526855
681.3,0.9689653338557822,-1.1013918432118428
681.4000000000001,0.9752912797579035,-1.1022965336584603
681.5,0.981619320524348,-1.10318860532888
681.6,0.987949430637402,-1.1040680534152334
681.7,0.9942815852591271,-1.1049348732543234
681.8,1.0006157588496036,-1.1057890601428066
681.9000000000001,1.0069519264476194,-1.1066306094975962
682.0,1.0132900628456472,-1.1074595167704364
682.1,1.0196301426216983,-1.1082757774152896
682.2,1.025972140738055,-1.109079387009557
682.3,1.0323160319422042,-1.1098703411355182
682.4000000000001,1.0386617907359512,-1.1106486354105827
682.5,1.04500939220096,-1.11141426556718
682.6,1.0513588107163545,-1.112167227307547
682.7,1.05771002134414,-1.1129075164650253
682.8,1.0640629984433192,-1.1136351288468516
682.9000000000001,1.0704177169541884,-1.114350060368973
683.0,1.0767741515713534,-1.1150523069871094
683.1,1.0831322767749387,-1.1157418646634856
683.2,1.0894920674319242,-1.1164187294760939
683.3,1.0958534981945447,-1.1170828975121196
683.4000000000001,1.1022165434699878,-1.1177343648988305
683.5,1.10858117824774,-1.1183731278669
683.6,1.1149473768139775,-1.1189991826308563
683.7,1.1213151141405504,-1.1196125255227496
683.8,1.1276843644956591,-1.120213152862552
683.9000000000001,1.1340551027310182,-1.120801061067338
684.0,1.140427303453447,-1.1213762465988948
684.1,1.1468009410553992,-1.1219387059298136
684.2,1.153175990318558,-1.1224884356407363
684.3,1.1595524258099752,-1.1230254323257987
684.4000000000001,1.1659302218524181,-1.1235496926241242
684.5,1.17230935335319,-1.12406121326662
684.6,1.1786897945157453,-1.1245599909821506
684.7,1.185071520231788,-1.1250460226033585
684.8,1.1914545046888938,-1.1255193049649177
684.9000000000001,1.1978387226603062,-1.125979834986961
685.0,1.2042241486751777,-1.1264276096392332
685.1,1.2106107570484397,-1.1268626259065722
685.2,1.2169985224865765,-1.1272848808741134
685.3,1.2233874194816234,-1.1276943716447816
685.4000000000001,1.2297774222821036,-1.128091095371392
685.5,1.23616850572317,-1.12847504928688
685.6,1.2425606439358876,-1.1288462306361995
685.7,1.248953811741775,-1.1292046367543584
685.8,1.2553479832581331,-1.1295502649925073
685.9000000000001,1.2617431331897706,-1.1298831127754936
686.0,1.2681392359983357,-1.130203177582713
686.1,1.2745362659315118,-1.1305104569129696
686.2,1.2809341976306396,-1.1308049483575244
686.3,1.2873330055229173,-1.1310866495297232
686.4000000000001,1.2937326637929838,-1.1313555580977035
686.5,1.30013314721385,-1.131611671798
686.6,1.306534429854475,-1.1318549883932618
686.7,1.3129364864762973,-1.13208550572239
686.8,1.319339291136647,-1.1323032216545206
686.9000000000001,1.3257428184820215,-1.1325081341207748
687.0,1.3321470429167714,-1.132700241111685
687.1,1.3385519386316045,-1.1328795406414687
687.2,1.344957480212848,-1.133046030808969
687.3,1.3513636420330921,-1.133199709739404
687.4000000000001,1.357770398223409,-1.1333405756176382
687.5,1.36417772350472,-1.13346862668518
687.6,1.3705855918942769,-1.1335838612237474
687.7,1.3769939781035203,-1.1336862775774874
687.8,1.383402856140186,-1.1337758741348565
687.9000000000001,1.3898122006025675,-1.1338526493345507
688.0,1.3962219858479545,-1.133916601679528
688.1,1.4026321860204183,-1.1339677297007016
688.2,1.409042775661461,-1.1340060320057257
688.3,1.415453729099291,-1.1340315072329117
688.4000000000001,1.421865020421709,-1.134044154085065
688.5,1.42827662430773,-1.13404397130985
688.6,1.434688514733284,-1.1340309577092347
688.7,1.4411006663698736,-1.1340051121337331
688.8,1.44751305318609,-1.1339664334922743
688.9000000000001,1.4539256497421904,-1.1339149207322117
689.0,1.4603384303586548,-1.1338505728700021
689.1,1.4667513691432694,-1.1337733889543362
689.2,1.4731644406028788,-1.133683368102704
689.3,1.4795776190315986,-1.133580509467539
689.4000000000001,1.4859908784843738,-1.1334648122706037
689.5,1.4924041936084,-1.13333627576668
689.6,1.4988175383486957,-1.1331948992789538
689.7,1.505230887347045,-1.1330406821652352
689.8,1.511644214543229,-1.1328736238558639
689.9000000000001,1.5180574944697,-1.1326937238077273
690.0,1.5244707014204428,-1.1325009815516567
690.1,1.530883809477303,-1.1322953966549965
690.2,1.537296793122662,-1.1320769687458938
690.3,1.5437096266268457,-1.1318456974917206
690.4000000000001,1.5501222840223738,-1.1316015826340036
690.5,1.55653473993477,-1.1313446239354
690.6,1.5629469682885828,-1.1310748212410737
690.7,1.5693589437060191,-1.1307921744168696
690.8,1.5757706401085327,-1.1304966834152244
690.9000000000001,1.582182032010966,-1.1301883482032828
691.0,1.5885930936910984,-1.1298671688269117
691.1,1.5950037992152357,-1.1295331453727424
691.2,1.6014141230515597,-1.1291862779802437
691.3,1.60782403945692,-1.1288265668323365
691.4000000000001,1.6142335224517788,-1.1284540121908335
691.5,1.6206425466502,-1.12806861432689
691.6,1.6270510859667047,-1.1276703736081937
691.7,1.6334591150141364,-1.1272592904091345
691.8,1.6398666077060922,-1.1268353652047542
691.9000000000001,1.6462735385499871,-1.1263985984729448
692.0,1.652679881817721,-1.1259489907750764
692.1,1.6590856115704928,-1.1254865427175227
692.2,1.6654907022725327,-1.1250112549514535
692.3,1.6718951281775418,-1.1245231281757468
692.4000000000001,1.678298863304349,-1.1240221631729428
692.5,1.68470188226576,-1.12350836072301
692.6,1.6911041589767617,-1.122981721716493
692.7,1.6975056680509735,-1.1224422470366728
692.8,1.703906383404636,-1.1218899376814837
692.9000000000001,1.7103062795480095,-1.121324794639837
693.0,1.7167053307574318,-1.1207468189888607
693.1,1.7231035110993946,-1.1201560118549099
693.2,1.7295007950444508,-1.1195523744010722
693.3,1.7358971568535002,-1.118935907842383
693.4000000000001,1.7422925705541639,-1.118306613482281
693.5,1.74868701076821,-1.11766449260971
693.6,1.7550804514215539,-1.1170095466381913
693.7,1.761472867138834,-1.11634177696001
693.8,1.7678642318493851,-1.1156611850960816
693.9000000000001,1.774254520076563,-1.114967772546417
694.0,1.7806437061115,-1.1142615409039445
694.1,1.7870317640364037,-1.1135424918150292
694.2,1.7934186683384044,-1.1128106269547093
694.3,1.7998043932959673,-1.1120659480541626
694.4000000000001,1.8061889129559643,-1.1113084569376375
694.5,1.81257220195927,-1.11053815540304
694.6,1.8189542342533012,-1.1097550453867977
694.7,1.8253349844838658,-1.108959128790089
694.8,1.8317144266039196,-1.108150407656707
694.9000000000001,1.8380925351601427,-1.1073288839976303
695.0,1.8444692844688053,-1.106494559921417
695.1,1.850844648638284,-1.105647437594266
695.2,1.8572186021825423,-1.104787519202954
695.3,1.8635911194079466,-1.103914806994586
695.4000000000001,1.8699621743910892,-1.1030293033140013
695.5,1.8763317418022,-1.1021310104678
695.6,1.8826997956206033,-1.1012199309150108
695.7,1.8890663105235486,-1.100296067065434
695.8,1.895431260498079,-1.09935942148541
695.9000000000001,1.9017946201244573,-1.0984099966965133
696.0,1.9081563637544388,-1.0974477953225783
696.1,1.9145164655329823,-1.0964728200492746
696.2,1.9208749000111556,-1.0954850735746855
696.3,1.9272316415336004,-1.094484558661418
696.4000000000001,1.9335866642170794,-1.0934712781744722
696.5,1.93993994277134,-1.09244523492865
696.6,1.9462914512181604,-1.091406431905111
696.7,1.9526411642763895,-1.090354872021757
696.8,1.958989055977653,-1.08929055836691
696.9000000000001,1.9653351009460598,-1.088213493972247
697.0,1.9716792735791893,-1.0871236819762873
697.1,1.978021548069012,-1.086021125583541
697.2,1.9843618990139638,-1.0849058280028332
697.3,1.9907003008072874,-1.08377779251164
697.4000000000001,1.9970367276163445,-1.0826370224943989
697.5,2.00337115420065,-1.08148352127352
697.6,2.009703554634882,-1.080317292351507
697.7,2.0160339036897073,-1.0791383391537286
697.8,2.022362175451762,-1.077946665289715
697.9000000000001,2.028688344599292,-1.0767422743004764
698.0,2.0350123855860374,-1.0755251698384443
698.1,2.041334272661357,-1.0742953556261747
698.2,2.0476539804813263,-1.0730528353824065
698.3,2.0539714834981435,-1.0717976128986464
698.4000000000001,2.0602867559401745,-1.070529692077891
698.5,2.06659977262689,-1.06924907674926
698.6,2.072910507696349,-1.067955770935758
698.7,2.0792189359812037,-1.0666497785692448
698.8,2.085525031633646,-1.0653311037794952
698.9000000000001,2.091828769396186,-1.0639997506159347
699.0,2.098130123789052,-1.062655723243909
699.1,2.1044290691294694,-1.0612990259029877
699.2,2.1107255801413247,-1.0599296628207944
699.3,2.117019631346074,-1.0585476383018217
699.4000000000001,2.1233111970435994,-1.0571529567665576
699.5,2.12960025212344,-1.05574562254977
699.6,2.135886770797451,-1.054325640193804
699.7,2.1421707279705218,-1.0528930141358837
699.8,2.1484520978707744,-1.0514477490249
699.9000000000001,2.1547308553152504,-1.0499898494174902
700.0,2.1610069749009657,-1.0485193199907203
700.1,2.167280431023342,-1.0470361654999842
700.2,2.1735511984843567,-1.0455403906805363
700.3,2.1798192518850352,-1.0440320003485966
700.4000000000001,2.186084565607089,-1.0425109994408785
700.5,2.19234711462035,-1.04097739279648
700.6,2.1986068732209074,-1.0394311854757432
700.7,2.204863816395992,-1.0378723824199905
700.8,2.211117918460158,-1.0363009887957886
700.9000000000001,2.2173691543151013,-1.0347170096656588
701.0,2.2236174986448956,-1.0331204502169788
701.1,2.2298629259335696,-1.031511315719501
701.2,2.236105411071384,-1.029889611414712
701.3,2.242344928749205,-1.0282553426290912
701.4000000000001,2.2485814534409427,-1.0266085148140323
701.5,2.25481496020684,-1.02494913331155
701.6,2.2610454234376682,-1.0232772036983862
701.7,2.267272818213104,-1.0215927314184508
701.8,2.2734971189445057,-1.0198957221543896
701.9000000000001,2.2797183006284474,-1.0181861814730468
702.0,2.2859363380463025,-1.0164641150704934
702.1,2.292151205781004,-1.0147295287291946
702.2,2.298362878821306,-1.0129824281952302
702.3,2.3045713319581824,-1.0112228193036872
702.4000000000001,2.310776539768031,-1.0094507080189188
702.5,2.31697847741165,-1.00766610018414
702.6,2.3231771193848636,-1.005869001890781
702.7,2.329372440869911,-1.0040594190835925
702.8,2.3355644163853073,-1.0022373579594832
702.9000000000001,2.341753021032645,-1.000402824587856
703.0,2.347938229700837,-0.9985558251716663
703.1,2.354120017082032,-0.9966963660042428
703.2,2.3602983582735817,-0.9948244533344003
703.3,2.366473228176788,-0.9929400935039522
703.4000000000001,2.3726446014809133,-0.9910432929883152
703.5,2.37881245345736,-0.989134058130019
703.6,2.3849767587173334,-0.987212395533188
703.7,2.3911374925556994,-0.9852783116414852
703.8,2.3972946296084845,-0.9833318131641086
703.9000000000001,2.403448145092404,-0.9813729066710012
704.0,2.4095980140140987,-0.9794015988699769
704.1,2.4157442111851957,-0.9774178965631983
704.2,2.4218867118217613,-0.9754218065001659
704.3,2.4280254909456245,-0.9734133355273287
704.4000000000001,2.4341605233691808,-0.9713924906290328
704.5,2.44029178448446,-0.969359278645039
704.6,2.446419249028377,-0.9673137066899858
704.7,2.4525428924184527,-0.965255781704328
704.8,2.458662689418545,-0.9631855109073107
704.9000000000001,2.464778615370528,-0.9611029013672603
705.0,2.4708906454089274,-0.959007960294616
705.1,2.4769987544751086,-0.9569006949980954
705.2,2.4831029179139055,-0.954781112725644
705.3,2.4892031108778108,-0.9526492208260675
705.4000000000001,2.495299308312611,-0.9505050267902958
705.5,2.50139148574097,-0.948348537953033
705.6,2.507479618035754,-0.9461797619370431
705.7,2.5135636807471693,-0.9439987061772447
705.8,2.519643648777079,-0.941805378400507
705.9000000000001,2.5257194976026334,-0.9395997861711479
706.0,2.5317912024963625,-0.937381937199798
706.1,2.537858738539499,-0.9351518392992667
706.2,2.5439220812156838,-0.9329095002134881
706.3,2.5499812058182,-0.9306549277911341
706.4000000000001,2.556036087436406,-0.9283881300271797
706.5,2.56208670173354,-0.926109114748779
706.6,2.5681330237286857,-0.9238178900842339
706.7,2.5741750291146293,-0.9215144639603869
706.8,2.5802126929415574,-0.9191988446090829
706.9000000000001,2.586245990831769,-0.9168710400880691
707.0,2.5922748982058557,-0.9145310586055286
707.1,2.598299390295132,-0.9121789084756763
707.2,2.604319442732005,-0.9098145979357933
707.3,2.610335030960589,-0.9074381353317272
707.4000000000001,2.616346130223984,-0.9050495291597316
707.5,2.6223527163359,-0.902648787736732
707.6,2.6283547644717906,-0.9002359196937617
707.7,2.634352250476976,-0.8978109334468596
707.8,2.6403451495600594,-0.8953738377300116
707.9000000000001,2.6463334374984666,-0.8929246410915992
708.0,2.6523170898708743,-0.8904633522345208
708.1,2.658296082068739,-0.8879899799715251
708.2,2.66427038988318,-0.8855045330303744
708.3,2.6702399889191555,-0.8830070202511948
708.4000000000001,2.6762048545835757,-0.88049745062858
708.5,2.68216496285051,-0.877975832966324
708.6,2.688120289061889,-0.8754421763952028
708.7,2.694070809225383,-0.8728964898175082
708.8,2.7000164987181936,-0.8703387824663065
708.9000000000001,2.7059573334826976,-0.867769063377654
709.0,2.7118932892656105,-0.8651873417461229
709.1,2.717824341628606,-0.8625936268799003
709.2,2.7237504665313783,-0.8599879279941762
709.3,2.729671639749663,-0.8573702544202622
709.4000000000001,2.73558783686423,-0.8547406156479374
709.5,2.74149903401932,-0.852099020964777
709.6,2.7474052067333803,-0.8494454799980798
709.7,2.7533063311862533,-0.8467800021332695
709.8,2.7592023829337524,-0.8441025970992538
709.9000000000001,2.765093338093061,-0.8414132744165624
710.0,2.7709791725888224,-0.8387120437681997
710.1,2.776859862162873,-0.83599891495452
710.2,2.782735382953349,-0.8332738976748783
710.3,2.788605710916674,-0.8305370017484726
710.4000000000001,2.7944708218173684,-0.8277882371569236
710.5,2.80033069197961,-0.825027613668294
710.6,2.8061852971084247,-0.8222551414029856
710.7,2.8120346135655248,-0.8194708302262332
710.8,2.817878617095303,-0.8166746903593332
710.9000000000001,2.8237172839995224,-0.8138667318039087
711.0,2.8295505903906113,-0.8110469647279547
711.1,2.8353785122004855,-0.8082153994205069
711.2,2.841201025755433,-0.8053720460616399
711.3,2.8470181072023935,-0.8025169149549392
711.4000000000001,2.8528297324996186,-0.7996500165702953
711.5,2.85863587816087,-0.796771361152783
711.6,2.864436520087652,-0.7938809593123027
711.7,2.8702316348332313,-0.7909788213903696
711.8,2.876021198340527,-0.7880649580970186
711.9000000000001,2.8818051871055665,-0.7851393799113842
712.0,2.887583577438316,-0.782202097482815
712.1,2.893356345470612,-0.7792531215853482
712.2,2.89912346772661,-0.7762924628761255
712.3,2.9048849205535276,-0.7733201321394211
712.4000000000001,2.910640680113161,-0.7703361403296419
712.5,2.91639072311849,-0.767340498165197
712.6,2.922135025677371,-0.7643332167416687
712.7,2.927873564544206,-0.7613143068731397
712.8,2.9336063158702723,-0.7582837797545235
712.9000000000001,2.939333256355514,-0.7552416463387005
713.0,2.945054362517147,-0.7521879177525349
713.1,2.950769610696695,-0.7491226052511761
713.2,2.9564789776257876,-0.7460457199649915
713.3,2.9621824398616146,-0.7429572731550561
713.4000000000001,2.967879973779286,-0.7398572762563377
713.5,2.97357155630054,-0.736745740456703
713.6,2.9792571637493728,-0.7336226773334005
713.7,2.9849367730908436,-0.7304880981691839
713.8,2.99061036069439,-0.7273420146397824
713.9000000000001,2.9962779034734024,-0.7241844381678556
714.0,3.0019393781619743,-0.721015380353753
714.1,3.00759476132103,-0.7178348529296553
714.2,3.0132440298991985,-0.714642867495118
714.3,3.018887160673252,-0.7114394357839321
714.4000000000001,3.0245241302413324,-0.7082245697074689
714.5,3.03015491574338,-0.70499828091899
714.6,3.0357794937292457,-0.7017605814732095
714.7,3.0413978413841316,-0.6985114831174232
714.8,3.047009935305279,-0.6952509980039595
714.9000000000001,3.0526157526290185,-0.6919791380210842
715.0,3.0582152703158867,-0.6886959152383925
715.1,3.0638084651558253,-0.6854013418608272
715.2,3.069395314323911,-0.6820954299529175
715.3,3.07497579482603,-0.6787781917168869
715.4000000000001,3.080549883492991,-0.675449639536141
715.5,3.08611755769231,-0.672109785525096
715.6,3.09167879420932,-0.6687586422115224
715.7,3.0972335704587253,-0.665396221802973
715.8,3.1027818632752306,-0.6620225369239071
715.9000000000001,3.1083236500274642,-0.6586375999238616
716.0,3.113858907911856,-0.6552414233372694
716.1,3.119387613956914,-0.6518340198373607
716.2,3.124909745573584,-0.6484154019492022
716.3,3.130425280006315,-0.6449855823389773
716.4000000000001,3.1359341943280405,-0.6415445738575992
716.5,3.14143646614321,-0.638092389076181
716.6,3.1469320724821555,-0.6346290409909653
716.7,3.152420990998393,-0.6311545422652673
716.8,3.157903198773623,-0.6276689059910269
716.9000000000001,3.1633786734180633,-0.6241721449745354
717.0,3.1688473923734195,-0.6206642722104508
717.1,3.1743093329162257,-0.6171453008356129
717.2,3.1797644727025682,-0.6136152438310178
717.3,3.185212789224827,-0.6100741143221508
717.4000000000001,3.190654259807541,-0.6065219256227021
717.5,3.19608886230127,-0.602958690755847
717.6,3.2015165739908222,-0.5993844231814959
717.7,3.2069373727777095,-0.5957991360140639
717.8,3.2123512360000452,-0.5922028428081548
717.9000000000001,3.217758141518887,-0.5885955568220638
718.0,3.2231580670305093,-0.5849772915058775
718.1,3.228550990068817,-0.5813480604552074
718.2,3.233936888544263,-0.5777078771021674
718.3,3.2393157402064254,-0.5740567550266917
718.4000000000001,3.2446875226407417,-0.5703947080003419
718.5,3.25005221395305,-0.566721749493513
718.6,3.2554097916920095,-0.5630378934248071
718.7,3.26076023401621,-0.5593431533548864
718.8,3.266103518529539,-0.5556375432959946
718.9000000000001,3.271439623353017,-0.5519210769535169
719.0,3.2767685264466837,-0.5481937682279797
719.1,3.282090205611083,-0.5444556311687232
719.2,3.2874046390201186,-0.5407066796540065
719.3,3.2927118046897528,-0.5369469277131637
719.4000000000001,3.298011680475613,-0.5331763895704972
719.5,3.30330424474779,-0.529395079138654
719.6,3.308589475328097,-0.5256030107897326
719.7,3.313867350641215,-0.5218001985256049
719.8,3.3191378485660215,-0.5179866568109422
719.9000000000001,3.324400947492548,-0.5141623997931283
720.0,3.329656625653693,-0.5103274418179555
720.1,3.3349048611257963,-0.506481797383259
720.2,3.3401456323552536,-0.5026254808082754
720.3,3.3453789176334876,-0.4987585065665178
720.4000000000001,3.3506046950954236,-0.494880889329728
720.5,3.35582294338439,-0.490992643447609
720.6,3.3610336406044743,-0.4870937837404057
720.7,3.3662367654553673,-0.48318432464597977
720.8,3.3714322961001253,-0.47926428107602953
720.9000000000001,3.3766202112066823,-0.47533366761465023
721.0,3.381800489289787,-0.4713924990475496
721.1,3.386973108710657,-0.4674407903156501
721.2,3.3921380481970784,-0.46347855617381156
721.3,3.397295286324908,-0.4595058115343119
721.4000000000001,3.4024448015174347,-0.45552257151084596
721.5,3.40758657270005,-0.451528850884808
721.6,3.41272057826816,-0.44752466491904974
721.7,3.4178467972053044,-0.44351002848201565
721.8,3.422965207967687,-0.4394849569268517
721.9000000000001,3.428075789510031,-0.4354494652689044
722.0,3.4331785206378465,-0.4314035687282545
722.1,3.43827338000615,-0.42734728268331185
722.2,3.4433603466329217,-0.42328062231903035
722.3,3.4484393993873366,-0.4192036029808658
722.4000000000001,3.4535105169899842,-0.41511624021880156
722.5,3.45857367865702,-0.411018549240373
722.6,3.4636288630841454,-0.4069105457453032
722.7,3.4686760495474322,-0.4027922450270502
722.8,3.473715216805209,-0.39866366287445415
722.9000000000001,3.478746344107652,-0.394524814728454
723.0,3.48376941055981,-0.3903757162377821
723.1,3.488784395119384,-0.38621638321256535
723.2,3.493791277103245,-0.3820468312621472
723.3,3.4987900356826187,-0.3778670761593889
723.4000000000001,3.5037806498842223,-0.37367713388470614
723.5,3.50876309922363,-0.369477020066062
723.6,3.51373736270564,-0.3652667508341496
723.7,3.518703419907475,-0.36104634190166834
723.8,3.523661249898358,-0.35681580948719727
723.9000000000001,3.528610832232575,-0.35257516945147765
724.0,3.5335521463233874,-0.3483244378659928
724.1,3.538485171439887,-0.34406363096661424
724.2,3.5434098872064053,-0.3397927647812066
724.3,3.5483262731048937,-0.3355118555040945
724.4000000000001,3.553234308476929,-0.33122091954007293
724.5,3.55813397314596,-0.326919972931647
724.6,3.563025246434622,-0.3226090322344102
724.7,3.5679081082297643,-0.3182881135743557
724.8,3.572782537920216,-0.3139572335936795
724.9000000000001,3.5776485153728634,-0.3096164085669347
725.0,3.582506020317729,-0.3052656549822896
725.1,3.5873550323439036,-0.3009049894952307
725.2,3.5921955313916745,-0.2965344285460688
725.3,3.5970274972622405,-0.2921539887444681
725.4000000000001,3.601850909620593,-0.2877636869134256
725.5,3.60666574860648,-0.283363539503907
725.6,3.611471993868972,-0.27895356349012845
725.7,3.6162696256129054,-0.27453377540529383
725.8,3.6210586235553213,-0.2701041923088983
725.9000000000001,3.625838967884022,-0.26566483088316584
726.0,3.6306106386542343,-0.2612157080267042
726.1,3.635373615783589,-0.25675684080828903
726.2,3.6401278795366605,-0.2522882460744535
726.3,3.6448734100422895,-0.2478099408439113
726.4000000000001,3.6496101872973647,-0.24332194235148147
726.5,3.6543381917662,-0.238824267450356
726.6,3.659057403432779,-0.23431693352692878
726.7,3.663767802828159,-0.22979995751534638
726.8,3.6684693700060444,-0.22527335688594025
726.9000000000001,3.673162085483432,-0.22073714872225328
727.0,3.6778459296490533,-0.21619135032692413
727.1,3.6825208827574323,-0.21163597917555213
727.2,3.6871869254056846,-0.2070710525144738
727.3,3.6918440380585795,-0.20249658776498472
727.4000000000001,3.696492201053203,-0.19791260256720805
727.5,3.7011313951866,-0.193319114170139
727.6,3.7057616007860332,-0.18871614036573173
727.7,3.710382798716915,-0.18410369848264097
727.8,3.714994969377894,-0.17948180639539654
727.9000000000001,3.719598093623325,-0.17485048158235778
728.0,3.7241921521836354,-0.1702097417436043
728.1,3.7287771256584623,-0.16555960475490913
728.2,3.7333529949855544,-0.16090008825586444
728.3,3.7379197409737763,-0.1562312100637134
728.4000000000001,3.7424773443086483,-0.15155298821713475
728.5,3.74702578612797,-0.146865440354373
728.6,3.7515650471104736,-0.14216858466617574
728.7,3.756095108463913,-0.1374624388690963
728.8,3.7606159509400894,-0.13274702123504276
728.9000000000001,3.765127555738725,-0.1280223496305301
729.0,3.7696299039399914,-0.12328844214633634
729.1,3.774122976496743,-0.11854531705159364
729.2,3.77860675469533,-0.11379299237241176
729.3,3.783081219696755,-0.10903148631517837
729.4000000000001,3.7875463525430697,-0.10426081731025104
729.5,3.79200213472067,-0.0994810033783908
729.6,3.79644854726786,-0.09469206310219176
729.7,3.800885571742628,-0.0898940145793403
729.8,3.805313189257971,-0.08508687647214742
729.9000000000001,3.8097313813668254,-0.08027066702845725
730.0,3.8141401295070496,-0.07544540472282774
730.1,3.8185394149927148,-0.07061110821076587
730.2,3.822929219466582,-0.06576779589801467
730.3,3.8273095244496655,-0.06091548637314915
730.4000000000001,3.8316803113485163,-0.05605419845115298
730.5,3.83604156200589,-0.0511839505284111
730.6,3.8403932578276216,-0.04630476157224557
730.7,3.84473538072962,-0.041416650054563825
730.8,3.8490679121940286,-0.036519635020952575
730.9000000000001,3.8533908341347396,-0.03161373509357332
731.0,3.8577041283550604,-0.026698969123688503
731.1,3.8620077765381065,-0.021775356146049526
731.2,3.8663017606907983,-0.016842914938980387
731.3,3.870586062701918,-0.01190166446612063
731.4000000000001,3.8748606643502583,-0.006951623919873089
731.5,3.87912554784261,-0.00199281206519375
731.6,3.883380694960118,0.0029747517531278373
731.7,3.887626087984228,0.00795104869605732
731.8,3.8918617087739897,0.01293605934204915
731.9000000000001,3.8960875396118424,0.017929764701739362
732.0,3.900303562674213,0.022932145554397102
732.1,3.9045097600209764,0.027943182493345375
732.2,3.90870611403072,0.03296285637486385
732.3,3.9128926069676027,0.037991147867524694
732.4000000000001,3.9170692209903946,0.043028037408905574
732.5,3.92123593867734,0.0480735058726594
732.6,3.9253927421925696,0.05312753354396279
732.7,3.9295396141905337,0.058190101223889595
732.8,3.933676536914826,0.06326118912240215
732.9000000000001,3.9378034930238828,0.06834077789022538
733.0,3.941920465074739,0.07342884794454024
733.1,3.9460274355115685,0.07852537951420409
733.2,3.950124387092086,0.08363035309747865
733.3000000000001,3.954211302463303,0.08874374900258279
733.4,3.9582881641714094,0.09386554730455017
733.5,3.96235495517352,0.0989957285230616
733.6,3.966411658024245,0.10413427258079157
733.7,3.970458255758326,0.109281159926338
733.8000000000001,3.974494731011421,0.11443637040880275
733.9,3.9785210668252358,0.1195998843263963
734.0,3.982537246144796,0.12477168174178896
734.1,3.986543251805984,0.12995174252697742
734.2,3.9905390669529046,0.1351400468297174
734.3000000000001,3.994524674622741,0.14033657460544952
734.4,3.9985000577565035,0.14554130557436182
734.5,4.00246519969731,0.150754219909628
734.6,4.0064200833976535,0.15597529717920436
734.7,4.010364692279738,0.16120451748672174
734.8000000000001,4.014299009378593,0.16644186032817304
734.9,4.018223018126395,0.17168730565690213
735.0,4.022136701863335,0.17694083318871587
735.1,4.026040043824265,0.1822024224465181
735.2,4.029933027546817,0.18747205323523067
735.3000000000001,4.033815636465512,0.19274970516525325
735.4,4.037687853923381,0.19803535760972063
735.5,4.04154966365661,0.203328990402968
735.6,4.045401049022775,0.20863058276613575
735.7,4.049241993838571,0.21394011446555877
735.8000000000001,4.05307248154557,0.21925756465203394
735.9,4.056892495973426,0.22458291294178412
736.0,4.060702020864564,0.22991613871159167
736.1,4.064501039859898,0.2352572211431769
736.2,4.068289536897562,0.24060613970641576
736.3000000000001,4.072067495816431,0.24596287367454867
736.4,4.075834900368609,0.2513274020816593
736.5,4.07959173469027,0.256699704431022
736.6,4.083337982551118,0.26207975960498203
736.7,4.087073628169193,0.26746754704041015
736.8000000000001,4.090798655399608,0.2728630455509749
736.9,4.094513048476408,0.2782662344236646
737.0,4.098216791551136,0.2836770927042085
737.1,4.10190986867768,0.2890955992411917
737.2,4.105592264201508,0.29452173317739605
737.3000000000001,4.109263962372732,0.2999554734569306
737.4,4.112924947359431,0.30539679878294035
737.5,4.11657520370448,0.310845688335574
737.6,4.120214715596604,0.31630212066655683
737.7,4.123843467661908,0.3217660748912623
737.8000000000001,4.127461444175947,0.32723752949443347
737.9,4.131068629783808,0.3327164634418421
738.0,4.134665009052899,0.33820285545629164
738.1,4.138250566456902,0.34369668406143633
738.2,4.141825286755247,0.34919792808103906
738.3000000000001,4.145389154615974,0.3547065661382326
738.4,4.148942154629913,0.3602225766134832
738.5,4.1524842717532,0.365745938371889
738.6,4.15601549060036,0.3712766296428835
738.7,4.1595357962120385,0.3768146292284127
738.8000000000001,4.163045173290968,0.3823599152926599
738.9,4.166543606899831,0.3879124664883461
739.0,4.170031082028459,0.3934722612235984
739.1,4.173507583576958,0.39903927770547293
739.2,4.176973096725246,0.4046134944469343
739.3000000000001,4.180427606565829,0.410194889758437
739.4,4.183871098118805,0.41578344170616427
739.5,4.18730355676005,0.421379128848367
739.6,4.190724967536407,0.42698192910063143
739.7,4.194135315909544,0.4325918209597482
739.8000000000001,4.19753458701579,0.4382087822777748
739.9,4.200922766341864,0.44383279140269344
740.0,4.204299839306483,0.4494638264363628
740.1,4.2076657912425794,0.45510186527769964
740.2,4.211020607756866,0.46074688613720405
740.3000000000001,4.214364274372705,0.4663988670210866
740.4,4.21769677654595,0.472057785689801
740.5,4.22101810007838,0.477723620403069
740.6,4.224328230455614,0.4833963487712241
740.7,4.22762715356651,0.48907594899425194
740.8000000000001,4.230914854987471,0.49476239862073146
740.9,4.234191320635375,0.5004556757023073
741.0,4.2374565363640455,0.5061557580430772
741.1,4.240710487945592,0.51186262324243
741.2,4.243953161419704,0.5175762492169017
741.3000000000001,4.247184542746786,0.5232966136770155
741.4,4.250404617824661,0.5290236940861297
741.5,4.25361337288717,0.534757468413929
741.6,4.256810793864861,0.5404979139741799
741.7,4.259996867079894,0.5462450086785803
741.8000000000001,4.263171578554901,0.5519987297809904
741.9,4.266334914643002,0.5577590550452318
742.0,4.269486861639208,0.5635259619862948
742.1,4.272627405760902,0.5692994279127909
742.2,4.275756533486763,0.5750794304558909
742.3000000000001,4.278874231220278,0.5808659470391129
742.4,4.281980485307294,0.586658954837508
742.5,4.28507528241964,0.592458431539305
742.6,4.288158608938877,0.5982643541705763
742.7,4.291230451626335,0.6040767003633242
742.8000000000001,4.29429079695689,0.6098954470855459
742.9,4.297339631725804,0.6157205718219517
743.0,4.300376942675179,0.6215520518071886
743.1,4.303402716473588,0.6273898640679197
743.2,4.306416940044559,0.6332339859587048
743.3000000000001,4.309419600240538,0.6390843946248689
743.4,4.312410683861245,0.6449410669620312
743.5,4.31539017802227,0.650803980385711
743.6,4.318358069562091,0.6566731116432477
743.7,4.3213143456869,0.6625484380956775
743.8000000000001,4.324258993329687,0.6684299364341334
743.9,4.327191999733535,0.6743175838730052
744.0,4.330113352093378,0.6802113573754941
744.1,4.333023037534777,0.6861112336952943
744.2,4.335921043431714,0.6920171899191839
744.3000000000001,4.33880735709129,0.6979292029232379
744.4,4.341681965772892,0.7038472493327004
744.5,4.34454485704137,0.709771306299154
744.6,4.3473960181978315,0.7157013503003363
744.7,4.350235436898906,0.7216373584351592
744.8000000000001,4.353063100541332,0.7275793071270004
744.9,4.3558789968215645,0.7335271733288445
745.0,4.358683113392928,0.7394809337414583
745.1,4.361475437843541,0.7454405648546581
745.2,4.364255958003355,0.7514060434964045
745.3000000000001,4.367024661639629,0.7573773462825644
745.4,4.369781536476898,0.7633544495771593
745.5,4.37252657053474,0.769337330276796
745.6,4.37525975158241,0.7753259645987866
745.7,4.377981067732321,0.7813203293888942
745.8000000000001,4.380690506850444,0.7873204008119781
745.9,4.383388057091976,0.7933261555686413
746.0,4.386073706574006,0.7993375701063322
746.1,4.38874744335261,0.8053546206601914
746.2,4.391409255718993,0.8113772838084479
746.3000000000001,4.394059131905916,0.8174055359159281
746.4,4.396697060108459,0.8234393530946812
746.5,4.39932302880613,0.829478711995393
746.6,4.401937026241645,0.8355235885842698
746.7,4.404539040988397,0.8415739594630043
746.8000000000001,4.407129061386912,0.8476298005472738
746.9,4.409707076056293,0.8536910882944313
747.0,4.412273073582581,0.8597577989078494
747.1,4.414827042495044,0.8658299083773164
747.2,4.417368971551277,0.8719073930405085
747.3000000000001,4.419898849454685,0.8779902290204741
747.4,4.422416664876036,0.8840783921866634
747.5,4.42492240675982,0.890171858953004
747.6,4.427416063827385,0.8962706050440374
747.7,4.429897625118117,0.9023746068265464
747.8000000000001,4.432367079452206,0.9084838399764649
747.9,4.4348244159176415,0.9145982807171671
748.0,4.4372696235744336,0.9207179050172908
748.1,4.4397026914300834,0.9268426886306825
748.2,4.442123608713526,0.9329726076637568
748.3000000000001,4.444532364603765,0.9391076380071622
748.4,4.446928948252219,0.945247755297229
748.5,4.44931334907327,0.951392935720387
748.6,4.451685556271831,0.9575431547690347
748.7,4.4540455593581045,0.9636983885843473
748.8000000000001,4.456393347636894,0.9698586126120908
748.9,4.458728910669867,0.9760238028509646
749.0,4.461052237995835,0.9821939350443215
749.1,4.4633633191053885,0.9883689847196171
749.2,4.465662143703531,0.9945489277613697
749.3000000000001,4.46794870144965,1.000733739837301
749.4,4.470222981980656,1.0069233963602409
749.5,4.47248497518544,1.01311787329846
749.6,4.47473467075729,1.01931714592183
749.7,4.476972058681873,1.0255211901553263
749.8000000000001,4.479197128753286,1.0317299812242107
749.9,4.481409871011565,1.0379434949119348
750.0,4.483610275478942,1.0441617067461049
750.1,4.48579833213373,1.0503845920374175
750.2,4.487974031161589,1.056612126457996
750.3000000000001,4.490137362706893,1.0628442854622133
750.4,4.492288316896617,1.0690810442490506
750.5,4.49442688409867,1.07532237857808
750.6,4.4965530544992935,1.0815682635064265
750.7,4.498666818564062,1.087818674752308
750.8000000000001,4.500768166580973,1.0940735873302239
750.9,4.502857089072781,1.1003329768179397
751.0,4.504933576549607,1.106596818536945
751.1,4.506997619481997,1.1128650875908872
751.2,4.509049208540611,1.1191377594491125
751.3000000000001,4.511088334359194,1.1254148093623053
751.4,4.513114987559241,1.131696212325324
751.5,4.51512915899195,1.13798194389866
751.6,4.517130839340922,1.1442719789364668
751.7,4.519120019555903,1.1505662929598
751.8000000000001,4.521096690423102,1.156864860782271
751.9,4.523060842952288,1.1631676577855363
752.0,4.525012468145707,1.1694746590947118
752.1,4.526951556970392,1.1757858396162468
752.2,4.5288781005862155,1.1821011746263528
752.3000000000001,4.53079209012051,1.188420639181783
752.4,4.532693516693458,1.1947442080831614
752.5,4.5345823716437,1.20107185670149
752.6,4.536458646156371,1.2074035596979307
752.7,4.538322331669479,1.213739292406001
752.8000000000001,4.540173419471585,1.2200790294483412
752.9,4.542011901063528,1.2264227460202717
753.0,4.543837767943756,1.2327704170603355
753.1,4.5456510115798405,1.2391220172876494
753.2,4.547451623624872,1.2454775217950675
753.3000000000001,4.549239595703774,1.2518369054552725
753.4,4.551014919439447,1.2582001428846026
753.5,4.5527775866619,1.26456720927431
753.6,4.554527589061782,1.2709380791025289
753.7,4.556264918569232,1.2773127275250133
753.8000000000001,4.557989566979168,1.2836911289834465
753.9,4.5597015262873155,1.2900732584966086
754.0,4.561400788492167,1.2964590908263767
754.1,4.563087345565755,1.3028486005145195
754.2,4.5647611896581894,1.309241762480376
754.3000000000001,4.566422312895794,1.3156385514224989
754.4,4.568070707407987,1.322038941782968
754.5,4.56970636551989,1.32844290858307
754.6,4.571329279431455,1.3348504261280412
754.7,4.572939441568645,1.3412614694056653
754.8000000000001,4.574536844236462,1.3476760126867857
754.9,4.576121479929213,1.3540940308235143
755.0,4.577693341149116,1.3605154984110446
755.1,4.579252420376319,1.3669403898238766
755.2,4.580798710261537,1.3733686798177491
755.3000000000001,4.582332203436128,1.379800342927079
755.4,4.583852892539677,1.386235353429808
755.5,4.58536077039589,1.39267368618716
755.6,4.586855829717677,1.399115315341628
755.7,4.588338063430295,1.4055602157229208
755.8000000000001,4.589807464352347,1.4120083614411998
755.9,4.59126402548022,1.4184597271919022
756.0,4.59270773982333,1.4249142874136
756.1,4.5941386003734115,1.431372016323648
756.2,4.595556600285198,1.437832888524177
756.3000000000001,4.596961732698476,1.4442968783955614
756.4,4.598353990766418,1.4507639600618025
756.5,4.59973336781469,1.45723410823401
756.6,4.601099857072489,1.4637072969021498
756.7,4.602453451967688,1.4701835007478548
756.8000000000001,4.603794145835871,1.4766626937308882
756.9,4.605121932178736,1.4831448503999884
757.0,4.606436804516156,1.4896299450472428
757.1,4.60773875635475,1.4961179517431127
757.2,4.609027781356454,1.5026088449461596
757.3000000000001,4.610303873172725,1.50910259889286
757.4,4.611567025473538,1.5155991875635624
757.5,4.61281723208962,1.52209858552926
757.6,4.61405448676967,1.5286007666377364
757.7,4.61527878344726,1.5351057054325654
757.8000000000001,4.616490115978114,1.541613375733452
757.9,4.617688478372286,1.5481237519525242
758.0,4.618873864663169,1.5546368082455733
758.1,4.620046268875353,1.561152518546453
758.2,4.621205685181001,1.5676708571803073
758.3000000000001,4.622352107746226,1.5741917982499356
758.4,4.623485530760806,1.580715315602337
758.5,4.62460594856349,1.58724138367851
758.6,4.6257133554254395,1.5937699761943884
758.7,4.626807745788817,1.6003010675656373
758.8000000000001,4.627889114032435,1.606834631482281
758.9,4.628957454677576,1.6133706422299858
759.0,4.6300127622740055,1.6199090738385111
759.1,4.631055031367139,1.6264499001154546
759.2,4.632084256642175,1.6329930952627505
759.3000000000001,4.633100432782703,1.6395386332598079
759.4,4.634103554501092,1.6460864878306471
759.5,4.63509361664685,1.65263663329642
759.6,4.6360706140163765,1.6591890432516758
759.7,4.637034541563138,1.665743691994326
759.8000000000001,4.6379853941917135,1.6723005530951656
759.9,4.638923166937304,1.6788596007236216
760.0,4.639847854868725,1.6854208087937368
760.1,4.640759453054869,1.6919841509972602
760.2,4.6416579566965375,1.698549601423189
760.3000000000001,4.642543360997402,1.7051171339378872
760.4,4.643415661195054,1.7116867221528032
760.5,4.64427485265226,1.71825834027947
760.6,4.645120930693251,1.7248319618015984
760.7,4.645953890785235,1.731407560909495
760.8000000000001,4.646773728361129,1.7379851110652753
760.9,4.6475804389724935,1.7445645863324133
761.0,4.648374018209619,1.7511459605196005
761.1,4.649154461667335,1.7577292072131971
761.2,4.649921765064475,1.7643143003995632
761.3000000000001,4.650675924127185,1.7709012138424158
761.4,4.651416934620624,1.7774899210511643
761.5,4.65214479242316,1.78408039613798
761.6,4.652859493389202,1.7906726124862467
761.7,4.653561033502024,1.7972665441890114
761.8000000000001,4.654249408725151,1.803862164610201
761.9,4.6549246151287615,1.810459447717692
762.0,4.655586648826875,1.817058367225272
762.1,4.656235505942495,1.823658896624412
762.2,4.656871182714669,1.8302610098091934
762.3000000000001,4.6574936753942024,1.8368646804511342
762.4,4.658102980275999,1.8434698819681614
762.5,4.65869909375617,1.85007658838342
762.6,4.659282012221437,1.856684772990531
762.7,4.659851732173188,1.8632944097956015
762.8000000000001,4.660408250107667,1.8699054720750323
762.9,4.6609515626157405,1.8765179337114466
763.0,4.661481666337184,1.883131768334191
763.1,4.6619985579252035,1.8897469493504249
763.2,4.6625022341410265,1.896363450572359
763.3000000000001,4.6629926917620965,1.9029812455898216
763.4,4.663469927615047,1.9096003077398445
763.5,4.66393393861564,1.91622061096686
763.6,4.664384721684818,1.9228421284854713
763.7,4.66482227384398,1.9294648342251244
763.8000000000001,4.665246592123999,1.9360887013853894
763.9,4.665657673638218,1.9427137037740398
764.0,4.666055515553994,1.9493398149465084
764.1,4.666440115056577,1.955967008236281
764.2,4.666811469431151,1.9625952573841106
764.3000000000001,4.6671695759835625,1.9692245359086566
764.4,4.667514432073921,1.9758548170767432
764.5,4.66784603513935,1.98248607476448
764.6,4.6681643826367125,1.9891182821180875
764.7,4.668469472109118,1.9957514130008533
764.8000000000001,4.668761301123705,2.0023854405461132
764.9,4.669039867317945,2.0090203384973098
765.0,4.669305168388397,2.0156560803465338
765.1,4.669557202053953,2.0222926393641902
765.2,4.669795966125297,2.0289299892300883
765.3000000000001,4.6700214584382485,2.0355681034023045
765.4,4.670233676887959,2.0422069550881083
765.5,4.67043261943436,2.04884651810576
765.6,4.670618284071821,2.0554867655437894
765.7,4.670790668866526,2.062127671209767
765.8000000000001,4.670949771923373,2.0687692081815823
765.9,4.671095591405404,2.075411350148788
766.0,4.671228125539762,2.0820540705507167
766.1,4.671347372580372,2.0886973426054114
766.2,4.6714533308647965,2.0953411399422524
766.3000000000001,4.671545998760164,2.10198543596934
766.4,4.671625374697949,2.1086302038450992
766.5,4.67169145716225,2.11527541734038
766.6,4.671744244686151,2.1219210494968186
766.7,4.671783735860245,2.128567074076736
766.8000000000001,4.671809929328402,2.1352134641133382
766.9,4.671822823780419,2.1418601932528034
767.0,4.671822417975228,2.148507234892339
767.1,4.671808710702979,2.1551545622083412
767.2,4.6717817008292295,2.161802148790302
767.3000000000001,4.67174138725356,2.1684499680069855
767.4,4.6716877689449205,2.175097992978727
767.5,4.67162084491259,2.18174619743945
767.6,4.671540614229504,2.188394554394713
767.7,4.671447076011649,2.195043037572043
767.8000000000001,4.671340229442906,2.2016916199707803
767.9,4.67122007374085,2.2083402752042915
768.0,4.671086608197174,2.214988976638288
768.1,4.670939832139202,2.2216376974182594
768.2,4.670779744961431,2.2282864111044187
768.3000000000001,4.670606346096814,2.2349350910368497
768.4,4.670419635052654,2.241583710308501
768.5,4.67021961136431,2.24823224262695
768.6,4.670006274645398,2.2548806609724736
768.7,4.66977962453813,2.2615289390483455
768.8000000000001,4.66953966076725,2.2681770498308382
768.9,4.669286383078849,2.2748249669110896
769.0,4.669019791298141,2.2814726636339957
769.1,4.66873988529041,2.288120113124886
769.2,4.668446664979807,2.2947672889252817
769.3000000000001,4.6681401303333425,2.3014141643572787
769.4,4.667820281397368,2.308060712497261
769.5,4.66748711823398,2.31470690703698
769.6,4.667140640998111,2.3213527209422304
769.7,4.666780849858826,2.3279981279026165
769.8000000000001,4.666407745082304,2.3346431008821726
769.9,4.6660213269437465,2.3412876134603793
770.0,4.665621595802437,2.3479316389720215
770.1,4.665208552062146,2.3545751505330657
770.2,4.6647821961772005,2.361218121676931
770.3000000000001,4.664342528649165,2.3678605257184273
770.4,4.663889550063862,2.374502335728197
770.5,4.66342326101061,2.38114352539269
770.6,4.662943662186076,2.387784067674114
770.7,4.662450754286586,2.3944239362589195
770.8000000000001,4.661944538120108,2.401063104109754
770.9,4.661425014491345,2.4077015448050907
771.0,4.660892184293995,2.414339231680286
771.1,4.660346048470616,2.420976137852697
771.2,4.659786608005964,2.4276122368582964
771.3000000000001,4.659213863936464,2.4342475020153422
771.4,4.6586278173877265,2.4408819063995297
771.5,4.65802846947644,2.44751542370259
771.6,4.657415821441249,2.4541480268939746
771.7,4.6567898745059075,2.460779689667571
771.8000000000001,4.656150630020371,2.467410384995531
771.9,4.655498089318973,2.474040086465871
772.0,4.65483225382993,2.4806687674252483
772.1,4.654153125034712,2.487296401003263
772.2,4.653460704448615,2.493922960749048
772.3000000000001,4.652754993642959,2.500548419995012
772.4,4.6520359942831275,2.5071727518327487
772.5,4.65130370801328,2.51379592996983
772.6,4.650558136613959,2.520417927393851
772.7,4.649799281836395,2.5270387178166698
772.8000000000001,4.649027145572421,2.533658274230795
772.9,4.648241729685956,2.540276570244461
773.0,4.647443036139657,2.5468935792263383
773.1,4.64663106695377,2.553509274329047
773.2,4.645805824173994,2.560123629125536
773.3000000000001,4.644967309906403,2.566736616973099
773.4,4.644115526355977,2.573348210990024
773.5,4.64325047569414,2.57995838491033
773.6,4.642372160243128,2.5865671117506035
773.7,4.641480582281388,2.593174365251285
773.8000000000001,4.640575744242369,2.5997801184360845
773.9,4.639657648519304,2.6063843449440762
774.0,4.6387262976089705,2.612987018176677
774.1,4.637781694070067,2.619588111320336
774.2,4.63682384047836,2.6261875979824305
774.3000000000001,4.635852739474312,2.6327854515558595
774.4,4.634868393802063,2.6393816451964858
774.5,4.63387080615991,2.64597615267532
774.6,4.632859979411372,2.6525689470487723
774.7,4.631835916361628,2.6591600020964896
774.8000000000001,4.630798619985273,2.6657492908842606
774.9,4.629748093204357,2.6723367870925783
775.0,4.628684339049252,2.678922464166314
775.1,4.627607360616569,2.6855062953365594
775.2,4.6265171610115745,2.692088254255791
775.3000000000001,4.625413743408524,2.698668314363237
775.4,4.624297111090135,2.7052464488630936
775.5,4.62316726728096,2.71182263157397
775.6,4.622024215385085,2.7183968356029875
775.7,4.620867958733809,2.724969034779513
775.8000000000001,4.619698500842155,2.731539202222313
775.9,4.618515845160282,2.7381073116639
776.0,4.617319995251421,2.7446733366032983
776.1,4.616110954749337,2.7512372503270526
776.2,4.6148887272880135,2.7577990265433585
776.3000000000001,4.613653316574714,2.76435863874848
776.4,4.612404726429883,2.7709160602057574
776.5,4.61114296060348,2.77747126479196
776.6,4.609868023039342,2.784024225675789
776.7,4.608579917593955,2.790574916746885
776.8000000000001,4.6072786483218895,2.7971233111878013
776.9,4.605964219200467,2.803669382793709
777.0,4.604636634324819,2.8102131051284913
777.1,4.603295897864912,2.8167544515449072
777.2,4.601942013982437,2.823293395817481
777.3000000000001,4.600574986916637,2.8298299115102163
777.4,4.599194821024674,2.836363971956398
777.5,4.59780152058089,2.84289555110149
777.6,4.596395090067692,2.849424622186606
777.7,4.594975533865743,2.8559511591722107
777.8000000000001,4.59354285656796,2.8624751353155156
777.9,4.592097062677746,2.8689965244848934
778.0,4.590638156820963,2.8755153003197527
778.1,4.589166143702543,2.882031436249848
778.2,4.5876810280107145,2.8885449061266297
778.3000000000001,4.586182814515491,2.895055683592527
778.4,4.58467150810943,2.901563742061554
778.5,4.58314711359002,2.9080690555584
778.6,4.581609635976958,2.914571597407379
778.7,4.58005908017376,2.9210713416503484
778.8000000000001,4.578495451310315,2.927568261629917
778.9,4.576918754414788,2.934062331298279
779.0,4.575328994642394,2.9405535243810412
779.1,4.573726177231615,2.947041814395661
779.2,4.5721103073957865,2.9535271752810948
779.3000000000001,4.570481390434248,2.9600095807688627
779.4,4.568839431773501,2.966489004364456
779.5,4.56718443673268,2.9729654201823
779.6,4.5655164108672555,2.979438801640728
779.7,4.563835359602086,2.9859091228734274
779.8000000000001,4.562141288602481,2.9923763573192628
779.9,4.560434203419782,2.998840479024752
780.0,4.558714109736942,3.0053014618123175
780.1,4.556981013324385,3.011759279297873
780.2,4.5552349199189495,3.018213905518425
780.3000000000001,4.553475835347637,3.024665314305211
780.4,4.551703765569153,3.031113479265914
780.5,4.54991871642266,3.03755837461518
780.6,4.5481206939975865,3.0439999738761334
780.7,4.546309704238479,3.05043825128478
780.8000000000001,4.54448575334424,3.0568731803869342
780.9,4.542648847387624,3.063304735334005
781.0,4.540798992577526,3.0697328900558527
781.1,4.538936195214457,3.0761576182775023
781.2,4.537060461556916,3.082578894144521
781.3000000000001,4.535171797957702,3.0889966915984663
781.4,4.533270210905808,3.095410984359937
781.5,4.53135570675852,3.10182174675424
781.6,4.52942829213732,3.108228952419994
781.7,4.527487973504433,3.1146325757059907
781.8000000000001,4.525534757590381,3.1210325902757323
781.9,4.523568650987366,3.1274289703959712
782.0,4.521589660428185,3.133821690114575
782.1,4.519597792741381,3.140210723276341
782.2,4.517593054705063,3.1465960441458733
782.3000000000001,4.515575453195743,3.1529776267856273
782.4,4.513544995230584,3.1593554450397954
782.5,4.5115016876829,3.16572947335472
782.6,4.509445537703993,3.1720996854952195
782.7,4.507376552271702,3.1784660559332854
782.8000000000001,4.505294738645903,3.184828558460815
782.9,4.503200103936049,3.191187167470313
783.0,4.5010926553966195,3.1975418571381846
783.1,4.4989724003819305,3.20389260143964
783.2,4.4968393461874205,3.21023937476877
783.3000000000001,4.494693500211014,3.2165821513194333
783.4,4.492534869995699,3.22292090507001
783.5,4.49036346292851,3.22925561059831
783.6,4.488179286688216,3.2355862418059806
783.7,4.485982348765861,3.2419127732985724
783.8000000000001,4.483772656948265,3.248235179007023
783.9,4.481550218859745,3.2545534334599955
784.0,4.479315042273998,3.2608675109729126
784.1,4.477067135068614,3.267177385661962
784.2,4.474806505053909,3.2734830320611423
784.3000000000001,4.472533160146717,3.2797844245062135
784.4,4.470247108413283,3.2860815371202987
784.5,4.46794835775186,3.292374344623
784.6,4.46563691636603,3.298662821063407
784.7,4.463312792257552,3.3049469411909604
784.8000000000001,4.4609759937374855,3.311226679086216
784.9,4.45862652894241,3.317502009424366
785.0,4.456264406162594,3.323772906670297
785.1,4.453889633796203,3.330039345091689
785.2,4.451502220165746,3.336301299372809
785.3000000000001,4.449102173704239,3.342558744001758
785.4,4.446689502998418,3.348811653256913
785.5,4.44426421645505,3.35506000200995
785.6,4.441826322799703,3.361303764467988
785.7,4.439375830542045,3.3675429155345977
785.8000000000001,4.436912748514556,3.373777429450524
785.9,4.434437085363254,3.380007281047782
786.0,4.431948849892093,3.3862324449511094
786.1,4.429448051016903,3.392452895590164
786.2,4.426934697569501,3.3986686078097805
786.3000000000001,4.424408798496173,3.4048795562607768
786.4,4.421870362901163,3.4110857153872614
786.5,4.41931939969679,3.41728706022324
786.6,4.416755918127584,3.4234835651443136
786.7,4.414179927208177,3.4296752052184574
786.8000000000001,4.411591436289364,3.4358619548570566
786.9,4.408990454523579,3.442043789059222
787.0,4.406376991225386,3.448220682619889
787.1,4.403751055825173,3.4543926101410825
787.2,4.401112657660974,3.460559546638437
787.3000000000001,4.398461806189194,3.4667214669358453
787.4,4.395798511028354,3.472878345653605
787.5,4.39312278159323,3.47903015799814
787.6,4.390434627644081,3.4851768785240638
787.7,4.387734058697309,3.4913184824738437
787.8000000000001,4.38502108461871,3.497454944439984
787.9,4.382295715063932,3.503586239598859
788.0,4.379557959854872,3.509712342925876
788.1,4.376807828933123,3.5158332292058154
788.2,4.374045332139625,3.521948873635318
788.3000000000001,4.3712704794375545,3.5280592512215785
788.4,4.368483280956351,3.5341643367714024
788.5,4.3656837466099,3.54026410567384
788.6,4.362871886670667,3.546358532672818
788.7,4.360047711153512,3.5524475931954296
788.8000000000001,4.357211230435691,3.5585312620256646
788.9,4.35436245467265,3.5646095145273056
789.0,4.351501394190122,3.5706823258664397
789.1,4.348628059437358,3.5767496710208793
789.2,4.3457424607547015,3.5828115253783825
789.3000000000001,4.342844608608572,3.5888678641396834
789.4,4.339934513635685,3.5949186623084035
789.5,4.33701218624547,3.6009638954662
789.6,4.334077637218997,3.607003538556686
789.7,4.331130877065926,3.6130375672016264
789.8000000000001,4.32817191667135,3.61906595638674
789.9,4.325200766686815,3.625088681673298
790.0,4.322217437938174,3.6311057184282407
790.1,4.319221941378624,3.6371170418326377
790.2,4.316214287844213,3.6431226274754107
790.3000000000001,4.313194488300821,3.6491224507609523
790.4,4.3101625538886035,3.6551164868999284
790.5,4.30711849550885,3.6611047116766
790.6,4.304062324447283,3.6670871002444976
790.7,4.30099405170465,3.6730636284299916
790.8000000000001,4.297913688669894,3.679034271430828
790.9,4.294821246486856,3.6849990050157397
791.0,4.29171673647762,3.690957804762558
791.1,4.288600170095352,3.696910646065767
791.2,4.28547155866788,3.7028575047254626
791.3000000000001,4.282330913656602,3.708798356359764
791.4,4.279178246701098,3.714733176396507
791.5,4.27601356919054,3.72066194083248
791.6,4.272836892911266,3.726584625041253
791.7,4.269648229351071,3.7325012050637643
791.8000000000001,4.266447590398662,3.7384116563199097
791.9,4.26323498768612,3.7443159547957756
792.0,4.260010433027646,3.7502140762901024
792.1,4.256773938372235,3.7561059964208763
792.2,4.253525515535382,3.7619916912092877
792.3000000000001,4.2502651764698225,3.767871136497155
792.4,4.246992933310326,3.7737443079395185
792.5,4.24370879792981,3.77961118175555
792.6,4.24041278261095,3.7854717335489716
792.7,4.237104899324396,3.7913259395850702
792.8000000000001,4.233785160454263,3.7971737755159545
792.9,4.230453578116671,3.8030152175549445
793.0,4.227110164613626,3.808850241731613
793.1,4.223754932385572,3.8146788238974234
793.2,4.220387893731347,3.8205009403044654
793.3000000000001,4.217009061090672,3.826316567028168
793.4,4.2136184470890985,3.832125679960793
793.5,4.21021606407892,3.83792825555362
793.6,4.206801924834649,3.843724269650532
793.7,4.203376041805422,3.8495136987509153
793.8000000000001,4.199938427866249,3.8552965187490624
793.9,4.196489095612811,3.8610727060952943
794.0,4.193028057830407,3.86684223705984
794.1,4.189555327446389,3.872605087737534
794.2,4.186070917238446,3.878361234621146
794.3000000000001,4.182574840128702,3.884110654029542
794.4,4.179067109228825,3.8898533221020597
794.5,4.17554773736599,3.89558921553178
794.6,4.17201673780181,3.9013183104126656
794.7,4.168474123459372,3.907040583487811
794.8000000000001,4.164919907699806,3.912756010903652
794.9,4.161354103593746,3.9184645693571434
795.0,4.157776724405089,3.924166235368923
795.1,4.154187783543313,3.9298609852870516
795.2,4.150587294260227,3.935548795854579
795.3000000000001,4.14697526995561,3.941229643643531
795.4,4.143351724222441,3.9469035050502095
795.5,4.139716670358,3.95257035701901
795.6,4.136070122106143,3.958230175903811
795.7,4.13241209285911,3.963882938701001
795.8000000000001,4.128742596459226,3.969528621818924
795.9,4.125061646447236,3.9751672022107774
796.0,4.121369256560731,3.9807986566572517
796.1,4.117665440686372,3.9864229617693328
796.2,4.1139502125451894,3.992040094549973
796.3000000000001,4.110223586009648,3.9976500318340062
796.4,4.106485575148979,4.00325275028432
796.5,4.10273619372567,4.00884822710617
796.6,4.098975455960718,4.014436438923068
796.7,4.095203375710552,4.02001736299416
796.8000000000001,4.091419967293557,4.025590975999438
796.9,4.08762524471558,4.031157255157786
797.0,4.083819222182795,4.036716177519517
797.1,4.080001914053868,4.042267719968202
797.2,4.076173334513983,4.04781185977614
797.3000000000001,4.072333497903136,4.05334857405049
797.4,4.068482418761559,4.058877839730373
797.5,4.06462011131186,4.06439963429128
797.6,4.060746590246855,4.069913934636007
797.7,4.05686186988203,4.07542071829581
797.8000000000001,4.052965965006509,4.080919962231872
797.9,4.04905889008599,4.086411643938251
798.0,4.04514065978995,4.091895740744337
798.1,4.041211288943734,4.097372229815757
798.2,4.037270792191366,4.102841088703536
798.3000000000001,4.03331918433503,4.108302294796626
798.4,4.029356480380558,4.113755825319876
798.5,4.02538269500534,4.11920165802831
798.6,4.021397843368561,4.124639770113496
798.7,4.017401940239372,4.130070139388099
798.8000000000001,4.013395000872141,4.135492743104049
798.9,4.009377040187027,4.140907559039775
799.0,4.0053480733113025,4.146314564813114
799.1,4.0013081155314465,4.151713737881223
799.2,3.99725718194486,4.1571050560830844
799.3000000000001,3.993195287810379,4.162488497098744
799.4,3.9891224485938084,4.167864038448251
799.5,3.98503867942183,4.17323165817531
799.6,3.9809439959143256,4.178591333769677
799.7,3.976838413288593,4.18394304333461
799.8000000000001,3.972721947258492,4.1892867644221345
799.9,3.968594613193062,4.194622475104278
800.0,3.964456426671717,4.199950153296566
800.1,3.9603074034363295,4.205269776756962
800.2,3.956147559032023,4.210581323621604
800.3000000000001,3.9519769091685557,4.215884771870873
800.4,3.9477954697658673,4.221180099329245
800.5,3.94360325639427,4.22646728433821
800.6,3.93940028512849,4.231746304695047
800.7,3.9351865716282517,4.237017138802616
800.8000000000001,3.9309621320609827,4.242279764522381
800.9,3.926726982238847,4.247534160228988
801.0,3.9224811381875497,4.252780304144781
801.1,3.9182246160984224,4.258018174337774
801.2,3.9139574319584245,4.263247749250272
801.3000000000001,3.9096796019223308,4.2684690071721025
801.4,3.905391142358304,4.273681926241379
801.5,3.90109206927438,4.27888648510632
801.6,3.896782399194033,4.284082661880918
801.7,3.8924621482135335,4.289270435276578
801.8000000000001,3.888131332947831,4.294449783473367
801.9,3.883789969646205,4.29962068515751
802.0,3.879438074774592,4.3047831188671815
802.1,3.8750756649677025,4.309937062989528
802.2,3.870702756648314,4.31508249628199
802.3000000000001,3.8663193664101176,4.320219397352832
802.4,3.861925511063299,4.325347744662803
802.5,3.85752120704759,4.33046751717573
802.6,3.853106471328964,4.335578693331416
802.7,3.848681320434168,4.340681252158627
802.8000000000001,3.8442457714193567,4.345775172165043
802.9,3.839799840964825,4.350860432357353
803.0,3.835343545970522,4.355937011598477
803.1,3.8308769035082224,4.361004888603627
803.2,3.826399930430321,4.366064042454156
803.3000000000001,3.821912643763147,4.371114452085654
803.4,3.817415060752511,4.376156096290505
803.5,3.81290719826364,4.38118895435686
803.6,3.8083890736986112,4.386213005059226
803.7,3.803860704008355,4.39122822775247
803.8000000000001,3.7993221066837997,4.396234601280836
803.9,3.794773298829898,4.401232104980155
804.0,3.790214297774211,4.406220718046858
804.1,3.78564512101914,4.41120041953308
804.2,3.7810657858402843,4.416171188852801
804.3000000000001,3.7764763096901404,4.421133005277683
804.4,3.77187671024363,4.426085847940537
804.5,3.76726700478506,4.43102969646242
804.6,3.7626472111459948,4.435964529961433
804.7,3.7580173466951377,4.44089032812708
804.8000000000001,3.753377429351529,4.445807070148969
804.9,3.748727476638293,4.450714735700677
805.0,3.744067506304018,4.455613304320792
805.1,3.7393975362750616,4.460502755407084
805.2,3.7347175842436737,4.465383068714736
805.3000000000001,3.730027668081897,4.470254223860091
805.4,3.725327805887035,4.475116200325057
805.5,3.7206180153559,4.47996897807214
805.6,3.715898314742745,4.484812536571657
805.7,3.7111687218274465,4.489646855856232
805.8000000000001,3.7064292549503537,4.494471915469489
805.9,3.7016799320460847,4.499287695431227
806.0,3.696920771277483,4.504094175630719
806.1,3.6921517909880364,4.5088913358199525
806.2,3.6873730092799195,4.513679156103738
806.3000000000001,3.6825844444379148,4.518457616451602
806.4,3.6777861149747855,4.523226696703093
806.5,3.6729780389931,4.5279863771705
806.6,3.6681602351628904,4.53273663768494
806.7,3.6633327216683993,4.537477458630484
806.8000000000001,3.658495517264255,4.542208819913288
806.9,3.653648640289755,4.5469307019077
807.0,3.6487921093150764,4.55164308486209
807.1,3.6439259430938225,4.556345948891106
807.2,3.6390501601311995,4.561039274457446
807.3000000000001,3.6341647791177376,4.565723041892189
807.4,3.6292698189745707,4.570397231400998
807.5,3.62436529820316,4.57506182365411
807.6,3.6194512358821305,4.57971679885187
807.7,3.6145276505931494,4.5843621377379815
807.8000000000001,3.6095945614979694,4.5889978205895625
807.9,3.6046519873335656,4.5936238281436825
808.0,3.5996999470703464,4.598240141016036
808.1,3.594738459864856,4.602846739692246
808.2,3.589767544618225,4.6074436050011025
808.3000000000001,3.5847872204195923,4.612030717643444
808.4,3.579797506591261,4.616608058199287
808.5,3.57479842202645,4.62117560770493
808.6,3.5697899862051052,4.625733346738216
808.7,3.5647722180992,4.630281256410539
808.8000000000001,3.559745137270279,4.634819317378224
808.9,3.5547087628458067,4.639347510749109
809.0,3.549663114189153,4.643865817514335
809.1,3.544608210852468,4.648374218538685
809.2,3.5395440721255635,4.652872695025044
809.3000000000001,3.534470717488868,4.657361228052089
809.4,3.529388166658444,4.661839798582336
809.5,3.52429643891203,4.66630838802606
809.6,3.5191955541234137,4.670766977346759
809.7,3.51408553164761,4.675215548031432
809.8000000000001,3.508966391438422,4.679654081123681
809.9,3.503838153006477,4.6840825581100765
810.0,3.498700836100687,4.6885009603651655
810.1,3.4935544606613003,4.69290926914088
810.2,3.488399046359376,4.697307466022102
810.3000000000001,3.4832346130591567,4.701695532473287
810.4,3.4780611808629414,4.706073449847399
810.5,3.47287876942555,4.71044119993653
810.6,3.467687399006955,4.7147987640978055
810.7,3.462487089337774,4.719146124201606
810.8000000000001,3.4572778607564585,4.7234832616867655
810.9,3.452059733149243,4.727810158426335
811.0,3.446832726642977,4.732126796186099
811.1,3.441596861558368,4.736433156613016
811.2,3.436352157940171,4.740729221681706
811.3000000000001,3.431098636028789,4.745014973250177
811.4,3.4258363163049803,4.749290393069686
811.5,3.4205652187931,4.7535554633218
811.6,3.4152853641315497,4.757810165765089
811.7,3.4099967724189306,4.762054482660918
811.8000000000001,3.404699464370487,4.766288395851193
811.9,3.3993934602404257,4.770511887603067
812.0,3.3940787805257835,4.7747249400812155
812.1,3.3887554459198888,4.778927535335346
812.2,3.3834234768334785,4.7831196557373925
812.3000000000001,3.3780828938753134,4.7873012835465705
812.4,3.372733717896703,4.791472400920118
812.5,3.36737596928384,4.79563299043655
812.6,3.3620096690455856,4.799783034263566
812.7,3.3566348376407813,4.8039225150610125
812.8000000000001,3.3512514961534476,4.808051415081484
812.9,3.3458596651979833,4.812169716993721
813.0,3.3404593656337065,4.816277403368814
813.1,3.3350506185185615,4.8203744566667845
813.2,3.3296334446213884,4.824460859664304
813.3000000000001,3.3242078649113544,4.828536595029266
813.4,3.318773900602287,4.8326016453324145
813.5,3.31333157243434,4.83665599355657
813.6,3.3078809017786845,4.840699622286118
813.7,3.3024219094465472,4.8447325145866325
813.8000000000001,3.2969546168825805,4.848754653128941
813.9,3.2914790450533795,4.852766020990668
814.0,3.2859952151724845,4.856766601156674
814.1,3.280503148654326,4.8607563765047175
814.2,3.2750028666178292,4.8647353302234695
814.3000000000001,3.269494390384466,4.868703445396827
814.4,3.263977741522352,4.872660705016425
814.5,3.25845294111759,4.87660709247654
814.6,3.2529200108954237,4.880542590785612
814.7,3.2473789720113477,4.884467183422171
814.8000000000001,3.2418298462624233,4.888380853482509
814.9,3.236272654959301,4.892283584460347
815.0,3.230707419661508,4.896175359761526
815.1,3.2251341621316953,4.9000561626887515
815.2,3.2195529038307114,4.903925976849827
815.3000000000001,3.213963666424063,4.9077847857518115
815.4,3.2083664718257876,4.911632572814418
815.5,3.2027613414598,4.91546932185046
815.6,3.197148297396954,4.919295016299589
815.7,3.191527361128893,4.923109640060269
815.8000000000001,3.1858985547965486,4.9269131766614915
815.9,3.1802619000464145,4.930705610020021
816.0,3.1746174187756773,4.934486923969709
816.1,3.1689651330867368,4.938257102245313
816.2,3.1633050647740233,4.942016128880717
816.3000000000001,3.1576372358387013,4.9457639878131365
816.4,3.1519616685322545,4.949500662897402
816.5,3.14627838460804,4.95322613837173
816.6,3.140587406474054,4.956940398114009
816.7,3.1348887559496514,4.96064342644949
816.8000000000001,3.1291824555110823,4.964335207346874
816.9,3.1234685271323013,4.968015725152768
817.0,3.117746993039641,4.971684964135903
817.1,3.1120178756666736,4.975342908470017
817.2,3.106281197132936,4.9789895426218695
817.3000000000001,3.1005369797666984,4.982624850965661
817.4,3.094785246148271,4.9862488177982
817.5,3.08902601835202,4.9898614277898
817.6,3.0832593191143243,4.993462665263479
817.7,3.0774851705738278,4.997052514977943
817.8000000000001,3.0717035955333363,5.00063096134837
817.9,3.0659146162857254,5.004197989157936
818.0,3.0601182553778403,5.007753583116958
818.1,3.054314535565696,5.011297727844868
818.2,3.048503479285338,5.014830408247933
818.3000000000001,3.0426851091834655,5.018351609144002
818.4,3.0368594481604463,5.021861315278537
818.5,3.03102651860306,5.0253595117605
818.6,3.0251863435672037,5.028846183364731
818.7,3.019338945502201,5.032321315289871
818.8000000000001,3.01348434752859,5.035784892404276
818.9,3.007622572249434,5.039236899934161
819.0,3.001753642523314,5.0426773230379425
819.1,2.9958775814198635,5.046106146787332
819.2,2.9899944116829085,5.049523356534549
819.3000000000001,2.98410415626875,5.052928937547578
819.4,2.978206838388861,5.056322875027056
819.5,2.97230248073372,5.05970515452698
819.6,2.9663911066698025,5.063075761280503
819.7,2.9604727389483476,5.06643468093255
819.8000000000001,2.9545474009985924,5.069781898811102
819.9,2.9486151157250067,5.073117400591749
820.0,2.9426759062890024,5.076441171887377
820.1,2.936729796064828,5.079753198228368
820.2,2.930776808095218,5.0830534654191535
820.3000000000001,2.9248169656371212,5.0863419591841685
820.4,2.9188502922040844,5.089618665185604
820.5,2.91287681078144,5.09288356942864
820.6,2.9068965450370996,5.096136657611097
820.7,2.9009095180153555,5.099377915830326
820.8000000000001,2.894915753445023,5.102607329880259
820.9,2.8889152745230215,5.105824885891995
821.0,2.882908104704544,5.109030569939063
821.1,2.8768942676593436,5.112224368016731
821.2,2.8708737867200864,5.115406266387747
821.3000000000001,2.8648466854352854,5.118576251239128
821.4,2.8588129876113464,5.121734308700781
821.5,2.85277271651951,5.1248804252351
821.6,2.8467258961198745,5.128014587010698
821.7,2.8406725497408036,5.131136780583377
821.8000000000001,2.8346127014013818,5.134246992219094
821.9,2.828546374581943,5.13734520851044
822.0,2.8224735930223104,5.140431415997598
822.1,2.8163943806784753,5.143505601146745
822.2,2.8103087611638924,5.146567750684858
822.3000000000001,2.80421675830944,5.1496178512674975
822.4,2.7981183962051257,5.152655889498268
822.5,2.79201369839897,5.15568185230262
822.6,2.7859026891338776,5.158695726325948
822.7,2.77978539201317,5.161697498588248
822.8000000000001,2.773661831336828,5.164687155833488
822.9,2.7675320308593876,5.167664685121524
823.0,2.76139601459601,5.170630073464991
823.1,2.7552538067795664,5.173583307806844
823.2,2.749105431295076,5.17652437534404
823.3000000000001,2.742950912246461,5.1794532632064465
823.4,2.7367902739978627,5.182369958477141
823.5,2.73062354036487,5.1852744485503
823.6,2.7244507358637478,5.188166720553876
823.7,2.718271884363482,5.191046761977701
823.8000000000001,2.7120870104354524,5.1939145600494685
823.9,2.705896138099117,5.19677010230193
824.0,2.6996992916355538,5.199613376225813
824.1,2.693496495545004,5.2024443692465
824.2,2.6872877739747163,5.205263069036448
824.3000000000001,2.681073151292221,5.208069463205428
824.4,2.674852652126216,5.210863539321664
824.5,2.66862630055054,5.21364528525347
824.6,2.6623941213452356,5.216414688616961
824.7,2.656156138635575,5.219171737377265
824.8000000000001,2.649912377254673,5.221916419251337
824.9,2.6436628614775297,5.224648722250239
825.0,2.6374076158416306,5.227368634348234
825.1,2.6311466651049726,5.230076143458601
825.2,2.6248800336675338,5.232771237734713
825.3000000000001,2.6186077461508908,5.235453905271629
825.4,2.6123298274386872,5.2381241341280615
825.5,2.60604630185355,5.24078191265184
825.6,2.599757194429519,5.243427228952592
825.7,2.5934625295387455,5.246060071476008
825.8000000000001,2.5871623322663497,5.2486804284336825
825.9,2.580856627133305,5.2512882883202
826.0,2.574545438923868,5.2538836395986195
826.1,2.568228792644082,5.256466470675418
826.2,2.5619067129370805,5.259036770190037
826.3000000000001,2.5555792246688216,5.26159452672803
826.4,2.549246352968124,5.2641397288438565
826.5,2.54290812239683,5.26667236536991
826.6,2.5365645582331693,5.269192424914598
826.7,2.5302156850865862,5.271699896409197
826.8000000000001,2.5238615282843235,5.274194768565112
826.9,2.51750211258372,5.276677030365511
827.0,2.511137463006072,5.279146670767296
827.1,2.504767604795629,5.281603678675228
827.2,2.4983925628290007,5.284048043219814
827.3000000000001,2.492012362206743,5.28647975348212
827.4,2.485627028292947,5.288898798517366
827.5,2.47923658587907,5.29130516764745
827.6,2.472841060477546,5.293698849984551
827.7,2.4664404769254347,5.296079834950391
827.8000000000001,2.460034860782173,5.298448111761178
827.9,2.453624237031705,5.300803669893514
828.0,2.4472086309225083,5.303146498803011
828.1,2.4407880679271177,5.305476587897598
828.2,2.4343625731458456,5.307793926803644
828.3000000000001,2.427932171903968,5.310098505102559
828.4,2.4214968897908458,5.31239031235516
828.5,2.41505675181779,5.31466933837754
828.6,2.4086117837214074,5.316935572790479
828.7,2.4021620105566055,5.319189005510847
828.8000000000001,2.3957074581049387,5.321429626264389
828.9,2.3892481515671045,5.323657425025812
829.0,2.382784116408847,5.325872391754112
829.1,2.376315378320968,5.328074516365072
829.2,2.3698419626175373,5.33026378898555
829.3000000000001,2.3633638948385776,5.33244019970191
829.4,2.3568812007887106,5.334603738585178
829.5,2.35039390568917,5.3367543959502
829.6,2.343902035490645,5.33889216193095
829.7,2.3374056154559906,5.341017026943921
829.8000000000001,2.330904671578708,5.343128981228983
829.9,2.3243992292663402,5.345228015263413
830.0,2.3178893141918384,5.347314119514071
830.1,2.3113749522541305,5.349387284409082
830.2,2.304856168971104,5.351447500580169
830.3000000000001,2.2983329900874447,5.353494758623078
830.4,2.2918054416128095,5.35552904912352
830.5,2.28527354896848,5.35755036289939
830.6,2.2787373383089173,5.359558690602265
830.7,2.272196835095,5.361554023152566
830.8000000000001,2.2656520655219436,5.363536351308638
830.9,2.2591030551940703,5.365505666054589
831.0,2.252549829981403,5.367461958369425
831.1,2.2459924159807843,5.369405219197929
831.2,2.2394308389038544,5.371335439680862
831.3000000000001,2.232865124689809,5.373252610927571
831.4,2.226295299543054,5.375156724042715
831.5,2.21972138907487,5.37704777035133
831.6,2.2131434196332047,5.378925741026832
831.7,2.2065614168668697,5.38079062749762
831.8000000000001,2.199975407162434,5.382642421044729
831.9,2.193385416310922,5.3844811131631385
832.0,2.1867914703692097,5.386306695348057
832.1,2.180193595621729,5.3881191590650035
832.2,2.17359181796371,5.389918495967825
832.3000000000001,2.1669861635186174,5.391704697683485
832.4,2.160376658675243,5.3934777558395615
832.5,2.15376332922473,5.39523766227221
832.6,2.1471462016981464,5.39698440868067
832.7,2.1405253019220507,5.398717987005225
832.8000000000001,2.133900656463959,5.400438389053519
832.9,2.1272722912913884,5.402145606835289
833.0,2.1206402326377587,5.4038396323658136
833.1,2.1140045069647067,5.405520457635236
833.2,2.107365140340811,5.407188074814271
833.3000000000001,2.100722159063462,5.408842476051318
833.4,2.0940755896954166,5.410483653500708
833.5,2.08742545819748,5.41211159951343
833.6,2.080771791273303,5.4137263063183285
833.7,2.074114614917021,5.4153277663712736
833.8000000000001,2.0674539558665375,5.41691597201027
833.9,2.0607898402556164,5.418490915763464
834.0,2.0541222944838493,5.420052590169865
834.1,2.047451345179582,5.421600987747906
834.2,2.0407770185744054,5.423136101188776
834.3000000000001,2.0340993411292327,5.424657923165922
834.4,2.0274183395702936,5.4261664463640376
834.5,2.02073404001777,5.42766166365247
834.6,2.0140464693372833,5.42914356779324
834.7,2.0073556536802792,5.430612151761278
834.8000000000001,2.0006616199444607,5.432067408428523
834.9,1.993964394419468,5.433509330844949
835.0,1.9872640036606122,5.4349379120767525
835.1,1.9805604744524083,5.4363531451741425
835.2,1.9738538331790538,5.437755023352171
835.3000000000001,1.967144106454495,5.439143539812729
835.4000000000001,1.9604313211578472,5.440518687774255
835.5,1.95371550355832,5.44188046062777
835.6,1.9469966806728467,5.443228851671878
835.7,1.9402748787998136,5.444563854403837
835.8000000000001,1.9335501249860771,5.445885462232794
835.9000000000001,1.9268224456667025,5.447193668733864
836.0,1.9200918675422072,5.448488467503664
836.1,1.9133584175426421,5.449769852127405
836.2,1.9066221221943562,5.451037816347196
836.3000000000001,1.8998830082537632,5.452292353896566
836.4000000000001,1.8931411027422023,5.453533458530883
836.5,1.88639643206748,5.45476112416597
836.6,1.8796490233871443,5.455975344640158
836.7,1.8728989031360677,5.457176113976077
836.8000000000001,1.8661460984995375,5.458363426123253
836.9000000000001,1.8593906360475412,5.459537275184931
837.0,1.8526325426151835,5.46069765529119
837.1,1.8458718452674003,5.461844560565313
837.2,1.839108570662162,5.462977985279419
837.3000000000001,1.832342745687722,5.464097923701651
837.4000000000001,1.8255743974968808,5.465204370127298
837.5,1.81880355262556,5.46629731899986
837.6,1.8120302383611757,5.467376764700364
837.7,1.8052544812645546,5.468442701779676
837.8000000000001,1.7984763086485915,5.469495124730573
837.9000000000001,1.791695747207705,5.470534028187276
838.0,1.7849128239009118,5.4715594068161595
838.1,1.7781275659172338,5.472571255281396
838.2,1.771340000035681,5.473569568387861
838.3000000000001,1.764550153265676,5.474554340941082
838.4000000000001,1.7577580528806924,5.47552556777907
838.5,1.75096372553423,5.47648324387567
838.6,1.7441671986326701,5.477427364157318
838.7,1.7373684988522966,5.478357923705773
838.8000000000001,1.7305676536227685,5.4792749175597475
838.9000000000001,1.7237646897522474,5.480178340887077
839.0,1.7169596343129518,5.4810681888930235
839.1,1.710152514607217,5.481944456785243
839.2,1.7033433575244232,5.482807139903949
839.3000000000001,1.6965321901844077,5.4836562335946155
839.4000000000001,1.6897190399704873,5.48449173324047
839.5,1.68290393364312,5.48531363434823
839.6,1.6760868987167774,5.486121932392229
839.7,1.669267961972527,5.486916622987587
839.8000000000001,1.6624471509459087,5.4876977017214
839.9000000000001,1.655624492548174,5.488465164297505
840.0,1.648800013953943,5.489219006462461
840.1,1.6419737425679868,5.489959223969814
840.2,1.6351457053793985,5.490685812697453
840.3000000000001,1.6283159296076353,5.491398768533133
840.4000000000001,1.6214844427348754,5.492098087407625
840.5,1.61465127161792,5.49278376536278
840.6,1.6078164438683782,5.493455798423146
840.7,1.6009799863614695,5.49411418273938
840.8000000000001,1.5941419267275618,5.494758914449268
840.9000000000001,1.5873022919703301,5.495389989794816
841.0,1.580461109356006,5.49600740506605
841.1,1.5736184063808518,5.496611156564612
841.2,1.566774210122857,5.497201240708163
841.3000000000001,1.5599285478902598,5.497777653928856
841.4000000000001,1.553081447253246,5.4983403927071555
841.5,1.54623293515419,5.49888945362209
841.6,1.5393830392908519,5.499424833250458
841.7,1.5325317866218386,5.499946528280519
841.8000000000001,1.5256792048613879,5.500454535402742
841.9000000000001,1.5188253210948208,5.500948851399286
842.0,1.5119701626690805,5.501429473105622
842.1,1.5051137571609559,5.5018963973734385
842.2,1.4982561317265681,5.502349621162079
842.3000000000001,1.491397313752047,5.50278914145
842.4000000000001,1.4845373308845398,5.503214955269252
842.5,1.47767621014127,5.50362705973785
842.6,1.4708139792950978,5.504025451986756
842.7,1.463950665377279,5.504410129243593
842.8000000000001,1.4570862961748567,5.5047810887533295
842.9000000000001,1.4502208988439644,5.505138327840048
843.0,1.4433545008013557,5.505481843886397
843.1,1.4364871296933626,5.5058116342958465
843.2,1.4296188127433618,5.506127696571138
843.3000000000001,1.4227495774044379,5.506430028238724
843.4000000000001,1.415879451389716,5.506718626883871
843.5,1.40900846178046,5.50699349016525
843.6,1.4021366364134968,5.507254615769606
843.7,1.3952640023819731,5.507502001465498
843.8000000000001,1.388390587534628,5.50773564505398
843.9000000000001,1.3815164190875637,5.507955544402622
844.0,1.374641524516393,5.508161697442762
844.1,1.367765931525938,5.508354102131177
844.2,1.3608896673959783,5.508532756515479
844.3000000000001,1.3540127596355762,5.508697658671587
844.4000000000001,1.3471352360127251,5.508848806739435
844.5,1.34025712366194,5.50898619891977
844.6,1.333378450472888,5.509109833456509
844.7,1.3264992435897722,5.509219708660543
844.8000000000001,1.3196195309118919,5.509315822890354
844.9000000000001,1.3127393397044467,5.5093981745583225
845.0,1.3058586974909212,5.50946676214581
845.1,1.298977632023548,5.509521584164193
845.2,1.2920961706276073,5.509562639207195
845.3000000000001,1.2852143408571335,5.509589925901452
845.4000000000001,1.2783321705238666,5.50960344294282
845.5,1.27144968680474,5.50960318907529
845.6,1.2645669176310923,5.509589163101155
845.7,1.2576838901873357,5.509561363874757
845.8000000000001,1.2508006324121683,5.509519790313191
845.9000000000001,1.2439171716089592,5.509464441374745
846.0,1.2370335353380606,5.509395316091877
846.1,1.2301497513880206,5.50931241353165
846.2,1.2232658471186586,5.509215732834941
846.3000000000001,1.216381850117964,5.509105273180134
846.4000000000001,1.2094977882303204,5.5089810338200165
846.5,1.20261368866414,5.50884301404278
846.6,1.1957295793813185,5.508691213210063
846.7,1.1888454875955343,5.50852563072061
846.8000000000001,1.1819614412737272,5.5083462660510385
846.9000000000001,1.1750774677465032,5.508153118706431
847.0,1.168193594600021,5.507946188271207
847.1,1.1613098496480145,5.507725474368968
847.2,1.1544262602739226,5.507490976688589
847.3000000000001,1.1475428540886248,5.507242694961
847.4000000000001,1.1406596589579368,5.506980628996665
847.5,1.13377670211092,5.50670477862879
847.6,1.1268940115287671,5.50641514377908
847.7,1.1200116144435484,5.506111724391408
847.8000000000001,1.1131295388392586,5.5057945205025565
847.9000000000001,1.1062478120627404,5.50546353216512
848.0,1.0993664617149133,5.505118759516136
848.1,1.09248551562357,5.504760202736368
848.2,1.0856050011847487,5.504387862063257
848.3000000000001,1.0787249460211528,5.504001737780876
848.4000000000001,1.0718453780089252,5.5036018302579715
848.5,1.06496632438679,5.50318813987326
848.6,1.0580878131440183,5.5027606671090386
848.7,1.0512098715201919,5.502319412454775
848.8000000000001,1.044332527505052,5.501864376507974
848.9000000000001,1.0374558084507857,5.501395559869121
849.0,1.030579741961996,5.500912963228285
849.1,1.023704355869318,5.50041658732384
849.2,1.0168296775704473,5.499906432942174
849.3000000000001,1.0099557346888386,5.499382500920866
849.4000000000001,1.0030825550996865,5.49884479218727
849.5,0.996210166040491,5.49829330766592
849.6,0.989338595497429,5.497728048400016
849.7,0.9824678707065683,5.497149015424916
849.8000000000001,0.9755980196522132,5.496556209899021
849.9000000000001,0.9687290696808907,5.495949632971011
850.0,0.9618610483898012,5.495329285884194
850.1,0.9549939836012692,5.49469516993469
850.2,0.9481279027036073,5.494047286458021
850.3000000000001,0.9412628333099204,5.493385636845414
850.4000000000001,0.934398803283323,5.492710222582915
850.5,0.927535839849128,5.49202104514102
850.6,0.9206739709791159,5.491318106123872
850.7,0.9138132238949576,5.490601407112779
850.8000000000001,0.9069536265642366,5.4898709498271065
850.9000000000001,0.9000952063168608,5.489126735963674
851.0,0.8932379907315459,5.488368767319002
851.1,0.8863820076110984,5.4875970457469725
851.2,0.8795272843234285,5.4868115731321545
851.3000000000001,0.8726738484602069,5.486012351419342
851.4000000000001,0.8658217278612867,5.48519938265318
851.5,0.858970949728807,5.48437266884998
851.6,0.8521215420089302,5.483532212174706
851.7,0.8452735318979726,5.482678014754419
851.8000000000001,0.8384269473355715,5.481810078869209
851.9000000000001,0.8315818156239945,5.4809284067638915
852.0,0.8247381643123733,5.480033000787967
852.1,0.8178960211728332,5.479123863352783
852.2,0.8110554135418895,5.478200996891676
852.3000000000001,0.8042163689786547,5.477264403902704
852.4000000000001,0.797378915288487,5.47631408698877
852.5,0.790543079639472,5.47535004871169
852.6,0.783708889940861,5.474372291796815
852.7,0.7768763733526795,5.473380818916612
852.8000000000001,0.7700455577753796,5.47237563291149
852.9000000000001,0.7632164704725893,5.471356736573793
853.0,0.7563891389527674,5.4703241328055325
853.1,0.7495635909461811,5.469277824575045
853.2,0.7427398537469377,5.468217814863935
853.3000000000001,0.7359179548704988,5.467144106723002
853.4000000000001,0.7290979220765349,5.466056703312858
853.5,0.722279782488109,5.46495560774023
853.6,0.7154635639663474,5.463840823290272
853.7,0.7086492936240377,5.462712353180261
853.8000000000001,0.7018369993112025,5.461570200810235
853.9000000000001,0.6950267082418429,5.4604143695194525
854.0,0.6882184478726664,5.459244862761745
854.1,0.6814122458809153,5.458061684061714
854.2,0.6746081295072826,5.456864836948509
854.3000000000001,0.6678061262124837,5.455654325024931
854.4000000000001,0.6610062636993123,5.454430152008501
854.5,0.654208569034877,5.45319232155009
854.6,0.6474130700209519,5.451940837493835
854.7,0.6406197937121534,5.450675703600967
854.8000000000001,0.6338287678968387,5.449396923830307
854.9000000000001,0.6270400197284213,5.448104502067134
855.0,0.6202535766007778,5.446798442316186
855.1,0.6134694661269507,5.445478748657401
855.2,0.60668771548324,5.444145425166548
855.3000000000001,0.5999083520645437,5.442798475997451
855.4000000000001,0.5931314035056001,5.441437905423509
855.5,0.586356896806643,5.44006371763877
855.6,0.5795848596988605,5.438675917045252
855.7,0.5728153191677987,5.437274507947132
855.8000000000001,0.5660483029289598,5.435859494860903
855.9000000000001,0.559283838064168,5.434430882216773
856.0,0.5525219518934106,5.432988674569253
856.1,0.5457626719544042,5.431532876552467
856.2,0.539006025348082,5.430063492787622
856.3000000000001,0.5322520393924615,5.4285805279783705
856.4000000000001,0.5255007416430659,5.427083986952772
856.5,0.518752159022352,5.42557387444681
856.6,0.5120063191797358,5.424050195419143
856.7,0.505263249020776,5.422512954715602
856.8000000000001,0.4985229761769055,5.420962157409012
856.9000000000001,0.4917855276474602,5.419397808473207
857.0,0.4850509306674927,5.417819913011117
857.1,0.4783192126882453,5.416228476209676
857.2,0.471590400724361,5.414623503234148
857.3000000000001,0.46486452200594464,5.413004999336604
857.4000000000001,0.4581416039981253,5.411372969898277
857.5,0.45142167353472,5.40972742019567
857.6,0.4447047581722278,5.408068355742557
857.7,0.43799088472530834,5.406395781924965
857.8000000000001,0.4312800807301611,5.404709704370485
857.9000000000001,0.4245723730927216,5.403010128595049
858.0,0.4178677889521013,5.401297060248437
858.1,0.41116635566197174,5.399570505068772
858.2,0.4044681001397368,5.397830468763768
858.3000000000001,0.3977730495165731,5.396076957132275
858.4000000000001,0.3910812311561467,5.394309976107046
858.5,0.384392671792762,5.39252953150344
858.6,0.37770739887882376,5.390735629388594
858.7,0.37102543912728086,5.388928275687037
858.8000000000001,0.3643468199679277,5.387107476579331
858.9000000000001,0.3576715682024396,5.3852732381217905
859.0,0.3509997108630054,5.383425566509244
859.1,0.34433127519463214,5.381564468029162
859.2,0.3376662880065917,5.37968994892988
859.3000000000001,0.33100477632015723,5.37780201555518
859.4000000000001,0.3243467673864543,5.375900674387426
859.5,0.317692287829449,5.37398593177895
859.6,0.31104136498633395,5.3720577943483026
859.7,0.3043940254575298,5.370116268556597
859.8000000000001,0.2977502965553375,5.368161361135398
859.9000000000001,0.29111020496628187,5.366193078679374
860.0,0.28447377760468506,5.3642114279263975
860.1,0.27784104159587825,5.362216415711264
860.2,0.2712120236301198,5.360208048820874
860.3000000000001,0.2645867506078247,5.35818633414184
860.4000000000001,0.25796524965656803,5.356151278704036
860.5,0.251347547279175,5.35410288939469
860.6,0.24473367068653032,5.3520411733815525
860.7,0.23812364635575262,5.3499661376602
860.8000000000001,0.23151750147058361,5.347877789510955
860.9000000000001,0.2249152625915775,5.345776136064694
861.0,0.21831695650427344,5.343661184600074
861.1,0.21172261020332764,5.341532942496925
861.2,0.2051322502491783,5.339391417078467
861.3000000000001,0.19854590341047257,5.33723661577187
861.4000000000001,0.19196359668020124,5.3350685461521286
861.5,0.185385356429313,5.33288721563905
861.6,0.17881120973136516,5.3306926319472225
861.7,0.17224118292942164,5.328484802604312
861.8000000000001,0.16567530306763514,5.326263735436964
861.9000000000001,0.15911359656980817,5.324029438109836
862.0,0.15255609008183457,5.321781918439918
862.1,0.1460028104567498,5.319521184349593
862.2,0.13945378411438134,5.31724724369593
862.3000000000001,0.13290903768073517,5.314960104444125
862.4000000000001,0.126368598003269,5.3126597747117
862.5,0.119832491310349,5.31034626244855
862.6,0.11330074452721065,5.308019575913471
862.7,0.10677338385216996,5.305679723163649
862.8000000000001,0.10025043617880537,5.303326712569361
862.9000000000001,0.09373192778344368,5.300960552326447
863.0,0.08721788516150354,5.298581250787556
863.1,0.08070833501348221,5.296188816414901
863.2,0.07420330360787535,5.293783257596694
863.3000000000001,0.06770281741723794,5.291364582833423
863.4000000000001,0.06120690313257657,5.288932800782381
863.5,0.0547155868290192,5.28648791992078
863.6,0.048228895272527134,5.2840299490487705
863.7,0.04174685450603618,5.281558896750289
863.8000000000001,0.03526949126163907,5.279074771936356
863.9000000000001,0.02879683165747049,5.2765775833311634
864.0,0.022328902027700263,5.274067339820117
864.1,0.015865728909450563,5.271544050402323
864.2,0.009407338409200865,5.269007723994225
864.3000000000001,0.0029537568352867288,5.266458369628652
864.4000000000001,-0.003494989288588531,5.263895996499649
864.5,-0.00993887405114236,5.26132061360881
864.6,-0.016377870856562518,5.258732230294557
864.7,-0.02281195382790446,5.25613085566459
864.8000000000001,-0.029241096405455348,5.25351649916756
864.9000000000001,-0.035665272639861766,5.250889170052947
865.0,-0.04208445636892415,5.248248877735813
865.1,-0.048498621229716925,5.245595631749008
865.2,-0.054907741288376055,5.242929441534083
865.3000000000001,-0.06131179041148896,5.240250316653045
865.4000000000001,-0.06771074225348962,5.237558266833445
865.5,-0.0741045710774626,5.23485330159808
865.6,-0.08049325046857819,5.23213543082039
865.7,-0.08687675472641951,5.229404664128608
865.8000000000001,-0.09325505747447013,5.2266610115057
865.9000000000001,-0.09962813294272713,5.223904482723159
866.0,-0.10599595515160938,5.221135087722372
866.1,-0.11235849792312262,5.21835283656658
866.2,-0.11871573550660679,5.215557739219088
866.3000000000001,-0.1250676419542168,5.212749805767682
866.4000000000001,-0.13141419110922875,5.209929046469998
866.5,-0.137755357419614,5.20709547136667
866.6,-0.14409111466225294,5.204249090862611
866.7,-0.15042143732375773,5.201389915103205
866.8000000000001,-0.15674629922157973,5.198517954602129
866.9000000000001,-0.16306567477553097,5.195633219649461
867.0,-0.1693795381992419,5.1927357207093845
867.1,-0.17568786351034577,5.189825468371905
867.2,-0.18199062515188374,5.1869024731185505
867.3000000000001,-0.18828779737215412,5.183966745559298
867.4000000000001,-0.19457935421393777,5.1810182964781575
867.5,-0.20086527032051,5.17805713643004
867.6,-0.20714551967119202,5.175083276347626
867.7,-0.21342007695000523,5.1720967268897935
867.8000000000001,-0.21968891617902786,5.1690974990972025
867.9000000000001,-0.22595201197837003,5.166085603774791
868.0,-0.232209338765392,5.16306105190578
868.1,-0.23846087076393088,5.1600238546031685
868.2,-0.24470658262117975,5.156974022862917
868.3000000000001,-0.25094644879209854,5.153911567813379
868.4000000000001,-0.25718044352953773,5.1508365007611205
868.5,-0.263408541682442,5.14774883277147
868.6,-0.269630717443215,5.144648575300948
868.7,-0.2758469457036145,5.141535739518093
868.8000000000001,-0.2820572007009598,5.13841033698656
868.9000000000001,-0.2882614572660184,5.13527237902226
869.0,-0.29445969003033245,5.132121877123488
869.1,-0.3006518734344781,5.1289588429222155
869.2,-0.3068379823401425,5.12578328792486
869.3000000000001,-0.313017991419386,5.1225952237741215
869.4000000000001,-0.3191918751456814,5.119394662295029
869.5,-0.325359608583906,5.11618161505935
869.6,-0.33152116615007765,5.112956094043274
869.7,-0.33767652295396594,5.109718110920936
869.8000000000001,-0.3438256534586544,5.106467677774813
869.9000000000001,-0.34996853271587297,5.103204806427681
870.0,-0.3561051355817142,5.099929508888718
870.1,-0.3622354367239304,5.096641797304646
870.2,-0.36835941122899174,5.093341683688185
870.3000000000001,-0.374477033996426,5.090029180192152
870.4000000000001,-0.3805882797307656,5.086704299155673
870.5,-0.386693123723021,5.08336705265276
870.6,-0.3927915406232897,5.080017453174935
870.7,-0.3988835057695373,5.0766555128976805
870.8000000000001,-0.4049689938610682,5.07328124441785
870.9000000000001,-0.4110479801807722,5.069894660060795
871.0,-0.4171204398195891,5.0664957723422095
871.1,-0.4231863476828288,5.0630845939191085
871.2,-0.42924567909193717,5.059661137306105
871.3000000000001,-0.4352984091841776,5.056225415161691
871.4000000000001,-0.44134451290550275,5.05277744033462
871.5,-0.447383965783178,5.04931722539671
871.6,-0.45341674271176174,5.0458447833502165
871.7,-0.45944281926751473,5.042360126867529
871.8000000000001,-0.4654621703963321,5.038863269055279
871.9000000000001,-0.47147477162238394,5.035354222736843
872.0,-0.47748059828166295,5.031833000929832
872.1,-0.4834796255273229,5.02829961679693
872.2,-0.4894718289258964,5.024754083350048
872.3000000000001,-0.4954571838625728,5.021196413748696
872.4000000000001,-0.5014356655349976,5.017626621346528
872.5,-0.507407249716719,5.01404471920855
872.6,-0.5133719115570595,5.010450720842972
872.7,-0.5193296268805777,5.00684463941442
872.8000000000001,-0.5252803708900114,5.003226488534491
872.9000000000001,-0.5312241193608835,4.9995962815198425
873.0,-0.5371608478843586,4.995954031885208
873.1,-0.5430905318716084,4.992299753294093
873.2,-0.5490131471442782,4.988633459250912
873.3000000000001,-0.5549286693455843,4.984955163411334
873.4000000000001,-0.5608370739350401,4.981264879628979
873.5,-0.566738336942421,4.97756262145722
873.6,-0.5726324337820038,4.9738484029052294
873.7,-0.5785193405365806,4.970122237625005
873.8000000000001,-0.5843990326759243,4.966384139728054
873.9000000000001,-0.5902714862368287,4.9626341230194155
874.0,-0.5961366770756569,4.958872201505941
874.1,-0.6019945808717104,4.9550983893469
874.2,-0.607845173711656,4.951312700534207
874.3000000000001,-0.6136884315067381,4.94751514921464
874.4000000000001,-0.6195243299884536,4.943705749736621
874.5,-0.625352845452634,4.93988451613687
874.6,-0.6311739535885879,4.936051462920356
874.7,-0.6369876307471957,4.93220660422135
874.8000000000001,-0.642793852675347,4.928349954646059
874.9000000000001,-0.6485925956809453,4.924481528482766
875.0,-0.6543838358954714,4.920601340225226
875.1,-0.6601675492763558,4.916709404523208
875.2,-0.6659437121851357,4.912805735850935
875.3000000000001,-0.6717123008109883,4.9088903488410205
875.4000000000001,-0.6774732911673429,4.904963258331373
875.5,-0.68322665982585,4.90102447883684
875.6,-0.6889723827608726,4.8970740253527465
875.7,-0.6947104366010792,4.893111912490417
875.8000000000001,-0.7004407973804762,4.889138155345263
875.9000000000001,-0.7061634416878029,4.885152768683525
876.0,-0.7118783459394753,4.8811557674804815
876.1,-0.7175854863809634,4.877147166870911
876.2,-0.7232848396584208,4.873126981805911
876.3000000000001,-0.7289763822487447,4.869095227398495
876.4000000000001,-0.7346600904571413,4.865051918970555
876.5,-0.740335941140764,4.8609970715096
876.6,-0.7460039105689136,4.856930700495724
876.7,-0.7516639756576707,4.852852821011829
876.8000000000001,-0.7573161127380126,4.848763448636907
876.9000000000001,-0.7629602986891847,4.844662598609639
877.0,-0.7685965102222573,4.840550286381197
877.1,-0.7742247238805103,4.836426527565712
877.2,-0.77984491660432,4.832291337585606
877.3000000000001,-0.7854570651680164,4.828144732028609
877.4000000000001,-0.7910611461783777,4.823986726694787
877.5,-0.796657136787543,4.81981733703879
877.6,-0.8022450135695715,4.815636579019642
877.7,-0.8078247537374663,4.811444468186159
877.8000000000001,-0.8133963339289308,4.807241020595121
877.9000000000001,-0.8189597313232555,4.803026251951864
878.0,-0.8245149229357701,4.798800178177672
878.1,-0.8300618856172369,4.7945628153602
878.2,-0.8356005966117727,4.790314179387371
878.3000000000001,-0.841131033000718,4.786054286315783
878.4000000000001,-0.8466531717020737,4.781783152417787
878.5,-0.852166990172418,4.77750079360929
878.6,-0.8576724653002078,4.773207226322287
878.7,-0.8631695746047853,4.76890246656568
878.8000000000001,-0.8686582950402253,4.764586530867942
878.9000000000001,-0.8741386040952915,4.760259435395203
879.0,-0.8796104790990584,4.755921196532865
879.1,-0.8850738972193237,4.7515718308360295
879.2,-0.8905288360133505,4.747211354652143
879.3000000000001,-0.8959752728789651,4.742839784500632
879.4000000000001,-0.9014131850549228,4.738457137119986
879.5,-0.906842550311549,4.73406342888139
879.6,-0.9122633458612561,4.729658676683601
879.7,-0.9176755495390135,4.725242896989568
879.8000000000001,-0.923079138624799,4.720816106793243
879.9000000000001,-0.9284740909261434,4.716378322715429
880.0,-0.9338603840952464,4.711929561599467
880.1,-0.9392379956263928,4.7074698404616635
880.2,-0.9446069033992651,4.702999176102824
880.3000000000001,-0.949967085137515,4.698517585498942
880.4000000000001,-0.9553185184100735,4.694025085848321
880.5,-0.960661181310216,4.68952169397126
880.6,-0.9659950513837422,4.685007427226882
880.7,-0.9713201067904089,4.68048230252595
880.8000000000001,-0.9766363251454809,4.675946337321489
880.9000000000001,-0.9819436845844767,4.671399548682674
881.0,-0.9872421630919724,4.666841953904399
881.1,-0.9925317384980405,4.662273570457747
881.2,-0.9978123890139501,4.657694415590512
881.3000000000001,-1.0030840926984048,4.653104506728846
881.4000000000001,-1.0083468274597904,4.648503861524364
881.5,-1.01360057172342,4.64389249724007
881.6,-1.01884530337778,4.63927043168888
881.7,-1.024081000916455,4.6346376822229995
881.8000000000001,-1.0293076422993068,4.629994266747841
881.9000000000001,-1.0345252059988645,4.625340202774541
882.0,-1.0397336703412146,4.620675508042988
882.1,-1.0449330135014334,4.616000200472368
882.2,-1.05012321403137,4.611314297750953
882.3000000000001,-1.0553042503338774,4.606617817748449
882.4000000000001,-1.0604761006660302,4.601910778563021
882.5,-1.06563874379407,4.59719319789386
882.6,-1.0707921579583057,4.592465094000963
882.7,-1.075936321995156,4.587726484671291
882.8000000000001,-1.0810712142181884,4.582977388255899
882.9000000000001,-1.0861968134458688,4.578217822701201
883.0,-1.0913130983547934,4.573447806185334
883.1,-1.0964200474740984,4.5686673570688106
883.2,-1.1015176397051432,4.563876493473613
883.3000000000001,-1.1066058538038956,4.559075233706189
883.4000000000001,-1.1116846683850992,4.554263596304436
883.5,-1.11675406256478,4.54944159939696
883.6,-1.1218140149441407,4.544609261683832
883.7,-1.126864504711173,4.539766601380083
883.8000000000001,-1.1319055105421694,4.534913637275374
883.9000000000001,-1.1369370116103628,4.530050387744572
884.0,-1.1419589869517064,4.525176871397149
884.1,-1.1469714154583035,4.5202931070279195
884.2,-1.151974276389825,4.515399113185676
884.3000000000001,-1.156967548864193,4.510494908606643
884.4000000000001,-1.1619512118626771,4.505580512261365
884.5,-1.1669252448598,4.50065594270095
884.6,-1.1718896268265642,4.495721219058427
884.7,-1.1768443373111663,4.490776359969908
884.8000000000001,-1.1817893553615284,4.4858213846565125
884.9000000000001,-1.186724660514299,4.480856311914551
885.0,-1.191650232173514,4.475881160777721
885.1,-1.196566049603049,4.470895950467966
885.2,-1.2014720924295057,4.465900699953795
885.3000000000001,-1.2063683401414527,4.4608954283940365
885.4000000000001,-1.211254772095453,4.455880155184657
885.5,-1.21613136813305,4.45085489929218
885.6,-1.220998107603826,4.445819680275254
885.7,-1.2258549704247241,4.440774517183969
885.8000000000001,-1.2307019360239957,4.435719429663555
885.9000000000001,-1.2355389843102478,4.430654436924552
886.0,-1.2403660950641857,4.42557955841759
886.1,-1.2451832479300888,4.420494813784406
886.2,-1.2499904229099938,4.415400222405977
886.3000000000001,-1.254787599871672,4.410295803856402
886.4000000000001,-1.2595747585555872,4.405181577949614
886.5,-1.26435187917873,4.40005756406031
886.6,-1.2691189414778556,4.394923782165256
886.7,-1.2738759257470245,4.38978025172122
886.8000000000001,-1.2786228118034406,4.384626992790041
886.9000000000001,-1.283359579936028,4.379464024989092
887.0,-1.2880862103106008,4.374291368178496
887.1,-1.2928026829603592,4.369109042412265
887.2,-1.2975089782711198,4.363917067476392
887.3000000000001,-1.3022050764982573,4.358715463352744
887.4000000000001,-1.3068909577746084,4.353504250265634
887.5,-1.31156660270088,4.34828344799046
887.6,-1.3162319914094622,4.343053076914481
887.7,-1.3208871045797759,4.337813156893666
887.8000000000001,-1.3255319224263928,4.332563708398731
887.9000000000001,-1.3301664256268126,4.327304751446389
888.0,-1.3347905947402599,4.3220363062986165
888.1,-1.3394044101971962,4.316758393413976
888.2,-1.3440078527754125,4.311471032975911
888.3000000000001,-1.3486009031261512,4.306174245366361
888.4000000000001,-1.3531835417829559,4.300868051212216
888.5,-1.35775574973835,4.29555247068204
888.6,-1.3623175075286755,4.290227524565698
888.7,-1.3668687962267985,4.284893233110732
888.8000000000001,-1.3714095964529314,4.279549617188892
888.9000000000001,-1.3759398892812666,4.274196697208496
889.0,-1.3804596556725814,4.268834493825587
889.1,-1.384968876462782,4.2634630278954315
889.2,-1.3894675328296917,4.258082319991111
889.3000000000001,-1.3939556058285383,4.252692390886811
889.4000000000001,-1.3984330764017203,4.247293261604112
889.5,-1.40289992594153,4.24188495269688
889.6,-1.4073561353964452,4.236467485349648
889.7,-1.4118016862407168,4.231040880193731
889.8000000000001,-1.4162365595083362,4.225605158493815
889.9000000000001,-1.4206607366780897,4.2201603410420265
890.0,-1.4250741991203064,4.2147064488804995
890.1,-1.4294769280844077,4.209243503253118
890.2,-1.4338689051561258,4.2037715251147425
890.3000000000001,-1.4382501118026103,4.198290535623792
890.4000000000001,-1.44262052938314,4.1928005561883275
890.5,-1.4469801396976,4.18730160773972
890.6,-1.45132892411459,4.181793711848928
890.7,-1.4556668645175168,4.17627688952307
890.8000000000001,-1.459993942362126,4.17075116241163
890.9000000000001,-1.4643101395396028,4.1652165516824535
891.0,-1.4686154378376441,4.15967307875565
891.1,-1.4729098189270493,4.1541207652555725
891.2,-1.4771932648092256,4.148559632510707
891.3000000000001,-1.4814657573710437,4.142989702055528
891.4000000000001,-1.485727278396485,4.137410995676405
891.5,-1.4899778101007,4.13182353467402
891.6,-1.4942173342802099,4.12622734099749
891.7,-1.498445833235263,4.120622436021615
891.8000000000001,-1.5026632888511409,4.115008841772236
891.9000000000001,-1.5068696834390298,4.109386579784823
892.0,-1.511064999211674,4.103755671849184
892.1,-1.5152492182689794,4.09811613996172
892.2,-1.5194223230356103,4.09246800581631
892.3000000000001,-1.5235842958257964,4.08681129131518
892.4000000000001,-1.5277351188558843,4.081146018614553
892.5,-1.53187477476376,4.07547220937622
892.6,-1.5360032457816244,4.069789885918912
892.7,-1.540120514633943,4.0640990699768595
892.8000000000001,-1.54422656364321,4.058399783943783
892.9000000000001,-1.5483213755480787,4.052692049714373
893.0,-1.552404932993836,4.046975889439694
893.1,-1.5564772185170537,4.041251325479717
893.2,-1.560538214973069,4.035518379885324
893.3000000000001,-1.564587905110929,4.029777074917993
893.4000000000001,-1.5686262715868677,4.024027433095202
893.5,-1.57265329746885,4.01826947643145
893.6,-1.5766689654322126,4.0125032276064845
893.7,-1.5806732586329906,4.006728708705492
893.8000000000001,-1.5846661598383327,4.0009459424813985
893.9000000000001,-1.588647652221674,3.9951549511796403
894.0,-1.5926177188681798,3.989355757303959
894.1,-1.5965763427584507,3.9835483835692274
894.2,-1.6005235071857609,3.9777328523747477
894.3000000000001,-1.604459195341281,3.9719091863326086
894.4000000000001,-1.6083833903284541,3.9660774083128487
894.5,-1.6122960756525,3.96023754067413
894.6,-1.6161972344392437,3.9543896064483652
894.7,-1.6200868502833927,3.948533628063178
894.8000000000001,-1.6239649064040589,3.9426696286218537
894.9000000000001,-1.6278313864165865,3.9367976307119323
895.0,-1.6316862738531854,3.9309176571810887
895.1,-1.6355295521456976,3.9250297310902718
895.2,-1.639361205032416,3.9191338751785305
895.3000000000001,-1.6431812161537596,3.9132301123997837
895.4000000000001,-1.6469895690675536,3.9073184659677054
895.5,-1.65078624772327,3.90139895857645
895.6,-1.654571235704358,3.895471613601156
895.7,-1.6583445170511786,3.8895364538031783
895.8000000000001,-1.6621060754419374,3.8835935026271478
895.9000000000001,-1.6658558949408202,3.8776427829939486
896.0,-1.6695939595340819,3.8716843180863125
896.1,-1.6733202531118625,3.865718131302287
896.2,-1.6770347598643633,3.859744245711812
896.3000000000001,-1.6807374638882024,3.853762684601711
896.4000000000001,-1.6844283492025953,3.8477734715202807
896.5,-1.68810740020806,3.84177662948833
896.6,-1.6917746009526842,3.8357721822151345
896.7,-1.695429935929239,3.829760152786896
896.8000000000001,-1.6990733892819776,3.823740564980501
896.9000000000001,-1.7027049455307244,3.817713442041234
897.0,-1.7063245891225889,3.811678807477851
897.1,-1.7099323044128614,3.8056366850163954
897.2,-1.7135280760503917,3.7995870980487316
897.3000000000001,-1.717111888594763,3.7935300701855144
897.4000000000001,-1.720683726533378,3.787465625300464
897.5,-1.72424357472449,3.78139378673209
897.6,-1.727791417687581,3.7753145785145614
897.7,-1.7313272403744882,3.769228024049936
897.8000000000001,-1.7348510274022293,3.7631341474381212
897.9000000000001,-1.7383627637528902,3.7570329722397013
898.0,-1.7418624343410871,3.750924522280283
898.1,-1.7453500239939244,3.7448088216046824
898.2,-1.7488255178254515,3.73868589391756
898.3000000000001,-1.7522889008648201,3.7325557631441897
898.4000000000001,-1.755740158074252,3.726418453474415
898.5,-1.75917927477617,3.72027398855534
898.6,-1.7626062359681092,3.7141223927366465
898.7,-1.7660210270673746,3.7079636897271264
898.8000000000001,-1.7694236331703714,3.701797903940249
898.9000000000001,-1.772814039727834,3.695625059242769
899.0,-1.776192232128325,3.6894451797678487
899.1,-1.7795581956772777,3.6832582898696526
899.2,-1.7829119159603315,3.677064413556394
899.3000000000001,-1.7862533784826016,3.6708635750586383
899.4000000000001,-1.789582568687546,3.664655798872883
899.5,-1.7928994723681,3.6584411089456
899.6,-1.7962040750062276,3.652219529932498
899.7,-1.7994963624909948,3.6459910858398
899.8000000000001,-1.8027763204045535,3.639755801385024
899.9000000000001,-1.806043934672543,3.633513700731768
900.0,-1.809299191163753,3.6272648083113186
900.1,-1.8125420756682398,3.621009148777671
900.2,-1.8157725742494013,3.614746746433186
900.3000000000001,-1.818990672894557,3.608477625804253
900.4000000000001,-1.8221963575346898,3.6022018116844885
900.5,-1.8253896144393,3.59591932831032
900.6,-1.8285704295810548,3.5896302006338567
900.7,-1.8317387893268184,3.5833344529493703
900.8000000000001,-1.8348946797507248,3.577032110268766
900.9000000000001,-1.8380380872593562,3.570723197043006
901.0,-1.841168998207801,3.564407737991951
901.1,-1.844287398876866,3.5580857580598013
901.2,-1.8473932758137301,3.5517572818335448
901.3000000000001,-1.8504866154939423,3.5454223341257816
901.4000000000001,-1.8535674043420323,3.5390809400175502
901.5,-1.85663562911002,3.53273312402576
901.6,-1.8596912762673414,3.5263789113891124
901.7,-1.8627343326645054,3.520018326680464
901.8000000000001,-1.865764784873645,3.5136513951962645
901.9000000000001,-1.8687826197881623,3.5072781416653074
902.0,-1.8717878242553379,3.500898591086337
902.1,-1.8747803850526523,3.494512768683947
902.2,-1.8777602892168572,3.4881206993201492
902.3000000000001,-1.8807275237175887,3.481722408084042
902.4000000000001,-1.883682075478833,3.475317920334229
902.5,-1.8866239317408,3.46890726085854
902.6,-1.889553079475546,3.4624904551723428
902.7,-1.892469506022978,3.456067528117424
902.8000000000001,-1.8953731984589932,3.4496385052649092
902.9000000000001,-1.8982641441694985,3.443203411611687
903.0,-1.9011423304996737,3.436762272425586
903.1,-1.904007744729394,3.430315113201736
903.2,-1.9068603743906123,3.4238619590673998
903.3000000000001,-1.9097002069526945,3.4174028353783226
903.4000000000001,-1.9125272298447413,3.4109377677607418
903.5,-1.91534143080074,3.40446678126365
903.6,-1.918142797301018,3.3979899016690904
903.7,-1.9209313171803197,3.39150715407806
903.8000000000001,-1.9237069780239682,3.3850185643262787
903.9000000000001,-1.9264697677158535,3.378524157668927
904.0,-1.929219674104548,3.372023959633017
904.1,-1.9319566849778633,3.365517995974203
904.2,-1.9346807883683843,3.3590062920751156
904.3000000000001,-1.9373919722506603,3.3524888735481926
904.4000000000001,-1.9400902245643767,3.345965766277251
904.5,-1.94277553354264,3.33943699556258
904.6,-1.9454478871794965,3.332902587442822
904.7,-1.9481072738098701,3.326362567268268
904.8000000000001,-1.9507536815338902,3.319816961129124
904.9000000000001,-1.9533870987387247,3.3132657945289306
905.0,-1.9560075137816606,3.306709093243821
905.1,-1.9586149149637764,3.3001468832798517
905.2,-1.9612092908234924,3.2935791902650875
905.3000000000001,-1.9637906298458068,3.2870060400585834
905.4000000000001,-1.966358920486308,3.2804274587915048
905.5,-1.96891415148232,3.27384347200556
905.6,-1.9714563113468715,3.2672541059856894
905.7,-1.9739853889201855,3.260659386321544
905.8000000000001,-1.9765013728224081,3.2540593393475645
905.9000000000001,-1.9790042519490847,3.247453990805582
906.0,-1.9814940151713114,3.2408433667107284
906.1,-1.9839706513085484,3.234227493309249
906.2,-1.9864341494101163,3.227606396464513
906.3000000000001,-1.9888844984765208,3.220980102272024
906.4000000000001,-1.991321687484275,3.2143486371000836
906.5,-1.99374570567991,3.20771202672168
906.6,-1.9961565421005014,3.2010702976577505
906.7,-1.9985541860964373,3.19442347572721
906.8000000000001,-2.000938626812941,3.1877715874983488
906.9000000000001,-2.0033098536587843,3.1811146589412007
907.0,-2.0056678560237695,3.1744527162996263
907.1,-2.0080126232507043,3.167785786049693
907.2,-2.0103441449046255,3.1611138942799526
907.3000000000001,-2.0126624105063806,3.154437067312075
907.4000000000001,-2.0149674095582863,3.147755331740997
907.5,-2.01725913182085,3.14106871356093
907.6,-2.019537566860006,3.1343772395183565
907.7,-2.0218027045410425,3.1276809356512603
907.8000000000001,-2.024054534539039,3.1209798287513077
907.9000000000001,-2.0262930467806983,3.1142739450064942
908.0,-2.028518231179235,3.1075633108790774
908.1,-2.0307300776055035,3.1008479530645157
908.2,-2.0329285761448883,3.094127897866207
908.3000000000001,-2.0351137168432425,3.0874031718216193
908.4000000000001,-2.0372854897333523,3.0806738017419244
908.5,-2.03944388509421,3.07393981383222
908.6,-2.041588893025265,3.0672012350539863
908.7,-2.0437205039112234,3.06045809165403
908.8000000000001,-2.0458387079616003,3.0537104106367905
908.9000000000001,-2.0479434956255176,3.0469582183979345
909.0,-2.0500348573440967,3.0402015416076704
909.1,-2.052112783520757,3.033440407170284
909.2,-2.0541772647656447,3.0266748415936555
909.3000000000001,-2.0562282916540484,3.0199048716205765
909.4000000000001,-2.0582658547536714,3.013130524267845
909.5,-2.06028994486637,3.00635182594115
909.6,-2.0623005526295164,2.9995688038062704
909.7,-2.0642976689515278,2.9927814843084954
909.8000000000001,-2.0662812845807346,2.985989894654387
909.9000000000001,-2.068251390492953,2.9791940614368206
910.0,-2.0702079776615054,2.9723940115234346
910.1,-2.0721510370266794,2.9655897720167395
910.2,-2.074080559727594,2.958781369618607
910.3000000000001,-2.075996536873209,2.9519688312665733
910.4000000000001,-2.0778989595703936,2.9451521841724095
910.5,-2.07978781914797,2.93833145493194
910.6,-2.081663106785471,2.9315066709045277
910.7,-2.0835248139191065,2.9246778587234714
910.8000000000001,-2.085372931840211,2.917845045786737
910.9000000000001,-2.087207452055366,2.9110082588738626
911.0,-2.0890283660741495,2.904167525039281
911.1,-2.0908356653778095,2.8973228715730253
911.2,-2.0926293416384456,2.8904743253604024
911.3000000000001,-2.0944093865027162,2.8836219135230468
911.4000000000001,-2.096175791620677,2.876765663456937
911.5,-2.09792854885205,2.8699056019375
911.6,-2.099667649922527,2.8630417565068784
911.7,-2.101393086799996,2.8561741539758323
911.8000000000001,-2.1031048513227297,2.8493028219228593
911.9000000000001,-2.104802935531949,2.8424277873035972
912.0,-2.1064873314773607,2.8355490773485887
912.1,-2.108158031185035,2.828666719524584
912.2,-2.109815026863858,2.821780740889651
912.3000000000001,-2.1114583107019937,2.8148911687387765
912.4000000000001,-2.113087874896482,2.807998030641338
912.5,-2.11470371184167,2.80110135354174
912.6,-2.1163058138131947,2.794201165153991
912.7,-2.1178941733142835,2.7872974924557177
912.8000000000001,-2.1194687827339087,2.780390363195036
912.9000000000001,-2.1210296346515642,2.7734798044929976
913.0,-2.1225767216607263,2.7665658437454383
913.1,-2.1241100363359635,2.7596485085849323
913.2,-2.125629571426521,2.7527278262316512
913.3000000000001,-2.1271353196656624,2.7458038241431257
913.4000000000001,-2.1286272738010172,2.738876530051121
913.5,-2.13010542676505,2.73194597105841
913.6,-2.131569771386902,2.7250121750398573
913.7,-2.133020300708633,2.718075169129281
913.8000000000001,-2.134457007673409,2.7111349812334145
913.9000000000001,-2.1358798854024306,2.704191638627937
914.0,-2.137288927036387,2.6972451688631387
914.1,-2.138684125701781,2.6902955997264897
914.2,-2.1400654746915944,2.6833429585894253
914.3000000000001,-2.1414329672875603,2.676387273061126
914.4000000000001,-2.1427865967912623,2.669428571024797
914.5,-2.1441263566766,2.66246687973077
914.6,-2.1454522403295586,2.655502227203776
914.7,-2.1467642413342514,2.648534640722979
914.8000000000001,-2.1480623531913774,2.6415641483426957
914.9000000000001,-2.1493465695670437,2.634590777482438
915.0,-2.1506168841523623,2.6276145558359802
915.1,-2.151873290629017,2.620635511334636
915.2,-2.153115782836847,2.6136536714903014
915.3000000000001,-2.154344354609223,2.6066690640528467
915.4000000000001,-2.1555589998048763,2.5996817170457756
915.5,-2.15675971244217,2.59269165785624
915.6,-2.1579464864670843,2.585698914647637
915.7,-2.159119316008823,2.57870351483371
915.8000000000001,-2.160278195128665,2.571705486605169
915.9000000000001,-2.1614231180406627,2.564704857514476
916.0,-2.1625540789893423,2.5577016553879237
916.1,-2.1636710722145445,2.550695908289575
916.2,-2.1647740921059375,2.543687643860789
916.3000000000001,-2.1658631330514644,2.536676889981114
916.4000000000001,-2.1669381894698985,2.5296636748033063
916.5,-2.16799925592699,2.52264802584035
916.6,-2.1690463269315585,2.5156299713831998
916.7,-2.1700793971607357,2.508609538969233
916.8000000000001,-2.17109846123929,2.501586756914334
916.9000000000001,-2.1721035139319294,2.494561652893005
917.0,-2.173094550039376,2.487534254852977
917.1,-2.1740715643624546,2.4805045909798813
917.2,-2.1750345518433556,2.4734726890335894
917.3000000000001,-2.175983507427309,2.466438577012236
917.4000000000001,-2.176918426095868,2.459402283186579
917.5,-2.17783930296477,2.45236383518457
917.6,-2.1787461331083997,2.445323261413385
917.7,-2.179638911754399,2.4382805895231456
917.8000000000001,-2.1805176340936128,2.431235847943631
917.9000000000001,-2.1813822954440285,2.4241890644603554
918.0,-2.1822328911651225,2.4171402671313817
918.1,-2.1830694166212354,2.4100894842526945
918.2,-2.1838918673095806,2.4030367436916014
918.3000000000001,-2.1847002387351817,2.3959820735536863
918.4000000000001,-2.1854945264448444,2.3889255022165132
918.5,-2.18627472610673,2.38186705741195
918.6,-2.1870408333632474,2.374806767652102
918.7,-2.1877928439949246,2.367744660688789
918.8000000000001,-2.1885307537610617,2.3606807650544304
918.9000000000001,-2.189254558535311,2.3536151086344397
919.0,-2.1899642542382427,2.3465477195860274
919.1,-2.1906598368000227,2.3394786263042953
919.2,-2.191341302275152,2.332407856752895
919.3000000000001,-2.192008646730734,2.325335439133641
919.4000000000001,-2.1926618662811164,2.3182614019195698
919.5,-2.19330095714907,2.31118577293546
919.6,-2.193925915547251,2.3041085807869597
919.7,-2.194536737811222,2.2970298533165643
919.8000000000001,-2.1951334202709765,2.289949619147911
919.9000000000001,-2.1957159593578943,2.282867906255217
920.0,-2.196284351555736,2.275784742883634
920.1,-2.196838593362636,2.268700157516057
920.2,-2.197378681392458,2.261614178201331
920.3000000000001,-2.197904612276424,2.254526833226261
920.4000000000001,-2.198416382698434,2.247438151147987
920.5,-2.19891398943788,2.24034815987308
920.6,-2.199397429279629,2.23325688808939
920.7,-2.1998666991162596,2.226164363718914
920.8000000000001,-2.2003217958503853,2.219070615465143
920.9000000000001,-2.2007627164730286,2.2119756713799315
921.0,-2.201189458033031,2.204879559785072
921.1,-2.201602017598371,2.197782309239887
921.2,-2.202000392344099,2.190683947867237
921.3000000000001,-2.202384579467384,2.183584504027642
921.4000000000001,-2.202754576223486,2.176484006350946
921.5,-2.20311037995017,2.16938248281438
921.6,-2.203451988006332,2.1622799621765014
921.7,-2.2037793978432387,2.1551764724277342
921.8000000000001,-2.2040926069378592,2.148072042339897
921.9000000000001,-2.204391612842535,2.140966700031296
922.0,-2.204676413172848,2.13386047388909
922.1,-2.204947005568285,2.1267533925376143
922.2,-2.205203387766684,2.119645484162495
922.3000000000001,-2.2054455575327596,2.112536777186635
922.4000000000001,-2.2056735126947213,2.105427300301166
922.5,-2.20588725115025,2.09831708154279
922.6,-2.2060867708337986,2.0912061497293037
922.7,-2.2062720697568112,2.0840945329083307
922.8000000000001,-2.2064431459721163,2.076982259908582
922.9000000000001,-2.2065999975948323,2.0698693589035573
923.0,-2.206742622808717,2.0627558583344086
923.1,-2.206871019826188,2.055641786879057
923.2,-2.2069851869492516,2.0485271727746346
923.3000000000001,-2.2070851225115415,2.041412044495071
923.4000000000001,-2.2071708249155693,2.034296430781318
923.5,-2.20724229262025,2.02718035971834
923.6,-2.2072995241368876,2.0200638601716276
923.7,-2.2073425180384096,2.012946960234812
923.8000000000001,-2.2073712729547452,2.0058296887819473
923.9000000000001,-2.207385787565019,1.9987120740304714
924.0,-2.207386060622377,1.9915941444641574
924.1,-2.2073720909133674,1.9844759288030347
924.2,-2.2073438773053016,1.9773574553244653
924.3000000000001,-2.2073014187018853,1.9702387525420078
924.4000000000001,-2.2072447140810896,1.9631198492348907
924.5,-2.20717376246412,1.95600077352513
924.6,-2.2070885629402275,1.948881554314403
924.7,-2.2069891146448573,1.9417622197310533
924.8000000000001,-2.2068754167860662,1.9346427986829253
924.9000000000001,-2.206747468608013,1.9275233194201142
925.0,-2.2066052694341973,1.9204038104576167
925.1,-2.20644881862625,1.9132843005460671
925.2,-2.206278115617753,1.9061648179917172
925.3000000000001,-2.206093159883405,1.89904539133634
925.4000000000001,-2.205893950977471,1.891926049385955
925.5,-2.20568048848435,1.88480682028835
925.6,-2.2054527720721,1.877687732969779
925.7,-2.2052108014394807,1.87056881558208
925.8000000000001,-2.2049545763735083,1.8634500970552637
925.9000000000001,-2.204684096684128,1.8563316056607997
926.0,-2.204399362265949,1.8492133699334872
926.1,-2.2041003730564346,1.84209541864302
926.2,-2.203787129056115,1.8349777801132001
926.3000000000001,-2.203459630311375,1.8278604829025915
926.4000000000001,-2.203117876953483,1.82074355583246
926.5,-2.20276186913062,1.81362702706507
926.6,-2.202391607090282,1.8065109255396565
926.7,-2.2020070910951444,1.7993952794202652
926.8000000000001,-2.2016083215117606,1.7922801176475232
926.9000000000001,-2.2011952987163887,1.785165468502873
927.0,-2.2007680231752693,1.7780513605294783
927.1,-2.200326495402227,1.7709378225046037
927.2,-2.199870715965217,1.7638248827582244
927.3000000000001,-2.1994006854827592,1.7567125698542132
927.4000000000001,-2.1989164046635348,1.749600912617536
927.5,-2.19841787421996,1.74248993921366
927.6,-2.197905094979334,1.735379678583175
927.7,-2.1973780677686294,1.728270158891026
927.8000000000001,-2.1968367935342323,1.7211614090768441
927.9000000000001,-2.1962812732190833,1.7140534574207096
928.0,-2.1957115078613505,1.7069463324626897
928.1,-2.1951274985514697,1.6998400629760595
928.2,-2.194529246425067,1.6927346772856096
928.3000000000001,-2.1939167526730325,1.68563020394907
928.4000000000001,-2.193290018581676,1.6785266717835137
928.5,-2.19264904542783,1.67142410894628
928.6,-2.1919938346187346,1.6643225443677345
928.7,-2.191324387545802,1.657222006202404
928.8000000000001,-2.1906407057353823,1.650122523377286
928.9000000000001,-2.18994279069718,1.6430241241597512
929.0,-2.1892306440413405,1.6359268370753115
929.1,-2.188504267434957,1.628830690881692
929.2,-2.1877636625813675,1.6217357138871156
929.3000000000001,-2.1870088312438356,1.614641934631688
929.4000000000001,-2.186239775286235,1.6075493819130218
929.5,-2.18545649654978,1.60045808386904
929.6,-2.1846589970216033,1.5933680694082153
929.7,-2.183847278657449,1.5862793666633572
929.8000000000001,-2.1830213435634906,1.5791920045371988
929.9000000000001,-2.1821811938160787,1.572106011273053
930.0,-2.1813268315971794,1.565021415370404
930.1,-2.1804582591503547,1.5579382455598518
930.2,-2.179575478746434,1.550856530121693
930.3000000000001,-2.17867849272082,1.5437762975669396
930.4000000000001,-2.1777673035147007,1.5366975766621218
930.5,-2.17684191353341,1.52962039551444
930.6,-2.175902325343639,1.5225447829988672
930.7,-2.174948541465151,1.5154707672151824
930.8000000000001,-2.1739805645836356,1.5083983770302627
930.9000000000001,-2.17299839734167,1.501327640651937
931.0,-2.1720020424926374,1.4942585865421976
931.1,-2.1709915028561855,1.487191243392999
931.2,-2.1699667812701877,1.4801256394453015
931.3000000000001,-2.1689278806417205,1.4730618031695424
931.4000000000001,-2.167874803988804,1.4659997632896424
931.5,-2.16680755428039,1.45893954787074
931.6,-2.165726134662161,1.4518811857426899
931.7,-2.1646305482174046,1.444824704960913
931.8000000000001,-2.163520798210677,1.437770134344768
931.9000000000001,-2.1623968878502415,1.4307175020553196
932.0,-2.1612588204602723,1.4236668365056013
932.1,-2.1601065994358186,1.4166181663373203
932.2,-2.158940228181138,1.4095715197407612
932.3000000000001,-2.157759710174309,1.4025269251343442
932.4000000000001,-2.1565650490094526,1.3954844111877547
932.5,-2.1553562482184,1.38844400591276
932.6,-2.154133311525089,1.3814057380825444
932.7,-2.1528962425755105,1.3743696356968131
932.8000000000001,-2.151645045212284,1.3673357275158446
932.9000000000001,-2.1503797232085384,1.360304041642549
933.0,-2.1491002804583856,1.3532746064295456
933.1,-2.147806720931408,1.3462474504567832
933.2,-2.1464990485973523,1.3392226018524926
933.3000000000001,-2.1451772675043683,1.332200088971602
933.4000000000001,-2.1438413818216966,1.3251799404180378
933.5,-2.14249139564312,1.31816218413892
933.6,-2.1411273132698225,1.3111468488390798
933.7,-2.1397491389095187,1.3041339624513049
933.8000000000001,-2.1383568769817862,1.2971235536651122
933.9000000000001,-2.1369505318236244,1.2901156505139908
934.0,-2.1355301078979956,1.2831102812787207
934.1,-2.1340956097478663,1.276107474465914
934.2,-2.1326470419073513,1.2691072581304048
934.3000000000001,-2.1311844089935374,1.2621096605522064
934.4000000000001,-2.129707715749615,1.255114710257943
934.5,-2.12821696683013,1.24812243511881
934.6,-2.1267121671122284,1.241132863759717
934.7,-2.1251933213641587,1.2341460240352344
934.8000000000001,-2.123660434581222,1.2271619445525717
934.9000000000001,-2.1221135116629313,1.2201806532644361
935.0,-2.120552557639773,1.2132021783683662
935.1,-2.1189775776268003,1.2062265482861676
935.2,-2.117388576721164,1.1992537909879084
935.3000000000001,-2.115785560107492,1.1922839346672616
935.4000000000001,-2.1141685331014664,1.185317007762089
935.5,-2.11253750091702,1.17835303805636
935.6,-2.1108924690058095,1.1713920540834954
935.7,-2.109233442695137,1.1644340836086025
935.8000000000001,-2.1075604275544606,1.1574791551450527
935.9000000000001,-2.105873429044388,1.1505272965534723
936.0,-2.1041724527613868,1.143578535936743
936.1,-2.1024575043909772,1.1366329016203758
936.2,-2.10072858959176,1.1296904214784143
936.3000000000001,-2.09898571411431,1.1227511236067944
936.4000000000001,-2.0972288838451605,1.1158150363430568
936.5,-2.095458104556,1.10888218737276
936.6,-2.0936733822712723,1.1019526051263058
936.7,-2.0918747228756596,1.0950263172681276
936.8000000000001,-2.090062132511082,1.0881033522061951
936.9000000000001,-2.088235617197432,1.0811837376977904
937.0,-2.086395183095387,1.0742675017398002
937.1,-2.084540836459183,1.0673546725499938
937.2,-2.0826725835070583,1.060445277895092
937.3000000000001,-2.0807904305536806,1.0535393457619222
937.4000000000001,-2.078894384054547,1.0466369043762664
937.5,-2.07698445033723,1.03973798131406
937.6,-2.0750606359970476,1.0328426048911976
937.7,-2.073122947474186,1.0259508026602175
937.8000000000001,-2.071171391480955,1.0190626029122194
937.9000000000001,-2.069205974594659,1.0121780332899102
938.0,-2.0672267035381924,1.005297121672829
938.1,-2.065233585132423,0.9984198961595765
938.2,-2.0632266261531873,0.9915463843983359
938.3000000000001,-2.0612058334771963,0.9846766142555027
938.4000000000001,-2.0591712141268244,0.9778106138336482
938.5,-2.05712277498344,0.97094841058794
938.6,-2.0550605232110333,0.9640900327082688
938.7,-2.0529844658031693,0.957235507624144
938.8000000000001,-2.0508946100403893,0.950384863498367
938.9000000000001,-2.0487909630551893,0.9435381278478285
939.0,-2.0466735321304337,0.9366953284234302
939.1,-2.0445423246513728,0.9298564931932483
939.2,-2.0423973479491973,0.9230216496757092
939.3000000000001,-2.0402386094603653,0.9161908256054797
939.4000000000001,-2.0380661167717617,0.9093640489505509
939.5,-2.03587987731627,0.90254134703418
939.6,-2.033679898824149,0.8957227479088549
939.7,-2.031466188840007,0.8889082788699224
939.8000000000001,-2.0292387552101334,0.8820979679404385
939.9000000000001,-2.0269976056198216,0.8752918425003697
940.0,-2.0247427479094595,0.8684899301607227
940.1,-2.0224741900261898,0.8616922587476805
940.2,-2.020191939854087,0.8548988556387866
940.3000000000001,-2.017896005386826,0.8481097484257413
940.4000000000001,-2.0155863947732,0.8413249649305709
940.5,-2.01326311599511,0.834544532333568
940.6,-2.0109261773464544,0.8277684785384323
940.7,-2.0085755869202755,0.8209968306952767
940.8000000000001,-2.0062113531259866,0.8142296166760394
940.9000000000001,-2.0038334841990335,0.807466863712656
941.0,-2.0014419885346304,0.8007085992650425
941.1,-1.9990368746391003,0.7939548510061988
941.2,-1.9966181509466858,0.7872056461616527
941.3000000000001,-1.9941858260055434,0.78046101216894
941.4000000000001,-1.9917399085235863,0.7737209766928553
941.5,-1.98928040702894,0.766985566759666
941.6,-1.986807330376329,0.7602548101129912
941.7,-1.9843206872044383,0.7535287337466565
941.8000000000001,-1.9818204864828284,0.7468073653701519
941.9000000000001,-1.9793067369943127,0.7400907320563579
942.0,-1.9767794476860352,0.7333788611029454
942.1,-1.9742386276205106,0.7266717800184711
942.2,-1.971684285779223,0.7199695158653892
942.3000000000001,-1.9691164312618468,0.7132720959159311
942.4000000000001,-1.966535073332391,0.7065795476664285
942.5,-1.96394022106224,0.699891897978143
942.6,-1.9613318838638312,0.693209174423309
942.7,-1.9587100709184981,0.6865314038285246
942.8000000000001,-1.9560747917528283,0.6798586137295852
942.9000000000001,-1.953426055693904,0.6731908310292728
943.0,-1.9507638722376637,0.6665280828519248
943.1,-1.9480882509996547,0.6598703965304971
943.2,-1.945399201505448,0.6532177989533438
943.3000000000001,-1.9426967334030367,0.6465703172162977
943.4000000000001,-1.939980856509273,0.6399279786360846
943.5,-1.93725158043562,0.633290809898017
943.6,-1.934508915148901,0.6266588383917145
943.7,-1.931752870369841,0.6200320907656489
943.8000000000001,-1.9289834561787353,0.6134105943707164
943.9000000000001,-1.926200682443627,0.6067943759286603
944.0,-1.9234045592058762,0.6001834623794436
944.1,-1.9205950966306673,0.5935778808692965
944.2,-1.9177723047843092,0.5869776581015523
944.3000000000001,-1.914936193859689,0.5803828209846158
944.4000000000001,-1.9120867742229917,0.5737933966444477
944.5,-1.90922405602238,0.567209411579575
944.6,-1.9063480497754972,0.5606308929858653
944.7,-1.9034587657390494,0.5540578673228039
944.8000000000001,-1.9005562145433985,0.547490361745257
944.9000000000001,-1.897640406594053,0.5409284027830367
945.0,-1.8947113524742414,0.5343720171807673
945.1,-1.8917690628951565,0.5278212318869092
945.2,-1.8888135484602266,0.5212760734088874
945.3000000000001,-1.8858448199035962,0.5147365684567098
945.4000000000001,-1.8828628881371066,0.5082027439545335
945.5,-1.87986776384196,0.501674626203298
945.6,-1.876859458082869,0.4951522421940407
945.7,-1.8738379816488313,0.488635618186476
945.8000000000001,-1.8708033457165176,0.48212478112837304
945.9000000000001,-1.8677555612251204,0.47561975734680784
946.0,-1.8646946392959296,0.46912057338015767
946.1,-1.8616205911823285,0.4626272559681188
946.2,-1.8585334280210497,0.4561398314114089
946.3000000000001,-1.855433161083627,0.449658326210756
946.4000000000001,-1.8523198018236362,0.4431827670775289
946.5,-1.84919336145147,0.436713180104354
946.6,-1.8460538515749358,0.4302495920664188
946.7,-1.8429012835114298,0.4237920290129883
946.8000000000001,-1.8397356689798514,0.4173405176737168
946.9000000000001,-1.8365570194491851,0.4108950841622048
947.0,-1.8333653465747601,0.4044557547997599
947.1,-1.830160662148045,0.39802255610639997
947.2,-1.826942977835077,0.39159551416540544
947.3000000000001,-1.8237123054407076,0.38517465525741185
947.4000000000001,-1.8204686569560606,0.37876000587009223
947.5,-1.81721204411669,0.372351591877112
947.6,-1.813942479069277,0.3659494398268889
947.7,-1.8106599736554987,0.3595535755475591
947.8000000000001,-1.8073645401322695,0.35316402553981086
947.9000000000001,-1.8040561904941612,0.3467808156930748
948.0,-1.8007349369263124,0.34040397210082635
948.1,-1.79740079175402,0.33403352105259493
948.2,-1.7940537671683383,0.32766948840356525
948.3000000000001,-1.790693875503141,0.3213119002035379
948.4000000000001,-1.7873211292827886,0.31496078270567385
948.5,-1.78393554076366,0.308616161554105
948.6,-1.7805371226269022,0.30227806305963134
948.7,-1.777125887234162,0.29594651281871975
948.8000000000001,-1.773701847375871,0.2896215370922172
948.9000000000001,-1.770265015567835,0.28330316153484114
949.0,-1.7668154045205364,0.2769914120015679
949.1,-1.7633530270885711,0.2706863145406647
949.2,-1.7598778959836028,0.2643878947686765
949.3000000000001,-1.756390024064015,0.25809617849392613
949.4000000000001,-1.7528894243827395,0.2518111917242812
949.5,-1.74937610971255,0.245532959863872
949.6,-1.7458500932644196,0.2392615089751465
949.7,-1.7423113879154166,0.23299686441239734
949.8000000000001,-1.7387600069848053,0.22673905218590032
949.9000000000001,-1.7351959635050123,0.22048809770515826
950.0,-1.7316192707072122,0.21424402657607491
950.1,-1.7280299419705978,0.20800686459500542
950.2,-1.7244279905227198,0.20177663712934368
950.3000000000001,-1.72081342974174,0.19555336973536688
950.4000000000001,-1.717186273204443,0.18933708816504838
950.5,-1.71354653419525,0.183127817572094
950.6,-1.7098942264500794,0.1769255837599007
950.7,-1.7062293633566838,0.17073041183024384
950.8000000000001,-1.7025519587582216,0.1645423275321425
950.9000000000001,-1.6988620261990006,0.15836135601950838
951.0,-1.6951595794259982,0.1521875226386895
951.1,-1.6914446323380212,0.14602085292353842
951.2,-1.6877171986736483,0.1398613719818941
951.3000000000001,-1.6839772923258993,0.13370910510753226
951.4000000000001,-1.680224927390368,0.12756407778600384
951.5,-1.67646011765821,0.121426314910249
951.6,-1.672682877385211,0.11529584201404917
951.7,-1.6688932204648632,0.10917268393636746
951.8000000000001,-1.665091161259159,0.10305686615443514
951.9000000000001,-1.6612767138191742,0.09694841355622968
952.0,-1.657449892402595,0.09084735121814544
952.1,-1.6536107114227603,0.08475370440108211
952.2,-1.6497591851241782,0.07866749794304288
952.3000000000001,-1.6458953279095363,0.0725887568649079
952.4000000000001,-1.6420191543880038,0.06651750637532267
952.5,-1.63813067885241,0.0604537710963076
952.6,-1.634229916073063,0.0543975762815129
952.7,-1.6303168804440789,0.04834894649690988
952.8000000000001,-1.626391586840857,0.04230790693748656
952.9000000000001,-1.6224540498161146,0.03627448221506846
953.0,-1.6185042841329527,0.030248697125805506
953.1,-1.61454230471381,0.024230576647276604
953.2,-1.6105681263038383,0.01822014533744871
953.3000000000001,-1.6065817638100708,0.012217427934038549
953.4000000000001,-1.6025832323497997,0.006222449358435622
953.5,-1.59857254671216,0.000235233951607849
953.6,-1.594549722176555,-0.005744193323270394
953.7,-1.5905147736322858,-0.011715808183322072
953.8000000000001,-1.5864677164626853,-0.017679585726152844
953.9000000000001,-1.582408565716617,-0.02363550162620387
954.0,-1.5783373366570896,-0.029583531377752794
954.1,-1.5742540447101343,-0.03552365029679808
954.2,-1.570158705116018,-0.041455834115509724
954.3000000000001,-1.5660513332805208,-0.04738005838950859
954.4000000000001,-1.5619319448234252,-0.05329629849490127
954.5,-1.55780055502466,-0.0592045303817796
954.6,-1.5536571796669667,-0.06510472938770785
954.7,-1.549501834129309,-0.07099687152288821
954.8000000000001,-1.5453345342971823,-0.07688093218776118
954.9000000000001,-1.541155295709978,-0.08275688735303517
955.0,-1.5369641341248863,-0.08862471281350266
955.1,-1.5327610654657284,-0.09448438418890147
955.2,-1.5285461054621965,-0.10033587751151471
955.3000000000001,-1.5243192700130619,-0.10617916864035318
955.4000000000001,-1.5200805752347297,-0.11201423325915888
955.5,-1.51583003689219,-0.117841047618981
955.6,-1.5115676712656068,-0.12365958736828374
955.7,-1.507293494217844,-0.12946982882021046
955.8000000000001,-1.503007522130588,-0.13527174768814956
955.9000000000001,-1.4987097710279167,-0.14106532024899973
956.0,-1.494400257155292,-0.14685052260803755
956.1,-1.4900789969283532,-0.15262733069876575
956.2,-1.4857460065603036,-0.1583957208634566
956.3000000000001,-1.4814013024369206,-0.16415566927445838
956.4000000000001,-1.4770449011651623,-0.16990715193316322
956.5,-1.47267681898917,-0.175650145401365
956.6,-1.4682970726804252,-0.18138462564845267
956.7,-1.4639056785796754,-0.18711056930028952
956.8000000000001,-1.459502653558652,-0.192827952393237
956.9000000000001,-1.4550880141200966,-0.19853675152012842
957.0,-1.4506617769916166,-0.20423694310658255
957.1,-1.4462239590744812,-0.20992850340981192
957.2,-1.441774577059298,-0.21561140909180984
957.3000000000001,-1.43731364781268,-0.22128563664808226
957.4000000000001,-1.4328411884258823,-0.22695116240760896
957.5,-1.42835721561606,-0.232607963252579
957.6,-1.4238617466396708,-0.23825601548319794
957.7,-1.4193547983092107,-0.243895296047718
957.8000000000001,-1.414836387980063,-0.2495257813153596
957.9000000000001,-1.4103065326274122,-0.2551474482045506
958.0,-1.4057652494547,-0.2607602734709766
958.1,-1.4012125558424326,-0.2663642337053557
958.2,-1.3966484689523095,-0.27195930589905914
958.3000000000001,-1.3920730061254085,-0.2775454668804584
958.4000000000001,-1.3874861849308293,-0.28312269331586054
958.5,-1.38288802255241,-0.288690962417414
958.6,-1.378278536725063,-0.2942502508259559
958.7,-1.3736577447266778,-0.2998005358216181
958.8000000000001,-1.3690256643896805,-0.3053417941162669
958.9000000000001,-1.3643823131553288,-0.31087400296344175
959.0,-1.3597277086963813,-0.3163971394584994
959.1,-1.3550618688659624,-0.32191118053535606
959.2,-1.3503848112903776,-0.32741610352426986
959.3000000000001,-1.3456965537786088,-0.3329118855960516
959.4000000000001,-1.3409971143709223,-0.33839850376398356
959.5,-1.33628651071134,-0.343875935579599
959.6,-1.3315647610065013,-0.34934415803402535
959.7,-1.3268318829931243,-0.3548031487486766
959.8000000000001,-1.3220878949739643,-0.3602528847876795
959.9000000000001,-1.317332814849666,-0.36569334374912243
960.0,-1.3125666607556006,-0.37112450307750783
960.1,-1.3077894510107813,-0.37654634005947585
960.2,-1.3030012036994014,-0.3819588323735717
960.3000000000001,-1.2982019370915696,-0.3873619575424999
960.4000000000001,-1.293391669691901,-0.3927556929360056
960.5,-1.28857041959788,-0.398140016454313
960.6,-1.2837382054809254,-0.40351490544838353
960.7,-1.278895045529862,-0.40888033789017086
960.8000000000001,-1.2740409585108332,-0.4142362912055668
960.9000000000001,-1.2691759627770365,-0.4195827433464828
961.0,-1.2643000769195576,-0.42491967211591464
961.1,-1.2594133197163415,-0.430247055162643
961.2,-1.2545157097025899,-0.4355648705227361
961.3000000000001,-1.2496072656025774,-0.440873096080108
961.4000000000001,-1.2446880063782049,-0.4461717095703751
961.5,-1.23975795057353,-0.451460689251603
961.6,-1.234817117317684,-0.45674001284396415
961.7,-1.2298655252446316,-0.46200965867909627
961.8000000000001,-1.2249031935767167,-0.4672696045540115
961.9000000000001,-1.2199301411127477,-0.4725198287836021
962.0,-1.214946386892442,-0.4777603095385635
962.1,-1.2099519501454905,-0.4829910248390788
962.2,-1.2049468498510232,-0.48821195308785664
962.3000000000001,-1.1999311051803476,-0.49342307253920675
962.4000000000001,-1.1949047355454328,-0.4986243613038625
962.5,-1.18986775992981,-0.50381579800675
962.6,-1.1848201979130268,-0.5089973607464996
962.7,-1.179762068567072,-0.5141690282234347
962.8000000000001,-1.1746933915631643,-0.5193307786149108
962.9000000000001,-1.1696141861385385,-0.5244825906078023
963.0,-1.1645244717742531,-0.5296244427495762
963.1,-1.159424268144392,-0.5347563134409571
963.2,-1.1543135946647902,-0.5398781814602658
963.3000000000001,-1.1491924709464556,-0.5449900254412396
963.4000000000001,-1.1440609168439644,-0.5500918238788245
963.5,-1.13891895177311,-0.555183555773697
963.6,-1.1337665957563134,-0.5602651996120644
963.7,-1.1286038682963389,-0.5653367344717756
963.8000000000001,-1.1234307895057756,-0.5703981389195946
963.9000000000001,-1.1182473790528527,-0.5754493920232655
964.0,-1.1130536568525211,-0.5804904727159536
964.1,-1.107849643015766,-0.5855213597879
964.2,-1.1026353573876704,-0.5905420324018709
964.3000000000001,-1.0974108200114205,-0.5955524695799254
964.4000000000001,-1.0921760511766194,-0.6005526502101713
964.5,-1.08693107072387,-0.60554255367778
964.6,-1.0816758991108029,-0.6105221588654842
964.7,-1.0764105562634674,-0.6154914452373822
964.8000000000001,-1.0711350627280694,-0.6204503917585901
964.9000000000001,-1.065849438596364,-0.6253989778864104
965.0,-1.0605537042095556,-0.6303371829484881
965.1,-1.055247880107775,-0.6352649861334375
965.2,-1.0499319865577537,-0.6401823669971325
965.3000000000001,-1.044606044027181,-0.6450893049586938
965.4000000000001,-1.0392700732328768,-0.6499857793082227
965.5,-1.03392409443263,-0.654871769823957
965.6,-1.028568128511465,-0.6597472557939663
965.7,-1.0232021958110211,-0.6646122170771638
965.8000000000001,-1.0178263173032758,-0.6694666330457878
965.9000000000001,-1.012440513495756,-0.6743104835552763
966.0,-1.007044805148096,-0.679143748336373
966.1,-1.001639213221702,-0.6839664069847423
966.2,-0.9962237583971655,-0.6887784394579203
966.3000000000001,-0.9907984615588034,-0.6935798255806793
966.4000000000001,-0.9853633438426821,-0.6983705450537369
966.5,-0.979918425915993,-0.703150578056869
966.6,-0.9744637290831137,-0.7079199042920982
966.7,-0.9689992740934833,-0.7126785040215904
966.8000000000001,-0.9635250823367032,-0.717426357033338
966.9000000000001,-0.9580411747282541,-0.7221634435892992
967.0,-0.9525475724382193,-0.7268897438317903
967.1,-0.9470442968411612,-0.7316052377720742
967.2,-0.9415313690235689,-0.7363099057777214
967.3000000000001,-0.9360088102783615,-0.7410037280875866
967.4000000000001,-0.9304766421527229,-0.7456866848214905
967.5,-0.924934885715279,-0.75035875656903
967.6,-0.919383562681542,-0.7550199234547043
967.7,-0.9138226942007498,-0.7596701661521598
967.8000000000001,-0.9082523020719304,-0.7643094648735905
967.9000000000001,-0.9026724076104017,-0.7689378002957665
968.0,-0.897083032388536,-0.7735551529808833
968.1,-0.8914841981858492,-0.7781615033641508
968.2,-0.8858759264865725,-0.7827568322314113
968.3000000000001,-0.8802582389840022,-0.7873411202438828
968.4000000000001,-0.8746311576281635,-0.7919143479487917
968.5,-0.868994703880975,-0.7964764963537
968.6,-0.8633488998606818,-0.801027546013918
968.7,-0.8576937671081707,-0.8055674780226697
968.8000000000001,-0.8520293278234853,-0.8100962730246414
968.9000000000001,-0.8463556037135491,-0.8146139121195175
969.0,-0.8406726167446901,-0.8191203762975264
969.1,-0.834980389092965,-0.8236156464260298
969.2,-0.8292789426320635,-0.8280997037171886
969.3000000000001,-0.8235682994472773,-0.8325725292626983
969.4000000000001,-0.8178484818829626,-0.8370341040453783
969.5,-0.812119511786049,-0.841484409498711
969.6,-0.8063814116689858,-0.8459234266169687
969.7,-0.8006342034559727,-0.8503511369209028
969.8000000000001,-0.7948779097394775,-0.8547675214958164
969.9000000000001,-0.7891125526096376,-0.859172561872247
970.0,-0.7833381544182472,-0.8635662394764386
970.1,-0.7775547377293317,-0.8679485356159369
970.2,-0.7717623247975733,-0.8723194319371187
970.3000000000001,-0.7659609380916921,-0.8766789099701213
970.4000000000001,-0.7601506003417723,-0.8810269511413193
970.5,-0.754331333771264,-0.885363537317948
970.6,-0.7485031612781166,-0.889688649941227
970.7,-0.7426661051624934,-0.8940022709663621
970.8000000000001,-0.7368201883971239,-0.8983043819297516
970.9000000000001,-0.7309654334836337,-0.9025949647735397
971.0,-0.7251018630892369,-0.9068740014130166
971.1,-0.719229500108394,-0.9111414736395483
971.2,-0.7133483673419115,-0.9153973634128908
971.3000000000001,-0.7074584875890843,-0.9196416527426458
971.4000000000001,-0.7015598837368562,-0.9238743236693793
971.5,-0.6956525787037828,-0.9280953582584045
971.6,-0.6897365954471685,-0.9323047386430912
971.7,-0.6838119569469188,-0.9365024469883974
971.8000000000001,-0.6778786862344888,-0.9406884655176547
971.9000000000001,-0.6719368063661818,-0.9448627764840895
972.0,-0.6659863404461465,-0.9490253622021314
972.1,-0.6600273116026018,-0.953176205016703
972.2,-0.6540597430123126,-0.9573152873334134
972.3000000000001,-0.6480836578761772,-0.9614425915883258
972.4000000000001,-0.6420990794431299,-0.9655581002785948
972.5,-0.6361060309860881,-0.9696617959319527
972.6,-0.630104535825814,-0.9737536611373785
972.7,-0.6240946173069566,-0.9778336785145078
972.8000000000001,-0.6180762988217559,-0.9819018307444318
972.9000000000001,-0.6120496037861931,-0.9859581005390131
973.0,-0.6060145556636234,-0.9900024706717465
973.1,-0.5999711779410052,-0.9940349239470065
973.2,-0.593919494152446,-0.9980554432309818
973.3000000000001,-0.5878595278555443,-1.002064011420832
973.4000000000001,-0.5817913026547601,-1.006060611475751
973.5,-0.5757148421779374,-1.0100452263859918
973.6,-0.5696301700995446,-1.0140178392040335
973.7,-0.5635373101173266,-1.017978433013498
973.8000000000001,-0.5574362859753952,-1.0219269909604214
973.9000000000001,-0.5513271214409926,-1.0258634962220936
974.0,-0.5452098403275093,-1.0297879320384058
974.1,-0.5390844664713262,-1.0337002816806102
974.2,-0.5329510237547443,-1.0376005284827248
974.3000000000001,-0.5268095360829397,-1.0414886558102165
974.4000000000001,-0.5206600274067168,-1.0453646470915454
974.5,-0.5145025216996455,-1.049228485786703
974.6,-0.508337042980683,-1.0530801554188425
974.7,-0.5021636152914429,-1.0569196395427343
974.8000000000001,-0.49598226271866713,-1.0607469217765253
974.9000000000001,-0.48979300937160525,-1.0645619857700852
975.0,-0.48359587940441073,-1.0683648152368042
975.1,-0.4773908969936025,-1.0721553939218977
975.2,-0.47117808636037095,-1.075933705634297
975.3000000000001,-0.4649574717481567,-1.079699734214847
975.4000000000001,-0.458729077444778,-1.0834534635683024
975.5,-0.45249292776019095,-1.0871948776314118
975.6,-0.44624904704847673,-1.0909239604050238
975.7,-0.4399974596857456,-1.0946406959220638
975.8000000000001,-0.43373819009198605,-1.0983450682797307
975.9000000000001,-0.42747126270906255,-1.1020370616074064
976.0,-0.42119670202246623,-1.1057166600989246
976.1,-0.41491453253941996,-1.1093838479804015
976.2,-0.40862477881056064,-1.1130386095425615
976.3000000000001,-0.40232746540814146,-1.1166809291084938
976.4000000000001,-0.3960226169475169,-1.1203107910661108
976.5,-0.3897102580655424,-1.1239281798357703
976.6,-0.3833904134419251,-1.127533079902817
976.7,-0.3770631077777636,-1.1311254757851201
976.8000000000001,-0.37072836581675367,-1.1347053520657282
976.9000000000001,-0.36438621232382723,-1.1382726933603156
977.0,-0.3580366721062612,-1.1418274843498861
977.1,-0.35167976999242156,-1.1453697097481679
977.2,-0.34531553085279876,-1.148899354334397
977.3000000000001,-0.3389439795788569,-1.152416402920612
977.4000000000001,-0.3325651411038813,-1.1559208403845307
977.5,-0.32617904038201107,-1.1594126516367544
977.6,-0.3197857024089298,-1.1628918216537714
977.7,-0.31338515220106433,-1.1663583354450289
977.8000000000001,-0.30697741481615265,-1.1698121780859965
977.9000000000001,-0.30056251533252065,-1.1732533346852012
978.0,-0.2941404788695345,-1.1766817904173785
978.1,-0.28771133056699644,-1.1800975304904204
978.2,-0.2812750956055309,-1.1835005401785734
978.3000000000001,-0.2748317991860829,-1.1868908047893127
978.4000000000001,-0.26838146655011064,-1.190268309696651
978.5,-0.26192412295927175,-1.193633040307909
978.6,-0.25545979371545835,-1.1969849820971359
978.7,-0.24898850414064813,-1.2003241205717643
978.8000000000001,-0.24251027959681132,-1.203650441306095
978.9000000000001,-0.2360251454658492,-1.206963929907905
979.0,-0.22953312716939533,-1.2102645720520113
979.1,-0.22303425014885828,-1.2135523534468045
979.2,-0.21652853988513374,-1.2168272598678596
979.3000000000001,-0.21001602187877566,-1.220089277124398
979.4000000000001,-0.20349672166953653,-1.2233383910930111
979.5,-0.1969706648167066,-1.22657458768401
979.6,-0.1904378769184764,-1.2297978528752402
979.7,-0.1838983835924569,-1.23300817267834
979.8000000000001,-0.1773522104949214,-1.2362055331726431
979.9000000000001,-0.1707993833014079,-1.2393899204713674
980.0,-0.1642399277258505,-1.2425613207555735
980.1,-0.15767386950128995,-1.2457197202402979
980.2,-0.15110123439891682,-1.2488651052085753
980.3000000000001,-0.14452204820890902,-1.2519974619774863
980.4000000000001,-0.1379363367592966,-1.2551167769322706
980.5,-0.13134412589697722,-1.2582230364922868
980.6,-0.12474544150641449,-1.2613162271452332
980.7,-0.11814030949081823,-1.2643963354129972
980.8000000000001,-0.11152875579069747,-1.26746334788594
980.9000000000001,-0.10491080636514995,-1.2705172511887002
981.0,-0.0982864872103287,-1.273558032014554
981.1,-0.09165582434081818,-1.2765856770911426
981.2,-0.08501884380799346,-1.2796001732148694
981.3000000000001,-0.07837557168153785,-1.2826015072165726
981.4000000000001,-0.07172603406762951,-1.2855896659960382
981.5,-0.06507025709063463,-1.2885646364875576
981.6,-0.058408266911123476,-1.2915264056945148
981.7,-0.05174008970773148,-1.2944749606548644
981.8000000000001,-0.045065751695029556,-1.2974102884758052
981.9000000000001,-0.03838527910549333,-1.300332376299193
982.0,-0.03169869820728182,-1.303241211336273
982.1,-0.025006035286302183,-1.3061367808330309
982.2,-0.018307316663892417,-1.3090190721049715
982.3000000000001,-0.01160256867901153,-1.31188807250241
982.4000000000001,-0.0048918177057249825,-1.3147437694453539
982.5,0.001824909864402409,-1.3175861503886852
982.6,0.008547587604968307,-1.3204152028571141
982.7,0.015276189072192685,-1.3232309144102918
982.8000000000001,0.022010687787744426,-1.3260332726778579
982.9000000000001,0.028751057256079383,-1.3288222653244757
983.0,0.03549727094735229,-1.3315978800849193
983.1,0.04224930231466211,-1.334360104729064
983.2,0.04900712477706314,-1.3371089270970309
983.3000000000001,0.055770711736682396,-1.3398443350641098
983.4000000000001,0.06254003656192858,-1.3425663165760064
983.5,0.06931507260440721,-1.3452748596136601
983.6,0.07609579318228288,-1.3479699522285502
983.7,0.08288217159703759,-1.3506515825074517
983.8000000000001,0.08967418111698684,-1.3533197386078275
983.9000000000001,0.09647179499393241,-1.3559744087225165
984.0,0.1032749864467874,-1.358615581115182
984.1,0.11008372867810998,-1.3612432440849382
984.2,0.11689799485780336,-1.3638573860018364
984.3000000000001,0.12371775813954315,-1.366457995271443
984.4000000000001,0.1305429916446953,-1.3690450603704254
984.5,0.1373736684785259,-1.3716185698110293
984.6,0.14420976171426592,-1.3741785121767323
984.7,0.1510512444091675,-1.37672487608665
984.8000000000001,0.15789808958872678,-1.3792576502312623
984.9000000000001,0.1647502702626313,-1.3817768233367644
985.0,0.17160775940909037,-1.3842823842008407
985.1,0.17847052999066618,-1.3867743216569646
985.2,0.18533855493868678,-1.3892526246102281
985.3000000000001,0.19221180716895944,-1.39171728200157
985.4000000000001,0.19909025956638807,-1.3941682828436799
985.5,0.2059738850004871,-1.3966056161851554
985.6,0.21286265631017207,-1.3990292711464902
985.7,0.21975654631909122,-1.4014392368841453
985.8000000000001,0.22665552782054926,-1.4038355026265932
985.9000000000001,0.23355957359275292,-1.4062180576383463
986.0,0.24046865638386214,-1.4085868912560546
986.1,0.24738274892710468,-1.4109419928524771
986.2,0.25430182392590117,-1.4132833518726244
986.3000000000001,0.2612258540688663,-1.415610957797674
986.4000000000001,0.2681548120151438,-1.4179248001811995
986.5,0.2750886704092043,-1.4202248686129977
986.6,0.2820274018663522,-1.4225111527553824
986.7,0.28897097898734325,-1.4247836423069453
986.8000000000001,0.29591937434403187,-1.4270423270389185
986.9000000000001,0.30287256049389194,-1.4292871967588832
987.0,0.30983050996577816,-1.431518241347173
987.1,0.3167931952743342,-1.4337354507205384
987.2,0.3237605889058537,-1.4359388148685952
987.3000000000001,0.330732663332547,-1.438128323817431
987.4000000000001,0.3377093909985879,-1.440303967666133
987.5,0.3446907443341982,-1.442465736550313
987.6,0.3516766957418846,-1.4446136206786988
987.7,0.35866721761032994,-1.4467476102965966
987.8000000000001,0.3656622823007638,-1.4488676957225477
987.9000000000001,0.37266186216076125,-1.4509738673117392
988.0,0.3796659295107316,-1.453066115492695
988.1,0.3866744566575998,-1.4551444307306485
988.2,0.3936874158813927,-1.4572088035642898
988.3000000000001,0.4007047794487828,-1.4592592245690674
988.4000000000001,0.4077265195998675,-1.4612956843940001
988.5,0.4147526085615204,-1.4633181737249161
988.6,0.4217830185343487,-1.4653266833213388
988.7,0.4288177217058669,-1.4673212039796548
988.8000000000001,0.4358566902376126,-1.4693017265700496
988.9000000000001,0.44289989627820087,-1.4712682419996326
989.0,0.4499473119505348,-1.4732207412494098
989.1,0.45699890936476417,-1.4751592153373752
989.2,0.4640546606056116,-1.4770836553555364
989.3000000000001,0.47111453774518003,-1.4789940524329361
989.4000000000001,0.47817851283046603,-1.4808903977727295
989.5,0.4852465578959763,-1.4827726826151553
989.6,0.4923186449514228,-1.4846408982746908
989.7,0.4993947459941603,-1.4864950361029465
989.8000000000001,0.5064748329970402,-1.4883350875258647
989.9000000000001,0.5135588779207299,-1.490161044006579
990.0,0.5206468527016631,-1.4919728970826567
990.1,0.5277387292642582,-1.493770638328914
990.2,0.5348344795089736,-1.495554259394696
990.3000000000001,0.5419340753243883,-1.4973237519666434
990.4000000000001,0.5490374885754695,-1.499079107806041
990.5,0.5561446911154363,-1.5008203187115157
990.6,0.5632556547741849,-1.5025473765564346
990.7,0.5703703513699948,-1.5042602732515533
990.8000000000001,0.57748875269813,-1.5059590007824706
990.9000000000001,0.5846108305424145,-1.5076435511722297
991.0,0.5917365566639244,-1.5093139165188054
991.1,0.5988659028124645,-1.5109700889576685
991.2,0.6059988407153679,-1.5126120606993163
991.3000000000001,0.6131353420888345,-1.5142398239917878
991.4000000000001,0.6202753786269406,-1.5158533711582536
991.5,0.6274189220127616,-1.5174526945594706
991.6,0.6345659439075486,-1.5190377866314198
991.7,0.6417164159616809,-1.5206086398477099
991.8000000000001,0.6488703098040053,-1.5221652467572677
991.9000000000001,0.6560275970526774,-1.5237075999467007
992.0,0.6631882493046185,-1.5252356920780246
992.1,0.6703522381462284,-1.526749515850986
992.2,0.6775195351429217,-1.528249064040817
992.3000000000001,0.6846901118497283,-1.5297343294605241
992.4000000000001,0.6918639398010611,-1.5312053049987067
992.5,0.6990409905210841,-1.5326619835817779
992.6,0.7062212355136378,-1.5341043582118246
992.7,0.7134046462724425,-1.5355324219287871
992.8000000000001,0.7205911942711924,-1.5369461678483747
992.9000000000001,0.7277808509736432,-1.5383455891242006
993.0,0.7349735878238213,-1.5397306789857237
993.1,0.7421693762559852,-1.5411014307003517
993.2,0.7493681876849244,-1.5424578376114177
993.3000000000001,0.7565699935157949,-1.5437998931002437
993.4000000000001,0.7637747651346354,-1.545127590624169
993.5,0.7709824739179916,-1.5464409236785603
993.6,0.778193091223614,-1.547739885834889
993.7,0.7854065883998906,-1.5490244707026912
993.8000000000001,0.7926229367766864,-1.5502946719676811
993.9000000000001,0.7998421076746828,-1.5515504833536833
994.0,0.8070640723963529,-1.552791898660782
994.1,0.8142888022351618,-1.5540189117272143
994.2,0.8215162684666208,-1.5552315164675474
994.3000000000001,0.828746442357368,-1.5564297068345379
994.4000000000001,0.8359792951564438,-1.5576134768573602
994.5,0.8432147981041557,-1.5587828206034158
994.6,0.8504529224235352,-1.5599377322166024
994.7,0.8576936393290129,-1.5610782058790773
994.8000000000001,0.8649369200180252,-1.562204235849556
994.9000000000001,0.8721827356795856,-1.563315816425057
995.0,0.8794310574860108,-1.5644129419792485
995.1,0.8866818566013733,-1.5654956069241417
995.2,0.8939351041733336,-1.5665638057484454
995.3000000000001,0.9011907713414431,-1.5676175329792432
995.4000000000001,0.9084488292291725,-1.5686567832204097
995.5,0.9157092489520218,-1.5696815511142284
995.6,0.9229720016097496,-1.5706918313798333
995.7,0.930237058294279,-1.571687618774799
995.8000000000001,0.9375043900820685,-1.5726689081336285
995.9000000000001,0.9447739680419189,-1.5736356943293033
996.0,0.9520457632274679,-1.5745879723117926
996.1,0.9593197466848751,-1.5755257370695797
996.2,0.9665958894454215,-1.5764489836682003
996.3000000000001,0.9738741625330468,-1.577357707211738
996.4000000000001,0.9811545369571494,-1.5782519028813964
996.5,0.9884369837199235,-1.5791315658969554
996.6,0.9957214738093494,-1.5799966915553814
996.7,1.0030079782063412,-1.5808472751922469
996.8000000000001,1.0102964678778983,-1.581683312220378
996.9000000000001,1.0175869137841322,-1.5825047980912403
997.0,1.0248792868715275,-1.5833117283336033
997.1,1.0321735580798594,-1.5841040985149097
997.2,1.0394696983355631,-1.5848819042799724
997.3000000000001,1.046767678558505,-1.585645141312305
997.4000000000001,1.0540674696555536,-1.5863938053728495
997.5,1.0613690425271467,-1.5871278922612744
997.6,1.0686723680610477,-1.5878473978547358
997.7,1.0759774171387277,-1.5885523180691459
997.8000000000001,1.0832841606292913,-1.5892426488979634
997.9000000000001,1.0905925693957297,-1.5899183863734334
998.0,1.0979026142889485,-1.5905795266054004
998.1,1.1052142661539177,-1.591226065742522
998.2,1.1125274958238123,-1.5918580000110998
998.3000000000001,1.1198422741260132,-1.5924753256762767
998.4000000000001,1.127158571876461,-1.593078039080908
998.5,1.1344763598854384,-1.5936661366067157
998.6,1.1417956089521029,-1.5942396147131757
998.7,1.1491162898700908,-1.5947984698986513
998.8000000000001,1.1564383734222246,-1.5953426987393144
998.9000000000001,1.1637618303859893,-1.5958722978502529
999.0,1.1710866315283397,-1.5963872639244125
999.1,1.1784127476110697,-1.5968875936936815
999.2,1.1857401493857311,-1.5973732839678525
999.3000000000001,1.1930688075988596,-1.5978443315956816
999.4000000000001,1.2003986929871078,-1.5983007335038717
999.5,1.2077297762822488,-1.5987424866581113
999.6,1.2150620282064775,-1.5991695881020902
999.7,1.2223954194772486,-1.5995820349185073
999.8000000000001,1.2297299208027672,-1.5999798242680998
999.9000000000001,1.2370655028866813,-1.6003629533506372
1000.0,1.2444021364236602,-1.600731419443969
1000.1,1.2517397921039917,-1.601085219864999
1000.2,1.25907844060928,-1.6014243520087594
1000.3000000000001,1.266418052616893,-1.601748813309356
1000.4000000000001,1.2737585987958742,-1.6020586012790492
1000.5,1.2811000498111706,-1.6023537134691936
1000.6,1.2884423763197224,-1.602634147509359
1000.7,1.2957855489745087,-1.602899901068226
1000.8000000000001,1.3031295384208001,-1.6031509718927088
1000.9000000000001,1.3104743153000913,-1.6033873577688518
1001.0,1.3178198502464809,-1.603609056560979
1001.1,1.32516611389047,-1.603816066172568
1001.2,1.3325130768554285,-1.6040083845854098
1001.3000000000001,1.3398607097612718,-1.6041860098204632
1001.4000000000001,1.3472089832211611,-1.6043489399770303
1001.5,1.3545578678449433,-1.6044971731935946
1001.6,1.361907334236017,-1.604630707687021
1001.7,1.3692573529946022,-1.6047495417133728
1001.8000000000001,1.3766078947147828,-1.6048536736071313
1001.9000000000001,1.3839589299876516,-1.6049431017419924
1002.0,1.391310429398472,-1.6050178245700921
1002.1,1.398662363529692,-1.6050778405827946
1002.2,1.4060147029581975,-1.6051231483499329
1002.3000000000001,1.4133674182582012,-1.6051537464805845
1002.4000000000001,1.4207204799987279,-1.6051696336623338
1002.5,1.428073858746273,-1.6051708086220204
1002.6,1.4354275250624617,-1.6051572701650048
1002.7,1.4427814495065263,-1.605129017135916
1002.8000000000001,1.4501356026331258,-1.6050860484579457
1002.9000000000001,1.4574899549947102,-1.6050283630935664
1003.0,1.4648444771394726,-1.6049559600838166
1003.1,1.4721991396135772,-1.604868838509028
1003.2,1.4795539129592061,-1.6047669975281378
1003.3000000000001,1.4869087677166537,-1.6046504363393908
1003.4000000000001,1.4942636744225848,-1.6045191542196489
1003.5,1.5016186036119206,-1.6043731504850898
1003.6,1.5089735258162966,-1.6042124245305303
1003.7,1.5163284115657434,-1.6040369757901132
1003.8000000000001,1.5236832313872886,-1.6038468037766413
1003.9000000000001,1.531037955806535,-1.6036419080422528
1004.0,1.5383925553463935,-1.6034222882177631
1004.1,1.5457470005285348,-1.6031879439733294
1004.2,1.5531012618722353,-1.6029388750578037
1004.3000000000001,1.5604553098956726,-1.6026750812593877
1004.4000000000001,1.567809115114962,-1.602396562444995
1004.5,1.5751626480452603,-1.602103318520898
1004.6,1.5825158792000118,-1.6017953494720862
1004.7,1.589868779091844,-1.6014726553229173
1004.8000000000001,1.5972213182319615,-1.601135236176488
1004.9000000000001,1.604573467130934,-1.6007830921752673
1005.0,1.6119251962982148,-1.6004162235404695
1005.1,1.6192764762428051,-1.600034630532682
1005.2,1.6266272774728845,-1.5996383134912495
1005.3000000000001,1.6339775704963198,-1.5992272727948997
1005.4000000000001,1.641327325820499,-1.5988015089011312
1005.5,1.6486765139526398,-1.5983610223068285
1005.6,1.6560251053998167,-1.5979058135876427
1005.7,1.6633730706690781,-1.5974358833586129
1005.8000000000001,1.6707203802676347,-1.596951232313564
1005.9000000000001,1.678067004702853,-1.5964518611857133
1006.0,1.6854129144825558,-1.5959377707870657
1006.1,1.692758080114902,-1.595408961969017
1006.2,1.7001024721088036,-1.5948654356617553
1006.3000000000001,1.707446060973651,-1.5943071928348616
1006.4000000000001,1.7147888172199364,-1.5937342345367063
1006.5,1.7221307113587714,-1.5931465618550569
1006.6,1.7294717139027023,-1.592544175956478
1006.7,1.7368117953650366,-1.591927078046933
1006.8000000000001,1.7441509262608281,-1.5912952694111788
1006.9000000000001,1.7514890771060758,-1.5906487513733671
1007.0,1.7588262184188073,-1.5899875253364404
1007.1,1.7661623207181756,-1.5893115927427335
1007.2,1.7734973545256631,-1.5886209551133794
1007.3000000000001,1.7808312903640247,-1.5879156140089048
1007.4000000000001,1.788164098758704,-1.58719557106862
1007.5,1.7954957502365556,-1.5864608279712284
1007.6,1.802826215327438,-1.5857113864742114
1007.7,1.8101554645627587,-1.5849472483744433
1007.8000000000001,1.8174834684772518,-1.5841684155475722
1007.9000000000001,1.8248101976073872,-1.5833748899086308
1008.0,1.8321356224932492,-1.5825666734514232
1008.1,1.8394597136768362,-1.581743768209132
1008.2,1.8467824417040528,-1.5809061762937018
1008.3000000000001,1.8541037771228608,-1.5800538998564524
1008.4000000000001,1.8614236904854915,-1.5791869411274515
1008.5,1.8687421523463768,-1.5783053023761393
1008.6,1.8760591332645438,-1.5774089859506928
1008.7,1.8833746038013568,-1.5764979942386579
1008.8000000000001,1.8906885345230657,-1.5755723297063025
1008.9000000000001,1.8980008959984456,-1.5746319948592513
1009.0,1.9053116588014911,-1.5736769922818432
1009.1,1.9126207935088997,-1.5727073245977663
1009.2,1.9199282707028327,-1.5717229945094104
1009.3000000000001,1.9272340609682979,-1.5707240047585087
1009.4000000000001,1.9345381348961694,-1.5697103581654697
1009.5,1.9418404630803132,-1.5686820575900389
1009.6,1.9491410161207496,-1.5676391059706203
1009.7,1.956439764620625,-1.5665815062849484
1009.8000000000001,1.9637366791895696,-1.5655092615893995
1009.9000000000001,1.9710317304405274,-1.5644223749796669
1010.0,1.9783248889932226,-1.5633208496300695
1010.1,1.9856161254708722,-1.5622046887542287
1010.2,1.9929054105037525,-1.561073895644366
1010.3000000000001,2.0001927147257756,-1.5599284736319967
1010.4000000000001,2.0074780087782775,-1.5587684261272243
1010.5,2.0147612633063745,-1.5575937565794344
1010.6,2.022042448962935,-1.5564044685165541
1010.7,2.0293215364047454,-1.555200565505786
1010.8000000000001,2.0365984962966333,-1.5539820511928721
1010.9000000000001,2.0438732993075304,-1.5527489292628134
1011.0,2.0511459161147347,-1.5515012034791016
1011.1,2.058416317399825,-1.5502388776444682
1011.2,2.065684473853012,-1.5489619556401364
1011.3000000000001,2.0729503561689295,-1.5476704413865583
1011.4000000000001,2.0802139350512157,-1.5463643388826238
1011.5,2.087475181208076,-1.5450436521664406
1011.6,2.094734065357041,-1.5437083853545328
1011.7,2.101990558220344,-1.5423585426026307
1011.8000000000001,2.1092446305298473,-1.54099412814484
1011.9000000000001,2.1164962530223024,-1.5396151462544507
1012.0,2.1237453964443866,-1.5382216012831083
1012.1,2.1309920315478457,-1.5368134976216212
1012.2,2.138236129094652,-1.5353908397391218
1012.3000000000001,2.1454776598519856,-1.533953632143891
1012.4000000000001,2.1527165945975932,-1.5325018794224878
1012.5,2.159952904114572,-1.531035586200606
1012.6,2.167186559196927,-1.529554757182176
1012.7,2.174417530644153,-1.5280593971102472
1012.8000000000001,2.1816457892669407,-1.5265495108060814
1012.9000000000001,2.188871305881656,-1.525025103130035
1013.0,2.1960940513161686,-1.5234861790206289
1013.1,2.203313996404205,-1.521932743455454
1013.2,2.2105311119912816,-1.520364801490231
1013.3000000000001,2.21774536892891,-1.5187823582197337
1013.4000000000001,2.2249567380807402,-1.517185418816826
1013.5,2.2321651903165627,-1.5155739884934047
1013.6,2.2393706965186326,-1.5139480725394023
1013.7,2.2465732275754853,-1.5123076762837666
1013.8000000000001,2.253772754388434,-1.5106528051334467
1013.9000000000001,2.260969247865253,-1.5089834645343791
1014.0,2.2681626789267693,-1.5072996600104531
1014.1,2.275353018500452,-1.505601397124516
1014.2,2.2825402375271415,-1.503888681517333
1014.3000000000001,2.289724306954461,-1.5021615188686077
1014.4000000000001,2.2969051977437274,-1.5004199149358965
1014.5,2.3040828808631755,-1.4986638755156756
1014.6,2.311257327295088,-1.4968934064822315
1014.7,2.318428508028806,-1.495108513748749
1014.8000000000001,2.325596394068007,-1.4933092033061643
1014.9000000000001,2.33276095642361,-1.4914954811842795
1015.0,2.3399221661211707,-1.489667353490609
1015.1,2.3470799941936646,-1.4878248263715041
1015.2,2.3542344116889797,-1.485967906050977
1015.3000000000001,2.3613853896625674,-1.4840965987918504
1015.4000000000001,2.3685328991851646,-1.482210910934539
1015.5,2.3756769113352108,-1.4803108488582455
1015.6,2.3828173972067326,-1.4783964190197225
1015.7,2.3899543279015956,-1.4764676279144873
1015.8000000000001,2.39708767453757,-1.4745244821155337
1015.9000000000001,2.4042174082404535,-1.4725669882345838
1016.0,2.411343500152231,-1.4705951529607968
1016.1,2.4184659214230892,-1.4686089830220264
1016.2,2.425584643219688,-1.4666084852235028
1016.3000000000001,2.4326996367170333,-1.4645936664091237
1016.4000000000001,2.439810873106971,-1.4625645335000932
1016.5,2.4469183235898284,-1.4605210934562562
1016.6,2.4540219593830765,-1.458463353314705
1016.7,2.461121751712805,-1.456391320151145
1016.8000000000001,2.4682176718225617,-1.4543050011184644
1016.9000000000001,2.4753096909647008,-1.4522044034081263
1017.0,2.4823977804093214,-1.4500895342887152
1017.1,2.4894819114355005,-1.447960401067353
1017.2,2.496562055340346,-1.4458170111282291
1017.3000000000001,2.5036381834300827,-1.443659371894041
1017.4000000000001,2.5107102670293258,-1.441487490864467
1017.5,2.5177782774719497,-1.4393013755776656
1017.6,2.52484218611053,-1.4371010336487176
1017.7,2.531901964307035,-1.434886472731154
1017.8000000000001,2.538957583442433,-1.4326577005553445
1017.9000000000001,2.546009014907269,-1.4304147248900652
1018.0,2.5530562301114,-1.428157553580884
1018.1,2.560099200474436,-1.4258861945117356
1018.2,2.5671378974355523,-1.423600655643265
1018.3000000000001,2.574172292443816,-1.421300944974452
1018.4000000000001,2.5812023569682307,-1.4189870705809111
1018.5,2.5882280624878318,-1.41665904057656
1018.6,2.5952493805019117,-1.4143168631518692
1018.7,2.602266282519927,-1.4119605465355793
1018.8000000000001,2.6092787400718733,-1.4095900990329144
1018.9000000000001,2.6162867246980896,-1.4072055289873215
1019.0,2.6232902079597675,-1.4048068448186617
1019.1,2.630289161428622,-1.4023940549849718
1019.2,2.637283556697488,-1.3999671680206303
1019.3000000000001,2.644273365369864,-1.3975261924981588
1019.4000000000001,2.6512585590707136,-1.3950711370663242
1019.5,2.6582391094358018,-1.392602010412003
1019.6,2.6652149881226834,-1.39011882129824
1019.7,2.672186166799849,-1.3876215785261556
1019.8000000000001,2.679152617157882,-1.3851102909729527
1019.9000000000001,2.686114310898477,-1.3825849675538577
1020.0,2.693071219745694,-1.380045617260108
1020.1,2.700023315434886,-1.3774922491209152
1020.2,2.706970569724072,-1.3749248722414238
1020.3000000000001,2.713912954382704,-1.3723434957647163
1020.4000000000001,2.7208504412032255,-1.369748128909705
1020.5,2.727783001989646,-1.3671387809332045
1020.6,2.7347106085692925,-1.3645154611677788
1020.7,2.741633232781196,-1.361878178983855
1020.8000000000001,2.748550846488009,-1.359226943827509
1020.9000000000001,2.755463421564265,-1.3565617651826256
1021.0,2.76237092990839,-1.3538826526086716
1021.1,2.7692733434308607,-1.3511896157028724
1021.2,2.7761706340663443,-1.3484826641379448
1021.3000000000001,2.7830627737616997,-1.345761807624322
1021.4000000000001,2.789949734488316,-1.3430270559478235
1021.5,2.7968314882299086,-1.340278418931944
1021.6,2.8037080069950306,-1.337515906475475
1021.7,2.8105792628046964,-1.3347395285148405
1021.8000000000001,2.817445227705055,-1.3319492950616623
1021.9000000000001,2.8243058737548967,-1.3291452161651396
1022.0,2.831161173038442,-1.3263273019495925
1022.1,2.8380110976527266,-1.3234955625768634
1022.2,2.8448556197204655,-1.3206500082838124
1022.3000000000001,2.8516947113773288,-1.3177906493447789
1022.4000000000001,2.858528344785044,-1.3149174961090184
1022.5,2.8653564921184276,-1.3120305589632224
1022.6,2.8721791255786364,-1.309129848368887
1022.7,2.8789962173800463,-1.3062153748249028
1022.8000000000001,2.8858077397636785,-1.3032871489048818
1022.9000000000001,2.8926136649839527,-1.3003451812197675
1023.0,2.8994139653222346,-1.2973894824551093
1023.1,2.9062086130734537,-1.294420063333729
1023.2,2.9129975805597343,-1.2914369346529861
1023.3000000000001,2.9197808401169034,-1.2884401072474685
1023.4000000000001,2.9265583641083506,-1.2854295920261591
1023.5,2.933330124911305,-1.282405399935222
1023.6,2.940096094930851,-1.2793675419951251
1023.7,2.946856246586041,-1.276316029263473
1023.8000000000001,2.9536105523240703,-1.2732508728720568
1023.9000000000001,2.9603589846062803,-1.2701720839897392
1024.0,2.9671015159224634,-1.2670796738594814
1024.1,2.973838118776721,-1.263973653761257
1024.2,2.9805687657018805,-1.2608540350490147
1024.3000000000002,2.9872934292451836,-1.2577208291136839
1024.4,2.9940120819829144,-1.2545740474200653
1024.5,3.000724696505989,-1.251413701469854
1024.6,3.0074312454346446,-1.2482398028385113
1024.7,3.014131701403877,-1.2450523631383439
1024.8000000000002,3.020826037078267,-1.241851394055323
1024.9,3.027514225137289,-1.2386369073122165
1025.0,3.0341962382903995,-1.235408914705308
1025.1,3.0408720492620764,-1.232167428067628
1025.2,3.047541630807015,-1.2289124593056282
1025.3000000000002,3.0542049556950657,-1.2256440203624595
1025.4,3.060861996726626,-1.222362123254575
1025.5,3.067512726717462,-1.219066780035033
1025.6,3.0741571185141336,-1.2157580028300787
1025.7,3.080795144978697,-1.212435803802515
1025.8000000000002,3.087426779004293,-1.2091001951882465
1025.9,3.094051993499695,-1.2057511892596817
1026.0,3.100670761405123,-1.2023887983621488
1026.1,3.1072830556765623,-1.1990130348774277
1026.2,3.1138888493017056,-1.195623911260135
1026.3000000000002,3.12048811528414,-1.1922214400012892
1026.4,3.127080826659454,-1.1888056336646085
1026.5,3.1336669564793405,-1.1853765048501181
1026.6,3.140246477827779,-1.1819340662304392
1026.7,3.146819363804982,-1.178478330514445
1026.8000000000002,3.153385587543706,-1.1750093104834833
1026.9,3.159945122193073,-1.1715270189551006
1027.0,3.166497940935124,-1.1680314688191724
1027.1,3.1730440169683956,-1.1645226730017175
1027.2,3.1795833235246036,-1.1610006445009449
1027.3000000000002,3.18611583385209,-1.1574653963511528
1027.4,3.1926415212326584,-1.153916941658735
1027.5,3.199160358964951,-1.1503552935660775
1027.6,3.205672320381352,-1.146780465287512
1027.7,3.212177378831212,-1.143192470073305
1027.8000000000002,3.2186755076978852,-1.1395913212455724
1027.9,3.225166680381823,-1.135977032162311
1028.0,3.231650870317841,-1.1323496162531883
1028.1,3.238128050957981,-1.128709086983691
1028.2,3.2445981957889276,-1.1250554578908571
1028.3000000000002,3.2510612783147153,-1.121388742547488
1028.4,3.25751727207429,-1.1177089545978132
1028.5,3.2639661506241544,-1.1140161077217245
1028.6,3.2704078875560008,-1.1103102156704072
1028.7,3.2768424564792102,-1.1065912922306487
1028.8000000000002,3.283269831038631,-1.1028593512604135
1028.9,3.289689984896929,-1.0991144066532097
1029.0,3.296102891752564,-1.0953564723735458
1029.1,3.302508525321943,-1.0915855624214132
1029.2,3.308906859357558,-1.0878016908676706
1029.3000000000002,3.3152978676299765,-1.0840048718185984
1029.4,3.321681523946118,-1.080195119451223
1029.5,3.3280578021311755,-1.0763724479778891
1029.6,3.3344266760469647,-1.0725368716815435
1029.7,3.340788119573704,-1.0686884048803889
1029.8000000000002,3.347142106628513,-1.0648270619631057
1029.9,3.3534886111470423,-1.0609528573535676
1030.0,3.359827607102183,-1.0570658055459445
1030.1,3.3661590684854823,-1.053165921069538
1030.2,3.3724829693259832,-1.0492532185238148
1030.3000000000002,3.3787992836715177,-1.0453277125433087
1030.4,3.3851079856077106,-1.0413894178325733
1030.5,3.391409049239177,-1.0374383491311219
1030.6,3.397702448708565,-1.0334745212483598
1030.7,3.4039881581776372,-1.029497949028587
1030.8000000000002,3.41026615184647,-1.025508647385848
1030.9,3.4165364039343866,-1.021506631269016
1031.0,3.4227988886993677,-1.0174919156965327
1031.1,3.4290535804187594,-1.0134645157216051
1031.2,3.4353004534088147,-1.0094244464668691
1031.3000000000002,3.4415394820052816,-1.0053717230896568
1031.4,3.447770640583109,-1.0013063608165733
1031.5,3.453993903536941,-0.997228374908809
1031.6,3.4602092453008706,-0.9931377806967003
1031.7,3.4664166403288084,-0.9890345935451041
1031.8000000000002,3.4726160631143723,-0.9849188288878727
1031.9,3.4788074881711255,-0.9807905021933074
1032.0,3.4849908900527065,-0.976649628998507
1032.1,3.4911662433328217,-0.9724962248749542
1032.2,3.4973335226254707,-0.9683303054628025
1032.3000000000002,3.503492702564848,-0.9641518864365198
1032.4,3.509643757825752,-0.9599609835390718
1032.5,3.5157866631033734,-0.9557576125476204
1032.6,3.521921393133741,-0.9515417893076987
1032.7,3.5280479226733914,-0.9473135296989691
1032.8000000000002,3.5341662265199685,-0.9430728496693086
1032.9,3.5402762794917555,-0.9388197652006497
1033.0,3.5463780564484906,-0.9345542923429337
1033.1,3.5524715322706775,-0.9302764471800896
1033.2,3.5585566818805017,-0.9259862458639208
1033.3000000000002,3.5646334802210338,-0.9216837045801484
1033.4,3.570701902277319,-0.9173688395821986
1033.5,3.576761923055487,-0.9130416671572918
1033.6,3.5828135176038858,-0.9087022036602054
1033.7,3.588856660992066,-0.9043504654794408
1033.8000000000002,3.5948913283320603,-0.8999864690709106
1033.9,3.6009174947572253,-0.8956102309241776
1034.0,3.606935135443739,-0.8912217675959927
1034.1,3.612944225589224,-0.8868210956766855
1034.2,3.6189447404343658,-0.8824082318236398
1034.3000000000002,3.624936655241419,-0.8779831927277447
1034.4,3.630919945315971,-0.8735459951467661
1034.5,3.636894585985373,-0.8690966558718479
1034.6,3.642860552620564,-0.8646351917608597
1034.7,3.6488178206143638,-0.8601616197049777
1034.8000000000002,3.6547663654034355,-0.855675956661947
1034.9,3.660706162446444,-0.8511782196227434
1035.0,3.6666371872462205,-0.8466684256446949
1035.1,3.672559415327721,-0.8421465918182834
1035.2,3.678472822260324,-0.8376127353001852
1035.3000000000002,3.6843773836356584,-0.8330668732801549
1035.4,3.6902730750900266,-0.8285090230139788
1035.5,3.696159872282165,-0.8239392017903922
1035.6,3.702037750915746,-0.8193574269639919
1035.7,3.7079066867169943,-0.8147637159222484
1035.8000000000002,3.713766655457323,-0.8101580861183383
1035.9,3.719617632930819,-0.8055405550382342
1036.0,3.7254595949770666,-0.8009111402333887
1036.1,3.731292517458444,-0.7962698592879709
1036.2,3.7371163762830957,-0.791616729851469
1036.3000000000002,3.7429311473820803,-0.78695176960601
1036.4,3.7487368067324645,-0.7822749962988659
1036.5,3.7545333303344113,-0.7775864277098162
1036.6,3.7603206942343403,-0.7728860816836235
1036.7,3.766098874501889,-0.7681739760974774
1036.8000000000002,3.771867847253215,-0.7634501288933707
1036.9,3.7776275886278112,-0.7587145580456439
1037.0,3.7833780748119943,-0.7539672815932256
1037.1,3.7891192820155313,-0.749208317607313
1037.2,3.7948511864952703,-0.7444376842235146
1037.3000000000002,3.8005737645316287,-0.7396553996096247
1037.4,3.8062869924523457,-0.7348614819976745
1037.5,3.8119908466089147,-0.7300559496517471
1037.6,3.817685303400409,-0.7252388208999927
1037.7,3.8233703392497707,-0.7204101141025299
1037.8000000000002,3.829045930627759,-0.7155698476833636
1037.9,3.8347120540291217,-0.7107180400983839
1038.0,3.8403686859967445,-0.7058547098671406
1038.1,3.846015803097615,-0.7009798755409892
1038.2,3.8516533819470875,-0.6960935557347735
1038.3000000000002,3.857281399184736,-0.6911957690950571
1038.4,3.8628998314987686,-0.6862865343316945
1038.5,3.8685086556017954,-0.681365870186121
1038.6,3.874107848255288,-0.6764337954629076
1038.7,3.8796973862452333,-0.6714903289981226
1038.8000000000002,3.8852772464067247,-0.6665354896907701
1038.9,3.8908474055994913,-0.661569296471266
1039.0,3.8964078407326874,-0.6565917683327345
1039.1,3.901958528740209,-0.6516029242996296
1039.2,3.9074994466055957,-0.646602783458936
1039.3000000000002,3.9130305713372464,-0.6415913649288784
1039.4,3.9185518799934838,-0.6365686878900128
1039.5,3.924063349657672,-0.631534771553993
1039.6,3.9295649574632994,-0.626489635194637
1039.7,3.935056680569002,-0.6214332981167768
1039.8000000000002,3.9405384961838017,-0.6163657796872171
1039.9,3.9460103815419902,-0.6112870993036857
1040.0,3.951472313928551,-0.6061972764256303
1040.1,3.9569242706538454,-0.6010963305433381
1040.2,3.9623662290791355,-0.5959842812086533
1040.3000000000002,3.967798166591176,-0.5908611480041699
1040.4,3.9732200606278996,-0.5857269505738197
1040.5,3.978631888652908,-0.5805817085921361
1040.6,3.984033628181192,-0.5754254417948269
1040.7,3.989425256753518,-0.5702581699481164
1040.8000000000002,3.99480675196228,-0.5650799128792036
1040.9,4.000178091425769,-0.5598906904457098
1041.0,4.0055392528142155,-0.5546905225659746
1041.1,4.010890213823851,-0.5494794291886734
1041.2,4.016230952203056,-0.544257430323027
1041.3000000000002,4.02156144572632,-0.5390245460085019
1041.4,4.026881672220547,-0.5337807963448991
1041.5,4.032191609538926,-0.5285262014621117
1041.6,4.037491235587285,-0.5232607815501789
1041.7,4.042780528297839,-0.5179845568291446
1041.8000000000002,4.04805946565566,-0.5126975475790119
1041.9,4.0533280256723225,-0.5073997741096956
1042.0,4.05858618641258,-0.5020912567907976
1042.1,4.063833925967799,-0.4967720160217399
1042.2,4.069071222482717,-0.49144207226145614
1042.3000000000002,4.074298054128797,-0.4861014459986093
1042.4,4.0795143991311225,-0.48075015778115876
1042.5,4.0847202357416785,-0.475388228186636
1042.6,4.089915542266298,-0.4700156778516743
1042.7,4.09510029703782,-0.4646325274423886
1042.8000000000002,4.100274478443148,-0.4592387976838044
1042.9,4.105438064896294,-0.45383450933033487
1043.0,4.110591034865645,-0.4484196831950329
1043.1,4.115733366846803,-0.4429943401202436
1043.2,4.120865039389958,-0.43755850100675553
1043.3000000000002,4.125986031072621,-0.43211218678455626
1043.4,4.13109632052713,-0.4266554184418754
1043.5,4.136195886413313,-0.42118821699598263
1043.6,4.141284707446041,-0.4157106035221786
1043.7,4.14636276236778,-0.4102225991247096
1043.8000000000002,4.151430029976266,-0.4047242249656617
1043.9,4.156486489096935,-0.3992155022359711
1044.0,4.16153211861078,-0.3936964521841356
1044.1,4.166566897426602,-0.388167096087406
1044.2,4.171590804508967,-0.3826274552803953
1044.3000000000002,4.176603818850363,-0.3770775511263731
1044.4,4.181605919499274,-0.37151740504575936
1044.5,4.186597085532272,-0.3659470384874708
1044.6,4.191577296082133,-0.360366472957373
1044.7,4.196546530309815,-0.3547757299897298
1044.8000000000002,4.2015047674327235,-0.349174831175535
1044.9,4.206451986696547,-0.34356379813408267
1045.0,4.211388167403693,-0.33794265254113637
1045.1,4.216313288884958,-0.3323114161006626
1045.2,4.221227330528065,-0.32667011057288
1045.3000000000002,4.226130271749234,-0.32101875774610883
1045.4,4.231022092021849,-0.31535737946471015
1045.5,4.235902770847944,-0.3096859976009843
1045.6,4.240772287786922,-0.30400463408306605
1045.7,4.245630622426934,-0.2983133108669285
1045.8000000000002,4.250477754413728,-0.2926120499641569
1045.9,4.255313663421913,-0.28690087341407416
1046.0,4.260138329183953,-0.28117980331134346
1046.1,4.2649517314612755,-0.2754488617782687
1046.2,4.269753850073372,-0.2697080709922859
1046.3000000000002,4.274544664868798,-0.2639574531583667
1046.4,4.27932415575441,-0.258197030536377
1046.5,4.284092302666285,-0.25242682541355227
1046.6,4.28884908559899,-0.24664686013183215
1046.7,4.293594484576407,-0.24085715706042568
1046.8000000000002,4.298328479681142,-0.2350577386230077
1046.9,4.303051051025218,-0.22924862727041773
1047.0,4.307762178779641,-0.22342984550768744
1047.1,4.3124618431449395,-0.21760141586691448
1047.2,4.3171500243808145,-0.2117633609341755
1047.3000000000002,4.321826702776599,-0.20591570332250597
1047.4,4.326491858681029,-0.20005846569867852
1047.5,4.33114547247262,-0.19419167075625515
1047.6,4.335787524589485,-0.1883153412423377
1047.7,4.340417995499604,-0.1824294999307167
1047.8000000000002,4.345036865730781,-0.17653416964849086
1047.9,4.349644115840789,-0.1706293732493385
1048.0,4.354239726447488,-0.1647151336399466
1048.1,4.358823678198801,-0.15879147375348146
1048.2,4.363395951802926,-0.15285841657592222
1048.3000000000002,4.367956527998223,-0.14691598511962015
1048.4,4.372505387583556,-0.14096420244948005
1048.5,4.377042511388105,-0.13500309165660407
1048.6,4.381567880301734,-0.12903267588445116
1048.7,4.386081475244724,-0.12305297830257572
1048.8000000000002,4.390583277198247,-0.1170640221326519
1048.9,4.395073267173987,-0.11106583062233812
1049.0,4.3995514262447895,-0.10505842707110959
1049.1,4.404017735514103,-0.09904183480432233
1049.2,4.408472176146712,-0.09301607719894364
1049.3000000000002,4.412914729338106,-0.08698117765771501
1049.4,4.417345376345337,-0.0809371596347403
1049.5,4.4217640984563085,-0.07488404660971731
1049.6,4.426170877020672,-0.06882186211348088
1049.7,4.430565693419018,-0.06275062970235601
1049.8000000000002,4.434948529093888,-0.056670372983588284
1049.9,4.439319365518867,-0.050581115589802675
1050.0,4.4436781842297375,-0.04448288120422087
1050.1,4.448024966793417,-0.03837569353533652
1050.2,4.452359694839215,-0.03225957634203761
1050.3000000000002,4.456682350027665,-0.026134553408376244
1050.4,4.460992914081895,-0.02000064856854173
1050.5,4.4652913687564,-0.013857885681704131
1050.6,4.469577695868475,-0.007706288656944725
1050.7,4.473851877266869,-0.0015458814282201738
1050.8000000000002,4.4781138948633075,0.004623312020824572
1050.9,4.4823637306010635,0.010801267681782245
1051.0,4.486601366486658,0.016987961496884967
1051.1,4.4908267845582515,0.023183369383711724
1051.2,4.495039966917412,0.029387467210687853
1051.3000000000002,4.499240895697442,0.0356002308216953
1051.4,4.503429553095256,0.04182163601172288
1051.5,4.50760592133965,0.04805165855140212
1051.6,4.511769982723222,0.05429027416270124
1051.7,4.51592171957054,0.060537458543339466
1051.8000000000002,4.520061114270148,0.06679318734260392
1051.9,4.524188149242653,0.07305743618564516
1052.0,4.528302806972885,0.07933018064950016
1052.1,4.532405069977832,0.08561139628718291
1052.2,4.536494920838884,0.09190105860382908
1052.3000000000002,4.5405723421696695,0.09819914308066277
1052.4,4.544637316648423,0.10450562515126895
1052.5,4.548689826985745,0.11082048022550767
1052.6,4.552729855957025,0.11714368366585008
1052.7,4.556757386370105,0.12347521081115487
1052.8000000000002,4.560772401097815,0.12981503695311933
1052.9,4.564774883045523,0.1361631373599416
1053.0,4.568764815183798,0.14251948725298508
1053.1,4.572742180515837,0.14888406183022948
1053.2,4.576706962110239,0.1552568362430551
1053.3000000000002,4.580659143068318,0.1616377856195728
1053.4,4.584598706556952,0.16802688504154503
1053.5,4.588525635775871,0.17442410956765214
1053.6,4.5924399139905585,0.18082943421046274
1053.7,4.596341524499438,0.18724283395957944
1053.8000000000002,4.600230450666863,0.19366428375875097
1053.9,4.60410667589021,0.20009375852887526
1054.0,4.60797018363301,0.20653123314530233
1054.1,4.611820957391901,0.21297668246064616
1054.2,4.615658980729856,0.21943008128222738
1054.3000000000002,4.619484237243043,0.22589140439474867
1054.4,4.623296710594135,0.23236062653786713
1054.5,4.627096384479132,0.2388377224288112
1054.6,4.630883242660715,0.2453226667400085
1054.7,4.634657268934974,0.251815434121576
1054.8000000000002,4.638418447164865,0.25831599917908576
1054.9,4.642166761246831,0.2648243364959176
1055.0,4.645902195144397,0.2713404206112249
1055.1,4.649624732854647,0.2778642260420827
1055.2,4.653334358441927,0.2843957272615821
1055.3000000000002,4.657031056004231,0.29093489872085776
1055.4,4.660714809706991,0.2974817148273377
1055.5,4.664385603749408,0.304036149966685
1055.6,4.668043422398285,0.31059817848107785
1055.7,4.671688249954276,0.31716777469104745
1055.8000000000002,4.675320070785808,0.3237449128739173
1055.9,4.678938869295248,0.3303295672854857
1056.0,4.682544629952945,0.3369217121386572
1056.1,4.686137337263269,0.34352132162492627
1056.2,4.689716975798729,0.35012836989314444
1056.3000000000002,4.693283530165935,0.3567428310708773
1056.4,4.696836985039816,0.3633646792433232
1056.5,4.7003773251295256,0.36999388847458947
1056.6,4.703904535212696,0.3766304327866492
1056.7,4.70741860010126,0.3832742861805014
1056.8000000000002,4.710919504675792,0.3899254226152759
1056.9,4.714407233851245,0.3965838160292538
1057.0,4.717881772611435,0.40324944031919174
1057.1,4.72134310597463,0.40992226936111376
1057.2,4.724791219028102,0.4166022769897472
1057.3000000000002,4.728226096893654,0.4232894370192105
1057.4,4.731647724762283,0.4299837232226221
1057.5,4.735056087859638,0.43668510935269134
1057.6,4.738451171480697,0.443393569121355
1057.7,4.741832960955156,0.45010907622025836
1057.8000000000002,4.745201441682228,0.45683160430054603
1057.9,4.748556599095921,0.463561126993199
1058.0,4.751898418699944,0.4702976178890438
1058.1,4.755226886032879,0.4770410505588621
1058.2,4.7585419867031655,0.4837913985335177
1058.3000000000002,4.761843706354198,0.49054863532395215
1058.4,4.765132030699381,0.4973127344014738
1058.5,4.768406945487182,0.5040836692176729
1058.6,4.771668436536249,0.5108614131847639
1058.7,4.774916489700369,0.5176459396953618
1058.8000000000002,4.778151090903643,0.5244372221029561
1058.9,4.781372226105382,0.5312352337415638
1059.0,4.784579881335432,0.538039947906441
1059.1,4.787774042658926,0.5448513378734944
1059.2,4.7909546962116485,0.5516693768801033
1059.3000000000002,4.79412182816474,0.5584940381444207
1059.4,4.797275424760176,0.5653252948463626
1059.5,4.800415472275401,0.5721631201468261
1059.6,4.803541957058829,0.5790074871687296
1059.7,4.806654865494414,0.585858369016094
1059.8000000000002,4.809754184037226,0.5927157387552185
1059.9,4.81283989917795,0.5995795694336312
1060.0,4.815911997478581,0.6064498340614936
1060.1,4.818970465536796,0.6133265056303221
1060.2,4.82201529002172,0.6202095570945294
1060.3000000000002,4.825046457638223,0.6270989613900072
1060.4,4.828063955162791,0.633994691415811
1060.5,4.831067769407765,0.6408967200526822
1060.6,4.834057887257228,0.6478050201448035
1060.7,4.83703429563119,0.6547195645181693
1060.8000000000002,4.839996981521549,0.6616403259624687
1060.9,4.842945931956198,0.6685672772493291
1061.0,4.845881134035107,0.6755003911144342
1061.1,4.848802574894306,0.6824396402755333
1061.2,4.851710241742029,0.6893849974146954
1061.3000000000002,4.854604121822636,0.6963364351961819
1061.4,4.857484202452856,0.7032939262488505
1061.5,4.86035047098564,0.710257443183958
1061.6,4.863202914846435,0.7172269585776221
1061.7,4.866041521496974,0.7242024449884886
1061.8000000000002,4.868866278471638,0.7311838749403481
1061.9,4.871677173341174,0.7381712209396465
1062.0,4.874474193749122,0.7451644554583127
1062.1,4.877257327375444,0.7521635509510588
1062.2,4.880026561973056,0.7591684798383606
1062.3000000000002,4.8827818853313625,0.766179214523608
1062.4,4.885523285312845,0.7731957273762292
1062.5,4.888250749816575,0.7802179907487743
1062.6,4.890964266814839,0.7872459769600993
1062.7,4.89366382431657,0.7942796583123128
1062.8000000000002,4.896349410404056,0.8013190070741157
1062.9,4.899021013196299,0.8083639954975907
1063.0,4.901678620885812,0.8154145958017589
1063.1,4.904322221701886,0.8224707801891499
1063.2,4.906951803947449,0.8295325208295015
1063.3000000000002,4.909567355962274,0.836599789876195
1063.4,4.912168866159911,0.8436725594501215
1063.5,4.914756322990848,0.8507508016560251
1063.6,4.91732971497947,0.8578344885664052
1063.7,4.919889030687157,0.8649235922377431
1063.8000000000002,4.922434258749319,0.8720180846945804
1063.9,4.9249653878384185,0.8791179379455741
1064.0,4.927482406701118,0.886223123967785
1064.1,4.92998530412119,0.893333614722516
1064.2,4.932474068956719,0.9004493821397483
1064.3000000000002,4.93494869010296,0.9075703981338402
1064.4,4.937409156529625,0.914696634588131
1064.5,4.939855457243681,0.9218280633705508
1064.6,4.942287581326656,0.9289646563182652
1064.7,4.944705517897399,0.9361063852531585
1064.8000000000002,4.947109256149448,0.9432532219666393
1064.9,4.949498785313724,0.950405138234972
1065.0,4.95187409469599,0.9575621058043222
1065.1,4.954235173639446,0.9647240964058391
1065.2,4.956582011562232,0.9718910817408205
1065.3000000000002,4.958914597919991,0.9790630334956824
1065.4,4.961232922243451,0.9862399233273119
1065.5,4.963536974100928,0.9934217228779317
1065.6,4.965826743135916,1.0006084037604877
1065.7,4.968102219029544,1.0077999375733873
1065.8000000000002,4.970363391538261,1.0149962958860523
1065.9,4.972610250456209,1.0221974502535074
1066.0,4.974842785652976,1.0294033722021763
1066.1,4.977060987035899,1.036614033244214
1066.2,4.979264844587892,1.0438294048634142
1066.3000000000002,4.981454348329667,1.0510494585294348
1066.4,4.983629488357613,1.0582741656839072
1066.5,4.985790254805999,1.0655034977545497
1066.6,4.987936637884901,1.0727374261413058
1066.7,4.990068627842328,1.079975922230334
1066.8000000000002,4.992186215002188,1.0872189573803084
1066.9,4.994289389726371,1.094466502936257
1067.0,4.996378142452827,1.1017185302161097
1067.1,4.998452463657539,1.108975010524282
1067.2,5.000512343892644,1.1162359151383456
1067.3000000000002,5.0025577737483635,1.1235012153224935
1067.4,5.004588743891178,1.1307708823143867
1067.5,5.006605245025738,1.1380448873385303
1067.6,5.008607267933068,1.1453232015931827
1067.7,5.010594803432412,1.1526057962635763
1067.8000000000002,5.012567842419477,1.1598926425089635
1067.9,5.014526375828238,1.1671837114757087
1068.0,5.016470394669269,1.1744789742845927
1068.1,5.01839988999147,1.1817784020436461
1068.2,5.020314852920448,1.1890819658355865
1068.3000000000002,5.022215274620174,1.196389636730513
1068.4,5.024101146331415,1.2037013857735053
1068.5,5.025972459333386,1.2110171839972481
1068.6,5.027829204982208,1.218337002409709
1068.7,5.029671374672495,1.225660812006594
1068.8000000000002,5.031498959875861,1.2329885837591579
1068.9,5.033311952102451,1.2403202886265297
1069.0,5.035110342939554,1.2476558975437846
1069.1,5.036894124013025,1.2549953814340127
1069.2,5.038663287025927,1.2623387111965267
1069.3000000000002,5.0404178237199595,1.2696858577187837
1069.4,5.042157725914265,1.2770367918647334
1069.5,5.0438829854666025,1.2843914844867166
1069.6,5.0455935943117405,1.2917499064139952
1069.7,5.047289544423463,1.299112028464259
1069.8000000000002,5.048970827854573,1.306477821431882
1069.9,5.0506374366956335,1.3138472561001697
1070.0,5.0522893631092405,1.3212203032314767
1070.1,5.053926599300632,1.3285969335758645
1070.2,5.055549137573615,1.3359771178552864
1070.3000000000002,5.057156970256632,1.3433608267846322
1070.4,5.058750089678125,1.3507480310787912
